fixing_commit_hash,introducing_commit_hash,file_path,issue_keys,fixing_date,introducing_date
0c8634f8e9f4ce03e403c618a2cba2b3aabdc35a,508bd9d2b0100237b1dc513ca5964f82c25cc34c,camel-core/src/main/java/org/apache/camel/converter/ObjectConverter.java,3,2007-06-04T10:15:39+00:00,2007-03-30T14:15:46+00:00
0c8634f8e9f4ce03e403c618a2cba2b3aabdc35a,4fbe87629d1535ca61b36a5c6baf7f853ce254b1,camel-core/src/main/java/org/apache/camel/converter/ObjectConverter.java,3,2007-06-04T10:15:39+00:00,2007-03-29T14:58:08+00:00
0c8634f8e9f4ce03e403c618a2cba2b3aabdc35a,4fbe87629d1535ca61b36a5c6baf7f853ce254b1,camel-core/src/main/java/org/apache/camel/impl/converter/DefaultTypeConverter.java,3,2007-06-04T10:15:39+00:00,2007-03-29T14:58:08+00:00
90f0194d184a435b766508a5a298c3dc12414382,d42fe7cbf5bf6e173c6a44248323f51db4a18fd7,camel-core/src/main/java/org/apache/camel/component/file/FileComponent.java,61;62,2007-07-02T15:49:56+00:00,2007-07-02T10:02:40+00:00
90f0194d184a435b766508a5a298c3dc12414382,491cd3ab30c3d76f31bd93927e276575cbd82d0e,camel-core/src/main/java/org/apache/camel/component/file/FileConsumer.java,61;62,2007-07-02T15:49:56+00:00,2007-05-01T05:58:35+00:00
90f0194d184a435b766508a5a298c3dc12414382,de183b8c3a551b42e9a12bb8cdbf15376bd8a348,camel-core/src/main/java/org/apache/camel/component/file/FileConsumer.java,61;62,2007-07-02T15:49:56+00:00,2007-05-01T10:00:48+00:00
90f0194d184a435b766508a5a298c3dc12414382,6f3d48a205a8ccc9cde67d3bad4002f912f7ad66,camel-core/src/main/java/org/apache/camel/component/file/FileConsumer.java,61;62,2007-07-02T15:49:56+00:00,2007-05-01T13:17:24+00:00
90f0194d184a435b766508a5a298c3dc12414382,d42fe7cbf5bf6e173c6a44248323f51db4a18fd7,camel-core/src/main/java/org/apache/camel/component/file/FileConsumer.java,61;62,2007-07-02T15:49:56+00:00,2007-07-02T10:02:40+00:00
90f0194d184a435b766508a5a298c3dc12414382,bba281799aa7bf7af57495a122feed8eba3f6990,camel-core/src/main/java/org/apache/camel/component/file/FileEndpoint.java,61;62,2007-07-02T15:49:56+00:00,2007-05-02T07:55:52+00:00
90f0194d184a435b766508a5a298c3dc12414382,1776be93767f8fb3f5a2e87b9b1b9b1ffbe8b918,camel-core/src/main/java/org/apache/camel/impl/DefaultComponent.java,61;62,2007-07-02T15:49:56+00:00,2007-04-04T14:19:48+00:00
90f0194d184a435b766508a5a298c3dc12414382,0d29c4b520c16eb14eb5d32dc5e8e8ee7079a59c,camel-core/src/main/java/org/apache/camel/processor/SendProcessor.java,61;62,2007-07-02T15:49:56+00:00,2007-04-04T16:05:38+00:00
90f0194d184a435b766508a5a298c3dc12414382,85d7a943d131caba64f097163f59759be101ba5c,camel-core/src/main/java/org/apache/camel/processor/SendProcessor.java,61;62,2007-07-02T15:49:56+00:00,2007-03-27T09:30:52+00:00
90f0194d184a435b766508a5a298c3dc12414382,d42fe7cbf5bf6e173c6a44248323f51db4a18fd7,camel-core/src/test/java/org/apache/camel/component/file/FileRouteTest.java,61;62,2007-07-02T15:49:56+00:00,2007-07-02T10:02:40+00:00
90f0194d184a435b766508a5a298c3dc12414382,ae03d68cc221c69f230c65787286435d3096e67c,camel-core/src/test/java/org/apache/camel/processor/ResequencerTest.java,61;62,2007-07-02T15:49:56+00:00,2007-05-25T15:39:37+00:00
90f0194d184a435b766508a5a298c3dc12414382,0b472529392bb78e3a5ee3cdc394828c3bde8d38,components/camel-cxf/src/main/java/org/apache/camel/component/cxf/CxfInvokeComponent.java,61;62,2007-07-02T15:49:56+00:00,2007-04-05T17:19:42+00:00
90f0194d184a435b766508a5a298c3dc12414382,a6cbe8419351fcd8d26f1660dd4b112a7cd64e0b,components/camel-cxf/src/main/java/org/apache/camel/component/cxf/CxfInvokeProducer.java,61;62,2007-07-02T15:49:56+00:00,2007-05-01T16:23:37+00:00
e1e5e11fde97a228aa1a84128567de8b90e05aa8,350d7ddc270634437f2b4a157a5b4efacca4ec15,camel-core/src/main/java/org/apache/camel/impl/DefaultComponentResolver.java,71,2007-07-11T00:17:26+00:00,2007-04-19T21:34:07+00:00
e1e5e11fde97a228aa1a84128567de8b90e05aa8,412202619255dea906c6623dd4138d507a5a3fd6,components/camel-script/src/test/resources/org/apache/camel/builder/script/example/groovyFilter.xml,71,2007-07-11T00:17:26+00:00,2007-05-04T12:31:29+00:00
e1e5e11fde97a228aa1a84128567de8b90e05aa8,513373b425535c7d835129ab123e43630b659077,components/camel-spring/pom.xml,71,2007-07-11T00:17:26+00:00,2007-06-20T15:07:48+00:00
e1e5e11fde97a228aa1a84128567de8b90e05aa8,0d1ff11e821dcd08026625c2bf0fb7cb09e3bab3,components/camel-spring/pom.xml,71,2007-07-11T00:17:26+00:00,2007-05-15T10:40:26+00:00
e1e5e11fde97a228aa1a84128567de8b90e05aa8,9775428434ddffe7f7b215775c7a769b95575040,components/camel-spring/pom.xml,71,2007-07-11T00:17:26+00:00,2007-07-10T12:21:14+00:00
e1e5e11fde97a228aa1a84128567de8b90e05aa8,d14c4d3117f22e5256fa39961bdfce23a47be327,components/camel-spring/src/main/java/org/apache/camel/spring/CamelContextFactoryBean.java,71,2007-07-11T00:17:26+00:00,2007-07-08T06:10:04+00:00
e1e5e11fde97a228aa1a84128567de8b90e05aa8,f70a187783024fc4ea6a8305c2d0a2b040eb167a,components/camel-spring/src/main/java/org/apache/camel/spring/CamelContextFactoryBean.java,71,2007-07-11T00:17:26+00:00,2007-07-02T11:23:12+00:00
e1e5e11fde97a228aa1a84128567de8b90e05aa8,dd731cb69c3af19bd34154373930f2551e0390d3,components/camel-spring/src/main/java/org/apache/camel/spring/CamelContextFactoryBean.java,71,2007-07-11T00:17:26+00:00,2007-03-22T17:45:29+00:00
e1e5e11fde97a228aa1a84128567de8b90e05aa8,0825a0d5bce265aafa6a9a2e2efa77f6f5e8efb6,components/camel-spring/src/main/java/org/apache/camel/spring/model/OutputType.java,71,2007-07-11T00:17:26+00:00,2007-07-10T16:13:40+00:00
e1e5e11fde97a228aa1a84128567de8b90e05aa8,912a4f86df25942d9fe8587903b90ada1e115aa7,components/camel-spring/src/main/java/org/apache/camel/spring/model/OutputType.java,71,2007-07-11T00:17:26+00:00,2007-07-10T18:35:00+00:00
e1e5e11fde97a228aa1a84128567de8b90e05aa8,9d620ce46b74f6c770c59cf390f592c789daca92,components/camel-spring/src/main/java/org/apache/camel/spring/model/OutputType.java,71,2007-07-11T00:17:26+00:00,2007-07-10T14:59:13+00:00
e1e5e11fde97a228aa1a84128567de8b90e05aa8,d89e8d0032de4ae5252094d400efb3d955ee7a56,components/camel-spring/src/main/java/org/apache/camel/spring/model/RouteType.java,71,2007-07-11T00:17:26+00:00,2007-07-10T17:47:45+00:00
e1e5e11fde97a228aa1a84128567de8b90e05aa8,9775428434ddffe7f7b215775c7a769b95575040,components/camel-spring/src/main/java/org/apache/camel/spring/model/RouteType.java,71,2007-07-11T00:17:26+00:00,2007-07-10T12:21:14+00:00
e1e5e11fde97a228aa1a84128567de8b90e05aa8,9d620ce46b74f6c770c59cf390f592c789daca92,components/camel-spring/src/main/java/org/apache/camel/spring/model/RouteType.java,71,2007-07-11T00:17:26+00:00,2007-07-10T14:59:13+00:00
e1e5e11fde97a228aa1a84128567de8b90e05aa8,9775428434ddffe7f7b215775c7a769b95575040,components/camel-spring/src/main/java/org/apache/camel/spring/model/RoutesType.java,71,2007-07-11T00:17:26+00:00,2007-07-10T12:21:14+00:00
e1e5e11fde97a228aa1a84128567de8b90e05aa8,9775428434ddffe7f7b215775c7a769b95575040,components/camel-spring/src/main/java/org/apache/camel/spring/model/ToType.java,71,2007-07-11T00:17:26+00:00,2007-07-10T12:21:14+00:00
e1e5e11fde97a228aa1a84128567de8b90e05aa8,cae54bc3da98e188bcafd32bc76e85724a8f2f4d,components/camel-spring/src/main/java/org/apache/camel/spring/model/ToType.java,71,2007-07-11T00:17:26+00:00,2007-07-10T15:33:54+00:00
e1e5e11fde97a228aa1a84128567de8b90e05aa8,912a4f86df25942d9fe8587903b90ada1e115aa7,components/camel-spring/src/main/java/org/apache/camel/spring/model/WhenType.java,71,2007-07-11T00:17:26+00:00,2007-07-10T18:35:00+00:00
e1e5e11fde97a228aa1a84128567de8b90e05aa8,6a6f93bd15bf5b12e0ad851a60e71e402ffe16ce,components/camel-spring/src/main/java/org/apache/camel/spring/model/package-info.java,71,2007-07-11T00:17:26+00:00,2007-07-10T16:28:07+00:00
e1e5e11fde97a228aa1a84128567de8b90e05aa8,513373b425535c7d835129ab123e43630b659077,components/camel-spring/src/main/resources/META-INF/spring.handlers,71,2007-07-11T00:17:26+00:00,2007-06-20T15:07:48+00:00
e1e5e11fde97a228aa1a84128567de8b90e05aa8,513373b425535c7d835129ab123e43630b659077,components/camel-spring/src/main/resources/META-INF/spring.schemas,71,2007-07-11T00:17:26+00:00,2007-06-20T15:07:48+00:00
e1e5e11fde97a228aa1a84128567de8b90e05aa8,ab88fff0901f7ce9305b88a1ebd786f200832e25,components/camel-spring/src/main/resources/org/apache/camel/spring/camel-spring.xsd,71,2007-07-11T00:17:26+00:00,2007-06-12T14:05:47+00:00
e1e5e11fde97a228aa1a84128567de8b90e05aa8,915d3547c79fc1f9cc53a3d96ad09ab6993a9703,components/camel-spring/src/main/resources/org/apache/camel/spring/camel-spring.xsd,71,2007-07-11T00:17:26+00:00,2007-05-02T17:30:48+00:00
e1e5e11fde97a228aa1a84128567de8b90e05aa8,513373b425535c7d835129ab123e43630b659077,components/camel-spring/src/main/resources/org/apache/camel/spring/camel-spring.xsd,71,2007-07-11T00:17:26+00:00,2007-06-20T15:07:48+00:00
e1e5e11fde97a228aa1a84128567de8b90e05aa8,8a02590403a82e8f9a19d366ea05dc776800d3bb,components/camel-spring/src/main/resources/org/apache/camel/spring/camel-spring.xsd,71,2007-07-11T00:17:26+00:00,2007-05-04T14:05:55+00:00
e1e5e11fde97a228aa1a84128567de8b90e05aa8,3b324f444aae6cbc084e7f0ac4c393a646e4a0f9,components/camel-spring/src/main/resources/org/apache/camel/spring/camel-spring.xsd,71,2007-07-11T00:17:26+00:00,2007-03-22T00:49:27+00:00
e1e5e11fde97a228aa1a84128567de8b90e05aa8,813a5a714a04416eeeca054dd8289c9ca2348be6,components/camel-spring/src/main/resources/org/apache/camel/spring/camel-spring.xsd,71,2007-07-11T00:17:26+00:00,2007-04-24T12:45:22+00:00
e1e5e11fde97a228aa1a84128567de8b90e05aa8,e362b4e0c22a78b01b3b0c86b794d826c20de3da,components/camel-spring/src/main/resources/org/apache/camel/spring/camel-spring.xsd,71,2007-07-11T00:17:26+00:00,2007-04-30T10:05:43+00:00
e1e5e11fde97a228aa1a84128567de8b90e05aa8,bf2845497fba3a1e153f25b277eb01aabc51f27d,components/camel-spring/src/main/resources/org/apache/camel/spring/camel-spring.xsd,71,2007-07-11T00:17:26+00:00,2007-05-08T16:08:33+00:00
e1e5e11fde97a228aa1a84128567de8b90e05aa8,e74211d3a1932959c5f065c2970dc0b196d74494,components/camel-spring/src/main/resources/org/apache/camel/spring/camel-spring.xsd,71,2007-07-11T00:17:26+00:00,2007-05-04T12:35:22+00:00
e1e5e11fde97a228aa1a84128567de8b90e05aa8,515a2ec22718fd5f219ec873248253e6ae1659b7,components/camel-spring/src/main/resources/org/apache/camel/spring/camel-spring.xsd,71,2007-07-11T00:17:26+00:00,2007-03-22T07:03:10+00:00
e1e5e11fde97a228aa1a84128567de8b90e05aa8,11631ae72754de268818f3aec76fb67ad9b76265,components/camel-spring/src/main/resources/org/apache/camel/spring/camel-spring.xsd,71,2007-07-11T00:17:26+00:00,2007-03-22T08:41:08+00:00
e1e5e11fde97a228aa1a84128567de8b90e05aa8,11594acbcb63921e00208b3f453723d98e246693,components/camel-spring/src/main/resources/org/apache/camel/spring/camel-spring.xsd,71,2007-07-11T00:17:26+00:00,2007-04-19T10:41:27+00:00
e1e5e11fde97a228aa1a84128567de8b90e05aa8,412202619255dea906c6623dd4138d507a5a3fd6,components/camel-spring/src/main/resources/org/apache/camel/spring/camel-spring.xsd,71,2007-07-11T00:17:26+00:00,2007-05-04T12:31:29+00:00
e1e5e11fde97a228aa1a84128567de8b90e05aa8,cca5cdc45ee0ed6e10825f87c78647780e9081a8,components/camel-spring/src/main/resources/org/apache/camel/spring/camel-spring.xsd,71,2007-07-11T00:17:26+00:00,2007-05-03T11:35:30+00:00
e1e5e11fde97a228aa1a84128567de8b90e05aa8,3336e4c821c71410c2e4b01c0e5655f18f1d5ee4,components/camel-spring/src/main/resources/org/apache/camel/spring/camel-spring.xsd,71,2007-07-11T00:17:26+00:00,2007-03-22T20:19:22+00:00
e1e5e11fde97a228aa1a84128567de8b90e05aa8,4fdbaf15f494970b2a54e5f8c5dc5b7e921ba132,components/camel-spring/src/main/resources/org/apache/camel/spring/camel-spring.xsd,71,2007-07-11T00:17:26+00:00,2007-03-22T19:53:44+00:00
e1e5e11fde97a228aa1a84128567de8b90e05aa8,99b61073fe021baf153b1d92853c59ff10c62fc3,components/camel-spring/src/main/resources/org/apache/camel/spring/camel-spring.xsd,71,2007-07-11T00:17:26+00:00,2007-05-02T11:20:07+00:00
e1e5e11fde97a228aa1a84128567de8b90e05aa8,2032831a9d33ba96ea851c254de70db461ee4fc5,components/camel-spring/src/main/resources/org/apache/camel/spring/camel-spring.xsd,71,2007-07-11T00:17:26+00:00,2007-05-03T17:35:43+00:00
e1e5e11fde97a228aa1a84128567de8b90e05aa8,aa24907ba5aa1594c74a3208e511fb75160be9d1,components/camel-spring/src/main/resources/org/apache/camel/spring/camel-spring.xsd,71,2007-07-11T00:17:26+00:00,2007-03-21T22:53:32+00:00
e1e5e11fde97a228aa1a84128567de8b90e05aa8,9775428434ddffe7f7b215775c7a769b95575040,components/camel-spring/src/main/resources/org/apache/camel/spring/model/jaxb.index,71,2007-07-11T00:17:26+00:00,2007-07-10T12:21:14+00:00
e1e5e11fde97a228aa1a84128567de8b90e05aa8,48cd43a7ee4521d049237a1d07b41caa1dd1cbf0,components/camel-spring/src/test/java/org/apache/camel/spring/model/GenerateXmlTest.java,71,2007-07-11T00:17:26+00:00,2007-07-10T15:01:35+00:00
e1e5e11fde97a228aa1a84128567de8b90e05aa8,cae54bc3da98e188bcafd32bc76e85724a8f2f4d,components/camel-spring/src/test/java/org/apache/camel/spring/model/GenerateXmlTest.java,71,2007-07-11T00:17:26+00:00,2007-07-10T15:33:54+00:00
e1e5e11fde97a228aa1a84128567de8b90e05aa8,d89e8d0032de4ae5252094d400efb3d955ee7a56,components/camel-spring/src/test/java/org/apache/camel/spring/model/XmlParseTest.java,71,2007-07-11T00:17:26+00:00,2007-07-10T17:47:45+00:00
e1e5e11fde97a228aa1a84128567de8b90e05aa8,912a4f86df25942d9fe8587903b90ada1e115aa7,components/camel-spring/src/test/java/org/apache/camel/spring/model/XmlParseTest.java,71,2007-07-11T00:17:26+00:00,2007-07-10T18:35:00+00:00
e1e5e11fde97a228aa1a84128567de8b90e05aa8,0825a0d5bce265aafa6a9a2e2efa77f6f5e8efb6,components/camel-spring/src/test/java/org/apache/camel/spring/model/XmlTestSupport.java,71,2007-07-11T00:17:26+00:00,2007-07-10T16:13:40+00:00
e1e5e11fde97a228aa1a84128567de8b90e05aa8,9d620ce46b74f6c770c59cf390f592c789daca92,components/camel-spring/src/test/java/org/apache/camel/spring/model/XmlTestSupport.java,71,2007-07-11T00:17:26+00:00,2007-07-10T14:59:13+00:00
e1e5e11fde97a228aa1a84128567de8b90e05aa8,e663b5478eb96396d37f1bd5122757e7be0615d3,components/camel-spring/src/test/resources/org/apache/camel/spring/camelContextAwareBean.xml,71,2007-07-11T00:17:26+00:00,2007-07-09T07:05:14+00:00
e1e5e11fde97a228aa1a84128567de8b90e05aa8,513373b425535c7d835129ab123e43630b659077,components/camel-spring/src/test/resources/org/apache/camel/spring/camelContextFactoryBean.xml,71,2007-07-11T00:17:26+00:00,2007-06-20T15:07:48+00:00
e1e5e11fde97a228aa1a84128567de8b90e05aa8,cca5cdc45ee0ed6e10825f87c78647780e9081a8,components/camel-spring/src/test/resources/org/apache/camel/spring/camelContextFactoryBean.xml,71,2007-07-11T00:17:26+00:00,2007-05-03T11:35:30+00:00
f20eb49205be6adcb026fcd0389d2dc24abcdaed,e560e976f17e089d2d6d6390199ec8f9e8cdae5e,tooling/maven/maven-html-to-docbook/src/main/java/org/apache/camel/maven/GenerateDocBookMojo.java,76,2007-07-26T09:46:59+00:00,2007-06-20T14:31:25+00:00
e9ab74aef656503df96a179bbaee2608e72c27a8,85d7a943d131caba64f097163f59759be101ba5c,camel-core/src/main/java/org/apache/camel/impl/ServiceSupport.java,81,2007-07-30T16:47:26+00:00,2007-03-27T09:30:52+00:00
2525c9717d753dc5e2765bfe82f1986049fb4071,2bb028af8c240de0093dc5313505659d1fd98d77,camel-core/src/main/java/org/apache/camel/component/vm/VmComponent.java,85,2007-08-03T20:19:12+00:00,2007-06-29T17:42:37+00:00
2525c9717d753dc5e2765bfe82f1986049fb4071,92cf75d35a6ea067612139e0301fbca92b5e5f47,camel-core/src/main/java/org/apache/camel/component/vm/VmComponent.java,85,2007-08-03T20:19:12+00:00,2007-07-09T10:42:42+00:00
abba495754aadd5109d7ea7c83565978904182d0,491cd3ab30c3d76f31bd93927e276575cbd82d0e,camel-core/src/main/java/org/apache/camel/component/file/FileConsumer.java,95,2007-08-10T07:18:45+00:00,2007-05-01T05:58:35+00:00
abba495754aadd5109d7ea7c83565978904182d0,0e1bf0b210a52162504cdfcd5770259a660b7361,camel-core/src/main/java/org/apache/camel/component/file/FileConsumer.java,95,2007-08-10T07:18:45+00:00,2007-08-07T18:35:48+00:00
abba495754aadd5109d7ea7c83565978904182d0,6f3d48a205a8ccc9cde67d3bad4002f912f7ad66,camel-core/src/main/java/org/apache/camel/component/file/FileConsumer.java,95,2007-08-10T07:18:45+00:00,2007-05-01T13:17:24+00:00
abba495754aadd5109d7ea7c83565978904182d0,90f0194d184a435b766508a5a298c3dc12414382,camel-core/src/main/java/org/apache/camel/component/file/FileConsumer.java,95,2007-08-10T07:18:45+00:00,2007-07-02T15:49:56+00:00
abba495754aadd5109d7ea7c83565978904182d0,0e1bf0b210a52162504cdfcd5770259a660b7361,camel-core/src/main/java/org/apache/camel/component/file/FileEndpoint.java,95,2007-08-10T07:18:45+00:00,2007-08-07T18:35:48+00:00
abba495754aadd5109d7ea7c83565978904182d0,e76971dcaf8277dd05c418b65fae9d78267eecc3,camel-core/src/main/java/org/apache/camel/component/file/FileEndpoint.java,95,2007-08-10T07:18:45+00:00,2007-07-27T08:32:49+00:00
abba495754aadd5109d7ea7c83565978904182d0,90f0194d184a435b766508a5a298c3dc12414382,camel-core/src/main/java/org/apache/camel/component/file/FileEndpoint.java,95,2007-08-10T07:18:45+00:00,2007-07-02T15:49:56+00:00
abba495754aadd5109d7ea7c83565978904182d0,0e1bf0b210a52162504cdfcd5770259a660b7361,camel-core/src/main/java/org/apache/camel/component/file/FileProducer.java,95,2007-08-10T07:18:45+00:00,2007-08-07T18:35:48+00:00
abba495754aadd5109d7ea7c83565978904182d0,90f0194d184a435b766508a5a298c3dc12414382,camel-core/src/test/java/org/apache/camel/component/file/FileRenameRouteTest.java,95,2007-08-10T07:18:45+00:00,2007-07-02T15:49:56+00:00
d45649c4857234efb5ed57e3991f94cbe2dbcc98,a6cbe8419351fcd8d26f1660dd4b112a7cd64e0b,components/camel-jms/src/main/java/org/apache/camel/component/jms/JmsBinding.java,96,2007-08-10T11:57:45+00:00,2007-05-01T16:23:37+00:00
d45649c4857234efb5ed57e3991f94cbe2dbcc98,7ff7e7017667cd44e79bc9fe22a8e3cd9326115e,components/camel-jms/src/main/java/org/apache/camel/component/jms/JmsBinding.java,96,2007-08-10T11:57:45+00:00,2007-08-07T21:33:00+00:00
d45649c4857234efb5ed57e3991f94cbe2dbcc98,77b260b65ba821b3443d922320cc3d9b708c8d83,components/camel-jms/src/main/java/org/apache/camel/component/jms/MessagePropertyNamesAccessException.java,96,2007-08-10T11:57:45+00:00,2007-03-19T10:54:57+00:00
e9ffd8b238dc46d13dfd1fa0ec4e2096fb89978b,0e1bf0b210a52162504cdfcd5770259a660b7361,camel-core/src/main/java/org/apache/camel/impl/DefaultExchange.java,98,2007-08-10T16:55:11+00:00,2007-08-07T18:35:48+00:00
e9ffd8b238dc46d13dfd1fa0ec4e2096fb89978b,e7738e3c4c18c9e965ef36fa65d771c460883c76,camel-core/src/main/java/org/apache/camel/impl/DefaultExchange.java,98,2007-08-10T16:55:11+00:00,2007-04-19T21:00:40+00:00
e9ffd8b238dc46d13dfd1fa0ec4e2096fb89978b,bba281799aa7bf7af57495a122feed8eba3f6990,camel-core/src/main/java/org/apache/camel/impl/MessageSupport.java,98,2007-08-10T16:55:11+00:00,2007-05-02T07:55:52+00:00
e9ffd8b238dc46d13dfd1fa0ec4e2096fb89978b,fbf682983abf08b58b2892d9d01c612bb6ee2f78,camel-core/src/main/java/org/apache/camel/impl/MessageSupport.java,98,2007-08-10T16:55:11+00:00,2007-03-22T09:59:46+00:00
e9ffd8b238dc46d13dfd1fa0ec4e2096fb89978b,409683bfc6cb3b4c41f12ef98f7940a0c7e6f449,components/camel-ftp/src/test/java/org/apache/camel/component/file/remote/FtpRouteTest.java,98,2007-08-10T16:55:11+00:00,2007-08-03T09:38:03+00:00
e9ffd8b238dc46d13dfd1fa0ec4e2096fb89978b,086a00969d06fab0fad7baf4e0a33f241edd0e60,components/camel-ftp/src/test/java/org/apache/camel/component/file/remote/FtpRouteTest.java,98,2007-08-10T16:55:11+00:00,2007-06-11T18:32:33+00:00
a975a121cfd18207569e910c60c7ee54e9325366,8b4bf60cd9adc643ef8f92a5eced4f4bdd4df7fa,camel-core/src/main/java/org/apache/camel/model/ExceptionType.java,97,2007-08-13T14:19:30+00:00,2007-08-10T16:13:20+00:00
a975a121cfd18207569e910c60c7ee54e9325366,d0cba2ad2abda2a4e6a18b29a43f86405452f031,camel-core/src/main/java/org/apache/camel/processor/RedeliveryPolicy.java,97,2007-08-13T14:19:30+00:00,2007-03-21T09:56:11+00:00
76412a03930dafa0f598b6ea9f1575c5b49876d7,11594acbcb63921e00208b3f453723d98e246693,components/camel-spring/src/main/java/org/apache/camel/spring/SpringCamelContext.java,103,2007-08-14T18:55:57+00:00,2007-04-19T10:41:27+00:00
76412a03930dafa0f598b6ea9f1575c5b49876d7,11594acbcb63921e00208b3f453723d98e246693,components/camel-spring/src/main/java/org/apache/camel/spring/spi/SpringInjector.java,103,2007-08-14T18:55:57+00:00,2007-04-19T10:41:27+00:00
76412a03930dafa0f598b6ea9f1575c5b49876d7,7ff7e7017667cd44e79bc9fe22a8e3cd9326115e,components/camel-spring/src/main/java/org/apache/camel/spring/spi/SpringInjector.java,103,2007-08-14T18:55:57+00:00,2007-08-07T21:33:00+00:00
802a95c0e9099052211ddd37b8f7dc03741fb041,d14c4d3117f22e5256fa39961bdfce23a47be327,components/camel-spring/src/main/java/org/apache/camel/spring/CamelBeanPostProcessor.java,110,2007-08-16T19:22:15+00:00,2007-07-08T06:10:04+00:00
802a95c0e9099052211ddd37b8f7dc03741fb041,04c5305a792e414536175aff9197ef015f94dcef,components/camel-spring/src/main/java/org/apache/camel/spring/CamelBeanPostProcessor.java,110,2007-08-16T19:22:15+00:00,2007-05-04T21:26:16+00:00
802a95c0e9099052211ddd37b8f7dc03741fb041,7ff7e7017667cd44e79bc9fe22a8e3cd9326115e,components/camel-spring/src/main/java/org/apache/camel/spring/CamelBeanPostProcessor.java,110,2007-08-16T19:22:15+00:00,2007-08-07T21:33:00+00:00
802a95c0e9099052211ddd37b8f7dc03741fb041,a4c8f0f7e514a3cf5124b321815342d19bdff4b8,components/camel-spring/src/main/java/org/apache/camel/spring/CamelBeanPostProcessor.java,110,2007-08-16T19:22:15+00:00,2007-08-16T09:29:31+00:00
9c1357e1be4b11e695b7db25289883983c3544db,3ebdeaecd85a44b08fc62bca4cc29886a32a5a2d,camel-core/src/main/java/org/apache/camel/component/bean/BeanInfo.java,111,2007-08-17T04:21:41+00:00,2007-08-01T20:55:13+00:00
9c1357e1be4b11e695b7db25289883983c3544db,3ebdeaecd85a44b08fc62bca4cc29886a32a5a2d,camel-core/src/main/java/org/apache/camel/component/bean/BeanProcessor.java,111,2007-08-17T04:21:41+00:00,2007-08-01T20:55:13+00:00
9c1357e1be4b11e695b7db25289883983c3544db,0e1bf0b210a52162504cdfcd5770259a660b7361,camel-core/src/main/java/org/apache/camel/component/bean/BeanProcessor.java,111,2007-08-17T04:21:41+00:00,2007-08-07T18:35:48+00:00
9c1357e1be4b11e695b7db25289883983c3544db,b83e74dce7b9f19fcae42f3ce17e6e009769d5f9,camel-core/src/main/java/org/apache/camel/model/BeanRef.java,111,2007-08-17T04:21:41+00:00,2007-08-03T19:33:56+00:00
9c1357e1be4b11e695b7db25289883983c3544db,774f6cde0d302c869b1e1392d005263adc6d7f9e,camel-core/src/test/java/org/apache/camel/ContextTestSupport.java,111,2007-08-17T04:21:41+00:00,2007-08-07T17:27:09+00:00
a978715221c1e7b4fc74bb6080b631ae2a790145,b80a264df992f0cfdcf8c0d317c4ffccf7d4d3df,components/camel-activemq/src/test/java/org/apache/camel/component/activemq/ActiveMQReplyToHeaderUsingConverterTest.java,112,2007-08-17T16:11:44+00:00,2007-08-10T12:42:00+00:00
a978715221c1e7b4fc74bb6080b631ae2a790145,0d29c4b520c16eb14eb5d32dc5e8e8ee7079a59c,components/camel-jms/src/main/java/org/apache/camel/component/jms/EndpointMessageListener.java,112,2007-08-17T16:11:44+00:00,2007-04-04T16:05:38+00:00
a978715221c1e7b4fc74bb6080b631ae2a790145,d45649c4857234efb5ed57e3991f94cbe2dbcc98,components/camel-jms/src/main/java/org/apache/camel/component/jms/JmsBinding.java,112,2007-08-17T16:11:44+00:00,2007-08-10T11:57:45+00:00
998f077043ea0e0e1ab2df59f12b4e1af65dd1bb,4bcadde66a76acd47e00ecf036909ff3349e79b4,components/camel-jaxb/src/main/java/org/apache/camel/converter/jaxb/MessageType.java,114,2007-08-20T07:13:09+00:00,2007-08-20T06:28:05+00:00
3c8af974481514f7291ff17d0819765e8680bbfd,0e1bf0b210a52162504cdfcd5770259a660b7361,camel-core/src/main/java/org/apache/camel/component/timer/TimerComponent.java,127,2007-08-28T11:34:23+00:00,2007-08-07T18:35:48+00:00
3c8af974481514f7291ff17d0819765e8680bbfd,bc318a8cb3d8c7ef73b21170e000537e01824cee,camel-core/src/main/java/org/apache/camel/component/timer/TimerComponent.java,127,2007-08-28T11:34:23+00:00,2007-03-27T21:03:50+00:00
3c8af974481514f7291ff17d0819765e8680bbfd,a6e137f2149868f4d003f6635f5bb86308275d6e,camel-core/src/main/java/org/apache/camel/component/timer/TimerComponent.java,127,2007-08-28T11:34:23+00:00,2007-04-04T15:23:32+00:00
3c8af974481514f7291ff17d0819765e8680bbfd,0e1bf0b210a52162504cdfcd5770259a660b7361,camel-core/src/main/java/org/apache/camel/component/timer/TimerConsumer.java,127,2007-08-28T11:34:23+00:00,2007-08-07T18:35:48+00:00
3c8af974481514f7291ff17d0819765e8680bbfd,bc318a8cb3d8c7ef73b21170e000537e01824cee,camel-core/src/main/java/org/apache/camel/component/timer/TimerConsumer.java,127,2007-08-28T11:34:23+00:00,2007-03-27T21:03:50+00:00
3c8af974481514f7291ff17d0819765e8680bbfd,0e1bf0b210a52162504cdfcd5770259a660b7361,camel-core/src/main/java/org/apache/camel/component/timer/TimerEndpoint.java,127,2007-08-28T11:34:23+00:00,2007-08-07T18:35:48+00:00
3c8af974481514f7291ff17d0819765e8680bbfd,bc318a8cb3d8c7ef73b21170e000537e01824cee,camel-core/src/main/java/org/apache/camel/component/timer/TimerEndpoint.java,127,2007-08-28T11:34:23+00:00,2007-03-27T21:03:50+00:00
3c8af974481514f7291ff17d0819765e8680bbfd,a6e137f2149868f4d003f6635f5bb86308275d6e,camel-core/src/main/java/org/apache/camel/component/timer/TimerEndpoint.java,127,2007-08-28T11:34:23+00:00,2007-04-04T15:23:32+00:00
0c36bd21575c3b2ae16dea0166703f7ad9a4f8c7,d624cfe817a7ba5cb9da779e5797553e82cace27,camel-core/src/main/java/org/apache/camel/component/timer/TimerComponent.java,116,2007-08-28T13:13:09+00:00,2007-08-02T16:18:30+00:00
0c36bd21575c3b2ae16dea0166703f7ad9a4f8c7,0e1bf0b210a52162504cdfcd5770259a660b7361,camel-core/src/main/java/org/apache/camel/component/timer/TimerConsumer.java,116,2007-08-28T13:13:09+00:00,2007-08-07T18:35:48+00:00
0c36bd21575c3b2ae16dea0166703f7ad9a4f8c7,d624cfe817a7ba5cb9da779e5797553e82cace27,camel-core/src/main/java/org/apache/camel/component/timer/TimerConsumer.java,116,2007-08-28T13:13:09+00:00,2007-08-02T16:18:30+00:00
0c36bd21575c3b2ae16dea0166703f7ad9a4f8c7,0d29c4b520c16eb14eb5d32dc5e8e8ee7079a59c,camel-core/src/main/java/org/apache/camel/component/timer/TimerConsumer.java,116,2007-08-28T13:13:09+00:00,2007-04-04T16:05:38+00:00
0c36bd21575c3b2ae16dea0166703f7ad9a4f8c7,bc318a8cb3d8c7ef73b21170e000537e01824cee,camel-core/src/main/java/org/apache/camel/component/timer/TimerConsumer.java,116,2007-08-28T13:13:09+00:00,2007-03-27T21:03:50+00:00
0c36bd21575c3b2ae16dea0166703f7ad9a4f8c7,d624cfe817a7ba5cb9da779e5797553e82cace27,camel-core/src/main/java/org/apache/camel/component/timer/TimerEndpoint.java,116,2007-08-28T13:13:09+00:00,2007-08-02T16:18:30+00:00
0c36bd21575c3b2ae16dea0166703f7ad9a4f8c7,6d3ed799494dbfbe0b1749b5df8a40e67ec0c0c6,camel-core/src/main/java/org/apache/camel/component/timer/TimerEndpoint.java,116,2007-08-28T13:13:09+00:00,2007-05-14T13:16:39+00:00
0c36bd21575c3b2ae16dea0166703f7ad9a4f8c7,bc318a8cb3d8c7ef73b21170e000537e01824cee,camel-core/src/main/java/org/apache/camel/component/timer/TimerEndpoint.java,116,2007-08-28T13:13:09+00:00,2007-03-27T21:03:50+00:00
0c36bd21575c3b2ae16dea0166703f7ad9a4f8c7,64df0ace5961f88cf7e6649a161f9c02f2b54bb7,camel-core/src/test/java/org/apache/camel/component/timer/TimerRouteTest.java,116,2007-08-28T13:13:09+00:00,2007-08-02T10:57:37+00:00
0c36bd21575c3b2ae16dea0166703f7ad9a4f8c7,0e1bf0b210a52162504cdfcd5770259a660b7361,camel-core/src/test/java/org/apache/camel/component/timer/TimerRouteTest.java,116,2007-08-28T13:13:09+00:00,2007-08-07T18:35:48+00:00
0c36bd21575c3b2ae16dea0166703f7ad9a4f8c7,bc318a8cb3d8c7ef73b21170e000537e01824cee,camel-core/src/test/java/org/apache/camel/component/timer/TimerRouteTest.java,116,2007-08-28T13:13:09+00:00,2007-03-27T21:03:50+00:00
0c36bd21575c3b2ae16dea0166703f7ad9a4f8c7,a6e137f2149868f4d003f6635f5bb86308275d6e,camel-core/src/test/java/org/apache/camel/component/timer/TimerRouteTest.java,116,2007-08-28T13:13:09+00:00,2007-04-04T15:23:32+00:00
183342ba742a42c8b5a02b9aade15c97f3bd2e42,93f7f84e1a35ccb6c0ac4ea4d14800da38b12b7d,components/camel-http/pom.xml,120,2007-08-28T17:52:33+00:00,2007-06-25T13:02:03+00:00
183342ba742a42c8b5a02b9aade15c97f3bd2e42,4b2c522354ef4242b34bd727d6d3d2a36a0b268d,components/camel-http/pom.xml,120,2007-08-28T17:52:33+00:00,2007-03-22T14:23:34+00:00
183342ba742a42c8b5a02b9aade15c97f3bd2e42,0174a80cf4f1865251fd6dfccfc67fe312a56430,components/camel-http/src/main/java/org/apache/camel/component/http/HttpComponent.java,120,2007-08-28T17:52:33+00:00,2007-05-14T15:28:54+00:00
183342ba742a42c8b5a02b9aade15c97f3bd2e42,58138a9dd317e507a919aa76a609b6330105a961,components/camel-http/src/main/java/org/apache/camel/component/http/HttpComponent.java,120,2007-08-28T17:52:33+00:00,2007-06-22T17:26:41+00:00
183342ba742a42c8b5a02b9aade15c97f3bd2e42,0174a80cf4f1865251fd6dfccfc67fe312a56430,components/camel-http/src/main/java/org/apache/camel/component/http/HttpEndpoint.java,120,2007-08-28T17:52:33+00:00,2007-05-14T15:28:54+00:00
183342ba742a42c8b5a02b9aade15c97f3bd2e42,86ca7c4109d041de811594d3a744f8d8d3c4517d,components/camel-http/src/main/java/org/apache/camel/component/http/HttpEndpoint.java,120,2007-08-28T17:52:33+00:00,2007-04-03T11:58:32+00:00
183342ba742a42c8b5a02b9aade15c97f3bd2e42,58138a9dd317e507a919aa76a609b6330105a961,components/camel-http/src/main/resources/META-INF/services/org/apache/camel/component/http,120,2007-08-28T17:52:33+00:00,2007-06-22T17:26:41+00:00
183342ba742a42c8b5a02b9aade15c97f3bd2e42,6bcd0e6c8d0c42e970d74911bcbaa4948c53a63e,components/camel-http/src/test/java/org/apache/camel/component/http/HttpGetTest.java,120,2007-08-28T17:52:33+00:00,2007-08-24T08:34:29+00:00
183342ba742a42c8b5a02b9aade15c97f3bd2e42,0174a80cf4f1865251fd6dfccfc67fe312a56430,components/camel-jetty/src/main/java/org/apache/camel/component/jetty/JettyHttpComponent.java,120,2007-08-28T17:52:33+00:00,2007-05-14T15:28:54+00:00
183342ba742a42c8b5a02b9aade15c97f3bd2e42,efaed5169f5ab3c63cdf5e38157817fc0552726a,components/camel-jetty/src/main/java/org/apache/camel/component/jetty/JettyHttpComponent.java,120,2007-08-28T17:52:33+00:00,2007-08-23T13:46:14+00:00
183342ba742a42c8b5a02b9aade15c97f3bd2e42,0174a80cf4f1865251fd6dfccfc67fe312a56430,components/camel-jetty/src/test/java/org/apache/camel/component/jetty/HttpRouteTest.java,120,2007-08-28T17:52:33+00:00,2007-05-14T15:28:54+00:00
183342ba742a42c8b5a02b9aade15c97f3bd2e42,144ffbae8dc086a58d25328d5f7c32b5a7c9d982,components/camel-jetty/src/test/java/org/apache/camel/component/jetty/HttpRouteTest.java,120,2007-08-28T17:52:33+00:00,2007-07-02T10:20:23+00:00
183342ba742a42c8b5a02b9aade15c97f3bd2e42,704f70ada6746372fc6d6204b0922e8837cd7270,components/camel-jetty/src/test/java/org/apache/camel/component/jetty/HttpRouteUsingUrlPostTest.java,120,2007-08-28T17:52:33+00:00,2007-06-26T15:30:03+00:00
e388d6ef01ec9dcb15f6d22c664254229143f757,0e1bf0b210a52162504cdfcd5770259a660b7361,camel-core/src/main/java/org/apache/camel/impl/DefaultComponentResolver.java,100,2007-09-04T10:04:33+00:00,2007-08-07T18:35:48+00:00
e388d6ef01ec9dcb15f6d22c664254229143f757,e35cf4238137f77e439238f04b34b2cc93a69f4e,camel-core/src/main/java/org/apache/camel/impl/DefaultComponentResolver.java,100,2007-09-04T10:04:33+00:00,2007-04-04T22:46:55+00:00
e388d6ef01ec9dcb15f6d22c664254229143f757,c93cd790859579582b188520a63183d6367a964f,camel-core/src/main/java/org/apache/camel/impl/DefaultComponentResolver.java,100,2007-09-04T10:04:33+00:00,2007-09-03T15:44:20+00:00
e388d6ef01ec9dcb15f6d22c664254229143f757,a54c05c94e2a26b2e58b3223d98abdb4dc73a782,camel-core/src/main/java/org/apache/camel/impl/DefaultComponentResolver.java,100,2007-09-04T10:04:33+00:00,2007-08-27T07:48:21+00:00
e388d6ef01ec9dcb15f6d22c664254229143f757,0e1bf0b210a52162504cdfcd5770259a660b7361,camel-core/src/main/java/org/apache/camel/impl/converter/AnnotationTypeConverterLoader.java,100,2007-09-04T10:04:33+00:00,2007-08-07T18:35:48+00:00
e388d6ef01ec9dcb15f6d22c664254229143f757,eba62271c3720c45dcbde8ecd3bfad8a1ffd9754,camel-core/src/main/java/org/apache/camel/impl/converter/AnnotationTypeConverterLoader.java,100,2007-09-04T10:04:33+00:00,2007-03-29T16:25:35+00:00
e388d6ef01ec9dcb15f6d22c664254229143f757,4fbe87629d1535ca61b36a5c6baf7f853ce254b1,camel-core/src/main/java/org/apache/camel/impl/converter/AnnotationTypeConverterLoader.java,100,2007-09-04T10:04:33+00:00,2007-03-29T14:58:08+00:00
b47d226858ebcd6e4f6368a3c7132897456dfdb0,17a673f2694805db8f00fe518ce12585dd982829,camel-core/src/main/java/org/apache/camel/builder/PredicateBuilder.java,150,2007-09-18T07:26:13+00:00,2007-04-24T09:54:42+00:00
b4d15c92ab3db2254195f4aeee9f1ba9b2306c39,0174a80cf4f1865251fd6dfccfc67fe312a56430,components/camel-http/src/main/java/org/apache/camel/component/http/CamelServlet.java,158,2007-09-26T17:07:18+00:00,2007-05-14T15:28:54+00:00
b4d15c92ab3db2254195f4aeee9f1ba9b2306c39,4b2c522354ef4242b34bd727d6d3d2a36a0b268d,components/camel-http/src/main/java/org/apache/camel/component/http/HttpBinding.java,158,2007-09-26T17:07:18+00:00,2007-03-22T14:23:34+00:00
b4d15c92ab3db2254195f4aeee9f1ba9b2306c39,dc51e8f7d9f63b416b22056c573ced225fef7708,components/camel-jetty/src/main/java/org/apache/camel/component/jetty/CamelContinuationServlet.java,158,2007-09-26T17:07:18+00:00,2007-08-31T14:06:26+00:00
4ed5f2c4c2ff98e69921010da54717f970436966,99d27095b2cce4883919132093b0952136c970f9,camel-core/src/main/java/org/apache/camel/builder/xml/XsltBuilder.java,140,2007-10-01T16:15:09+00:00,2007-05-01T13:42:05+00:00
4ed5f2c4c2ff98e69921010da54717f970436966,d5a1ccbb542bd89f6e76297887caff2c9e48f9f7,camel-core/src/main/java/org/apache/camel/builder/xml/XsltBuilder.java,140,2007-10-01T16:15:09+00:00,2007-05-01T13:14:40+00:00
ef95c6206e47586b02b3ba052012c68c780545e8,dea11cbc8b25b641dba0ca69519f015367ed0e82,camel-core/pom.xml,166,2007-10-10T17:30:50+00:00,2007-10-10T12:18:02+00:00
30c5af1aa21221876ead620e3ddaf5d1a4060de3,5c1ed4a0843dcde0f4472c80417cfdca6f738ba4,camel-core/src/main/java/org/apache/camel/model/dataformat/XMLBeansDataFormat.java,175,2007-10-11T12:27:24+00:00,2007-10-10T09:17:53+00:00
cf2ec32b18da0396aadd96f5e85ab0a90c857636,5c1ed4a0843dcde0f4472c80417cfdca6f738ba4,camel-core/src/main/java/org/apache/camel/model/MarshalType.java,176,2007-10-11T18:38:25+00:00,2007-10-10T09:17:53+00:00
cf2ec32b18da0396aadd96f5e85ab0a90c857636,cf1cb7dafec43c8b70eeb448962e57339d96c71e,camel-core/src/main/java/org/apache/camel/model/MarshalType.java,176,2007-10-11T18:38:25+00:00,2007-10-09T18:58:49+00:00
cf2ec32b18da0396aadd96f5e85ab0a90c857636,cf1cb7dafec43c8b70eeb448962e57339d96c71e,camel-core/src/main/java/org/apache/camel/model/UnmarshalType.java,176,2007-10-11T18:38:25+00:00,2007-10-09T18:58:49+00:00
cf2ec32b18da0396aadd96f5e85ab0a90c857636,5c1ed4a0843dcde0f4472c80417cfdca6f738ba4,camel-core/src/main/java/org/apache/camel/model/dataformat/DataFormatType.java,176,2007-10-11T18:38:25+00:00,2007-10-10T09:17:53+00:00
cf2ec32b18da0396aadd96f5e85ab0a90c857636,b9d9f9c9c2d6809c12496f6eae77091c3485f1a7,components/camel-spring/src/main/java/org/apache/camel/spring/CamelContextFactoryBean.java,176,2007-10-11T18:38:25+00:00,2007-09-19T19:49:22+00:00
cf2ec32b18da0396aadd96f5e85ab0a90c857636,b83e74dce7b9f19fcae42f3ce17e6e009769d5f9,components/camel-spring/src/main/java/org/apache/camel/spring/handler/CamelNamespaceHandler.java,176,2007-10-11T18:38:25+00:00,2007-08-03T19:33:56+00:00
cf2ec32b18da0396aadd96f5e85ab0a90c857636,e7fe902675851f1bda79e2235f10129a2411c4dc,components/camel-spring/src/main/java/org/apache/camel/spring/handler/CamelNamespaceHandler.java,176,2007-10-11T18:38:25+00:00,2007-08-06T19:20:45+00:00
cf2ec32b18da0396aadd96f5e85ab0a90c857636,a8fe1e367d467f25fec643b488fc9d6dd3f34525,components/camel-spring/src/main/java/org/apache/camel/spring/handler/CamelNamespaceHandler.java,176,2007-10-11T18:38:25+00:00,2007-09-17T16:34:45+00:00
cf2ec32b18da0396aadd96f5e85ab0a90c857636,e1e5e11fde97a228aa1a84128567de8b90e05aa8,components/camel-spring/src/main/java/org/apache/camel/spring/handler/CamelNamespaceHandler.java,176,2007-10-11T18:38:25+00:00,2007-07-11T00:17:26+00:00
cf2ec32b18da0396aadd96f5e85ab0a90c857636,b1c38f84cdff75352b72aaa3992f722f59c936e7,components/camel-spring/src/main/java/org/apache/camel/spring/handler/CamelNamespaceHandler.java,176,2007-10-11T18:38:25+00:00,2007-09-20T10:04:19+00:00
cf2ec32b18da0396aadd96f5e85ab0a90c857636,7ff7e7017667cd44e79bc9fe22a8e3cd9326115e,components/camel-spring/src/main/java/org/apache/camel/spring/handler/CamelNamespaceHandler.java,176,2007-10-11T18:38:25+00:00,2007-08-07T21:33:00+00:00
cf2ec32b18da0396aadd96f5e85ab0a90c857636,7ff7e7017667cd44e79bc9fe22a8e3cd9326115e,components/camel-spring/src/main/java/org/apache/camel/spring/remoting/CamelServiceExporter.java,176,2007-10-11T18:38:25+00:00,2007-08-07T21:33:00+00:00
f898db8e189503ccd8adc6008f1502fe260d3e9e,ea0af9de022bf9e06c544fc4e2f8324b12b00844,camel-core/src/main/java/org/apache/camel/model/language/ExpressionType.java,143,2007-10-12T08:45:04+00:00,2007-07-11T09:19:53+00:00
f898db8e189503ccd8adc6008f1502fe260d3e9e,e0d715fe3a58a3296ff1b513f2bf05478ee5b7b4,camel-core/src/main/java/org/apache/camel/model/language/ExpressionType.java,143,2007-10-12T08:45:04+00:00,2007-07-12T11:27:11+00:00
f898db8e189503ccd8adc6008f1502fe260d3e9e,3583f2b0eabded1010a1f41891318626914b7fa3,camel-core/src/test/java/org/apache/camel/processor/XPathFilterTest.java,143,2007-10-12T08:45:04+00:00,2007-05-04T12:30:21+00:00
6ea0febc60e2d33cdae3744ff8125bd32f3d1c0e,0e1bf0b210a52162504cdfcd5770259a660b7361,camel-core/src/main/java/org/apache/camel/builder/xml/XPathBuilder.java,143,2007-10-12T09:53:41+00:00,2007-08-07T18:35:48+00:00
6ea0febc60e2d33cdae3744ff8125bd32f3d1c0e,2032831a9d33ba96ea851c254de70db461ee4fc5,camel-core/src/main/java/org/apache/camel/builder/xml/XPathBuilder.java,143,2007-10-12T09:53:41+00:00,2007-05-03T17:35:43+00:00
6ea0febc60e2d33cdae3744ff8125bd32f3d1c0e,d5a1ccbb542bd89f6e76297887caff2c9e48f9f7,camel-core/src/main/java/org/apache/camel/builder/xml/XPathBuilder.java,143,2007-10-12T09:53:41+00:00,2007-05-01T13:14:40+00:00
6ea0febc60e2d33cdae3744ff8125bd32f3d1c0e,f898db8e189503ccd8adc6008f1502fe260d3e9e,camel-core/src/main/java/org/apache/camel/model/language/XPathExpression.java,143,2007-10-12T09:53:41+00:00,2007-10-12T08:45:04+00:00
6ea0febc60e2d33cdae3744ff8125bd32f3d1c0e,ea0af9de022bf9e06c544fc4e2f8324b12b00844,camel-core/src/main/java/org/apache/camel/model/language/XPathExpression.java,143,2007-10-12T09:53:41+00:00,2007-07-11T09:19:53+00:00
6ea0febc60e2d33cdae3744ff8125bd32f3d1c0e,2032831a9d33ba96ea851c254de70db461ee4fc5,camel-core/src/test/java/org/apache/camel/builder/xml/XPathWithNamespacesFromDomTest.java,143,2007-10-12T09:53:41+00:00,2007-05-03T17:35:43+00:00
6ea0febc60e2d33cdae3744ff8125bd32f3d1c0e,e1e5e11fde97a228aa1a84128567de8b90e05aa8,components/camel-spring/src/main/java/org/apache/camel/spring/handler/CamelNamespaceHandler.java,143,2007-10-12T09:53:41+00:00,2007-07-11T00:17:26+00:00
6ea0febc60e2d33cdae3744ff8125bd32f3d1c0e,f898db8e189503ccd8adc6008f1502fe260d3e9e,components/camel-spring/src/main/java/org/apache/camel/spring/handler/CamelNamespaceHandler.java,143,2007-10-12T09:53:41+00:00,2007-10-12T08:45:04+00:00
6ea0febc60e2d33cdae3744ff8125bd32f3d1c0e,b1c38f84cdff75352b72aaa3992f722f59c936e7,components/camel-spring/src/main/java/org/apache/camel/spring/handler/CamelNamespaceHandler.java,143,2007-10-12T09:53:41+00:00,2007-09-20T10:04:19+00:00
6ea0febc60e2d33cdae3744ff8125bd32f3d1c0e,7ff7e7017667cd44e79bc9fe22a8e3cd9326115e,components/camel-spring/src/main/java/org/apache/camel/spring/handler/CamelNamespaceHandler.java,143,2007-10-12T09:53:41+00:00,2007-08-07T21:33:00+00:00
6ea0febc60e2d33cdae3744ff8125bd32f3d1c0e,cf2ec32b18da0396aadd96f5e85ab0a90c857636,components/camel-spring/src/main/java/org/apache/camel/spring/handler/CamelNamespaceHandler.java,143,2007-10-12T09:53:41+00:00,2007-10-11T18:38:25+00:00
b82b9575c3512a70fe451e86e0886148c0952f15,05e1e3e74a1f30310679148aae80c99a062e924b,components/camel-saxon/src/main/java/org/apache/camel/builder/saxon/XQueryBuilder.java,178,2007-10-12T19:55:33+00:00,2007-04-05T16:51:48+00:00
b82b9575c3512a70fe451e86e0886148c0952f15,39680f993d6d9cf322c4e3743e183d8795ebbd2b,components/camel-saxon/src/main/java/org/apache/camel/builder/saxon/XQueryBuilder.java,178,2007-10-12T19:55:33+00:00,2007-08-09T11:04:05+00:00
b82b9575c3512a70fe451e86e0886148c0952f15,7ff7e7017667cd44e79bc9fe22a8e3cd9326115e,components/camel-saxon/src/main/java/org/apache/camel/builder/saxon/XQueryBuilder.java,178,2007-10-12T19:55:33+00:00,2007-08-07T21:33:00+00:00
89e2cb27b2eefc504d3a541c97293071c8886cb8,d1f78307b43f6ccb2858073330d13eca06ac71c7,camel-core/src/main/java/org/apache/camel/builder/ExpressionBuilder.java,192,2007-10-26T16:11:55+00:00,2007-08-19T06:33:05+00:00
89e2cb27b2eefc504d3a541c97293071c8886cb8,3ebdeaecd85a44b08fc62bca4cc29886a32a5a2d,camel-core/src/main/java/org/apache/camel/component/bean/AmbiguousMethodCallException.java,192,2007-10-26T16:11:55+00:00,2007-08-01T20:55:13+00:00
89e2cb27b2eefc504d3a541c97293071c8886cb8,3ebdeaecd85a44b08fc62bca4cc29886a32a5a2d,camel-core/src/main/java/org/apache/camel/component/bean/BeanInfo.java,192,2007-10-26T16:11:55+00:00,2007-08-01T20:55:13+00:00
89e2cb27b2eefc504d3a541c97293071c8886cb8,0e1bf0b210a52162504cdfcd5770259a660b7361,camel-core/src/main/java/org/apache/camel/component/bean/BeanInfo.java,192,2007-10-26T16:11:55+00:00,2007-08-07T18:35:48+00:00
89e2cb27b2eefc504d3a541c97293071c8886cb8,d1f78307b43f6ccb2858073330d13eca06ac71c7,camel-core/src/main/java/org/apache/camel/component/bean/BeanInfo.java,192,2007-10-26T16:11:55+00:00,2007-08-19T06:33:05+00:00
89e2cb27b2eefc504d3a541c97293071c8886cb8,04c5305a792e414536175aff9197ef015f94dcef,camel-core/src/main/java/org/apache/camel/component/bean/BeanInfo.java,192,2007-10-26T16:11:55+00:00,2007-05-04T21:26:16+00:00
89e2cb27b2eefc504d3a541c97293071c8886cb8,3ebdeaecd85a44b08fc62bca4cc29886a32a5a2d,camel-core/src/main/java/org/apache/camel/component/bean/ParameterInfo.java,192,2007-10-26T16:11:55+00:00,2007-08-01T20:55:13+00:00
89e2cb27b2eefc504d3a541c97293071c8886cb8,802a95c0e9099052211ddd37b8f7dc03741fb041,components/camel-spring/src/main/java/org/apache/camel/spring/CamelBeanPostProcessor.java,192,2007-10-26T16:11:55+00:00,2007-08-16T19:22:15+00:00
89e2cb27b2eefc504d3a541c97293071c8886cb8,6d3ed799494dbfbe0b1749b5df8a40e67ec0c0c6,components/camel-spring/src/main/java/org/apache/camel/spring/CamelBeanPostProcessor.java,192,2007-10-26T16:11:55+00:00,2007-05-14T13:16:39+00:00
89e2cb27b2eefc504d3a541c97293071c8886cb8,04c5305a792e414536175aff9197ef015f94dcef,components/camel-spring/src/main/java/org/apache/camel/spring/CamelBeanPostProcessor.java,192,2007-10-26T16:11:55+00:00,2007-05-04T21:26:16+00:00
89e2cb27b2eefc504d3a541c97293071c8886cb8,7ff7e7017667cd44e79bc9fe22a8e3cd9326115e,components/camel-spring/src/main/java/org/apache/camel/spring/CamelBeanPostProcessor.java,192,2007-10-26T16:11:55+00:00,2007-08-07T21:33:00+00:00
89e2cb27b2eefc504d3a541c97293071c8886cb8,a4c8f0f7e514a3cf5124b321815342d19bdff4b8,components/camel-spring/src/main/java/org/apache/camel/spring/CamelBeanPostProcessor.java,192,2007-10-26T16:11:55+00:00,2007-08-16T09:29:31+00:00
639d0366d869fffa7b0186f60bf065c6484d11aa,0d09a6abf713e78f487bea4dea1ebbb994722d6f,camel-core/src/main/java/org/apache/camel/impl/RouteContext.java,197,2007-11-02T16:57:42+00:00,2007-08-09T16:39:53+00:00
639d0366d869fffa7b0186f60bf065c6484d11aa,c4b8bf09ba1f1efa0ba4b2b04675234b701c541b,camel-core/src/main/java/org/apache/camel/model/ExpressionNode.java,197,2007-11-02T16:57:42+00:00,2007-07-12T11:52:34+00:00
639d0366d869fffa7b0186f60bf065c6484d11aa,0d09a6abf713e78f487bea4dea1ebbb994722d6f,camel-core/src/main/java/org/apache/camel/model/ExpressionNode.java,197,2007-11-02T16:57:42+00:00,2007-08-09T16:39:53+00:00
639d0366d869fffa7b0186f60bf065c6484d11aa,0d09a6abf713e78f487bea4dea1ebbb994722d6f,camel-core/src/main/java/org/apache/camel/model/InterceptorType.java,197,2007-11-02T16:57:42+00:00,2007-08-09T16:39:53+00:00
639d0366d869fffa7b0186f60bf065c6484d11aa,ea0af9de022bf9e06c544fc4e2f8324b12b00844,camel-core/src/main/java/org/apache/camel/model/OutputType.java,197,2007-11-02T16:57:42+00:00,2007-07-11T09:19:53+00:00
639d0366d869fffa7b0186f60bf065c6484d11aa,0d09a6abf713e78f487bea4dea1ebbb994722d6f,camel-core/src/main/java/org/apache/camel/model/OutputType.java,197,2007-11-02T16:57:42+00:00,2007-08-09T16:39:53+00:00
639d0366d869fffa7b0186f60bf065c6484d11aa,4a97464cee94d03aa0625efbfee21ebfdee14a37,camel-core/src/main/java/org/apache/camel/model/ProcessorType.java,197,2007-11-02T16:57:42+00:00,2007-09-17T14:05:53+00:00
639d0366d869fffa7b0186f60bf065c6484d11aa,ea0af9de022bf9e06c544fc4e2f8324b12b00844,camel-core/src/main/java/org/apache/camel/model/ProcessorType.java,197,2007-11-02T16:57:42+00:00,2007-07-11T09:19:53+00:00
639d0366d869fffa7b0186f60bf065c6484d11aa,25370760ccb212383e0c97441fa2525f9b9cfcaa,camel-core/src/main/java/org/apache/camel/model/ProcessorType.java,197,2007-11-02T16:57:42+00:00,2007-07-30T15:04:26+00:00
639d0366d869fffa7b0186f60bf065c6484d11aa,0d09a6abf713e78f487bea4dea1ebbb994722d6f,camel-core/src/main/java/org/apache/camel/model/ProcessorType.java,197,2007-11-02T16:57:42+00:00,2007-08-09T16:39:53+00:00
639d0366d869fffa7b0186f60bf065c6484d11aa,ea0af9de022bf9e06c544fc4e2f8324b12b00844,camel-core/src/main/java/org/apache/camel/model/RouteType.java,197,2007-11-02T16:57:42+00:00,2007-07-11T09:19:53+00:00
639d0366d869fffa7b0186f60bf065c6484d11aa,e0d715fe3a58a3296ff1b513f2bf05478ee5b7b4,camel-core/src/main/java/org/apache/camel/model/RouteType.java,197,2007-11-02T16:57:42+00:00,2007-07-12T11:27:11+00:00
639d0366d869fffa7b0186f60bf065c6484d11aa,0d09a6abf713e78f487bea4dea1ebbb994722d6f,camel-core/src/main/java/org/apache/camel/model/RouteType.java,197,2007-11-02T16:57:42+00:00,2007-08-09T16:39:53+00:00
639d0366d869fffa7b0186f60bf065c6484d11aa,0e1bf0b210a52162504cdfcd5770259a660b7361,camel-core/src/main/java/org/apache/camel/model/RoutesType.java,197,2007-11-02T16:57:42+00:00,2007-08-07T18:35:48+00:00
639d0366d869fffa7b0186f60bf065c6484d11aa,25370760ccb212383e0c97441fa2525f9b9cfcaa,camel-core/src/main/java/org/apache/camel/model/RoutesType.java,197,2007-11-02T16:57:42+00:00,2007-07-30T15:04:26+00:00
639d0366d869fffa7b0186f60bf065c6484d11aa,0e1bf0b210a52162504cdfcd5770259a660b7361,camel-core/src/test/java/org/apache/camel/builder/InterceptorBuilderTest.java,197,2007-11-02T16:57:42+00:00,2007-08-07T18:35:48+00:00
639d0366d869fffa7b0186f60bf065c6484d11aa,cf4338d140e6778409dd57960a3210c3d8d049df,camel-core/src/test/java/org/apache/camel/builder/InterceptorBuilderTest.java,197,2007-11-02T16:57:42+00:00,2007-04-26T16:13:49+00:00
639d0366d869fffa7b0186f60bf065c6484d11aa,13e239a72ac35e1340111765de9ad03e42848bdf,camel-core/src/test/java/org/apache/camel/builder/InterceptorBuilderTest.java,197,2007-11-02T16:57:42+00:00,2007-04-19T14:51:19+00:00
639d0366d869fffa7b0186f60bf065c6484d11aa,382b2335ad3bc31f86d4c10c17b972ec00862529,camel-core/src/test/java/org/apache/camel/model/XmlParseTest.java,197,2007-11-02T16:57:42+00:00,2007-07-11T09:20:46+00:00
deedc068e61d4c2496001610be57fd5160c350dd,54e89f4b392b962f5271aa73c46932e5e3d33639,camel-core/src/main/java/org/apache/camel/model/AggregatorType.java,204,2007-11-05T12:30:17+00:00,2007-07-30T08:41:10+00:00
deedc068e61d4c2496001610be57fd5160c350dd,353a131c94cb8f9d98fff989f2d6721f4913237f,camel-core/src/main/java/org/apache/camel/model/AggregatorType.java,204,2007-11-05T12:30:17+00:00,2007-09-26T12:44:47+00:00
deedc068e61d4c2496001610be57fd5160c350dd,0e1bf0b210a52162504cdfcd5770259a660b7361,camel-core/src/main/java/org/apache/camel/model/AggregatorType.java,204,2007-11-05T12:30:17+00:00,2007-08-07T18:35:48+00:00
deedc068e61d4c2496001610be57fd5160c350dd,5112cf705cfd05eb46b49e3c6d8f6adefea48b9f,camel-core/src/main/java/org/apache/camel/model/AggregatorType.java,204,2007-11-05T12:30:17+00:00,2007-09-26T14:31:22+00:00
deedc068e61d4c2496001610be57fd5160c350dd,409683bfc6cb3b4c41f12ef98f7940a0c7e6f449,camel-core/src/test/java/org/apache/camel/processor/AggregatorTest.java,204,2007-11-05T12:30:17+00:00,2007-08-03T09:38:03+00:00
deedc068e61d4c2496001610be57fd5160c350dd,b49154101a82f12dbcbdfe8447009c3d8624d050,camel-core/src/test/java/org/apache/camel/processor/AggregatorTest.java,204,2007-11-05T12:30:17+00:00,2007-07-03T14:16:23+00:00
71e85c5334e2e5c160af56ea39b6cd50b0fe3cd3,78e3eb6b53b66d0d6b05a99f58b99239b8bf60e3,camel-core/src/main/java/org/apache/camel/processor/Splitter.java,206,2007-11-05T15:05:16+00:00,2007-03-20T18:08:45+00:00
71e85c5334e2e5c160af56ea39b6cd50b0fe3cd3,85d7a943d131caba64f097163f59759be101ba5c,camel-core/src/main/java/org/apache/camel/processor/Splitter.java,206,2007-11-05T15:05:16+00:00,2007-03-27T09:30:52+00:00
71e85c5334e2e5c160af56ea39b6cd50b0fe3cd3,f7eefedf0e23d979a664181ff93def4dbd4bc0cc,camel-core/src/test/java/org/apache/camel/processor/SplitterTest.java,206,2007-11-05T15:05:16+00:00,2007-09-06T15:09:01+00:00
71e85c5334e2e5c160af56ea39b6cd50b0fe3cd3,aabfced5c4546206608cdd1699234427215e61a1,camel-core/src/test/java/org/apache/camel/processor/SplitterTest.java,206,2007-11-05T15:05:16+00:00,2007-04-20T10:55:26+00:00
82ca5d9031794e119c8ada3174a564263800604a,5145dc1f21e05ae95dc92970bfef4ef7c94500b8,camel-core/src/main/java/org/apache/camel/processor/Pipeline.java,210,2007-11-09T14:32:08+00:00,2007-10-16T14:32:04+00:00
14db721dbfb517a49d52f12fcd1d0af714f2d855,706f049afc2d2d0963ba8325f4d401469947be00,components/camel-jms/src/test/java/org/apache/camel/component/jms/JmsEndpointConfigurationTest.java,212,2007-11-13T11:40:26+00:00,2007-10-01T18:42:38+00:00
33fa2d86d2bfd9ece336e6a3a45887619fae1526,e66369ee2c79bf4e305b1c6344c4b80674d0a2c8,components/camel-jms/src/main/java/org/apache/camel/component/jms/JmsBinding.java,213,2007-11-13T11:42:04+00:00,2007-08-17T16:58:56+00:00
5df68494a8b11f94b8bc5f8b5b890e5f0da042cd,086a00969d06fab0fad7baf4e0a33f241edd0e60,components/camel-ftp/src/main/java/org/apache/camel/component/file/remote/FtpProducer.java,189,2007-11-14T13:14:44+00:00,2007-06-11T18:32:33+00:00
3bb9bece388bc5628094aa8306ab716b8bb17633,dfc7e2e653d15afabf3dff5ab66e0cdc5d6c6090,components/camel-saxon/pom.xml,218,2007-11-14T18:16:19+00:00,2007-05-03T11:32:35+00:00
3bb9bece388bc5628094aa8306ab716b8bb17633,05e1e3e74a1f30310679148aae80c99a062e924b,components/camel-saxon/pom.xml,218,2007-11-14T18:16:19+00:00,2007-04-05T16:51:48+00:00
3bb9bece388bc5628094aa8306ab716b8bb17633,dc43631c8916612d2584a50476c83a37fd2a628a,components/camel-saxon/pom.xml,218,2007-11-14T18:16:19+00:00,2007-10-31T16:50:22+00:00
3bb9bece388bc5628094aa8306ab716b8bb17633,48c6429188f2d25893516027b8316e5b18cfe34e,components/camel-saxon/pom.xml,218,2007-11-14T18:16:19+00:00,2007-09-18T09:05:04+00:00
3bb9bece388bc5628094aa8306ab716b8bb17633,05e1e3e74a1f30310679148aae80c99a062e924b,components/camel-saxon/src/main/java/org/apache/camel/component/xquery/ResultFormat.java,218,2007-11-14T18:16:19+00:00,2007-04-05T16:51:48+00:00
3bb9bece388bc5628094aa8306ab716b8bb17633,4ada7157b504c5bdd16f707b995967ffe2a568dd,components/camel-saxon/src/main/java/org/apache/camel/component/xquery/XQuery.java,218,2007-11-14T18:16:19+00:00,2007-08-18T17:06:18+00:00
3bb9bece388bc5628094aa8306ab716b8bb17633,4ada7157b504c5bdd16f707b995967ffe2a568dd,components/camel-saxon/src/main/java/org/apache/camel/component/xquery/XQueryAnnotationExpressionFactory.java,218,2007-11-14T18:16:19+00:00,2007-08-18T17:06:18+00:00
3bb9bece388bc5628094aa8306ab716b8bb17633,05e1e3e74a1f30310679148aae80c99a062e924b,components/camel-saxon/src/main/java/org/apache/camel/component/xquery/XQueryBuilder.java,218,2007-11-14T18:16:19+00:00,2007-04-05T16:51:48+00:00
3bb9bece388bc5628094aa8306ab716b8bb17633,6a99ee94f7b12dfa54e66789dae33dbb0163b36c,components/camel-saxon/src/main/java/org/apache/camel/component/xquery/XQueryComponent.java,218,2007-11-14T18:16:19+00:00,2007-10-31T16:25:10+00:00
3bb9bece388bc5628094aa8306ab716b8bb17633,b82b9575c3512a70fe451e86e0886148c0952f15,components/camel-saxon/src/main/java/org/apache/camel/component/xquery/XQueryLanguage.java,218,2007-11-14T18:16:19+00:00,2007-10-12T19:55:33+00:00
3bb9bece388bc5628094aa8306ab716b8bb17633,b82b9575c3512a70fe451e86e0886148c0952f15,components/camel-saxon/src/main/resources/META-INF/services/org/apache/camel/language/xquery,218,2007-11-14T18:16:19+00:00,2007-10-12T19:55:33+00:00
3bb9bece388bc5628094aa8306ab716b8bb17633,7ff7e7017667cd44e79bc9fe22a8e3cd9326115e,components/camel-saxon/src/test/java/org/apache/camel/builder/saxon/XQueryTest.java,218,2007-11-14T18:16:19+00:00,2007-08-07T21:33:00+00:00
3bb9bece388bc5628094aa8306ab716b8bb17633,b517eb3d5c9bea5d9dda50c240f951d1db3844bf,components/camel-saxon/src/test/java/org/apache/camel/builder/saxon/XQueryWithNamespacesFilterTest.java,218,2007-11-14T18:16:19+00:00,2007-10-16T09:54:06+00:00
3bb9bece388bc5628094aa8306ab716b8bb17633,6a99ee94f7b12dfa54e66789dae33dbb0163b36c,components/camel-saxon/src/test/java/org/apache/camel/component/xquery/TestBean.java,218,2007-11-14T18:16:19+00:00,2007-10-31T16:25:10+00:00
9b67ef0b73b8e69255cb5ffb72d7f8edf1d6a6f5,6d7a5496dd74b1ef4b2d197f124103fc878b89c7,components/camel-jms/src/main/java/org/apache/camel/component/jms/JmsBinding.java,221,2007-11-14T18:45:40+00:00,2007-08-29T16:08:02+00:00
9b67ef0b73b8e69255cb5ffb72d7f8edf1d6a6f5,a6cbe8419351fcd8d26f1660dd4b112a7cd64e0b,components/camel-jms/src/main/java/org/apache/camel/component/jms/JmsBinding.java,221,2007-11-14T18:45:40+00:00,2007-05-01T16:23:37+00:00
9b67ef0b73b8e69255cb5ffb72d7f8edf1d6a6f5,7ff7e7017667cd44e79bc9fe22a8e3cd9326115e,components/camel-jms/src/main/java/org/apache/camel/component/jms/JmsBinding.java,221,2007-11-14T18:45:40+00:00,2007-08-07T21:33:00+00:00
9b67ef0b73b8e69255cb5ffb72d7f8edf1d6a6f5,6fbbb0c742866e256521bd1e8e2ac45d26cdd588,components/camel-jms/src/main/java/org/apache/camel/component/jms/JmsBinding.java,221,2007-11-14T18:45:40+00:00,2007-03-22T12:19:26+00:00
9b67ef0b73b8e69255cb5ffb72d7f8edf1d6a6f5,7f6cc8673c88856e7c8b4215caa195fbbd43c79d,components/camel-jms/src/main/java/org/apache/camel/component/jms/JmsBinding.java,221,2007-11-14T18:45:40+00:00,2007-10-18T18:41:45+00:00
d706b618f907180785866b559d83887cd76fb7f7,0595da505914be63fbe3299cbe9b328a2e641ad2,camel-core/src/main/java/org/apache/camel/model/ProcessorType.java,222,2007-11-15T11:35:57+00:00,2007-10-15T10:47:23+00:00
d706b618f907180785866b559d83887cd76fb7f7,1f6d3610e222c7c96add94636ae8e8f36ff25ec2,camel-core/src/main/java/org/apache/camel/model/ProcessorType.java,222,2007-11-15T11:35:57+00:00,2007-11-15T11:04:41+00:00
ee3e13d95a98de16aae7c2b833f4d77c37dfd025,5c1ed4a0843dcde0f4472c80417cfdca6f738ba4,camel-core/src/main/java/org/apache/camel/builder/DataTypeExpression.java,222,2007-11-15T14:38:34+00:00,2007-10-10T09:17:53+00:00
ee3e13d95a98de16aae7c2b833f4d77c37dfd025,5c1ed4a0843dcde0f4472c80417cfdca6f738ba4,camel-core/src/main/java/org/apache/camel/model/ProcessorType.java,222,2007-11-15T14:38:34+00:00,2007-10-10T09:17:53+00:00
ee3e13d95a98de16aae7c2b833f4d77c37dfd025,233a1b898725fc39f3f14346c716b5f52b3f0e0a,components/camel-bam/src/test/java/org/apache/camel/bam/MultipleProcessesTest.java,222,2007-11-15T14:38:34+00:00,2007-08-08T15:01:19+00:00
ff053fb89f58cc028b9d61e2adf12ebf18b6782f,c716928ca75b41fe1f78976794c145e8e44e73c4,camel-core/src/main/java/org/apache/camel/model/LoadBalanceType.java,215,2007-11-15T17:44:07+00:00,2007-11-14T11:57:36+00:00
4d7c209e8ad39db32bcb566c9b41954a8ed4ccbc,2edeac3f157a30b4d484e960fbbec60a5a780b24,camel-core/src/main/java/org/apache/camel/builder/xml/XsltBuilder.java,224,2007-11-16T18:02:22+00:00,2007-05-01T13:46:12+00:00
5069300e0c29e519be99d581ad1f53a67e7fa40e,855c83b4187efa9ed4459f495ff824c3ec638f2e,camel-core/src/main/java/org/apache/camel/component/seda/SedaComponent.java,230,2007-11-17T11:02:20+00:00,2007-09-04T10:28:46+00:00
5069300e0c29e519be99d581ad1f53a67e7fa40e,9cb33eb2c0a5da3f417415312c538d45eff94246,camel-core/src/main/java/org/apache/camel/component/seda/SedaComponent.java,230,2007-11-17T11:02:20+00:00,2007-09-21T17:33:54+00:00
5069300e0c29e519be99d581ad1f53a67e7fa40e,2bb028af8c240de0093dc5313505659d1fd98d77,camel-core/src/main/java/org/apache/camel/component/seda/SedaEndpoint.java,230,2007-11-17T11:02:20+00:00,2007-06-29T17:42:37+00:00
5069300e0c29e519be99d581ad1f53a67e7fa40e,855c83b4187efa9ed4459f495ff824c3ec638f2e,camel-core/src/main/java/org/apache/camel/component/seda/SedaEndpoint.java,230,2007-11-17T11:02:20+00:00,2007-09-04T10:28:46+00:00
5069300e0c29e519be99d581ad1f53a67e7fa40e,77b260b65ba821b3443d922320cc3d9b708c8d83,camel-core/src/main/java/org/apache/camel/component/seda/SedaEndpoint.java,230,2007-11-17T11:02:20+00:00,2007-03-19T10:54:57+00:00
5069300e0c29e519be99d581ad1f53a67e7fa40e,0376020ee24d9f0ad345e0839be4035f93aae944,camel-core/src/main/java/org/apache/camel/component/seda/SedaEndpoint.java,230,2007-11-17T11:02:20+00:00,2007-09-04T11:33:23+00:00
5069300e0c29e519be99d581ad1f53a67e7fa40e,d2898cb66ced806cba53e27f23f99f0f20c6cabb,camel-core/src/main/java/org/apache/camel/component/vm/VmComponent.java,230,2007-11-17T11:02:20+00:00,2007-08-28T16:20:08+00:00
5069300e0c29e519be99d581ad1f53a67e7fa40e,9cb33eb2c0a5da3f417415312c538d45eff94246,camel-core/src/main/java/org/apache/camel/component/vm/VmComponent.java,230,2007-11-17T11:02:20+00:00,2007-09-21T17:33:54+00:00
0e2caf25943d782ce939638922b7ff4ac6d78a8d,d624cfe817a7ba5cb9da779e5797553e82cace27,camel-core/src/main/java/org/apache/camel/component/bean/BeanComponent.java,236,2007-11-19T21:16:38+00:00,2007-08-02T16:18:30+00:00
0e2caf25943d782ce939638922b7ff4ac6d78a8d,b83e74dce7b9f19fcae42f3ce17e6e009769d5f9,camel-core/src/main/java/org/apache/camel/component/bean/BeanComponent.java,236,2007-11-19T21:16:38+00:00,2007-08-03T19:33:56+00:00
0e2caf25943d782ce939638922b7ff4ac6d78a8d,64df0ace5961f88cf7e6649a161f9c02f2b54bb7,camel-core/src/main/java/org/apache/camel/component/bean/BeanComponent.java,236,2007-11-19T21:16:38+00:00,2007-08-02T10:57:37+00:00
0e2caf25943d782ce939638922b7ff4ac6d78a8d,7bfa410817bc48c45e29c3484dd4e29a8e59bc0a,camel-core/src/main/java/org/apache/camel/component/bean/BeanComponent.java,236,2007-11-19T21:16:38+00:00,2007-08-18T08:25:16+00:00
0e2caf25943d782ce939638922b7ff4ac6d78a8d,6463d1499896e2a67a97dbe875c86575d2c78ea9,camel-core/src/main/java/org/apache/camel/component/bean/BeanComponent.java,236,2007-11-19T21:16:38+00:00,2007-08-02T11:52:52+00:00
0e2caf25943d782ce939638922b7ff4ac6d78a8d,3ebdeaecd85a44b08fc62bca4cc29886a32a5a2d,camel-core/src/main/java/org/apache/camel/component/bean/BeanComponent.java,236,2007-11-19T21:16:38+00:00,2007-08-01T20:55:13+00:00
0e2caf25943d782ce939638922b7ff4ac6d78a8d,89e2cb27b2eefc504d3a541c97293071c8886cb8,camel-core/src/main/java/org/apache/camel/component/bean/BeanInfo.java,236,2007-11-19T21:16:38+00:00,2007-10-26T16:11:55+00:00
0e2caf25943d782ce939638922b7ff4ac6d78a8d,0e1bf0b210a52162504cdfcd5770259a660b7361,camel-core/src/main/java/org/apache/camel/component/bean/BeanProcessor.java,236,2007-11-19T21:16:38+00:00,2007-08-07T18:35:48+00:00
0e2caf25943d782ce939638922b7ff4ac6d78a8d,b83e74dce7b9f19fcae42f3ce17e6e009769d5f9,camel-core/src/main/java/org/apache/camel/component/bean/BeanProcessor.java,236,2007-11-19T21:16:38+00:00,2007-08-03T19:33:56+00:00
0e2caf25943d782ce939638922b7ff4ac6d78a8d,d624cfe817a7ba5cb9da779e5797553e82cace27,camel-core/src/main/java/org/apache/camel/component/bean/BeanProcessor.java,236,2007-11-19T21:16:38+00:00,2007-08-02T16:18:30+00:00
0e2caf25943d782ce939638922b7ff4ac6d78a8d,edf3db13aeda1fa19028a55f42a73f2a433da3f2,camel-core/src/main/java/org/apache/camel/component/bean/BeanProcessor.java,236,2007-11-19T21:16:38+00:00,2007-10-09T12:42:29+00:00
0e2caf25943d782ce939638922b7ff4ac6d78a8d,7bfa410817bc48c45e29c3484dd4e29a8e59bc0a,camel-core/src/main/java/org/apache/camel/component/bean/BeanProcessor.java,236,2007-11-19T21:16:38+00:00,2007-08-18T08:25:16+00:00
0e2caf25943d782ce939638922b7ff4ac6d78a8d,9c1357e1be4b11e695b7db25289883983c3544db,camel-core/src/main/java/org/apache/camel/component/bean/BeanProcessor.java,236,2007-11-19T21:16:38+00:00,2007-08-17T04:21:41+00:00
0e2caf25943d782ce939638922b7ff4ac6d78a8d,3ebdeaecd85a44b08fc62bca4cc29886a32a5a2d,camel-core/src/main/java/org/apache/camel/component/bean/BeanProcessor.java,236,2007-11-19T21:16:38+00:00,2007-08-01T20:55:13+00:00
0e2caf25943d782ce939638922b7ff4ac6d78a8d,0e5bdbfb9c0fe968e7c98cb899d6b85845347c06,camel-core/src/main/java/org/apache/camel/component/bean/BeanProcessor.java,236,2007-11-19T21:16:38+00:00,2007-10-11T11:35:18+00:00
0e2caf25943d782ce939638922b7ff4ac6d78a8d,fa15a47ce773e82508b4d3d45689f712f4a2644f,camel-core/src/main/java/org/apache/camel/language/bean/BeanExpression.java,236,2007-11-19T21:16:38+00:00,2007-11-16T13:22:28+00:00
0e2caf25943d782ce939638922b7ff4ac6d78a8d,fa15a47ce773e82508b4d3d45689f712f4a2644f,camel-core/src/main/java/org/apache/camel/language/bean/RuntimeBeanExpressionException.java,236,2007-11-19T21:16:38+00:00,2007-11-16T13:22:28+00:00
0e2caf25943d782ce939638922b7ff4ac6d78a8d,b83e74dce7b9f19fcae42f3ce17e6e009769d5f9,camel-core/src/main/java/org/apache/camel/model/BeanRef.java,236,2007-11-19T21:16:38+00:00,2007-08-03T19:33:56+00:00
0e2caf25943d782ce939638922b7ff4ac6d78a8d,0291f325862e00df3d575e1329e759d6643fe9d4,camel-core/src/main/java/org/apache/camel/model/BeanRef.java,236,2007-11-19T21:16:38+00:00,2007-10-09T12:41:16+00:00
0e2caf25943d782ce939638922b7ff4ac6d78a8d,64df0ace5961f88cf7e6649a161f9c02f2b54bb7,camel-core/src/main/java/org/apache/camel/util/jndi/JndiContext.java,236,2007-11-19T21:16:38+00:00,2007-08-02T10:57:37+00:00
0e2caf25943d782ce939638922b7ff4ac6d78a8d,7f6cc8673c88856e7c8b4215caa195fbbd43c79d,components/camel-jms/src/test/resources/org/apache/camel/component/jms/remoting/spring.xml,236,2007-11-19T21:16:38+00:00,2007-10-18T18:41:45+00:00
0e2caf25943d782ce939638922b7ff4ac6d78a8d,b83e74dce7b9f19fcae42f3ce17e6e009769d5f9,components/camel-rmi/src/main/java/org/apache/camel/component/rmi/RmiProducer.java,236,2007-11-19T21:16:38+00:00,2007-08-03T19:33:56+00:00
0e2caf25943d782ce939638922b7ff4ac6d78a8d,a6aa7819dd46bb4d04bb16f99887d521812424aa,components/camel-rmi/src/main/java/org/apache/camel/component/rmi/RmiProducer.java,236,2007-11-19T21:16:38+00:00,2007-05-01T13:57:33+00:00
0e2caf25943d782ce939638922b7ff4ac6d78a8d,d624cfe817a7ba5cb9da779e5797553e82cace27,components/camel-rmi/src/main/java/org/apache/camel/component/rmi/RmiProducer.java,236,2007-11-19T21:16:38+00:00,2007-08-02T16:18:30+00:00
0e2caf25943d782ce939638922b7ff4ac6d78a8d,a6cbe8419351fcd8d26f1660dd4b112a7cd64e0b,components/camel-rmi/src/main/java/org/apache/camel/component/rmi/RmiProducer.java,236,2007-11-19T21:16:38+00:00,2007-05-01T16:23:37+00:00
0e2caf25943d782ce939638922b7ff4ac6d78a8d,ec881d6ecdf594d30b91947ac5749222b34b8535,components/camel-spring/src/test/resources/org/apache/camel/spring/remoting/spring.xml,236,2007-11-19T21:16:38+00:00,2007-05-14T16:41:07+00:00
c88df3017b5ae6f5097baa0d1ebf41bb5de6e9c3,c716928ca75b41fe1f78976794c145e8e44e73c4,camel-core/src/main/java/org/apache/camel/model/ProcessorType.java,240,2007-11-20T15:37:32+00:00,2007-11-14T11:57:36+00:00
c88df3017b5ae6f5097baa0d1ebf41bb5de6e9c3,518429ad5c129596197ec954b976b41e17963085,camel-core/src/main/java/org/apache/camel/model/ProcessorType.java,240,2007-11-20T15:37:32+00:00,2007-11-07T16:20:56+00:00
20d675f608682579cd68a5ebf34496d548ed4f11,946dd45d1ca9e1874336c4f904a9657646b0577c,components/camel-jms/src/main/java/org/apache/camel/component/jms/JmsConfiguration.java,253,2007-12-03T17:16:52+00:00,2007-10-01T12:37:24+00:00
20d675f608682579cd68a5ebf34496d548ed4f11,f062d553a704e2d707205e0855ac023a8c44a40e,components/camel-jms/src/main/java/org/apache/camel/component/jms/JmsConfiguration.java,253,2007-12-03T17:16:52+00:00,2007-03-28T18:16:48+00:00
20d675f608682579cd68a5ebf34496d548ed4f11,f062d553a704e2d707205e0855ac023a8c44a40e,components/camel-jms/src/main/java/org/apache/camel/component/jms/JmsEndpoint.java,253,2007-12-03T17:16:52+00:00,2007-03-28T18:16:48+00:00
cd5ee0535102dbb9c834b2ccc61a07328c2e8662,2265b9e5adbcec272763b1ff3b18fb5beab6b57b,components/camel-jms/src/test/java/org/apache/camel/component/jms/ConsumeJmsBytesMessageTest.java,255,2007-12-07T11:27:39+00:00,2007-12-06T17:37:31+00:00
953bed1772d5b20e0c4c1b284ec5d47c5c8d6a0a,3dfca3f894b8729fc855e6d337a8762f7b72c6b4,components/camel-cxf/src/main/java/org/apache/camel/component/cxf/CxfExchange.java,286,2008-01-12T07:22:41+00:00,2007-03-30T00:05:25+00:00
953bed1772d5b20e0c4c1b284ec5d47c5c8d6a0a,a58f02a2b088767414a4745a666561f50ce0b579,components/camel-cxf/src/main/java/org/apache/camel/component/cxf/CxfExchange.java,286,2008-01-12T07:22:41+00:00,2007-03-23T14:50:19+00:00
953bed1772d5b20e0c4c1b284ec5d47c5c8d6a0a,0376020ee24d9f0ad345e0839be4035f93aae944,components/camel-cxf/src/main/java/org/apache/camel/component/cxf/CxfExchange.java,286,2008-01-12T07:22:41+00:00,2007-09-04T11:33:23+00:00
953bed1772d5b20e0c4c1b284ec5d47c5c8d6a0a,64a4b6aa85a599505008fab00a8c498323469787,components/camel-cxf/src/test/java/org/apache/camel/component/cxf/CxfPayLoadMessageRouterTest.java,286,2008-01-12T07:22:41+00:00,2007-09-17T17:00:08+00:00
953bed1772d5b20e0c4c1b284ec5d47c5c8d6a0a,64a4b6aa85a599505008fab00a8c498323469787,components/camel-cxf/src/test/java/org/apache/camel/component/cxf/CxfRawMessageRouterTest.java,286,2008-01-12T07:22:41+00:00,2007-09-17T17:00:08+00:00
953bed1772d5b20e0c4c1b284ec5d47c5c8d6a0a,affeba553ebd40eda3eeb9cab7bc98e2c186889b,components/camel-cxf/src/test/java/org/apache/camel/component/cxf/CxfRouterTest.java,286,2008-01-12T07:22:41+00:00,2007-10-09T10:17:57+00:00
953bed1772d5b20e0c4c1b284ec5d47c5c8d6a0a,8365a8619e32415073c2930e2e48afb6b1662787,components/camel-cxf/src/test/java/org/apache/camel/component/cxf/CxfRouterTest.java,286,2008-01-12T07:22:41+00:00,2008-01-11T15:06:13+00:00
953bed1772d5b20e0c4c1b284ec5d47c5c8d6a0a,5d85addecb3df52931250c640c31237ba5b80a10,components/camel-cxf/src/test/java/org/apache/camel/component/cxf/CxfRouterTest.java,286,2008-01-12T07:22:41+00:00,2007-11-29T16:39:03+00:00
953bed1772d5b20e0c4c1b284ec5d47c5c8d6a0a,c73d330000ef6343053003ffe16dbc7b5fcecac1,components/camel-cxf/src/test/java/org/apache/camel/component/cxf/CxfRouterTest.java,286,2008-01-12T07:22:41+00:00,2007-11-15T16:10:32+00:00
953bed1772d5b20e0c4c1b284ec5d47c5c8d6a0a,4bc01afec38164dddbd3ac1bc62bb3fafe6aa72f,components/camel-cxf/src/test/java/org/apache/camel/component/cxf/CxfRouterTest.java,286,2008-01-12T07:22:41+00:00,2007-08-28T16:22:22+00:00
e12676fe928c4b35a12d5e66f7834c94a60e8835,e1e5e11fde97a228aa1a84128567de8b90e05aa8,components/camel-spring/src/main/resources/META-INF/spring.schemas,278,2008-01-18T12:51:39+00:00,2007-07-11T00:17:26+00:00
e12676fe928c4b35a12d5e66f7834c94a60e8835,b1c38f84cdff75352b72aaa3992f722f59c936e7,components/camel-spring/src/main/resources/META-INF/spring.schemas,278,2008-01-18T12:51:39+00:00,2007-09-20T10:04:19+00:00
4a37cb0d361c76d056ed5a9fe2ab3e73a902bb4d,cf2ec32b18da0396aadd96f5e85ab0a90c857636,components/camel-jaxb/src/test/resources/org/apache/camel/example/marshalAndUnmarshalWithRef.xml,295,2008-02-05T17:31:54+00:00,2007-10-11T18:38:25+00:00
4a37cb0d361c76d056ed5a9fe2ab3e73a902bb4d,6924f3811d2521ff368d4904f0c957bfa8d35996,components/camel-spring/src/main/java/org/apache/camel/spring/CamelContextFactoryBean.java,295,2008-02-05T17:31:54+00:00,2007-09-17T15:25:42+00:00
4a37cb0d361c76d056ed5a9fe2ab3e73a902bb4d,eb4482e7dd792cf1f0b4bedf9449d6d725c430dd,components/camel-spring/src/main/java/org/apache/camel/spring/CamelContextFactoryBean.java,295,2008-02-05T17:31:54+00:00,2007-07-25T16:32:49+00:00
4a37cb0d361c76d056ed5a9fe2ab3e73a902bb4d,b9d9f9c9c2d6809c12496f6eae77091c3485f1a7,components/camel-spring/src/main/java/org/apache/camel/spring/CamelContextFactoryBean.java,295,2008-02-05T17:31:54+00:00,2007-09-19T19:49:22+00:00
4a37cb0d361c76d056ed5a9fe2ab3e73a902bb4d,14904a28b41b9118a00c021ae03dab6ca5aabe13,components/camel-spring/src/test/java/org/apache/camel/spring/config/CamelContextFactoryBeanTest.java,295,2008-02-05T17:31:54+00:00,2007-03-22T19:19:21+00:00
4a37cb0d361c76d056ed5a9fe2ab3e73a902bb4d,dd731cb69c3af19bd34154373930f2551e0390d3,components/camel-spring/src/test/java/org/apache/camel/spring/config/CamelContextFactoryBeanTest.java,295,2008-02-05T17:31:54+00:00,2007-03-22T17:45:29+00:00
4a37cb0d361c76d056ed5a9fe2ab3e73a902bb4d,3d1aeb584f751ca3c31d638ea636758857f22762,components/camel-spring/src/test/java/org/apache/camel/spring/config/CamelContextFactoryBeanTest.java,295,2008-02-05T17:31:54+00:00,2007-04-30T10:43:44+00:00
4a37cb0d361c76d056ed5a9fe2ab3e73a902bb4d,92cf75d35a6ea067612139e0301fbca92b5e5f47,components/camel-spring/src/test/java/org/apache/camel/spring/config/CamelContextFactoryBeanTest.java,295,2008-02-05T17:31:54+00:00,2007-07-09T10:42:42+00:00
4a37cb0d361c76d056ed5a9fe2ab3e73a902bb4d,52c175ab57bb7d3aa3a1f9bfecbc09d16534864d,components/camel-spring/src/test/java/org/apache/camel/spring/config/CamelContextFactoryBeanTest.java,295,2008-02-05T17:31:54+00:00,2007-03-23T04:59:00+00:00
4a37cb0d361c76d056ed5a9fe2ab3e73a902bb4d,7ff7e7017667cd44e79bc9fe22a8e3cd9326115e,components/camel-spring/src/test/java/org/apache/camel/spring/config/CamelContextFactoryBeanTest.java,295,2008-02-05T17:31:54+00:00,2007-08-07T21:33:00+00:00
4a37cb0d361c76d056ed5a9fe2ab3e73a902bb4d,ae03d68cc221c69f230c65787286435d3096e67c,components/camel-spring/src/test/java/org/apache/camel/spring/config/CamelContextFactoryBeanTest.java,295,2008-02-05T17:31:54+00:00,2007-05-25T15:39:37+00:00
6467bc26601052c76b4202ff35087a996d24ffee,826a263be5ca26b0b5fdcafa875262c6853179f2,camel-core/src/main/java/org/apache/camel/impl/DefaultCamelContext.java,334,2008-02-13T10:09:51+00:00,2007-04-26T08:24:06+00:00
6467bc26601052c76b4202ff35087a996d24ffee,e75beddd24b57ff04a5462b3a296c09a651d3f81,camel-core/src/main/java/org/apache/camel/impl/DefaultCamelContext.java,334,2008-02-13T10:09:51+00:00,2007-04-30T14:29:20+00:00
6467bc26601052c76b4202ff35087a996d24ffee,c210132b9219522267adbc0142957ee5a76aeb67,camel-core/src/main/java/org/apache/camel/impl/DefaultCamelContext.java,334,2008-02-13T10:09:51+00:00,2007-03-26T12:31:49+00:00
6467bc26601052c76b4202ff35087a996d24ffee,3238d24501f3071df35cbea6739184b42de49ea8,camel-core/src/main/java/org/apache/camel/impl/DefaultCamelContext.java,334,2008-02-13T10:09:51+00:00,2007-08-13T08:46:57+00:00
6467bc26601052c76b4202ff35087a996d24ffee,89e2cb27b2eefc504d3a541c97293071c8886cb8,camel-core/src/main/java/org/apache/camel/impl/DefaultCamelContext.java,334,2008-02-13T10:09:51+00:00,2007-10-26T16:11:55+00:00
6467bc26601052c76b4202ff35087a996d24ffee,ae03d68cc221c69f230c65787286435d3096e67c,camel-core/src/main/java/org/apache/camel/impl/DefaultCamelContext.java,334,2008-02-13T10:09:51+00:00,2007-05-25T15:39:37+00:00
6467bc26601052c76b4202ff35087a996d24ffee,89e2cb27b2eefc504d3a541c97293071c8886cb8,components/camel-spring/src/main/java/org/apache/camel/spring/CamelBeanPostProcessor.java,334,2008-02-13T10:09:51+00:00,2007-10-26T16:11:55+00:00
85ec6bc6d7cd0904757b596627fd3666de7738dd,8db45b4f0dc2e7c5a7d40ad0eb6ae5938f6ed1c8,components/camel-juel/src/main/java/org/apache/camel/language/juel/JuelExpression.java,347,2008-02-27T06:42:19+00:00,2007-07-12T11:32:30+00:00
85ec6bc6d7cd0904757b596627fd3666de7738dd,7ff7e7017667cd44e79bc9fe22a8e3cd9326115e,components/camel-juel/src/main/java/org/apache/camel/language/juel/JuelExpression.java,347,2008-02-27T06:42:19+00:00,2007-08-07T21:33:00+00:00
d1e8da34d3f05df8d5aa05c96b027b36ec9d0bf2,48c6429188f2d25893516027b8316e5b18cfe34e,camel-core/pom.xml,301,2008-02-28T03:17:49+00:00,2007-09-18T09:05:04+00:00
d1e8da34d3f05df8d5aa05c96b027b36ec9d0bf2,e7a2e0cbe5cccb5ce03acae26635b24597af2ab4,camel-core/src/main/java/org/apache/camel/component/seda/SedaConsumer.java,301,2008-02-28T03:17:49+00:00,2007-07-04T19:42:47+00:00
d1e8da34d3f05df8d5aa05c96b027b36ec9d0bf2,8b0ae5afec7cefc15191e06b91d4cc38907c634f,camel-core/src/test/java/org/apache/camel/builder/xml/XPathTest.java,301,2008-02-28T03:17:49+00:00,2007-03-22T09:03:43+00:00
d1e8da34d3f05df8d5aa05c96b027b36ec9d0bf2,fbf682983abf08b58b2892d9d01c612bb6ee2f78,camel-core/src/test/java/org/apache/camel/builder/xml/XPathTest.java,301,2008-02-28T03:17:49+00:00,2007-03-22T09:59:46+00:00
d1e8da34d3f05df8d5aa05c96b027b36ec9d0bf2,e0d878d6335b3334db46ed1c12fb7ad244ddbbc4,components/camel-amqp/pom.xml,301,2008-02-28T03:17:49+00:00,2007-10-05T14:07:06+00:00
d1e8da34d3f05df8d5aa05c96b027b36ec9d0bf2,48c6429188f2d25893516027b8316e5b18cfe34e,components/camel-atom/pom.xml,301,2008-02-28T03:17:49+00:00,2007-09-18T09:05:04+00:00
d1e8da34d3f05df8d5aa05c96b027b36ec9d0bf2,48c6429188f2d25893516027b8316e5b18cfe34e,components/camel-bam/pom.xml,301,2008-02-28T03:17:49+00:00,2007-09-18T09:05:04+00:00
d1e8da34d3f05df8d5aa05c96b027b36ec9d0bf2,426ba38cebf7205f2216f75af22655c5f3ce2578,components/camel-csv/pom.xml,301,2008-02-28T03:17:49+00:00,2007-11-26T11:15:32+00:00
d1e8da34d3f05df8d5aa05c96b027b36ec9d0bf2,48c6429188f2d25893516027b8316e5b18cfe34e,components/camel-cxf/pom.xml,301,2008-02-28T03:17:49+00:00,2007-09-18T09:05:04+00:00
d1e8da34d3f05df8d5aa05c96b027b36ec9d0bf2,48c6429188f2d25893516027b8316e5b18cfe34e,components/camel-ftp/pom.xml,301,2008-02-28T03:17:49+00:00,2007-09-18T09:05:04+00:00
d1e8da34d3f05df8d5aa05c96b027b36ec9d0bf2,48c6429188f2d25893516027b8316e5b18cfe34e,components/camel-groovy/pom.xml,301,2008-02-28T03:17:49+00:00,2007-09-18T09:05:04+00:00
d1e8da34d3f05df8d5aa05c96b027b36ec9d0bf2,48c6429188f2d25893516027b8316e5b18cfe34e,components/camel-http/pom.xml,301,2008-02-28T03:17:49+00:00,2007-09-18T09:05:04+00:00
d1e8da34d3f05df8d5aa05c96b027b36ec9d0bf2,48c6429188f2d25893516027b8316e5b18cfe34e,components/camel-ibatis/pom.xml,301,2008-02-28T03:17:49+00:00,2007-09-18T09:05:04+00:00
d1e8da34d3f05df8d5aa05c96b027b36ec9d0bf2,48c6429188f2d25893516027b8316e5b18cfe34e,components/camel-irc/pom.xml,301,2008-02-28T03:17:49+00:00,2007-09-18T09:05:04+00:00
d1e8da34d3f05df8d5aa05c96b027b36ec9d0bf2,48c6429188f2d25893516027b8316e5b18cfe34e,components/camel-jaxb/pom.xml,301,2008-02-28T03:17:49+00:00,2007-09-18T09:05:04+00:00
d1e8da34d3f05df8d5aa05c96b027b36ec9d0bf2,f1e00c84fe01f0e6f1106e796a26c3be951871e8,components/camel-jcr/pom.xml,301,2008-02-28T03:17:49+00:00,2007-12-04T06:32:16+00:00
d1e8da34d3f05df8d5aa05c96b027b36ec9d0bf2,48c6429188f2d25893516027b8316e5b18cfe34e,components/camel-jdbc/pom.xml,301,2008-02-28T03:17:49+00:00,2007-09-18T09:05:04+00:00
d1e8da34d3f05df8d5aa05c96b027b36ec9d0bf2,48c6429188f2d25893516027b8316e5b18cfe34e,components/camel-jetty/pom.xml,301,2008-02-28T03:17:49+00:00,2007-09-18T09:05:04+00:00
d1e8da34d3f05df8d5aa05c96b027b36ec9d0bf2,48c6429188f2d25893516027b8316e5b18cfe34e,components/camel-jhc/pom.xml,301,2008-02-28T03:17:49+00:00,2007-09-18T09:05:04+00:00
d1e8da34d3f05df8d5aa05c96b027b36ec9d0bf2,48c6429188f2d25893516027b8316e5b18cfe34e,components/camel-jing/pom.xml,301,2008-02-28T03:17:49+00:00,2007-09-18T09:05:04+00:00
d1e8da34d3f05df8d5aa05c96b027b36ec9d0bf2,48c6429188f2d25893516027b8316e5b18cfe34e,components/camel-jms/pom.xml,301,2008-02-28T03:17:49+00:00,2007-09-18T09:05:04+00:00
d1e8da34d3f05df8d5aa05c96b027b36ec9d0bf2,48c6429188f2d25893516027b8316e5b18cfe34e,components/camel-josql/pom.xml,301,2008-02-28T03:17:49+00:00,2007-09-18T09:05:04+00:00
d1e8da34d3f05df8d5aa05c96b027b36ec9d0bf2,48c6429188f2d25893516027b8316e5b18cfe34e,components/camel-jpa/pom.xml,301,2008-02-28T03:17:49+00:00,2007-09-18T09:05:04+00:00
d1e8da34d3f05df8d5aa05c96b027b36ec9d0bf2,48c6429188f2d25893516027b8316e5b18cfe34e,components/camel-juel/pom.xml,301,2008-02-28T03:17:49+00:00,2007-09-18T09:05:04+00:00
d1e8da34d3f05df8d5aa05c96b027b36ec9d0bf2,48c6429188f2d25893516027b8316e5b18cfe34e,components/camel-mail/pom.xml,301,2008-02-28T03:17:49+00:00,2007-09-18T09:05:04+00:00
d1e8da34d3f05df8d5aa05c96b027b36ec9d0bf2,48c6429188f2d25893516027b8316e5b18cfe34e,components/camel-mina/pom.xml,301,2008-02-28T03:17:49+00:00,2007-09-18T09:05:04+00:00
d1e8da34d3f05df8d5aa05c96b027b36ec9d0bf2,48c6429188f2d25893516027b8316e5b18cfe34e,components/camel-msv/pom.xml,301,2008-02-28T03:17:49+00:00,2007-09-18T09:05:04+00:00
d1e8da34d3f05df8d5aa05c96b027b36ec9d0bf2,6c9c3773bca2852cb1d78e1d5ac18f2519ce4573,components/camel-ognl/pom.xml,301,2008-02-28T03:17:49+00:00,2007-10-09T15:37:50+00:00
d1e8da34d3f05df8d5aa05c96b027b36ec9d0bf2,9583da2b2dacf7eabef32edebdfedee5b8deaa1b,components/camel-osgi/pom.xml,301,2008-02-28T03:17:49+00:00,2007-09-20T12:42:14+00:00
d1e8da34d3f05df8d5aa05c96b027b36ec9d0bf2,48c6429188f2d25893516027b8316e5b18cfe34e,components/camel-quartz/pom.xml,301,2008-02-28T03:17:49+00:00,2007-09-18T09:05:04+00:00
d1e8da34d3f05df8d5aa05c96b027b36ec9d0bf2,48c6429188f2d25893516027b8316e5b18cfe34e,components/camel-rmi/pom.xml,301,2008-02-28T03:17:49+00:00,2007-09-18T09:05:04+00:00
d1e8da34d3f05df8d5aa05c96b027b36ec9d0bf2,48c6429188f2d25893516027b8316e5b18cfe34e,components/camel-ruby/pom.xml,301,2008-02-28T03:17:49+00:00,2007-09-18T09:05:04+00:00
d1e8da34d3f05df8d5aa05c96b027b36ec9d0bf2,3bb9bece388bc5628094aa8306ab716b8bb17633,components/camel-saxon/pom.xml,301,2008-02-28T03:17:49+00:00,2007-11-14T18:16:19+00:00
d1e8da34d3f05df8d5aa05c96b027b36ec9d0bf2,48c6429188f2d25893516027b8316e5b18cfe34e,components/camel-script/pom.xml,301,2008-02-28T03:17:49+00:00,2007-09-18T09:05:04+00:00
d1e8da34d3f05df8d5aa05c96b027b36ec9d0bf2,48c6429188f2d25893516027b8316e5b18cfe34e,components/camel-spring/pom.xml,301,2008-02-28T03:17:49+00:00,2007-09-18T09:05:04+00:00
d1e8da34d3f05df8d5aa05c96b027b36ec9d0bf2,3a5d2e03dc79bc0bdbbb02bc9f4325df37ff521a,components/camel-sql/pom.xml,301,2008-02-28T03:17:49+00:00,2008-02-04T23:15:43+00:00
d1e8da34d3f05df8d5aa05c96b027b36ec9d0bf2,9eb0521a2434c6113f69fd523d34daeee9d7eb72,components/camel-stream/pom.xml,301,2008-02-28T03:17:49+00:00,2008-01-17T08:03:38+00:00
d1e8da34d3f05df8d5aa05c96b027b36ec9d0bf2,48c6429188f2d25893516027b8316e5b18cfe34e,components/camel-stringtemplate/pom.xml,301,2008-02-28T03:17:49+00:00,2007-09-18T09:05:04+00:00
d1e8da34d3f05df8d5aa05c96b027b36ec9d0bf2,426ba38cebf7205f2216f75af22655c5f3ce2578,components/camel-supercsv/pom.xml,301,2008-02-28T03:17:49+00:00,2007-11-26T11:15:32+00:00
d1e8da34d3f05df8d5aa05c96b027b36ec9d0bf2,28c00347e461d9daf3afd165c889aef9763a88ec,components/camel-swing/pom.xml,301,2008-02-28T03:17:49+00:00,2008-02-13T20:16:58+00:00
d1e8da34d3f05df8d5aa05c96b027b36ec9d0bf2,78780b216459a51cc57755ada4b9b720311504ac,components/camel-testng/pom.xml,301,2008-02-28T03:17:49+00:00,2008-02-14T17:15:20+00:00
d1e8da34d3f05df8d5aa05c96b027b36ec9d0bf2,f073a6c3d4b49235ad27a9a13bb7eb3a42afac79,components/camel-uface/pom.xml,301,2008-02-28T03:17:49+00:00,2008-02-12T16:06:52+00:00
d1e8da34d3f05df8d5aa05c96b027b36ec9d0bf2,48c6429188f2d25893516027b8316e5b18cfe34e,components/camel-velocity/pom.xml,301,2008-02-28T03:17:49+00:00,2007-09-18T09:05:04+00:00
d1e8da34d3f05df8d5aa05c96b027b36ec9d0bf2,48c6429188f2d25893516027b8316e5b18cfe34e,components/camel-xmlbeans/pom.xml,301,2008-02-28T03:17:49+00:00,2007-09-18T09:05:04+00:00
d1e8da34d3f05df8d5aa05c96b027b36ec9d0bf2,48c6429188f2d25893516027b8316e5b18cfe34e,components/camel-xmpp/pom.xml,301,2008-02-28T03:17:49+00:00,2007-09-18T09:05:04+00:00
d1e8da34d3f05df8d5aa05c96b027b36ec9d0bf2,59652f53b6dc4980010daa34c3841717cddfc676,components/camel-xstream/pom.xml,301,2008-02-28T03:17:49+00:00,2007-10-18T18:39:39+00:00
d1e8da34d3f05df8d5aa05c96b027b36ec9d0bf2,0308628e025d6bb52a807650f654fbe66f0965f6,examples/camel-example-osgi/pom.xml,301,2008-02-28T03:17:49+00:00,2007-11-28T11:36:44+00:00
d1e8da34d3f05df8d5aa05c96b027b36ec9d0bf2,a65a4f1420f523c5fcb15ed37101e6b45e620446,examples/camel-example-spring/pom.xml,301,2008-02-28T03:17:49+00:00,2007-11-23T16:34:41+00:00
d1e8da34d3f05df8d5aa05c96b027b36ec9d0bf2,b9d9f9c9c2d6809c12496f6eae77091c3485f1a7,pom.xml,301,2008-02-28T03:17:49+00:00,2007-09-19T19:49:22+00:00
d1e8da34d3f05df8d5aa05c96b027b36ec9d0bf2,48c6429188f2d25893516027b8316e5b18cfe34e,pom.xml,301,2008-02-28T03:17:49+00:00,2007-09-18T09:05:04+00:00
19a7fae4d96b3441cba16d1778a9ac0bba2b8f07,915d3547c79fc1f9cc53a3d96ad09ab6993a9703,components/camel-spring/src/main/java/org/apache/camel/spring/handler/BeanDefinitionParser.java,391,2008-03-19T12:11:42+00:00,2007-05-02T17:30:48+00:00
19a7fae4d96b3441cba16d1778a9ac0bba2b8f07,412202619255dea906c6623dd4138d507a5a3fd6,components/camel-spring/src/main/java/org/apache/camel/spring/handler/BeanDefinitionParser.java,391,2008-03-19T12:11:42+00:00,2007-05-04T12:31:29+00:00
19a7fae4d96b3441cba16d1778a9ac0bba2b8f07,2032831a9d33ba96ea851c254de70db461ee4fc5,components/camel-spring/src/main/java/org/apache/camel/spring/handler/BeanDefinitionParser.java,391,2008-03-19T12:11:42+00:00,2007-05-03T17:35:43+00:00
19a7fae4d96b3441cba16d1778a9ac0bba2b8f07,7ff7e7017667cd44e79bc9fe22a8e3cd9326115e,components/camel-spring/src/main/java/org/apache/camel/spring/handler/BeanDefinitionParser.java,391,2008-03-19T12:11:42+00:00,2007-08-07T21:33:00+00:00
eec3534c950c80af56e3fa18445e87ea632985d2,a7876c23e29de028820d215eef668b3b7814ae0a,components/camel-mina/pom.xml,394;395,2008-03-26T05:10:04+00:00,2008-03-06T01:08:04+00:00
eec3534c950c80af56e3fa18445e87ea632985d2,773bcce53f55163cbd57c138d46a1385ea24b743,components/camel-mina/pom.xml,394;395,2008-03-26T05:10:04+00:00,2007-11-22T07:42:31+00:00
eec3534c950c80af56e3fa18445e87ea632985d2,d1e8da34d3f05df8d5aa05c96b027b36ec9d0bf2,components/camel-mina/pom.xml,394;395,2008-03-26T05:10:04+00:00,2008-02-28T03:17:49+00:00
eec3534c950c80af56e3fa18445e87ea632985d2,48c6429188f2d25893516027b8316e5b18cfe34e,components/camel-mina/pom.xml,394;395,2008-03-26T05:10:04+00:00,2007-09-18T09:05:04+00:00
eec3534c950c80af56e3fa18445e87ea632985d2,4d55654b7b40a229762f070b4b9bb61e8773ee07,components/camel-mina/pom.xml,394;395,2008-03-26T05:10:04+00:00,2007-03-21T20:19:55+00:00
eec3534c950c80af56e3fa18445e87ea632985d2,31b43fa44ce9f6f4def5a19a33d2ae6f847fc80a,components/camel-mina/pom.xml,394;395,2008-03-26T05:10:04+00:00,2007-03-22T16:11:21+00:00
eec3534c950c80af56e3fa18445e87ea632985d2,2bd75605550f74ee70a7630c52ee21bcf053678b,components/camel-mina/pom.xml,394;395,2008-03-26T05:10:04+00:00,2007-10-25T09:42:15+00:00
eec3534c950c80af56e3fa18445e87ea632985d2,9cb64c455873e05a5049e01849df26b7fc678379,components/camel-mina/pom.xml,394;395,2008-03-26T05:10:04+00:00,2007-11-22T10:39:57+00:00
eec3534c950c80af56e3fa18445e87ea632985d2,3e6804a397a9045eb296006a7089db13639d7f2d,components/camel-mina/pom.xml,394;395,2008-03-26T05:10:04+00:00,2007-03-21T20:02:40+00:00
eec3534c950c80af56e3fa18445e87ea632985d2,3d108bba09b0ec966da85da15ec2485de3793c88,components/camel-mina/pom.xml,394;395,2008-03-26T05:10:04+00:00,2007-11-13T11:47:09+00:00
eec3534c950c80af56e3fa18445e87ea632985d2,849ae58cfb2d68bf8f6c7a5ee6598fc7363a4b67,components/camel-mina/pom.xml,394;395,2008-03-26T05:10:04+00:00,2008-03-08T14:56:00+00:00
eec3534c950c80af56e3fa18445e87ea632985d2,595c88fa74db01f1e01f85023b2d8f27c38edf36,components/camel-mina/src/main/java/org/apache/camel/component/mina/MinaComponent.java,394;395,2008-03-26T05:10:04+00:00,2008-03-09T05:06:41+00:00
eec3534c950c80af56e3fa18445e87ea632985d2,a4b48cbed040eef6065fe42d631de84ad517f58d,components/camel-mina/src/main/java/org/apache/camel/component/mina/MinaComponent.java,394;395,2008-03-26T05:10:04+00:00,2008-02-28T08:01:08+00:00
eec3534c950c80af56e3fa18445e87ea632985d2,88bfec1238eb4cce6cc7edb66d3d536ede51f668,components/camel-mina/src/main/java/org/apache/camel/component/mina/MinaComponent.java,394;395,2008-03-26T05:10:04+00:00,2008-03-05T16:00:24+00:00
eec3534c950c80af56e3fa18445e87ea632985d2,497ca0739c86c003c5d84d65d157b2cc96edd010,components/camel-mina/src/main/java/org/apache/camel/component/mina/MinaComponent.java,394;395,2008-03-26T05:10:04+00:00,2008-03-09T09:51:11+00:00
eec3534c950c80af56e3fa18445e87ea632985d2,cd5d8b725502b48c16b7f3d4458161dd4702162b,components/camel-mina/src/main/java/org/apache/camel/component/mina/MinaComponent.java,394;395,2008-03-26T05:10:04+00:00,2008-03-17T05:16:03+00:00
eec3534c950c80af56e3fa18445e87ea632985d2,31b43fa44ce9f6f4def5a19a33d2ae6f847fc80a,components/camel-mina/src/main/java/org/apache/camel/component/mina/MinaComponent.java,394;395,2008-03-26T05:10:04+00:00,2007-03-22T16:11:21+00:00
eec3534c950c80af56e3fa18445e87ea632985d2,7b1166c2eeadd8acbcf0de28140de81bdf49fe6e,components/camel-mina/src/main/java/org/apache/camel/component/mina/MinaComponent.java,394;395,2008-03-26T05:10:04+00:00,2007-09-20T05:51:55+00:00
eec3534c950c80af56e3fa18445e87ea632985d2,1a171a7b290168312c5698cbf39d31e1539b78a3,components/camel-mina/src/main/java/org/apache/camel/component/mina/MinaComponent.java,394;395,2008-03-26T05:10:04+00:00,2007-11-16T11:03:30+00:00
eec3534c950c80af56e3fa18445e87ea632985d2,622a1975d2c808b70ae00fbf084fc0191b041ac7,components/camel-mina/src/main/java/org/apache/camel/component/mina/MinaComponent.java,394;395,2008-03-26T05:10:04+00:00,2008-03-14T03:32:25+00:00
eec3534c950c80af56e3fa18445e87ea632985d2,849ae58cfb2d68bf8f6c7a5ee6598fc7363a4b67,components/camel-mina/src/main/java/org/apache/camel/component/mina/MinaComponent.java,394;395,2008-03-26T05:10:04+00:00,2008-03-08T14:56:00+00:00
eec3534c950c80af56e3fa18445e87ea632985d2,139e0b07fa1c8755c30822cb46fbb9c6b7a5e6b2,components/camel-mina/src/main/java/org/apache/camel/component/mina/MinaComponent.java,394;395,2008-03-26T05:10:04+00:00,2007-03-29T17:21:34+00:00
eec3534c950c80af56e3fa18445e87ea632985d2,595c88fa74db01f1e01f85023b2d8f27c38edf36,components/camel-mina/src/main/java/org/apache/camel/component/mina/MinaConsumer.java,394;395,2008-03-26T05:10:04+00:00,2008-03-09T05:06:41+00:00
eec3534c950c80af56e3fa18445e87ea632985d2,a4b48cbed040eef6065fe42d631de84ad517f58d,components/camel-mina/src/main/java/org/apache/camel/component/mina/MinaConsumer.java,394;395,2008-03-26T05:10:04+00:00,2008-02-28T08:01:08+00:00
eec3534c950c80af56e3fa18445e87ea632985d2,cd5d8b725502b48c16b7f3d4458161dd4702162b,components/camel-mina/src/main/java/org/apache/camel/component/mina/MinaConsumer.java,394;395,2008-03-26T05:10:04+00:00,2008-03-17T05:16:03+00:00
eec3534c950c80af56e3fa18445e87ea632985d2,1a171a7b290168312c5698cbf39d31e1539b78a3,components/camel-mina/src/main/java/org/apache/camel/component/mina/MinaConsumer.java,394;395,2008-03-26T05:10:04+00:00,2007-11-16T11:03:30+00:00
eec3534c950c80af56e3fa18445e87ea632985d2,85d7a943d131caba64f097163f59759be101ba5c,components/camel-mina/src/main/java/org/apache/camel/component/mina/MinaConsumer.java,394;395,2008-03-26T05:10:04+00:00,2007-03-27T09:30:52+00:00
eec3534c950c80af56e3fa18445e87ea632985d2,2911ab362ad87525b4f08a9b77cbd4166dc6b8a2,components/camel-mina/src/main/java/org/apache/camel/component/mina/MinaConsumer.java,394;395,2008-03-26T05:10:04+00:00,2008-03-06T08:55:05+00:00
eec3534c950c80af56e3fa18445e87ea632985d2,849ae58cfb2d68bf8f6c7a5ee6598fc7363a4b67,components/camel-mina/src/main/java/org/apache/camel/component/mina/MinaConsumer.java,394;395,2008-03-26T05:10:04+00:00,2008-03-08T14:56:00+00:00
eec3534c950c80af56e3fa18445e87ea632985d2,595c88fa74db01f1e01f85023b2d8f27c38edf36,components/camel-mina/src/main/java/org/apache/camel/component/mina/MinaProducer.java,394;395,2008-03-26T05:10:04+00:00,2008-03-09T05:06:41+00:00
eec3534c950c80af56e3fa18445e87ea632985d2,88bfec1238eb4cce6cc7edb66d3d536ede51f668,components/camel-mina/src/main/java/org/apache/camel/component/mina/MinaProducer.java,394;395,2008-03-26T05:10:04+00:00,2008-03-05T16:00:24+00:00
eec3534c950c80af56e3fa18445e87ea632985d2,497ca0739c86c003c5d84d65d157b2cc96edd010,components/camel-mina/src/main/java/org/apache/camel/component/mina/MinaProducer.java,394;395,2008-03-26T05:10:04+00:00,2008-03-09T09:51:11+00:00
eec3534c950c80af56e3fa18445e87ea632985d2,cd5d8b725502b48c16b7f3d4458161dd4702162b,components/camel-mina/src/main/java/org/apache/camel/component/mina/MinaProducer.java,394;395,2008-03-26T05:10:04+00:00,2008-03-17T05:16:03+00:00
eec3534c950c80af56e3fa18445e87ea632985d2,7b1166c2eeadd8acbcf0de28140de81bdf49fe6e,components/camel-mina/src/main/java/org/apache/camel/component/mina/MinaProducer.java,394;395,2008-03-26T05:10:04+00:00,2007-09-20T05:51:55+00:00
eec3534c950c80af56e3fa18445e87ea632985d2,a6cbe8419351fcd8d26f1660dd4b112a7cd64e0b,components/camel-mina/src/main/java/org/apache/camel/component/mina/MinaProducer.java,394;395,2008-03-26T05:10:04+00:00,2007-05-01T16:23:37+00:00
eec3534c950c80af56e3fa18445e87ea632985d2,1a171a7b290168312c5698cbf39d31e1539b78a3,components/camel-mina/src/main/java/org/apache/camel/component/mina/MinaProducer.java,394;395,2008-03-26T05:10:04+00:00,2007-11-16T11:03:30+00:00
eec3534c950c80af56e3fa18445e87ea632985d2,7ff7e7017667cd44e79bc9fe22a8e3cd9326115e,components/camel-mina/src/main/java/org/apache/camel/component/mina/MinaProducer.java,394;395,2008-03-26T05:10:04+00:00,2007-08-07T21:33:00+00:00
eec3534c950c80af56e3fa18445e87ea632985d2,85d7a943d131caba64f097163f59759be101ba5c,components/camel-mina/src/main/java/org/apache/camel/component/mina/MinaProducer.java,394;395,2008-03-26T05:10:04+00:00,2007-03-27T09:30:52+00:00
eec3534c950c80af56e3fa18445e87ea632985d2,849ae58cfb2d68bf8f6c7a5ee6598fc7363a4b67,components/camel-mina/src/main/java/org/apache/camel/component/mina/MinaProducer.java,394;395,2008-03-26T05:10:04+00:00,2008-03-08T14:56:00+00:00
eec3534c950c80af56e3fa18445e87ea632985d2,29183cd310edee1e52cc85352094c291713cef27,components/camel-mina/src/main/java/org/apache/camel/component/mina/MinaProducer.java,394;395,2008-03-26T05:10:04+00:00,2007-08-27T07:47:20+00:00
eec3534c950c80af56e3fa18445e87ea632985d2,88bfec1238eb4cce6cc7edb66d3d536ede51f668,components/camel-mina/src/test/java/org/apache/camel/component/mina/MinaTcpWithInOutTest.java,394;395,2008-03-26T05:10:04+00:00,2008-03-05T16:00:24+00:00
eec3534c950c80af56e3fa18445e87ea632985d2,7b1166c2eeadd8acbcf0de28140de81bdf49fe6e,components/camel-mina/src/test/java/org/apache/camel/component/mina/MinaTcpWithInOutTest.java,394;395,2008-03-26T05:10:04+00:00,2007-09-20T05:51:55+00:00
eec3534c950c80af56e3fa18445e87ea632985d2,c6eb9d75f68a4a7db3a2b5edadea5d4f53f1504a,components/camel-mina/src/test/java/org/apache/camel/component/mina/MinaTcpWithInOutUsingPlainSocketTest.java,394;395,2008-03-26T05:10:04+00:00,2008-03-07T14:46:24+00:00
eec3534c950c80af56e3fa18445e87ea632985d2,a4b48cbed040eef6065fe42d631de84ad517f58d,components/camel-mina/src/test/java/org/apache/camel/component/mina/MinaTcpWithInOutUsingPlainSocketTest.java,394;395,2008-03-26T05:10:04+00:00,2008-02-28T08:01:08+00:00
eec3534c950c80af56e3fa18445e87ea632985d2,cd5d8b725502b48c16b7f3d4458161dd4702162b,components/camel-mina/src/test/java/org/apache/camel/component/mina/MinaTransferExchangeOptionTest.java,394;395,2008-03-26T05:10:04+00:00,2008-03-17T05:16:03+00:00
eec3534c950c80af56e3fa18445e87ea632985d2,7b1166c2eeadd8acbcf0de28140de81bdf49fe6e,components/camel-mina/src/test/java/org/apache/camel/component/mina/ReverserServer.java,394;395,2008-03-26T05:10:04+00:00,2007-09-20T05:51:55+00:00
184d76927bc6f60c5c847d481217aea5acfcbb88,037869b7da06f531ea8d0d4e8ed877935b97ebff,components/camel-spring/src/main/java/org/apache/camel/spring/Main.java,406,2008-03-28T09:37:31+00:00,2007-09-07T13:29:39+00:00
184d76927bc6f60c5c847d481217aea5acfcbb88,422943627ed62cfd0fd9632658d3ce1de8604f6f,components/camel-spring/src/main/java/org/apache/camel/spring/Main.java,406,2008-03-28T09:37:31+00:00,2008-02-12T16:07:02+00:00
184d76927bc6f60c5c847d481217aea5acfcbb88,2f1d8326623e3a9b07d130450f46fbe777b082d9,components/camel-spring/src/main/java/org/apache/camel/spring/Main.java,406,2008-03-28T09:37:31+00:00,2008-02-13T13:25:28+00:00
184d76927bc6f60c5c847d481217aea5acfcbb88,fe3ba238dd59ed4b0aee381e8ec2e956bd73c1af,components/camel-spring/src/main/java/org/apache/camel/spring/Main.java,406,2008-03-28T09:37:31+00:00,2007-08-15T15:30:08+00:00
184d76927bc6f60c5c847d481217aea5acfcbb88,2f1d8326623e3a9b07d130450f46fbe777b082d9,components/camel-spring/src/test/java/org/apache/camel/spring/MainTest.java,406,2008-03-28T09:37:31+00:00,2008-02-13T13:25:28+00:00
184d76927bc6f60c5c847d481217aea5acfcbb88,037869b7da06f531ea8d0d4e8ed877935b97ebff,examples/camel-example-docs/src/main/resources/META-INF/spring/camel-context.xml,406,2008-03-28T09:37:31+00:00,2007-09-07T13:29:39+00:00
184d76927bc6f60c5c847d481217aea5acfcbb88,b31bcceb777cb18f6d1e8c3ff3ff1a29a4d236a4,tooling/maven/camel-maven-plugin/src/main/java/org/apache/camel/maven/DotMojo.java,406,2008-03-28T09:37:31+00:00,2007-08-16T09:28:11+00:00
184d76927bc6f60c5c847d481217aea5acfcbb88,87a70bcb794505d36b4d2b06a8a6769d04ad5a6d,tooling/maven/camel-maven-plugin/src/main/java/org/apache/camel/maven/DotMojo.java,406,2008-03-28T09:37:31+00:00,2007-09-15T06:55:05+00:00
184d76927bc6f60c5c847d481217aea5acfcbb88,cfb14ed250588caa2d720b4a5088fa9ff47077e6,tooling/maven/camel-maven-plugin/src/main/java/org/apache/camel/maven/DotMojo.java,406,2008-03-28T09:37:31+00:00,2007-08-16T06:48:08+00:00
184d76927bc6f60c5c847d481217aea5acfcbb88,037869b7da06f531ea8d0d4e8ed877935b97ebff,tooling/maven/camel-maven-plugin/src/main/java/org/apache/camel/maven/DotMojo.java,406,2008-03-28T09:37:31+00:00,2007-09-07T13:29:39+00:00
184d76927bc6f60c5c847d481217aea5acfcbb88,d84ba61bc3417ea6e6c8954b15d6c756a38929a9,tooling/maven/camel-maven-plugin/src/main/java/org/apache/camel/maven/DotMojo.java,406,2008-03-28T09:37:31+00:00,2008-03-27T02:04:22+00:00
05b38c5436663dbb1a3088cd6097f5d6889b384d,233a1b898725fc39f3f14346c716b5f52b3f0e0a,components/camel-bam/src/main/java/org/apache/camel/bam/processor/BamProcessorSupport.java,173,2008-03-28T11:27:18+00:00,2007-08-08T15:01:19+00:00
05b38c5436663dbb1a3088cd6097f5d6889b384d,59bcdde7c278c552a4e500182e82680d0ac19ff4,components/camel-bam/src/main/java/org/apache/camel/bam/processor/BamProcessorSupport.java,173,2008-03-28T11:27:18+00:00,2007-05-17T14:58:49+00:00
05b38c5436663dbb1a3088cd6097f5d6889b384d,2cbbb2f6bff90c8210adb77a7185e8c31cd714df,components/camel-bam/src/main/java/org/apache/camel/bam/processor/BamProcessorSupport.java,173,2008-03-28T11:27:18+00:00,2007-05-16T17:45:11+00:00
05b38c5436663dbb1a3088cd6097f5d6889b384d,4851bdd856a43fc909df5be682d31a9ef637e88e,components/camel-bam/src/main/java/org/apache/camel/bam/processor/BamProcessorSupport.java,173,2008-03-28T11:27:18+00:00,2007-08-01T05:35:06+00:00
05b38c5436663dbb1a3088cd6097f5d6889b384d,7ff7e7017667cd44e79bc9fe22a8e3cd9326115e,components/camel-bam/src/main/java/org/apache/camel/bam/processor/BamProcessorSupport.java,173,2008-03-28T11:27:18+00:00,2007-08-07T21:33:00+00:00
05b38c5436663dbb1a3088cd6097f5d6889b384d,4fd7a78440f1f1537924672ebff3bc733a1663b9,components/camel-bam/src/main/java/org/apache/camel/bam/processor/BamProcessorSupport.java,173,2008-03-28T11:27:18+00:00,2008-03-24T15:08:24+00:00
05b38c5436663dbb1a3088cd6097f5d6889b384d,831380571a9045b69c0b02266d46bda1577db632,components/camel-bam/src/main/java/org/apache/camel/bam/processor/BamProcessorSupport.java,173,2008-03-28T11:27:18+00:00,2007-05-15T07:14:51+00:00
05b38c5436663dbb1a3088cd6097f5d6889b384d,32d964fbf06d2c6711ad06f6e10390faa63e697f,components/camel-bam/src/main/java/org/apache/camel/bam/processor/BamProcessorSupport.java,173,2008-03-28T11:27:18+00:00,2007-08-31T15:16:51+00:00
05b38c5436663dbb1a3088cd6097f5d6889b384d,233a1b898725fc39f3f14346c716b5f52b3f0e0a,components/camel-bam/src/main/java/org/apache/camel/bam/processor/JpaBamProcessorSupport.java,173,2008-03-28T11:27:18+00:00,2007-08-08T15:01:19+00:00
05b38c5436663dbb1a3088cd6097f5d6889b384d,0d1ff11e821dcd08026625c2bf0fb7cb09e3bab3,components/camel-bam/src/main/java/org/apache/camel/bam/processor/JpaBamProcessorSupport.java,173,2008-03-28T11:27:18+00:00,2007-05-15T10:40:26+00:00
05b38c5436663dbb1a3088cd6097f5d6889b384d,4e3c91403e843e101691aaed234bda8b5813a28f,components/camel-bam/src/main/java/org/apache/camel/bam/processor/JpaBamProcessorSupport.java,173,2008-03-28T11:27:18+00:00,2007-05-17T13:28:23+00:00
05b38c5436663dbb1a3088cd6097f5d6889b384d,4fd7a78440f1f1537924672ebff3bc733a1663b9,components/camel-bam/src/main/java/org/apache/camel/bam/processor/JpaBamProcessorSupport.java,173,2008-03-28T11:27:18+00:00,2008-03-24T15:08:24+00:00
05b38c5436663dbb1a3088cd6097f5d6889b384d,831380571a9045b69c0b02266d46bda1577db632,components/camel-bam/src/main/java/org/apache/camel/bam/processor/JpaBamProcessorSupport.java,173,2008-03-28T11:27:18+00:00,2007-05-15T07:14:51+00:00
9708fc296df9200cc03706cb1a166c4905209b24,1cd0a168e74cae7099dcd76a084c915cf8eee9b1,apache-camel/pom.xml,214,2008-03-31T13:26:26+00:00,2007-08-20T09:30:16+00:00
9708fc296df9200cc03706cb1a166c4905209b24,ee9dfe538c2a8fa6a93c50eae215f89a87dbd2f2,apache-camel/pom.xml,214,2008-03-31T13:26:26+00:00,2007-05-23T14:57:12+00:00
9708fc296df9200cc03706cb1a166c4905209b24,8a5366bd17c8ff46bd97299372cc92a7751ed591,apache-camel/pom.xml,214,2008-03-31T13:26:26+00:00,2007-04-17T15:15:30+00:00
9708fc296df9200cc03706cb1a166c4905209b24,c92c43eac36f6a069992f11e58561e0441b6c59a,apache-camel/pom.xml,214,2008-03-31T13:26:26+00:00,2007-05-15T10:45:26+00:00
9708fc296df9200cc03706cb1a166c4905209b24,9bda1e4071815a8650a6ffec483ccf360d1c31b9,apache-camel/pom.xml,214,2008-03-31T13:26:26+00:00,2007-03-22T20:14:38+00:00
9708fc296df9200cc03706cb1a166c4905209b24,b1e3273a67903a37d66046f65b72bf8f1b67aef5,pom.xml,214,2008-03-31T13:26:26+00:00,2007-03-22T20:02:04+00:00
9708fc296df9200cc03706cb1a166c4905209b24,bc534a9941567765213c06d9b20dd1984f3899b4,pom.xml,214,2008-03-31T13:26:26+00:00,2008-02-27T09:42:33+00:00
9708fc296df9200cc03706cb1a166c4905209b24,1cd0a168e74cae7099dcd76a084c915cf8eee9b1,pom.xml,214,2008-03-31T13:26:26+00:00,2007-08-20T09:30:16+00:00
9708fc296df9200cc03706cb1a166c4905209b24,9b499dafef0d132aa04eed8159ed3689753d2bfe,pom.xml,214,2008-03-31T13:26:26+00:00,2007-03-23T13:10:09+00:00
9708fc296df9200cc03706cb1a166c4905209b24,81c8e77f57f6ea8d4f00dfa49e102bee1ad0cd35,pom.xml,214,2008-03-31T13:26:26+00:00,2007-09-15T06:52:41+00:00
9708fc296df9200cc03706cb1a166c4905209b24,86ca7c4109d041de811594d3a744f8d8d3c4517d,pom.xml,214,2008-03-31T13:26:26+00:00,2007-04-03T11:58:32+00:00
9708fc296df9200cc03706cb1a166c4905209b24,2378853a05072c1ebd7e1733f82838cfb6f44812,pom.xml,214,2008-03-31T13:26:26+00:00,2007-04-18T13:21:28+00:00
9708fc296df9200cc03706cb1a166c4905209b24,8e7e9af25b4ecb0784d7eba37fa426f269b92614,pom.xml,214,2008-03-31T13:26:26+00:00,2007-09-12T12:12:48+00:00
9708fc296df9200cc03706cb1a166c4905209b24,3956e5bee24869b0b804418f08e518a23fdccddf,pom.xml,214,2008-03-31T13:26:26+00:00,2008-02-14T17:23:24+00:00
9708fc296df9200cc03706cb1a166c4905209b24,c92c43eac36f6a069992f11e58561e0441b6c59a,pom.xml,214,2008-03-31T13:26:26+00:00,2007-05-15T10:45:26+00:00
9708fc296df9200cc03706cb1a166c4905209b24,096616a224cd1be731a495165ffdca838386d09d,tooling/camel-manual/pom.xml,214,2008-03-31T13:26:26+00:00,2007-08-16T07:35:01+00:00
b640efdd6c0f0a87895d951e4b36415ab1c15483,a6f1b07a25f1e2b57f01b50cb44d7ab1db46fab9,camel-core/src/main/java/org/apache/camel/builder/DeadLetterChannelBuilder.java,410,2008-04-05T10:23:36+00:00,2007-08-09T17:43:51+00:00
b640efdd6c0f0a87895d951e4b36415ab1c15483,0e1bf0b210a52162504cdfcd5770259a660b7361,camel-core/src/main/java/org/apache/camel/processor/DeadLetterChannel.java,410,2008-04-05T10:23:36+00:00,2007-08-07T18:35:48+00:00
b640efdd6c0f0a87895d951e4b36415ab1c15483,a6cbe8419351fcd8d26f1660dd4b112a7cd64e0b,camel-core/src/main/java/org/apache/camel/processor/DeadLetterChannel.java,410,2008-04-05T10:23:36+00:00,2007-05-01T16:23:37+00:00
b640efdd6c0f0a87895d951e4b36415ab1c15483,d2898cb66ced806cba53e27f23f99f0f20c6cabb,camel-core/src/main/java/org/apache/camel/processor/DeadLetterChannel.java,410,2008-04-05T10:23:36+00:00,2007-08-28T16:20:08+00:00
b640efdd6c0f0a87895d951e4b36415ab1c15483,8b4bf60cd9adc643ef8f92a5eced4f4bdd4df7fa,camel-core/src/main/java/org/apache/camel/processor/ErrorHandlerSupport.java,410,2008-04-05T10:23:36+00:00,2007-08-10T16:13:20+00:00
b640efdd6c0f0a87895d951e4b36415ab1c15483,a6f1b07a25f1e2b57f01b50cb44d7ab1db46fab9,camel-core/src/main/java/org/apache/camel/processor/ErrorHandlerSupport.java,410,2008-04-05T10:23:36+00:00,2007-08-09T17:43:51+00:00
b640efdd6c0f0a87895d951e4b36415ab1c15483,b7891536ba89d6105682aab7d72827567e3f3275,camel-core/src/test/java/org/apache/camel/builder/ErrorHandlerTest.java,410,2008-04-05T10:23:36+00:00,2007-08-14T19:47:31+00:00
b640efdd6c0f0a87895d951e4b36415ab1c15483,0e1bf0b210a52162504cdfcd5770259a660b7361,camel-core/src/test/java/org/apache/camel/processor/DeadLetterChannelTest.java,410,2008-04-05T10:23:36+00:00,2007-08-07T18:35:48+00:00
b01337e5ca5b5c61fa47192748dfe116164fa2d8,93b0241ac2e5dc0bca3ff55066844e68bf060b10,pom.xml,482,2008-04-25T00:55:01+00:00,2007-06-25T19:01:50+00:00
b01337e5ca5b5c61fa47192748dfe116164fa2d8,c6eb9d75f68a4a7db3a2b5edadea5d4f53f1504a,pom.xml,482,2008-04-25T00:55:01+00:00,2008-03-07T14:46:24+00:00
6fbb8529deab8321a7d4153eb33cda31ad18126f,0e1bf0b210a52162504cdfcd5770259a660b7361,camel-core/src/main/java/org/apache/camel/NoTypeConversionAvailableException.java,84,2008-05-06T05:14:33+00:00,2007-08-07T18:35:48+00:00
7f37b7adb1d3b322a39be6c71bfc65a1749f2cc0,4fd7a78440f1f1537924672ebff3bc733a1663b9,camel-core/src/main/java/org/apache/camel/component/file/FileConsumer.java,498,2008-05-08T09:29:38+00:00,2008-03-24T15:08:24+00:00
7f37b7adb1d3b322a39be6c71bfc65a1749f2cc0,abba495754aadd5109d7ea7c83565978904182d0,camel-core/src/main/java/org/apache/camel/component/file/FileConsumer.java,498,2008-05-08T09:29:38+00:00,2007-08-10T07:18:45+00:00
7f37b7adb1d3b322a39be6c71bfc65a1749f2cc0,3bd1080ce874fc122e6e9cc55809270826f3db29,camel-core/src/main/java/org/apache/camel/component/file/FileConsumer.java,498,2008-05-08T09:29:38+00:00,2007-12-04T04:57:29+00:00
7f37b7adb1d3b322a39be6c71bfc65a1749f2cc0,7d5210646e4466cccbf6322db5653561afc163ab,camel-core/src/test/java/org/apache/camel/component/file/MoveFilesToDirectoryTest.java,498,2008-05-08T09:29:38+00:00,2008-05-08T08:22:03+00:00
f96038ab5994a37311ccefdc543f19f4718f94ba,3bd1080ce874fc122e6e9cc55809270826f3db29,camel-core/src/main/java/org/apache/camel/component/file/FileConsumer.java,498,2008-05-08T16:01:02+00:00,2007-12-04T04:57:29+00:00
f96038ab5994a37311ccefdc543f19f4718f94ba,54faa5aa265c3e6c9a44586279e3898a2f80a492,camel-core/src/main/java/org/apache/camel/component/file/FileConsumer.java,498,2008-05-08T16:01:02+00:00,2008-04-14T05:27:43+00:00
f96038ab5994a37311ccefdc543f19f4718f94ba,51400cfe2fbbd71582b96d86496feb90afb5178d,camel-core/src/main/java/org/apache/camel/component/file/FileConsumer.java,498,2008-05-08T16:01:02+00:00,2007-10-02T00:33:32+00:00
f96038ab5994a37311ccefdc543f19f4718f94ba,7f37b7adb1d3b322a39be6c71bfc65a1749f2cc0,camel-core/src/main/java/org/apache/camel/component/file/FileConsumer.java,498,2008-05-08T16:01:02+00:00,2008-05-08T09:29:38+00:00
f96038ab5994a37311ccefdc543f19f4718f94ba,abba495754aadd5109d7ea7c83565978904182d0,camel-core/src/main/java/org/apache/camel/component/file/FileConsumer.java,498,2008-05-08T16:01:02+00:00,2007-08-10T07:18:45+00:00
f96038ab5994a37311ccefdc543f19f4718f94ba,4fd7a78440f1f1537924672ebff3bc733a1663b9,camel-core/src/main/java/org/apache/camel/component/file/FileConsumer.java,498,2008-05-08T16:01:02+00:00,2008-03-24T15:08:24+00:00
f96038ab5994a37311ccefdc543f19f4718f94ba,d2898cb66ced806cba53e27f23f99f0f20c6cabb,camel-core/src/main/java/org/apache/camel/component/file/FileConsumer.java,498,2008-05-08T16:01:02+00:00,2007-08-28T16:20:08+00:00
f7768f83fa7704267ccd8addb90bea307dcb7bdc,7e737b8d8a04b4ef6f0c48da6312beb623f1b438,camel-core/src/main/java/org/apache/camel/model/ProcessorType.java,499,2008-05-09T05:08:48+00:00,2008-04-14T04:21:20+00:00
f7768f83fa7704267ccd8addb90bea307dcb7bdc,2ee4db29dc47386bcf5f8e8b05648c04a3aabfc9,camel-core/src/main/java/org/apache/camel/model/ProcessorType.java,499,2008-05-09T05:08:48+00:00,2008-04-20T12:48:45+00:00
f7768f83fa7704267ccd8addb90bea307dcb7bdc,cd503ace64876c99105c4af8aab9e252bd867e55,camel-core/src/main/java/org/apache/camel/model/ProcessorType.java,499,2008-05-09T05:08:48+00:00,2008-04-14T15:52:42+00:00
d3f8bfd61de2c1b5b24d48e5c7424ab16a6ee173,695df1c8edf3a9398e900470159b7e290393c259,components/camel-spring/src/test/java/org/apache/camel/spring/config/scan/route/MyRouteBuilder.java,361,2008-05-13T10:04:42+00:00,2008-04-13T02:51:58+00:00
d3f8bfd61de2c1b5b24d48e5c7424ab16a6ee173,695df1c8edf3a9398e900470159b7e290393c259,components/camel-spring/src/test/resources/org/apache/camel/spring/config/scan/componentScan.xml,361,2008-05-13T10:04:42+00:00,2008-04-13T02:51:58+00:00
df4bf5b288c3dab5b1b602e80616c43c1a70625d,f7a9fbee7f23e3e320b595d5f72ea30478aaa04a,components/camel-spring/src/test/java/org/apache/camel/component/file/SpringFileRouteTest.java,505,2008-05-14T08:40:43+00:00,2008-05-13T13:59:37+00:00
dfa9b54b6d722119a1846ba8567a2657dfdebcd2,9694ab67263b84e6f2c5d0e929fb8b74211177d1,camel-core/src/main/java/org/apache/camel/builder/BuilderSupport.java,550,2008-05-26T15:41:59+00:00,2008-05-24T16:35:09+00:00
dfa9b54b6d722119a1846ba8567a2657dfdebcd2,7a9b3efc6b1ac5dc07a9343e28b51b4acde6b9bb,camel-core/src/main/java/org/apache/camel/component/file/FileConsumer.java,550,2008-05-26T15:41:59+00:00,2008-05-25T12:20:58+00:00
dfa9b54b6d722119a1846ba8567a2657dfdebcd2,9694ab67263b84e6f2c5d0e929fb8b74211177d1,camel-core/src/main/java/org/apache/camel/component/mock/MockEndpoint.java,550,2008-05-26T15:41:59+00:00,2008-05-24T16:35:09+00:00
dfa9b54b6d722119a1846ba8567a2657dfdebcd2,24308c106b7b89dea5c0c7e730a22dfcc7fb4e21,camel-core/src/main/java/org/apache/camel/component/mock/MockEndpoint.java,550,2008-05-26T15:41:59+00:00,2008-03-28T12:37:56+00:00
dfa9b54b6d722119a1846ba8567a2657dfdebcd2,2bb028af8c240de0093dc5313505659d1fd98d77,camel-core/src/main/java/org/apache/camel/component/vm/VmComponent.java,550,2008-05-26T15:41:59+00:00,2007-06-29T17:42:37+00:00
dfa9b54b6d722119a1846ba8567a2657dfdebcd2,9694ab67263b84e6f2c5d0e929fb8b74211177d1,camel-core/src/main/java/org/apache/camel/component/vm/VmComponent.java,550,2008-05-26T15:41:59+00:00,2008-05-24T16:35:09+00:00
dfa9b54b6d722119a1846ba8567a2657dfdebcd2,1d5a52de30cabe66412dabcf7acb72b11447ced4,camel-core/src/main/java/org/apache/camel/component/vm/VmComponent.java,550,2008-05-26T15:41:59+00:00,2007-10-05T14:12:53+00:00
dfa9b54b6d722119a1846ba8567a2657dfdebcd2,9cb33eb2c0a5da3f417415312c538d45eff94246,camel-core/src/main/java/org/apache/camel/component/vm/VmComponent.java,550,2008-05-26T15:41:59+00:00,2007-09-21T17:33:54+00:00
dfa9b54b6d722119a1846ba8567a2657dfdebcd2,1b65998f9ff115eb7b3f3a711c2547d40dfa52eb,camel-core/src/main/java/org/apache/camel/management/InstrumentationLifecycleStrategy.java,550,2008-05-26T15:41:59+00:00,2008-05-17T07:05:30+00:00
dfa9b54b6d722119a1846ba8567a2657dfdebcd2,ea0af9de022bf9e06c544fc4e2f8324b12b00844,camel-core/src/main/java/org/apache/camel/model/ChoiceType.java,550,2008-05-26T15:41:59+00:00,2007-07-11T09:19:53+00:00
dfa9b54b6d722119a1846ba8567a2657dfdebcd2,9694ab67263b84e6f2c5d0e929fb8b74211177d1,camel-core/src/main/java/org/apache/camel/model/ProcessorType.java,550,2008-05-26T15:41:59+00:00,2008-05-24T16:35:09+00:00
dfa9b54b6d722119a1846ba8567a2657dfdebcd2,7a48ae7f99dce7a91a5fcd37852e6c2d6af0e1b7,camel-core/src/main/java/org/apache/camel/view/NodeData.java,550,2008-05-26T15:41:59+00:00,2007-09-19T08:38:38+00:00
dfa9b54b6d722119a1846ba8567a2657dfdebcd2,6f81ada23db7a40929286ed3d680e53f7670100d,camel-core/src/test/java/org/apache/camel/component/file/FilerProducerFileNamesTest.java,550,2008-05-26T15:41:59+00:00,2008-05-25T13:57:40+00:00
c6d81ce21899c3a250b8802c1d8f1048fbe87fa1,9708fc296df9200cc03706cb1a166c4905209b24,apache-camel/pom.xml,559;567,2008-06-01T09:41:25+00:00,2008-03-31T13:26:26+00:00
c6d81ce21899c3a250b8802c1d8f1048fbe87fa1,3a4817ede892f5dd8405a2b17d0b4c897abf3138,apache-camel/pom.xml,559;567,2008-06-01T09:41:25+00:00,2008-03-04T17:09:04+00:00
c6d81ce21899c3a250b8802c1d8f1048fbe87fa1,9bda1e4071815a8650a6ffec483ccf360d1c31b9,apache-camel/pom.xml,559;567,2008-06-01T09:41:25+00:00,2007-03-22T20:14:38+00:00
c6d81ce21899c3a250b8802c1d8f1048fbe87fa1,233a1b898725fc39f3f14346c716b5f52b3f0e0a,components/camel-bam/pom.xml,559;567,2008-06-01T09:41:25+00:00,2007-08-08T15:01:19+00:00
c6d81ce21899c3a250b8802c1d8f1048fbe87fa1,4e3c91403e843e101691aaed234bda8b5813a28f,components/camel-bam/pom.xml,559;567,2008-06-01T09:41:25+00:00,2007-05-17T13:28:23+00:00
c6d81ce21899c3a250b8802c1d8f1048fbe87fa1,60183ecc5d093087fad9936c28b79e260f181410,components/camel-jms/src/test/java/org/apache/camel/component/jms/JmsRouteRequestReplyTest.java,559;567,2008-06-01T09:41:25+00:00,2008-05-03T08:31:48+00:00
c6d81ce21899c3a250b8802c1d8f1048fbe87fa1,8a83d7402cf28d8ab94f305ab01363eeda1e1d3c,components/camel-jpa/pom.xml,559;567,2008-06-01T09:41:25+00:00,2007-04-03T09:55:01+00:00
c6d81ce21899c3a250b8802c1d8f1048fbe87fa1,3b36ef33d50bd03c690eff991aef5e61f9382f13,components/camel-spring/pom.xml,559;567,2008-06-01T09:41:25+00:00,2008-04-03T02:49:01+00:00
c6d81ce21899c3a250b8802c1d8f1048fbe87fa1,9b269a96f61bc41baa90b8459c01ab0fc197ccb7,examples/camel-example-bam/pom.xml,559;567,2008-06-01T09:41:25+00:00,2007-07-28T23:04:52+00:00
c6d81ce21899c3a250b8802c1d8f1048fbe87fa1,004ccb6ffffcb269813c159c9051124cc09c5d6b,examples/camel-example-etl/pom.xml,559;567,2008-06-01T09:41:25+00:00,2007-07-27T08:37:46+00:00
c6d81ce21899c3a250b8802c1d8f1048fbe87fa1,4d1ee9440f4a42c261fcefedddfb54e950a7efde,examples/camel-example-loan-broker/pom.xml,559;567,2008-06-01T09:41:25+00:00,2008-05-29T08:11:36+00:00
c6d81ce21899c3a250b8802c1d8f1048fbe87fa1,4d1ee9440f4a42c261fcefedddfb54e950a7efde,examples/pom.xml,559;567,2008-06-01T09:41:25+00:00,2008-05-29T08:11:36+00:00
c6d81ce21899c3a250b8802c1d8f1048fbe87fa1,a7876c23e29de028820d215eef668b3b7814ae0a,pom.xml,559;567,2008-06-01T09:41:25+00:00,2008-03-06T01:08:04+00:00
c6d81ce21899c3a250b8802c1d8f1048fbe87fa1,1124b027a983a4fcd3eb7b1b3cc30e86c6c5e7ea,pom.xml,559;567,2008-06-01T09:41:25+00:00,2008-04-25T13:10:58+00:00
c6d81ce21899c3a250b8802c1d8f1048fbe87fa1,667c9c50b3830afa0f9c94653d3f24055c011fad,pom.xml,559;567,2008-06-01T09:41:25+00:00,2007-05-17T13:26:45+00:00
c6d81ce21899c3a250b8802c1d8f1048fbe87fa1,1bd6f6000d255e5fa2717537f95b26447ec97dfa,pom.xml,559;567,2008-06-01T09:41:25+00:00,2008-05-16T06:40:41+00:00
c6d81ce21899c3a250b8802c1d8f1048fbe87fa1,d5f3d74d657672b1130dc5140f7b276aebb2b08e,pom.xml,559;567,2008-06-01T09:41:25+00:00,2007-11-30T20:20:26+00:00
c6d81ce21899c3a250b8802c1d8f1048fbe87fa1,bdca279c09de3d3523597cf34500d5610f1bf8cf,pom.xml,559;567,2008-06-01T09:41:25+00:00,2008-05-30T08:36:21+00:00
c6d81ce21899c3a250b8802c1d8f1048fbe87fa1,86ca7c4109d041de811594d3a744f8d8d3c4517d,pom.xml,559;567,2008-06-01T09:41:25+00:00,2007-04-03T11:58:32+00:00
c6d81ce21899c3a250b8802c1d8f1048fbe87fa1,8e7e9af25b4ecb0784d7eba37fa426f269b92614,pom.xml,559;567,2008-06-01T09:41:25+00:00,2007-09-12T12:12:48+00:00
c6d81ce21899c3a250b8802c1d8f1048fbe87fa1,a560a1022c0cc9df19d8cf9682bd664a470e5c36,pom.xml,559;567,2008-06-01T09:41:25+00:00,2007-08-07T22:40:41+00:00
c6d81ce21899c3a250b8802c1d8f1048fbe87fa1,77b260b65ba821b3443d922320cc3d9b708c8d83,pom.xml,559;567,2008-06-01T09:41:25+00:00,2007-03-19T10:54:57+00:00
c6d81ce21899c3a250b8802c1d8f1048fbe87fa1,da1fd33a940fccb83691278ec6cd8b4bd7b16e09,tests/camel-itest/pom.xml,559;567,2008-06-01T09:41:25+00:00,2008-02-29T21:06:29+00:00
c6d81ce21899c3a250b8802c1d8f1048fbe87fa1,d346db0d4a95208569d5512933daa69aba268c61,tooling/maven/camel-maven-plugin/pom.xml,559;567,2008-06-01T09:41:25+00:00,2007-06-15T16:58:36+00:00
c6d81ce21899c3a250b8802c1d8f1048fbe87fa1,a27ec3727a0eea78b0a38b87675d89c64eeecb96,tooling/maven/camel-maven-plugin/pom.xml,559;567,2008-06-01T09:41:25+00:00,2008-05-16T15:07:08+00:00
c6d81ce21899c3a250b8802c1d8f1048fbe87fa1,cfb14ed250588caa2d720b4a5088fa9ff47077e6,tooling/maven/camel-maven-plugin/pom.xml,559;567,2008-06-01T09:41:25+00:00,2007-08-16T06:48:08+00:00
c6d81ce21899c3a250b8802c1d8f1048fbe87fa1,83eecbf59344182058c2e55c5dd83ea4b3f2026f,tooling/maven/pom.xml,559;567,2008-06-01T09:41:25+00:00,2007-06-21T14:45:18+00:00
c26d7c76246bc2bfab07f8011f72bef7cd97fed5,0e1bf0b210a52162504cdfcd5770259a660b7361,camel-core/src/main/java/org/apache/camel/impl/CamelTemplate.java,527,2008-06-06T01:25:25+00:00,2007-08-07T18:35:48+00:00
c26d7c76246bc2bfab07f8011f72bef7cd97fed5,6a340eb9055b3c520bf2dc0632fe2703d032b89f,camel-core/src/main/java/org/apache/camel/impl/CamelTemplate.java,527,2008-06-06T01:25:25+00:00,2007-09-04T15:22:33+00:00
c26d7c76246bc2bfab07f8011f72bef7cd97fed5,a0d9c2305caeba17ae4219a846255efa27a162f8,camel-core/src/main/java/org/apache/camel/impl/CamelTemplate.java,527,2008-06-06T01:25:25+00:00,2007-05-01T17:43:49+00:00
c26d7c76246bc2bfab07f8011f72bef7cd97fed5,60183ecc5d093087fad9936c28b79e260f181410,camel-core/src/main/java/org/apache/camel/impl/CamelTemplate.java,527,2008-06-06T01:25:25+00:00,2008-05-03T08:31:48+00:00
c26d7c76246bc2bfab07f8011f72bef7cd97fed5,29b063a17dc7a811b453028461ec10aae76316d8,camel-core/src/main/java/org/apache/camel/impl/CamelTemplate.java,527,2008-06-06T01:25:25+00:00,2008-05-23T23:07:50+00:00
c26d7c76246bc2bfab07f8011f72bef7cd97fed5,a6cbe8419351fcd8d26f1660dd4b112a7cd64e0b,camel-core/src/main/java/org/apache/camel/impl/CamelTemplate.java,527,2008-06-06T01:25:25+00:00,2007-05-01T16:23:37+00:00
c26d7c76246bc2bfab07f8011f72bef7cd97fed5,bf2845497fba3a1e153f25b277eb01aabc51f27d,camel-core/src/main/java/org/apache/camel/impl/CamelTemplate.java,527,2008-06-06T01:25:25+00:00,2007-05-08T16:08:33+00:00
c26d7c76246bc2bfab07f8011f72bef7cd97fed5,4f351dd4cca0eb371192e27f9c0e7545a76ef100,camel-core/src/main/java/org/apache/camel/impl/CamelTemplate.java,527,2008-06-06T01:25:25+00:00,2007-05-05T08:41:50+00:00
c26d7c76246bc2bfab07f8011f72bef7cd97fed5,b50b442fa6720f6261f392dea563365ddb6cca47,camel-core/src/main/java/org/apache/camel/impl/CamelTemplate.java,527,2008-06-06T01:25:25+00:00,2007-09-11T05:50:27+00:00
c26d7c76246bc2bfab07f8011f72bef7cd97fed5,50af2bd0fd2fbcb425676d1b66204b6dde7959f2,camel-core/src/main/java/org/apache/camel/impl/CamelTemplate.java,527,2008-06-06T01:25:25+00:00,2007-05-04T09:18:26+00:00
c26d7c76246bc2bfab07f8011f72bef7cd97fed5,0ea40fae717241f5322d95b60233f982ae810040,camel-core/src/main/java/org/apache/camel/impl/CamelTemplate.java,527,2008-06-06T01:25:25+00:00,2007-09-18T13:52:07+00:00
c26d7c76246bc2bfab07f8011f72bef7cd97fed5,3ebdeaecd85a44b08fc62bca4cc29886a32a5a2d,camel-core/src/main/java/org/apache/camel/impl/CamelTemplate.java,527,2008-06-06T01:25:25+00:00,2007-08-01T20:55:13+00:00
c26d7c76246bc2bfab07f8011f72bef7cd97fed5,4fd7a78440f1f1537924672ebff3bc733a1663b9,camel-core/src/main/java/org/apache/camel/impl/CamelTemplate.java,527,2008-06-06T01:25:25+00:00,2008-03-24T15:08:24+00:00
c26d7c76246bc2bfab07f8011f72bef7cd97fed5,0833738e274f6325f33d3fca2e890cfcf5cf8dc7,camel-core/src/main/java/org/apache/camel/impl/CamelTemplate.java,527,2008-06-06T01:25:25+00:00,2007-03-29T23:47:54+00:00
c26d7c76246bc2bfab07f8011f72bef7cd97fed5,7fc1f8e0b2de5a3fcdd4259cc0bbfeca1c29e808,camel-core/src/main/java/org/apache/camel/impl/CamelTemplate.java,527,2008-06-06T01:25:25+00:00,2007-03-27T13:39:53+00:00
c26d7c76246bc2bfab07f8011f72bef7cd97fed5,f9f6bdfe4d8c98053674b98b590c25d02ec4a18b,camel-core/src/main/java/org/apache/camel/impl/CamelTemplate.java,527,2008-06-06T01:25:25+00:00,2007-08-29T07:45:18+00:00
c26d7c76246bc2bfab07f8011f72bef7cd97fed5,5145dc1f21e05ae95dc92970bfef4ef7c94500b8,camel-core/src/main/java/org/apache/camel/impl/CamelTemplate.java,527,2008-06-06T01:25:25+00:00,2007-10-16T14:32:04+00:00
c26d7c76246bc2bfab07f8011f72bef7cd97fed5,f19397d572532074c617f58fb154372cb92249d9,camel-core/src/main/java/org/apache/camel/impl/CamelTemplate.java,527,2008-06-06T01:25:25+00:00,2007-08-03T07:16:11+00:00
c26d7c76246bc2bfab07f8011f72bef7cd97fed5,ab8caaab8f294a1c90109499dc57770253528446,camel-core/src/main/java/org/apache/camel/impl/CamelTemplate.java,527,2008-06-06T01:25:25+00:00,2007-05-14T18:25:32+00:00
c26d7c76246bc2bfab07f8011f72bef7cd97fed5,409683bfc6cb3b4c41f12ef98f7940a0c7e6f449,camel-core/src/main/java/org/apache/camel/impl/CamelTemplate.java,527,2008-06-06T01:25:25+00:00,2007-08-03T09:38:03+00:00
c26d7c76246bc2bfab07f8011f72bef7cd97fed5,13ffebfcdc9559c84c8736bf3862f0bdb9064b20,camel-core/src/main/java/org/apache/camel/impl/CamelTemplate.java,527,2008-06-06T01:25:25+00:00,2007-09-26T12:31:38+00:00
c26d7c76246bc2bfab07f8011f72bef7cd97fed5,41575e20610319bf91360d533d622c6a76f93c7c,camel-core/src/main/java/org/apache/camel/impl/CamelTemplate.java,527,2008-06-06T01:25:25+00:00,2008-05-23T04:48:02+00:00
c26d7c76246bc2bfab07f8011f72bef7cd97fed5,1d5d7d1a78c17ab44b55614a4a695ba9a806698e,camel-core/src/main/java/org/apache/camel/impl/CamelTemplate.java,527,2008-06-06T01:25:25+00:00,2008-04-08T17:12:38+00:00
c26d7c76246bc2bfab07f8011f72bef7cd97fed5,29b063a17dc7a811b453028461ec10aae76316d8,components/camel-cxf/src/main/java/org/apache/camel/component/cxf/transport/CamelConduit.java,527,2008-06-06T01:25:25+00:00,2008-05-23T23:07:50+00:00
c26d7c76246bc2bfab07f8011f72bef7cd97fed5,c73d330000ef6343053003ffe16dbc7b5fcecac1,components/camel-cxf/src/main/java/org/apache/camel/component/cxf/transport/CamelConduit.java,527,2008-06-06T01:25:25+00:00,2007-11-15T16:10:32+00:00
c26d7c76246bc2bfab07f8011f72bef7cd97fed5,98ef5e9959410360c01f145e100a71fb52f23b2d,components/camel-cxf/src/main/java/org/apache/camel/component/cxf/transport/CamelConduit.java,527,2008-06-06T01:25:25+00:00,2007-12-06T12:57:42+00:00
c26d7c76246bc2bfab07f8011f72bef7cd97fed5,29b063a17dc7a811b453028461ec10aae76316d8,components/camel-cxf/src/main/java/org/apache/camel/component/cxf/transport/CamelDestination.java,527,2008-06-06T01:25:25+00:00,2008-05-23T23:07:50+00:00
c26d7c76246bc2bfab07f8011f72bef7cd97fed5,c73d330000ef6343053003ffe16dbc7b5fcecac1,components/camel-cxf/src/main/java/org/apache/camel/component/cxf/transport/CamelDestination.java,527,2008-06-06T01:25:25+00:00,2007-11-15T16:10:32+00:00
c26d7c76246bc2bfab07f8011f72bef7cd97fed5,98ef5e9959410360c01f145e100a71fb52f23b2d,components/camel-cxf/src/main/java/org/apache/camel/component/cxf/transport/CamelDestination.java,527,2008-06-06T01:25:25+00:00,2007-12-06T12:57:42+00:00
c26d7c76246bc2bfab07f8011f72bef7cd97fed5,829ceba8ad81a15e88606b99381cdf3472277a3e,components/camel-cxf/src/main/java/org/apache/camel/component/cxf/transport/CamelDestination.java,527,2008-06-06T01:25:25+00:00,2008-03-24T08:43:41+00:00
c26d7c76246bc2bfab07f8011f72bef7cd97fed5,29b063a17dc7a811b453028461ec10aae76316d8,components/camel-cxf/src/test/java/org/apache/camel/component/cxf/CxfProducerTest.java,527,2008-06-06T01:25:25+00:00,2008-05-23T23:07:50+00:00
c26d7c76246bc2bfab07f8011f72bef7cd97fed5,4bc01afec38164dddbd3ac1bc62bb3fafe6aa72f,components/camel-cxf/src/test/java/org/apache/camel/component/cxf/CxfProducerTest.java,527,2008-06-06T01:25:25+00:00,2007-08-28T16:22:22+00:00
c26d7c76246bc2bfab07f8011f72bef7cd97fed5,29b063a17dc7a811b453028461ec10aae76316d8,components/camel-jdbc/src/test/java/org/apache/camel/component/jdbc/JdbcRouteTest.java,527,2008-06-06T01:25:25+00:00,2008-05-23T23:07:50+00:00
c26d7c76246bc2bfab07f8011f72bef7cd97fed5,27684fa322dbc0a480af4174b8eadafb0d4e901a,components/camel-jdbc/src/test/java/org/apache/camel/component/jdbc/JdbcRouteTest.java,527,2008-06-06T01:25:25+00:00,2007-08-29T16:38:26+00:00
c26d7c76246bc2bfab07f8011f72bef7cd97fed5,29b063a17dc7a811b453028461ec10aae76316d8,components/camel-jpa/src/test/java/org/apache/camel/component/jpa/JpaTest.java,527,2008-06-06T01:25:25+00:00,2008-05-23T23:07:50+00:00
c26d7c76246bc2bfab07f8011f72bef7cd97fed5,4f351dd4cca0eb371192e27f9c0e7545a76ef100,components/camel-jpa/src/test/java/org/apache/camel/component/jpa/JpaTest.java,527,2008-06-06T01:25:25+00:00,2007-05-05T08:41:50+00:00
c26d7c76246bc2bfab07f8011f72bef7cd97fed5,7ff7e7017667cd44e79bc9fe22a8e3cd9326115e,components/camel-jpa/src/test/java/org/apache/camel/component/jpa/JpaTest.java,527,2008-06-06T01:25:25+00:00,2007-08-07T21:33:00+00:00
c26d7c76246bc2bfab07f8011f72bef7cd97fed5,29b063a17dc7a811b453028461ec10aae76316d8,components/camel-jpa/src/test/java/org/apache/camel/component/jpa/JpaWithNamedQueryTest.java,527,2008-06-06T01:25:25+00:00,2008-05-23T23:07:50+00:00
c26d7c76246bc2bfab07f8011f72bef7cd97fed5,4f351dd4cca0eb371192e27f9c0e7545a76ef100,components/camel-jpa/src/test/java/org/apache/camel/component/jpa/JpaWithNamedQueryTest.java,527,2008-06-06T01:25:25+00:00,2007-05-05T08:41:50+00:00
c26d7c76246bc2bfab07f8011f72bef7cd97fed5,29b063a17dc7a811b453028461ec10aae76316d8,components/camel-jxpath/src/test/java/org/apache/camel/language/jxpath/SpringJXPathFilterTest.java,527,2008-06-06T01:25:25+00:00,2008-05-23T23:07:50+00:00
c26d7c76246bc2bfab07f8011f72bef7cd97fed5,9ad373dd6865e939f0326f8b014d936d629f1218,components/camel-jxpath/src/test/java/org/apache/camel/language/jxpath/SpringJXPathFilterTest.java,527,2008-06-06T01:25:25+00:00,2008-03-20T11:23:17+00:00
c26d7c76246bc2bfab07f8011f72bef7cd97fed5,29b063a17dc7a811b453028461ec10aae76316d8,components/camel-spring-integration/src/main/java/org/apache/camel/component/spring/integration/adapter/CamelTargetAdapter.java,527,2008-06-06T01:25:25+00:00,2008-05-23T23:07:50+00:00
c26d7c76246bc2bfab07f8011f72bef7cd97fed5,2191af857dc2238533d88d0bc1519e1c2c6fd5c3,components/camel-spring-integration/src/main/java/org/apache/camel/component/spring/integration/adapter/CamelTargetAdapter.java,527,2008-06-06T01:25:25+00:00,2008-05-10T03:08:12+00:00
c26d7c76246bc2bfab07f8011f72bef7cd97fed5,29b063a17dc7a811b453028461ec10aae76316d8,components/camel-spring/src/main/java/org/apache/camel/spring/CamelBeanPostProcessor.java,527,2008-06-06T01:25:25+00:00,2008-05-23T23:07:50+00:00
c26d7c76246bc2bfab07f8011f72bef7cd97fed5,bf2845497fba3a1e153f25b277eb01aabc51f27d,components/camel-spring/src/main/java/org/apache/camel/spring/CamelBeanPostProcessor.java,527,2008-06-06T01:25:25+00:00,2007-05-08T16:08:33+00:00
c26d7c76246bc2bfab07f8011f72bef7cd97fed5,7ff7e7017667cd44e79bc9fe22a8e3cd9326115e,components/camel-spring/src/main/java/org/apache/camel/spring/CamelBeanPostProcessor.java,527,2008-06-06T01:25:25+00:00,2007-08-07T21:33:00+00:00
c26d7c76246bc2bfab07f8011f72bef7cd97fed5,29b063a17dc7a811b453028461ec10aae76316d8,components/camel-spring/src/main/java/org/apache/camel/spring/CamelTemplateFactoryBean.java,527,2008-06-06T01:25:25+00:00,2008-05-23T23:07:50+00:00
c26d7c76246bc2bfab07f8011f72bef7cd97fed5,e663b5478eb96396d37f1bd5122757e7be0615d3,components/camel-spring/src/main/java/org/apache/camel/spring/CamelTemplateFactoryBean.java,527,2008-06-06T01:25:25+00:00,2007-07-09T07:05:14+00:00
c26d7c76246bc2bfab07f8011f72bef7cd97fed5,29b063a17dc7a811b453028461ec10aae76316d8,components/camel-spring/src/main/java/org/apache/camel/spring/Main.java,527,2008-06-06T01:25:25+00:00,2008-05-23T23:07:50+00:00
c26d7c76246bc2bfab07f8011f72bef7cd97fed5,84f68952ec58a2ac8c8ad1fa75ab0280e62a4ec3,components/camel-spring/src/main/java/org/apache/camel/spring/Main.java,527,2008-06-06T01:25:25+00:00,2008-05-21T14:54:14+00:00
c26d7c76246bc2bfab07f8011f72bef7cd97fed5,29b063a17dc7a811b453028461ec10aae76316d8,components/camel-spring/src/test/java/org/apache/camel/component/bean/BeanRouteUsingSpringEndpointTest.java,527,2008-06-06T01:25:25+00:00,2008-05-23T23:07:50+00:00
c26d7c76246bc2bfab07f8011f72bef7cd97fed5,c958543ff51f30ee43c8543f7c46883ed70c3787,components/camel-spring/src/test/java/org/apache/camel/component/bean/BeanRouteUsingSpringEndpointTest.java,527,2008-06-06T01:25:25+00:00,2008-05-14T20:06:04+00:00
c26d7c76246bc2bfab07f8011f72bef7cd97fed5,29b063a17dc7a811b453028461ec10aae76316d8,components/camel-spring/src/test/java/org/apache/camel/component/file/SpringFileRouteTest.java,527,2008-06-06T01:25:25+00:00,2008-05-23T23:07:50+00:00
c26d7c76246bc2bfab07f8011f72bef7cd97fed5,f7a9fbee7f23e3e320b595d5f72ea30478aaa04a,components/camel-spring/src/test/java/org/apache/camel/component/file/SpringFileRouteTest.java,527,2008-06-06T01:25:25+00:00,2008-05-13T13:59:37+00:00
c26d7c76246bc2bfab07f8011f72bef7cd97fed5,29b063a17dc7a811b453028461ec10aae76316d8,components/camel-spring/src/test/java/org/apache/camel/spring/CustomProcessorWithNamespacesTest.java,527,2008-06-06T01:25:25+00:00,2008-05-23T23:07:50+00:00
c26d7c76246bc2bfab07f8011f72bef7cd97fed5,4f351dd4cca0eb371192e27f9c0e7545a76ef100,components/camel-spring/src/test/java/org/apache/camel/spring/CustomProcessorWithNamespacesTest.java,527,2008-06-06T01:25:25+00:00,2007-05-05T08:41:50+00:00
c26d7c76246bc2bfab07f8011f72bef7cd97fed5,29b063a17dc7a811b453028461ec10aae76316d8,components/camel-spring/src/test/java/org/apache/camel/spring/EndpointReferenceTest.java,527,2008-06-06T01:25:25+00:00,2008-05-23T23:07:50+00:00
c26d7c76246bc2bfab07f8011f72bef7cd97fed5,29b063a17dc7a811b453028461ec10aae76316d8,components/camel-spring/src/test/java/org/apache/camel/spring/InjectedBean.java,527,2008-06-06T01:25:25+00:00,2008-05-23T23:07:50+00:00
c26d7c76246bc2bfab07f8011f72bef7cd97fed5,bf2845497fba3a1e153f25b277eb01aabc51f27d,components/camel-spring/src/test/java/org/apache/camel/spring/InjectedBean.java,527,2008-06-06T01:25:25+00:00,2007-05-08T16:08:33+00:00
c26d7c76246bc2bfab07f8011f72bef7cd97fed5,7ff7e7017667cd44e79bc9fe22a8e3cd9326115e,components/camel-spring/src/test/java/org/apache/camel/spring/InjectedBean.java,527,2008-06-06T01:25:25+00:00,2007-08-07T21:33:00+00:00
c26d7c76246bc2bfab07f8011f72bef7cd97fed5,29b063a17dc7a811b453028461ec10aae76316d8,components/camel-spring/src/test/java/org/apache/camel/spring/RoutingUsingCamelContextFactoryTest.java,527,2008-06-06T01:25:25+00:00,2008-05-23T23:07:50+00:00
c26d7c76246bc2bfab07f8011f72bef7cd97fed5,4f351dd4cca0eb371192e27f9c0e7545a76ef100,components/camel-spring/src/test/java/org/apache/camel/spring/RoutingUsingCamelContextFactoryTest.java,527,2008-06-06T01:25:25+00:00,2007-05-05T08:41:50+00:00
c26d7c76246bc2bfab07f8011f72bef7cd97fed5,29b063a17dc7a811b453028461ec10aae76316d8,components/camel-spring/src/test/java/org/apache/camel/spring/config/DependencyInjectCamelTemplateTest.java,527,2008-06-06T01:25:25+00:00,2008-05-23T23:07:50+00:00
c26d7c76246bc2bfab07f8011f72bef7cd97fed5,fa62adb6e87153a107d8d54e3f0efdf7320a05ce,components/camel-spring/src/test/java/org/apache/camel/spring/config/DependencyInjectCamelTemplateTest.java,527,2008-06-06T01:25:25+00:00,2008-03-07T17:41:48+00:00
c26d7c76246bc2bfab07f8011f72bef7cd97fed5,29b063a17dc7a811b453028461ec10aae76316d8,components/camel-spring/src/test/java/org/apache/camel/spring/config/NamespacePrefixTest.java,527,2008-06-06T01:25:25+00:00,2008-05-23T23:07:50+00:00
c26d7c76246bc2bfab07f8011f72bef7cd97fed5,19a7fae4d96b3441cba16d1778a9ac0bba2b8f07,components/camel-spring/src/test/java/org/apache/camel/spring/config/NamespacePrefixTest.java,527,2008-06-06T01:25:25+00:00,2008-03-19T12:11:42+00:00
c26d7c76246bc2bfab07f8011f72bef7cd97fed5,29b063a17dc7a811b453028461ec10aae76316d8,components/camel-spring/src/test/java/org/apache/camel/spring/config/TemplateUsingBean.java,527,2008-06-06T01:25:25+00:00,2008-05-23T23:07:50+00:00
c26d7c76246bc2bfab07f8011f72bef7cd97fed5,fa62adb6e87153a107d8d54e3f0efdf7320a05ce,components/camel-spring/src/test/java/org/apache/camel/spring/config/TemplateUsingBean.java,527,2008-06-06T01:25:25+00:00,2008-03-07T17:41:48+00:00
c26d7c76246bc2bfab07f8011f72bef7cd97fed5,29b063a17dc7a811b453028461ec10aae76316d8,components/camel-spring/src/test/java/org/apache/camel/spring/config/scan/SpringComponentScanTest.java,527,2008-06-06T01:25:25+00:00,2008-05-23T23:07:50+00:00
c26d7c76246bc2bfab07f8011f72bef7cd97fed5,695df1c8edf3a9398e900470159b7e290393c259,components/camel-spring/src/test/java/org/apache/camel/spring/config/scan/SpringComponentScanTest.java,527,2008-06-06T01:25:25+00:00,2008-04-13T02:51:58+00:00
c26d7c76246bc2bfab07f8011f72bef7cd97fed5,29b063a17dc7a811b453028461ec10aae76316d8,components/camel-spring/src/test/java/org/apache/camel/spring/debug/DebugTest.java,527,2008-06-06T01:25:25+00:00,2008-05-23T23:07:50+00:00
c26d7c76246bc2bfab07f8011f72bef7cd97fed5,84f68952ec58a2ac8c8ad1fa75ab0280e62a4ec3,components/camel-spring/src/test/java/org/apache/camel/spring/debug/DebugTest.java,527,2008-06-06T01:25:25+00:00,2008-05-21T14:54:14+00:00
c26d7c76246bc2bfab07f8011f72bef7cd97fed5,29b063a17dc7a811b453028461ec10aae76316d8,components/camel-spring/src/test/java/org/apache/camel/spring/example/MyConsumer.java,527,2008-06-06T01:25:25+00:00,2008-05-23T23:07:50+00:00
c26d7c76246bc2bfab07f8011f72bef7cd97fed5,6d3ed799494dbfbe0b1749b5df8a40e67ec0c0c6,components/camel-spring/src/test/java/org/apache/camel/spring/example/MyConsumer.java,527,2008-06-06T01:25:25+00:00,2007-05-14T13:16:39+00:00
c26d7c76246bc2bfab07f8011f72bef7cd97fed5,c7ad8ba6008aad2044f8af82c5c8439e384f504c,components/camel-spring/src/test/java/org/apache/camel/spring/managment/CamelChoiceWithManagementTest.java,527,2008-06-06T01:25:25+00:00,2008-05-27T01:40:41+00:00
c26d7c76246bc2bfab07f8011f72bef7cd97fed5,29b063a17dc7a811b453028461ec10aae76316d8,components/camel-spring/src/test/java/org/apache/camel/spring/processor/XsltTest.java,527,2008-06-06T01:25:25+00:00,2008-05-23T23:07:50+00:00
c26d7c76246bc2bfab07f8011f72bef7cd97fed5,c131f72013d3e42deecb2988e3e53397522dbbd4,components/camel-spring/src/test/java/org/apache/camel/spring/processor/XsltTest.java,527,2008-06-06T01:25:25+00:00,2008-03-28T17:41:46+00:00
c26d7c76246bc2bfab07f8011f72bef7cd97fed5,29b063a17dc7a811b453028461ec10aae76316d8,examples/camel-example-cxf/src/main/java/org/apache/camel/example/cxf/CamelCxfExample.java,527,2008-06-06T01:25:25+00:00,2008-05-23T23:07:50+00:00
c26d7c76246bc2bfab07f8011f72bef7cd97fed5,29b063a17dc7a811b453028461ec10aae76316d8,examples/camel-example-jms-file/src/main/java/org/apache/camel/example/jmstofile/CamelJmsToFileExample.java,527,2008-06-06T01:25:25+00:00,2008-05-23T23:07:50+00:00
c26d7c76246bc2bfab07f8011f72bef7cd97fed5,4f351dd4cca0eb371192e27f9c0e7545a76ef100,examples/camel-example-jms-file/src/main/java/org/apache/camel/example/jmstofile/CamelJmsToFileExample.java,527,2008-06-06T01:25:25+00:00,2007-05-05T08:41:50+00:00
c26d7c76246bc2bfab07f8011f72bef7cd97fed5,4d1ee9440f4a42c261fcefedddfb54e950a7efde,examples/camel-example-loan-broker/src/main/java/org/apache/camel/loanbroker/queue/version/Client.java,527,2008-06-06T01:25:25+00:00,2008-05-29T08:11:36+00:00
c26d7c76246bc2bfab07f8011f72bef7cd97fed5,29b063a17dc7a811b453028461ec10aae76316d8,examples/camel-example-spring-jms/src/main/java/org/apache/camel/example/client/CamelClient.java,527,2008-06-06T01:25:25+00:00,2008-05-23T23:07:50+00:00
c26d7c76246bc2bfab07f8011f72bef7cd97fed5,86af6f42059cdabd543d3c05d3252bcdfcd0ab00,examples/camel-example-spring-jms/src/main/java/org/apache/camel/example/client/CamelClient.java,527,2008-06-06T01:25:25+00:00,2008-04-20T12:47:22+00:00
b59affd8c8d75ae9ca40be862f2b003b6eb6035a,412202619255dea906c6623dd4138d507a5a3fd6,components/camel-spring/src/test/resources/log4j.properties,605;611,2008-06-16T08:02:05+00:00,2007-05-04T12:31:29+00:00
b59affd8c8d75ae9ca40be862f2b003b6eb6035a,7cdebf657e5ae3028c954560b025c993768d4c3a,components/camel-spring/src/test/resources/log4j.properties,605;611,2008-06-16T08:02:05+00:00,2007-08-20T18:05:15+00:00
b59affd8c8d75ae9ca40be862f2b003b6eb6035a,ccad032c68c39f21bed882ec72bfa214e2671493,components/camel-spring/src/test/resources/org/apache/camel/component/dataset/SpringDataSetTest-context.xml,605;611,2008-06-16T08:02:05+00:00,2008-03-04T17:11:50+00:00
b59affd8c8d75ae9ca40be862f2b003b6eb6035a,515a2ec22718fd5f219ec873248253e6ae1659b7,components/camel-spring/src/test/resources/org/apache/camel/spring/builder/spring_route_builder_test.xml,605;611,2008-06-16T08:02:05+00:00,2007-03-22T07:03:10+00:00
b59affd8c8d75ae9ca40be862f2b003b6eb6035a,3336e4c821c71410c2e4b01c0e5655f18f1d5ee4,components/camel-spring/src/test/resources/org/apache/camel/spring/builder/spring_route_builder_test.xml,605;611,2008-06-16T08:02:05+00:00,2007-03-22T20:19:22+00:00
b59affd8c8d75ae9ca40be862f2b003b6eb6035a,513373b425535c7d835129ab123e43630b659077,components/camel-spring/src/test/resources/org/apache/camel/spring/builder/spring_route_builder_test.xml,605;611,2008-06-16T08:02:05+00:00,2007-06-20T15:07:48+00:00
b59affd8c8d75ae9ca40be862f2b003b6eb6035a,d7bf895c301489325cfe923b211dce6ed9709ccc,components/camel-spring/src/test/resources/org/apache/camel/spring/builder/spring_route_builder_test.xml,605;611,2008-06-16T08:02:05+00:00,2007-03-22T20:54:37+00:00
b59affd8c8d75ae9ca40be862f2b003b6eb6035a,92cf75d35a6ea067612139e0301fbca92b5e5f47,components/camel-spring/src/test/resources/org/apache/camel/spring/builder/spring_route_builder_test.xml,605;611,2008-06-16T08:02:05+00:00,2007-07-09T10:42:42+00:00
b59affd8c8d75ae9ca40be862f2b003b6eb6035a,27102fc06acfdacef219c79f7b9dd89fe29a08bb,components/camel-spring/src/test/resources/org/apache/camel/spring/builder/spring_route_builder_test.xml,605;611,2008-06-16T08:02:05+00:00,2007-03-22T18:33:54+00:00
b59affd8c8d75ae9ca40be862f2b003b6eb6035a,3b324f444aae6cbc084e7f0ac4c393a646e4a0f9,components/camel-spring/src/test/resources/org/apache/camel/spring/builder/spring_route_builder_test.xml,605;611,2008-06-16T08:02:05+00:00,2007-03-22T00:49:27+00:00
b59affd8c8d75ae9ca40be862f2b003b6eb6035a,11594acbcb63921e00208b3f453723d98e246693,components/camel-spring/src/test/resources/org/apache/camel/spring/builder/spring_route_builder_test.xml,605;611,2008-06-16T08:02:05+00:00,2007-04-19T10:41:27+00:00
b59affd8c8d75ae9ca40be862f2b003b6eb6035a,4fdbaf15f494970b2a54e5f8c5dc5b7e921ba132,components/camel-spring/src/test/resources/org/apache/camel/spring/builder/spring_route_builder_test.xml,605;611,2008-06-16T08:02:05+00:00,2007-03-22T19:53:44+00:00
b59affd8c8d75ae9ca40be862f2b003b6eb6035a,4ac0943375659562026f51724d185fd1c57acbf9,components/camel-spring/src/test/resources/org/apache/camel/spring/builder/spring_route_builder_test.xml,605;611,2008-06-16T08:02:05+00:00,2008-05-29T04:55:14+00:00
b59affd8c8d75ae9ca40be862f2b003b6eb6035a,cca5cdc45ee0ed6e10825f87c78647780e9081a8,components/camel-spring/src/test/resources/org/apache/camel/spring/builder/spring_route_builder_test.xml,605;611,2008-06-16T08:02:05+00:00,2007-05-03T11:35:30+00:00
b59affd8c8d75ae9ca40be862f2b003b6eb6035a,2032831a9d33ba96ea851c254de70db461ee4fc5,components/camel-spring/src/test/resources/org/apache/camel/spring/builder/spring_route_builder_test.xml,605;611,2008-06-16T08:02:05+00:00,2007-05-03T17:35:43+00:00
b59affd8c8d75ae9ca40be862f2b003b6eb6035a,7b5b9859f5d6f29eb51498ec3a7405aaa5048d64,components/camel-spring/src/test/resources/org/apache/camel/spring/builder/spring_route_builder_test.xml,605;611,2008-06-16T08:02:05+00:00,2008-03-30T10:08:41+00:00
b59affd8c8d75ae9ca40be862f2b003b6eb6035a,aa24907ba5aa1594c74a3208e511fb75160be9d1,components/camel-spring/src/test/resources/org/apache/camel/spring/builder/spring_route_builder_test.xml,605;611,2008-06-16T08:02:05+00:00,2007-03-21T22:53:32+00:00
42042db3e89a2ff5924df22de4179ef8c20294d9,a8ea17d1b4d5731073eebc5a44b1abef5e17e0fc,camel-core/src/main/java/org/apache/camel/util/ResolverUtil.java,577,2008-06-16T16:10:00+00:00,2008-06-12T05:23:21+00:00
42042db3e89a2ff5924df22de4179ef8c20294d9,b33cc61a54f792da6c49b8250ec4521c8ff78921,camel-core/src/main/java/org/apache/camel/util/ResolverUtil.java,577,2008-06-16T16:10:00+00:00,2008-06-16T06:36:26+00:00
01e322520f9b108578f827783ca7a6320c44f3f1,7ea4486985ea1be2ca7d716b32245e2dc8e97429,camel-core/pom.xml,605,2008-06-16T19:49:14+00:00,2008-06-16T08:49:45+00:00
01e322520f9b108578f827783ca7a6320c44f3f1,9aeb1f61e2a45742ffca39559eb36e6080259c67,camel-core/src/main/java/org/apache/camel/component/dataset/DataSetConsumer.java,605,2008-06-16T19:49:14+00:00,2008-03-04T18:58:11+00:00
01e322520f9b108578f827783ca7a6320c44f3f1,97f346947a920c09ea7ff1d0b9cd7f2bb17b7ea6,camel-core/src/main/java/org/apache/camel/component/dataset/DataSetConsumer.java,605,2008-06-16T19:49:14+00:00,2008-03-25T18:40:39+00:00
01e322520f9b108578f827783ca7a6320c44f3f1,6e2a16b4b227cc7ed38d7619b490a13100e9a501,camel-core/src/main/java/org/apache/camel/component/dataset/DataSetConsumer.java,605,2008-06-16T19:49:14+00:00,2008-03-27T10:59:45+00:00
5f3d672667e1559d597d32a6e24cafa326658963,7e737b8d8a04b4ef6f0c48da6312beb623f1b438,camel-core/src/main/java/org/apache/camel/model/ProcessorType.java,482,2008-06-19T01:21:13+00:00,2008-04-14T04:21:20+00:00
5f3d672667e1559d597d32a6e24cafa326658963,d60c2c39fdabe6a48b7de46bc3f34910d4e42118,camel-core/src/main/java/org/apache/camel/model/ProcessorType.java,482,2008-06-19T01:21:13+00:00,2007-11-20T14:53:53+00:00
5f3d672667e1559d597d32a6e24cafa326658963,d13eb74b9fbf1099140bf99de49a99961380b186,camel-core/src/main/java/org/apache/camel/model/ProcessorType.java,482,2008-06-19T01:21:13+00:00,2007-07-25T21:18:33+00:00
5f3d672667e1559d597d32a6e24cafa326658963,cd503ace64876c99105c4af8aab9e252bd867e55,camel-core/src/main/java/org/apache/camel/model/ProcessorType.java,482,2008-06-19T01:21:13+00:00,2008-04-14T15:52:42+00:00
5f3d672667e1559d597d32a6e24cafa326658963,f7768f83fa7704267ccd8addb90bea307dcb7bdc,camel-core/src/main/java/org/apache/camel/model/ProcessorType.java,482,2008-06-19T01:21:13+00:00,2008-05-09T05:08:48+00:00
5f3d672667e1559d597d32a6e24cafa326658963,d60c2c39fdabe6a48b7de46bc3f34910d4e42118,camel-core/src/main/java/org/apache/camel/model/RoutesType.java,482,2008-06-19T01:21:13+00:00,2007-11-20T14:53:53+00:00
5f3d672667e1559d597d32a6e24cafa326658963,7e737b8d8a04b4ef6f0c48da6312beb623f1b438,camel-core/src/test/java/org/apache/camel/issues/InterceptorLogTest.java,482,2008-06-19T01:21:13+00:00,2008-04-14T04:21:20+00:00
5f3d672667e1559d597d32a6e24cafa326658963,19a6f3a9b69a23aa5e5ad4489e03c5e170e8964b,camel-core/src/test/java/org/apache/camel/issues/InterceptorLogTest.java,482,2008-06-19T01:21:13+00:00,2008-04-13T08:26:27+00:00
2640c4762a84ba8d75dce4008e7022c2c0c9e173,b01337e5ca5b5c61fa47192748dfe116164fa2d8,camel-core/pom.xml,482,2008-06-19T01:27:32+00:00,2008-04-25T00:55:01+00:00
18356364f0a5fa7152e91db45ebb45348a7af70a,3b7edc8e4d885b188029167fe88b6e7b1a9ed056,components/camel-jms/src/main/java/org/apache/camel/component/jms/JmsBinding.java,618,2008-06-19T16:57:19+00:00,2008-03-25T07:49:12+00:00
fa0c090db440d931f9387741be904a912db5b3c2,fa1342c2431a9174a4221342e878381b29a5abd8,camel-core/src/main/java/org/apache/camel/impl/DefaultCamelContext.java,619,2008-06-26T15:55:03+00:00,2008-06-23T16:37:34+00:00
fa0c090db440d931f9387741be904a912db5b3c2,fa1342c2431a9174a4221342e878381b29a5abd8,components/camel-spring/src/main/java/org/apache/camel/spring/CamelContextFactoryBean.java,619,2008-06-26T15:55:03+00:00,2008-06-23T16:37:34+00:00
1e9bdfe3cfaa3eaaf5903330eee002227ca8c7a3,5f3d672667e1559d597d32a6e24cafa326658963,camel-core/src/main/java/org/apache/camel/model/InterceptType.java,481,2008-06-26T19:32:21+00:00,2008-06-19T01:21:13+00:00
1e9bdfe3cfaa3eaaf5903330eee002227ca8c7a3,4f2c71d23ace7ebfbe19fbc4d45757e6d99ccff8,camel-core/src/main/java/org/apache/camel/model/InterceptType.java,481,2008-06-26T19:32:21+00:00,2008-06-23T22:42:33+00:00
1e9bdfe3cfaa3eaaf5903330eee002227ca8c7a3,f7768f83fa7704267ccd8addb90bea307dcb7bdc,camel-core/src/main/java/org/apache/camel/model/ProcessorType.java,481,2008-06-26T19:32:21+00:00,2008-05-09T05:08:48+00:00
1e9bdfe3cfaa3eaaf5903330eee002227ca8c7a3,d60c2c39fdabe6a48b7de46bc3f34910d4e42118,camel-core/src/test/java/org/apache/camel/processor/InterceptRouteTest.java,481,2008-06-26T19:32:21+00:00,2007-11-20T14:53:53+00:00
1e9bdfe3cfaa3eaaf5903330eee002227ca8c7a3,f7eefedf0e23d979a664181ff93def4dbd4bc0cc,camel-core/src/test/java/org/apache/camel/processor/InterceptRouteTest.java,481,2008-06-26T19:32:21+00:00,2007-09-06T15:09:01+00:00
1e9bdfe3cfaa3eaaf5903330eee002227ca8c7a3,0d09a6abf713e78f487bea4dea1ebbb994722d6f,camel-core/src/test/java/org/apache/camel/processor/InterceptRouteTest.java,481,2008-06-26T19:32:21+00:00,2007-08-09T16:39:53+00:00
1e9bdfe3cfaa3eaaf5903330eee002227ca8c7a3,d60c2c39fdabe6a48b7de46bc3f34910d4e42118,camel-core/src/test/java/org/apache/camel/processor/InterceptWithPredicateAndProceedRouteTest.java,481,2008-06-26T19:32:21+00:00,2007-11-20T14:53:53+00:00
1e9bdfe3cfaa3eaaf5903330eee002227ca8c7a3,f7eefedf0e23d979a664181ff93def4dbd4bc0cc,camel-core/src/test/java/org/apache/camel/processor/InterceptWithPredicateAndProceedRouteTest.java,481,2008-06-26T19:32:21+00:00,2007-09-06T15:09:01+00:00
1e9bdfe3cfaa3eaaf5903330eee002227ca8c7a3,0d09a6abf713e78f487bea4dea1ebbb994722d6f,camel-core/src/test/java/org/apache/camel/processor/InterceptWithPredicateAndProceedRouteTest.java,481,2008-06-26T19:32:21+00:00,2007-08-09T16:39:53+00:00
1e9bdfe3cfaa3eaaf5903330eee002227ca8c7a3,d60c2c39fdabe6a48b7de46bc3f34910d4e42118,camel-core/src/test/java/org/apache/camel/processor/InterceptWithPredicateRouteTest.java,481,2008-06-26T19:32:21+00:00,2007-11-20T14:53:53+00:00
1e9bdfe3cfaa3eaaf5903330eee002227ca8c7a3,f7eefedf0e23d979a664181ff93def4dbd4bc0cc,camel-core/src/test/java/org/apache/camel/processor/InterceptWithPredicateRouteTest.java,481,2008-06-26T19:32:21+00:00,2007-09-06T15:09:01+00:00
1e9bdfe3cfaa3eaaf5903330eee002227ca8c7a3,0d09a6abf713e78f487bea4dea1ebbb994722d6f,camel-core/src/test/java/org/apache/camel/processor/InterceptWithPredicateRouteTest.java,481,2008-06-26T19:32:21+00:00,2007-08-09T16:39:53+00:00
1e9bdfe3cfaa3eaaf5903330eee002227ca8c7a3,d60c2c39fdabe6a48b7de46bc3f34910d4e42118,camel-core/src/test/java/org/apache/camel/processor/InterceptWithoutProceedRouteTest.java,481,2008-06-26T19:32:21+00:00,2007-11-20T14:53:53+00:00
1e9bdfe3cfaa3eaaf5903330eee002227ca8c7a3,f7eefedf0e23d979a664181ff93def4dbd4bc0cc,camel-core/src/test/java/org/apache/camel/processor/InterceptWithoutProceedRouteTest.java,481,2008-06-26T19:32:21+00:00,2007-09-06T15:09:01+00:00
1e9bdfe3cfaa3eaaf5903330eee002227ca8c7a3,0d09a6abf713e78f487bea4dea1ebbb994722d6f,camel-core/src/test/java/org/apache/camel/processor/InterceptWithoutProceedRouteTest.java,481,2008-06-26T19:32:21+00:00,2007-08-09T16:39:53+00:00
b315e00ae32a5723783a67a168297b3c42930ffd,1e9bdfe3cfaa3eaaf5903330eee002227ca8c7a3,camel-core/src/main/java/org/apache/camel/model/ProcessorType.java,481,2008-06-27T01:12:21+00:00,2008-06-26T19:32:21+00:00
8679c091d5451e61c0b5a89711a16e899e01e302,ff693f85be515e041e3826ad01b3cee6c19880d1,apache-camel/bundle/pom.xml,642,2008-07-02T09:59:53+00:00,2008-04-14T17:39:12+00:00
8679c091d5451e61c0b5a89711a16e899e01e302,b02765385032d872023a8466dab26dabc6842287,apache-camel/bundle/pom.xml,642,2008-07-02T09:59:53+00:00,2008-07-01T09:39:27+00:00
8679c091d5451e61c0b5a89711a16e899e01e302,0b1d68c32af966f2630891dd8184910ed4190733,apache-camel/bundle/pom.xml,642,2008-07-02T09:59:53+00:00,2008-04-12T23:37:36+00:00
8679c091d5451e61c0b5a89711a16e899e01e302,bc534a9941567765213c06d9b20dd1984f3899b4,apache-camel/pom.xml,642,2008-07-02T09:59:53+00:00,2008-02-27T09:42:33+00:00
8679c091d5451e61c0b5a89711a16e899e01e302,9bda1e4071815a8650a6ffec483ccf360d1c31b9,apache-camel/pom.xml,642,2008-07-02T09:59:53+00:00,2007-03-22T20:14:38+00:00
8679c091d5451e61c0b5a89711a16e899e01e302,635b4eaa080b37dd2c28dd7ec97d60b6eca4eb63,examples/camel-example-loan-broker/src/main/java/org/apache/camel/loanbroker/queue/version/LoanBroker.java,642,2008-07-02T09:59:53+00:00,2008-06-27T12:52:56+00:00
62bc0b861423b8764f479d9d50d29ff82daf2d8f,426ba38cebf7205f2216f75af22655c5f3ce2578,components/camel-csv/src/main/java/org/apache/camel/dataformat/csv/CsvDataFormat.java,657,2008-07-02T19:07:19+00:00,2007-11-26T11:15:32+00:00
dd7fd81626d986c3c718630c56ae21a694756a6a,a6cbe8419351fcd8d26f1660dd4b112a7cd64e0b,camel-core/src/main/java/org/apache/camel/builder/DeadLetterChannelBuilder.java,662,2008-07-03T22:04:23+00:00,2007-05-01T16:23:37+00:00
dd7fd81626d986c3c718630c56ae21a694756a6a,a6cbe8419351fcd8d26f1660dd4b112a7cd64e0b,camel-core/src/main/java/org/apache/camel/builder/ErrorHandlerBuilder.java,662,2008-07-03T22:04:23+00:00,2007-05-01T16:23:37+00:00
dd7fd81626d986c3c718630c56ae21a694756a6a,a6cbe8419351fcd8d26f1660dd4b112a7cd64e0b,camel-core/src/main/java/org/apache/camel/builder/LoggingErrorHandlerBuilder.java,662,2008-07-03T22:04:23+00:00,2007-05-01T16:23:37+00:00
dd7fd81626d986c3c718630c56ae21a694756a6a,a6cbe8419351fcd8d26f1660dd4b112a7cd64e0b,camel-core/src/main/java/org/apache/camel/builder/NoErrorHandlerBuilder.java,662,2008-07-03T22:04:23+00:00,2007-05-01T16:23:37+00:00
dd7fd81626d986c3c718630c56ae21a694756a6a,ba040647a1303476dee802d1d3fa98f6e5b647a8,camel-core/src/main/java/org/apache/camel/impl/DefaultCamelContext.java,662,2008-07-03T22:04:23+00:00,2008-06-04T05:49:01+00:00
dd7fd81626d986c3c718630c56ae21a694756a6a,063797bb691be182cb1e8c12cf336ffb68433fdd,camel-core/src/main/java/org/apache/camel/management/InstrumentationErrorHandlerWrappingStrategy.java,662,2008-07-03T22:04:23+00:00,2008-06-20T01:26:39+00:00
dd7fd81626d986c3c718630c56ae21a694756a6a,063797bb691be182cb1e8c12cf336ffb68433fdd,camel-core/src/main/java/org/apache/camel/model/ProcessorType.java,662,2008-07-03T22:04:23+00:00,2008-06-20T01:26:39+00:00
dd7fd81626d986c3c718630c56ae21a694756a6a,aa18027439a314c01f23b45c03b52fa8a3c25efa,camel-core/src/main/java/org/apache/camel/model/RoutesType.java,662,2008-07-03T22:04:23+00:00,2007-11-15T15:08:31+00:00
dd7fd81626d986c3c718630c56ae21a694756a6a,063797bb691be182cb1e8c12cf336ffb68433fdd,camel-core/src/main/java/org/apache/camel/spi/ErrorHandlerWrappingStrategy.java,662,2008-07-03T22:04:23+00:00,2008-06-20T01:26:39+00:00
d7f573dca2c67a5b9ebde72cad02796dc39dfc7d,0e1bf0b210a52162504cdfcd5770259a660b7361,camel-core/src/main/java/org/apache/camel/processor/DeadLetterChannel.java,663,2008-07-04T12:55:06+00:00,2007-08-07T18:35:48+00:00
d7f573dca2c67a5b9ebde72cad02796dc39dfc7d,0e1752851e104282489423f1a97cdfe21ef6321a,camel-core/src/main/java/org/apache/camel/processor/DeadLetterChannel.java,663,2008-07-04T12:55:06+00:00,2008-01-21T06:09:23+00:00
d7f573dca2c67a5b9ebde72cad02796dc39dfc7d,b640efdd6c0f0a87895d951e4b36415ab1c15483,camel-core/src/main/java/org/apache/camel/processor/DeadLetterChannel.java,663,2008-07-04T12:55:06+00:00,2008-04-05T10:23:36+00:00
d7f573dca2c67a5b9ebde72cad02796dc39dfc7d,d0cba2ad2abda2a4e6a18b29a43f86405452f031,camel-core/src/main/java/org/apache/camel/processor/DeadLetterChannel.java,663,2008-07-04T12:55:06+00:00,2007-03-21T09:56:11+00:00
d7f573dca2c67a5b9ebde72cad02796dc39dfc7d,d2898cb66ced806cba53e27f23f99f0f20c6cabb,camel-core/src/main/java/org/apache/camel/processor/DeadLetterChannel.java,663,2008-07-04T12:55:06+00:00,2007-08-28T16:20:08+00:00
d7f573dca2c67a5b9ebde72cad02796dc39dfc7d,da6bf987c8cfe51a9896868ae4093178cb394ad1,components/camel-spring/src/main/java/org/apache/camel/spring/spi/TransactionInterceptor.java,663,2008-07-04T12:55:06+00:00,2007-07-27T16:26:50+00:00
d7f573dca2c67a5b9ebde72cad02796dc39dfc7d,41347f989fcf22820edf1bade294c620976336bc,components/camel-spring/src/main/java/org/apache/camel/spring/spi/TransactionInterceptor.java,663,2008-07-04T12:55:06+00:00,2008-07-01T06:32:47+00:00
dc1696e89c2a8475f20e52c4e3a5f9c6c977f43a,0d29c4b520c16eb14eb5d32dc5e8e8ee7079a59c,camel-core/src/main/java/org/apache/camel/processor/ChoiceProcessor.java,675;676,2008-07-06T09:42:20+00:00,2007-04-04T16:05:38+00:00
c5ab934d0a59b4aacb1d5b4bc3b115fcbf1e0e3b,700d82e18c7babdb8f7100f933ea97f40c80f332,camel-core/src/main/java/org/apache/camel/component/bean/BeanProcessor.java,688,2008-07-10T10:19:57+00:00,2007-08-20T16:57:16+00:00
c5ab934d0a59b4aacb1d5b4bc3b115fcbf1e0e3b,9af27832d023286a71e983d934302168bb681178,camel-core/src/main/java/org/apache/camel/component/bean/BeanProcessor.java,688,2008-07-10T10:19:57+00:00,2008-07-10T07:46:19+00:00
ac8a4e23ff95e6795598adf0d1e73763978e49b0,06ca9d8acb22ac75ecfdd37aa75dd8d739a35cee,camel-core/src/main/java/org/apache/camel/management/CamelNamingStrategy.java,707,2008-07-12T20:29:44+00:00,2008-07-12T08:42:42+00:00
695694b87debd798f6c78d9524b73aa274285159,05e1e3e74a1f30310679148aae80c99a062e924b,components/camel-saxon/src/main/java/org/apache/camel/component/xquery/XQueryBuilder.java,702,2008-07-14T09:21:31+00:00,2007-04-05T16:51:48+00:00
695694b87debd798f6c78d9524b73aa274285159,b82b9575c3512a70fe451e86e0886148c0952f15,components/camel-saxon/src/main/java/org/apache/camel/component/xquery/XQueryBuilder.java,702,2008-07-14T09:21:31+00:00,2007-10-12T19:55:33+00:00
dd33191a13cdf55fff4f4ce62e0f9056fb9888af,695694b87debd798f6c78d9524b73aa274285159,components/camel-saxon/src/test/java/org/apache/camel/component/xquery/XQueryConcurrencyTest.java,702,2008-07-14T09:25:00+00:00,2008-07-14T09:21:31+00:00
185b32d97b7ce3cc75b82db2bf336e22327c3492,05e1e3e74a1f30310679148aae80c99a062e924b,components/camel-saxon/src/main/java/org/apache/camel/component/xquery/XQueryBuilder.java,702,2008-07-14T10:17:41+00:00,2007-04-05T16:51:48+00:00
185b32d97b7ce3cc75b82db2bf336e22327c3492,904779bab2ee5fce2b87220708ccb757d8a8dae2,components/camel-saxon/src/main/java/org/apache/camel/component/xquery/XQueryBuilder.java,702,2008-07-14T10:17:41+00:00,2008-07-09T14:19:42+00:00
185b32d97b7ce3cc75b82db2bf336e22327c3492,695694b87debd798f6c78d9524b73aa274285159,components/camel-saxon/src/main/java/org/apache/camel/component/xquery/XQueryBuilder.java,702,2008-07-14T10:17:41+00:00,2008-07-14T09:21:31+00:00
185b32d97b7ce3cc75b82db2bf336e22327c3492,695694b87debd798f6c78d9524b73aa274285159,components/camel-saxon/src/test/java/org/apache/camel/component/xquery/XQueryConcurrencyTest.java,702,2008-07-14T10:17:41+00:00,2008-07-14T09:21:31+00:00
83b170b7550c71cd35e561432ebcfe891e1fabfc,05e1e3e74a1f30310679148aae80c99a062e924b,components/camel-saxon/src/main/java/org/apache/camel/component/xquery/XQueryBuilder.java,702,2008-07-14T11:16:00+00:00,2007-04-05T16:51:48+00:00
83b170b7550c71cd35e561432ebcfe891e1fabfc,6a99ee94f7b12dfa54e66789dae33dbb0163b36c,components/camel-saxon/src/main/java/org/apache/camel/component/xquery/XQueryBuilder.java,702,2008-07-14T11:16:00+00:00,2007-10-31T16:25:10+00:00
83b170b7550c71cd35e561432ebcfe891e1fabfc,1c447d91ebdefa1b68413562325567c6ae0ab5a8,components/camel-saxon/src/main/java/org/apache/camel/component/xquery/XQueryBuilder.java,702,2008-07-14T11:16:00+00:00,2007-10-13T09:20:02+00:00
83b170b7550c71cd35e561432ebcfe891e1fabfc,904779bab2ee5fce2b87220708ccb757d8a8dae2,components/camel-saxon/src/main/java/org/apache/camel/component/xquery/XQueryBuilder.java,702,2008-07-14T11:16:00+00:00,2008-07-09T14:19:42+00:00
83b170b7550c71cd35e561432ebcfe891e1fabfc,695694b87debd798f6c78d9524b73aa274285159,components/camel-saxon/src/main/java/org/apache/camel/component/xquery/XQueryBuilder.java,702,2008-07-14T11:16:00+00:00,2008-07-14T09:21:31+00:00
83b170b7550c71cd35e561432ebcfe891e1fabfc,17a673f2694805db8f00fe518ce12585dd982829,components/camel-saxon/src/main/java/org/apache/camel/component/xquery/XQueryBuilder.java,702,2008-07-14T11:16:00+00:00,2007-04-24T09:54:42+00:00
83b170b7550c71cd35e561432ebcfe891e1fabfc,b82b9575c3512a70fe451e86e0886148c0952f15,components/camel-saxon/src/main/java/org/apache/camel/component/xquery/XQueryBuilder.java,702,2008-07-14T11:16:00+00:00,2007-10-12T19:55:33+00:00
83b170b7550c71cd35e561432ebcfe891e1fabfc,185b32d97b7ce3cc75b82db2bf336e22327c3492,components/camel-saxon/src/main/java/org/apache/camel/component/xquery/XQueryBuilder.java,702,2008-07-14T11:16:00+00:00,2008-07-14T10:17:41+00:00
83b170b7550c71cd35e561432ebcfe891e1fabfc,731492263a5a7d77285fc63c4604ae42da2df5c0,components/camel-saxon/src/main/java/org/apache/camel/component/xquery/XQueryBuilder.java,702,2008-07-14T11:16:00+00:00,2007-10-13T10:45:01+00:00
83b170b7550c71cd35e561432ebcfe891e1fabfc,695694b87debd798f6c78d9524b73aa274285159,components/camel-saxon/src/test/java/org/apache/camel/component/xquery/XQueryConcurrencyTest.java,702,2008-07-14T11:16:00+00:00,2008-07-14T09:21:31+00:00
83b170b7550c71cd35e561432ebcfe891e1fabfc,185b32d97b7ce3cc75b82db2bf336e22327c3492,components/camel-saxon/src/test/java/org/apache/camel/component/xquery/XQueryConcurrencyTest.java,702,2008-07-14T11:16:00+00:00,2008-07-14T10:17:41+00:00
83b170b7550c71cd35e561432ebcfe891e1fabfc,185b32d97b7ce3cc75b82db2bf336e22327c3492,components/camel-saxon/src/test/java/org/apache/camel/component/xquery/XQueryURLBasedConcurrencyTest.java,702,2008-07-14T11:16:00+00:00,2008-07-14T10:17:41+00:00
877ebe38e3938d63aee0b5794af9015f1fb48303,2f87ed12b4fbbb05ea04b259780919074fa7c2a9,components/camel-http/src/main/java/org/apache/camel/component/http/HttpComponent.java,736,2008-07-18T18:58:03+00:00,2008-01-22T00:46:57+00:00
877ebe38e3938d63aee0b5794af9015f1fb48303,10632b64bd6364652867951f9389867c43a613bd,components/camel-http/src/main/java/org/apache/camel/component/http/HttpProducer.java,736,2008-07-18T18:58:03+00:00,2008-04-24T12:14:09+00:00
ca0ab2d63f12b67499d4fa80920c65013f9c4e69,cce7c7b2037a25d224a512e419fa1e0abfb8b9da,components/camel-ftp/src/main/java/org/apache/camel/component/file/remote/FtpConsumer.java,738,2008-07-20T06:52:21+00:00,2008-07-20T02:50:48+00:00
ca0ab2d63f12b67499d4fa80920c65013f9c4e69,35c8dd74eb0f96c9d242234936fa4dc4d9252104,components/camel-ftp/src/main/java/org/apache/camel/component/file/remote/FtpEndpoint.java,738,2008-07-20T06:52:21+00:00,2007-12-07T03:51:54+00:00
ca0ab2d63f12b67499d4fa80920c65013f9c4e69,cb5cae61ce5e14b9634d98bad3d55af3fcc05de2,components/camel-ftp/src/main/java/org/apache/camel/component/file/remote/FtpEndpoint.java,738,2008-07-20T06:52:21+00:00,2007-07-05T12:39:23+00:00
ca0ab2d63f12b67499d4fa80920c65013f9c4e69,915816e6e2efad3929104065edc8ffb4e7244ffb,components/camel-ftp/src/main/java/org/apache/camel/component/file/remote/FtpEndpoint.java,738,2008-07-20T06:52:21+00:00,2008-07-16T03:04:18+00:00
ca0ab2d63f12b67499d4fa80920c65013f9c4e69,086a00969d06fab0fad7baf4e0a33f241edd0e60,components/camel-ftp/src/main/java/org/apache/camel/component/file/remote/FtpEndpoint.java,738,2008-07-20T06:52:21+00:00,2007-06-11T18:32:33+00:00
ca0ab2d63f12b67499d4fa80920c65013f9c4e69,cce7c7b2037a25d224a512e419fa1e0abfb8b9da,components/camel-ftp/src/test/java/org/apache/camel/component/file/remote/FromFtpToBinaryFilesTest.java,738,2008-07-20T06:52:21+00:00,2008-07-20T02:50:48+00:00
f0f7133a3ae5cff39e4f13643c346fe3b234a8ac,206b3b6ce63498c4c066e11f5b979ac629e61c99,components/camel-spring/src/test/java/org/apache/camel/spring/config/ErrorHandlerTest.java,751,2008-07-24T12:03:18+00:00,2008-07-24T12:00:56+00:00
beba94af4f006bdb3c16532178fff4e78372c309,d13eb74b9fbf1099140bf99de49a99961380b186,camel-core/src/main/java/org/apache/camel/model/ProcessorType.java,763,2008-07-28T04:10:48+00:00,2007-07-25T21:18:33+00:00
beba94af4f006bdb3c16532178fff4e78372c309,e4671f5ff0a01bd22e6d21f666188380646821c2,camel-core/src/test/java/org/apache/camel/builder/ContextErrorHandlerTest.java,763,2008-07-28T04:10:48+00:00,2008-07-24T10:39:38+00:00
beba94af4f006bdb3c16532178fff4e78372c309,206b3b6ce63498c4c066e11f5b979ac629e61c99,components/camel-spring/src/test/java/org/apache/camel/spring/config/ErrorHandlerTest.java,763,2008-07-28T04:10:48+00:00,2008-07-24T12:00:56+00:00
beba94af4f006bdb3c16532178fff4e78372c309,a1f4c4dcd52a913b817b66dd16d340d6c9991f86,components/camel-spring/src/test/java/org/apache/camel/spring/processor/SpringXPathHeaderTest.java,763,2008-07-28T04:10:48+00:00,2008-07-23T06:05:42+00:00
81578cb9414993370758381085a7547c30fe2798,3d795299a1d811aab38820b2c28009427e5c552b,camel-core/src/main/java/org/apache/camel/impl/DefaultComponent.java,806,2008-08-11T08:32:12+00:00,2008-05-11T17:19:43+00:00
b9c630dc6ceab8cc271a7ea58ee633b0d3075524,7a9b3efc6b1ac5dc07a9343e28b51b4acde6b9bb,camel-core/src/main/java/org/apache/camel/component/file/FileConsumer.java,826,2008-08-15T00:05:48+00:00,2008-05-25T12:20:58+00:00
b9c630dc6ceab8cc271a7ea58ee633b0d3075524,d2898cb66ced806cba53e27f23f99f0f20c6cabb,camel-core/src/main/java/org/apache/camel/component/file/FileConsumer.java,826,2008-08-15T00:05:48+00:00,2007-08-28T16:20:08+00:00
b9c630dc6ceab8cc271a7ea58ee633b0d3075524,abba495754aadd5109d7ea7c83565978904182d0,camel-core/src/main/java/org/apache/camel/component/file/strategy/FileProcessStrategySupport.java,826,2008-08-15T00:05:48+00:00,2007-08-10T07:18:45+00:00
b9c630dc6ceab8cc271a7ea58ee633b0d3075524,9a43cd2a60b1e8069ffa990874e7cc5537e67d41,camel-core/src/main/java/org/apache/camel/impl/DefaultConsumer.java,826,2008-08-15T00:05:48+00:00,2007-04-30T16:41:50+00:00
b9c630dc6ceab8cc271a7ea58ee633b0d3075524,a243ca7d1ba45308e01c8083061a0e14683c0f2b,camel-core/src/test/java/org/apache/camel/component/file/FileDeleteRouteTest.java,826,2008-08-15T00:05:48+00:00,2007-10-31T14:35:59+00:00
b9c630dc6ceab8cc271a7ea58ee633b0d3075524,04c374371db69b9d75e5450f54003909e6b344bd,camel-core/src/test/java/org/apache/camel/component/file/FileDeleteRouteTest.java,826,2008-08-15T00:05:48+00:00,2008-08-07T17:52:57+00:00
b9c630dc6ceab8cc271a7ea58ee633b0d3075524,a243ca7d1ba45308e01c8083061a0e14683c0f2b,camel-core/src/test/java/org/apache/camel/component/file/FileNoOpRouteTest.java,826,2008-08-15T00:05:48+00:00,2007-10-31T14:35:59+00:00
b9c630dc6ceab8cc271a7ea58ee633b0d3075524,04c374371db69b9d75e5450f54003909e6b344bd,camel-core/src/test/java/org/apache/camel/component/file/FileNoOpRouteTest.java,826,2008-08-15T00:05:48+00:00,2008-08-07T17:52:57+00:00
b9c630dc6ceab8cc271a7ea58ee633b0d3075524,a243ca7d1ba45308e01c8083061a0e14683c0f2b,camel-core/src/test/java/org/apache/camel/component/file/FileRenameRouteTest.java,826,2008-08-15T00:05:48+00:00,2007-10-31T14:35:59+00:00
b9c630dc6ceab8cc271a7ea58ee633b0d3075524,04c374371db69b9d75e5450f54003909e6b344bd,camel-core/src/test/java/org/apache/camel/component/file/FileRenameRouteTest.java,826,2008-08-15T00:05:48+00:00,2008-08-07T17:52:57+00:00
b9c630dc6ceab8cc271a7ea58ee633b0d3075524,a243ca7d1ba45308e01c8083061a0e14683c0f2b,camel-core/src/test/java/org/apache/camel/component/file/FileRouteTest.java,826,2008-08-15T00:05:48+00:00,2007-10-31T14:35:59+00:00
b9c630dc6ceab8cc271a7ea58ee633b0d3075524,04c374371db69b9d75e5450f54003909e6b344bd,camel-core/src/test/java/org/apache/camel/component/file/FileRouteTest.java,826,2008-08-15T00:05:48+00:00,2008-08-07T17:52:57+00:00
b9c630dc6ceab8cc271a7ea58ee633b0d3075524,144ffbae8dc086a58d25328d5f7c32b5a7c9d982,camel-core/src/test/java/org/apache/camel/component/file/FileRouteTest.java,826,2008-08-15T00:05:48+00:00,2007-07-02T10:20:23+00:00
abf9b711c9db9ff201f68b447ec43779a4390309,764c13223218bb2e27f0946f400fa50b838a41ab,components/camel-ftp/src/test/java/org/apache/camel/component/file/remote/FtpServerTestSupport.java,834,2008-08-19T04:20:46+00:00,2008-04-07T03:40:11+00:00
b451ac282bf6527913d1886229dd462607a64428,653be2c2c2084f36b7e19f43b46617fdf8f9e3ab,components/camel-ldap/src/main/java/org/apache/camel/component/ldap/LdapComponent.java,853,2008-08-27T00:38:59+00:00,2008-08-27T00:06:42+00:00
b451ac282bf6527913d1886229dd462607a64428,653be2c2c2084f36b7e19f43b46617fdf8f9e3ab,components/camel-ldap/src/main/java/org/apache/camel/component/ldap/LdapEndpoint.java,853,2008-08-27T00:38:59+00:00,2008-08-27T00:06:42+00:00
b451ac282bf6527913d1886229dd462607a64428,653be2c2c2084f36b7e19f43b46617fdf8f9e3ab,components/camel-ldap/src/main/java/org/apache/camel/component/ldap/LdapProducer.java,853,2008-08-27T00:38:59+00:00,2008-08-27T00:06:42+00:00
b451ac282bf6527913d1886229dd462607a64428,653be2c2c2084f36b7e19f43b46617fdf8f9e3ab,components/camel-ldap/src/main/resources/META-INF/services/org/apache/camel/component/ldap,853,2008-08-27T00:38:59+00:00,2008-08-27T00:06:42+00:00
b451ac282bf6527913d1886229dd462607a64428,653be2c2c2084f36b7e19f43b46617fdf8f9e3ab,components/camel-ldap/src/test/java/org/apache/camel/component/ldap/LdapRouteTest.java,853,2008-08-27T00:38:59+00:00,2008-08-27T00:06:42+00:00
b451ac282bf6527913d1886229dd462607a64428,653be2c2c2084f36b7e19f43b46617fdf8f9e3ab,components/camel-ldap/src/test/java/org/apache/camel/component/ldap/LdapTestSupport.java,853,2008-08-27T00:38:59+00:00,2008-08-27T00:06:42+00:00
03189290c39d67fe2161db8b234739b7b06468e9,9edc0017629330e3983b33174b59915de016fa1c,camel-core/src/test/java/org/apache/camel/issues/BelasThreadErrorHandlerIssue794Test.java,794,2008-08-28T05:28:39+00:00,2008-08-27T06:24:27+00:00
63580506b73bd4403b6c9a555b2cb037f5018762,03189290c39d67fe2161db8b234739b7b06468e9,camel-core/src/test/java/org/apache/camel/issues/BelasThreadErrorHandlerIssue794Test.java,794,2008-08-31T14:35:23+00:00,2008-08-28T05:28:39+00:00
63580506b73bd4403b6c9a555b2cb037f5018762,9edc0017629330e3983b33174b59915de016fa1c,camel-core/src/test/java/org/apache/camel/issues/BelasThreadErrorHandlerIssue794Test.java,794,2008-08-31T14:35:23+00:00,2008-08-27T06:24:27+00:00
d2f422b9ef71525a117a5708fc91ff812cf03b33,7ff7e7017667cd44e79bc9fe22a8e3cd9326115e,components/camel-jms/src/main/java/org/apache/camel/component/jms/JmsIOConverter.java,400;873,2008-09-01T09:49:33+00:00,2007-08-07T21:33:00+00:00
d2f422b9ef71525a117a5708fc91ff812cf03b33,bfd72dcbdabbc7a1ed4c558b7c95eba918c9a12d,components/camel-jms/src/main/java/org/apache/camel/component/jms/JmsIOConverter.java,400;873,2008-09-01T09:49:33+00:00,2007-05-01T11:22:27+00:00
d2f422b9ef71525a117a5708fc91ff812cf03b33,f0518fdbe904be4803de2bf71182ab918b1321e0,components/camel-mina/src/main/java/org/apache/camel/component/mina/MinaConsumer.java,400;873,2008-09-01T09:49:33+00:00,2008-09-01T09:29:48+00:00
d2f422b9ef71525a117a5708fc91ff812cf03b33,595c88fa74db01f1e01f85023b2d8f27c38edf36,components/camel-mina/src/main/java/org/apache/camel/component/mina/MinaConsumer.java,400;873,2008-09-01T09:49:33+00:00,2008-03-09T05:06:41+00:00
d2f422b9ef71525a117a5708fc91ff812cf03b33,f0518fdbe904be4803de2bf71182ab918b1321e0,components/camel-mina/src/main/java/org/apache/camel/component/mina/MinaPayloadHolder.java,400;873,2008-09-01T09:49:33+00:00,2008-09-01T09:29:48+00:00
c2a9db9db712f09efa495da0f8d3854b0f4c2db1,278a2a3dbedfb7d57a77ddedda40027bacd9cc76,components/camel-script/src/main/java/org/apache/camel/builder/script/ScriptBuilder.java,880,2008-09-06T03:09:41+00:00,2007-03-23T11:20:01+00:00
c2a9db9db712f09efa495da0f8d3854b0f4c2db1,10e3e9449c5cbc8a45baa7ea08e170f2cc0f7286,components/camel-script/src/test/java/org/apache/camel/builder/script/GroovyScriptRouteTest.java,880,2008-09-06T03:09:41+00:00,2008-09-03T14:39:23+00:00
c2a9db9db712f09efa495da0f8d3854b0f4c2db1,b9203629a495916961937b9c2927c944383d3443,components/camel-script/src/test/java/org/apache/camel/builder/script/JavaScriptExpressionTest.java,880,2008-09-06T03:09:41+00:00,2008-07-03T08:40:58+00:00
c2a9db9db712f09efa495da0f8d3854b0f4c2db1,be4b7cb9c65258102b2504f291b1412aefa4809f,components/camel-script/src/test/java/org/apache/camel/builder/script/JavaScriptExpressionTest.java,880,2008-09-06T03:09:41+00:00,2008-07-02T18:13:20+00:00
e787d32f3caf1883cb29898b2e0ced4a6fbeba31,3c39e3855a3a4026ed5b6e6cab9a90a559d24754,apache-camel/src/main/descriptors/unix-bin.xml,889,2008-09-10T19:23:18+00:00,2008-09-10T17:43:21+00:00
e787d32f3caf1883cb29898b2e0ced4a6fbeba31,3c39e3855a3a4026ed5b6e6cab9a90a559d24754,apache-camel/src/main/descriptors/windows-bin.xml,889,2008-09-10T19:23:18+00:00,2008-09-10T17:43:21+00:00
bee61f50c29b4f8de69f213b1c3364e007359f1e,165e284cd92d8dd146ac2d0a18b0c72dd112d18b,camel-core/src/main/java/org/apache/camel/processor/MulticastProcessor.java,876,2008-09-15T16:18:40+00:00,2008-09-15T06:55:50+00:00
a4b8403f847f82880f77abdc800b192cff152dee,4d7fc48fbd20190f7d83f86f66f706ae0b4a9aea,camel-core/src/main/java/org/apache/camel/builder/ExpressionBuilder.java,84;930,2008-09-25T07:37:12+00:00,2007-03-20T18:47:34+00:00
a4b8403f847f82880f77abdc800b192cff152dee,fbf682983abf08b58b2892d9d01c612bb6ee2f78,camel-core/src/main/java/org/apache/camel/builder/ExpressionBuilder.java,84;930,2008-09-25T07:37:12+00:00,2007-03-22T09:59:46+00:00
a4b8403f847f82880f77abdc800b192cff152dee,9acd597b74a77b97e1458ea601bee254f6fcee5a,camel-core/src/main/java/org/apache/camel/impl/converter/DefaultTypeConverter.java,84;930,2008-09-25T07:37:12+00:00,2008-09-25T06:04:24+00:00
a4b8403f847f82880f77abdc800b192cff152dee,5cab6a18d4e29fff588487e440a007311aa291ae,camel-core/src/main/java/org/apache/camel/impl/converter/DefaultTypeConverter.java,84;930,2008-09-25T07:37:12+00:00,2008-08-23T11:36:17+00:00
a4b8403f847f82880f77abdc800b192cff152dee,636ea3a83b91700796e5215303569449c5310c2d,camel-core/src/main/java/org/apache/camel/impl/converter/DefaultTypeConverter.java,84;930,2008-09-25T07:37:12+00:00,2008-08-23T08:54:47+00:00
a4b8403f847f82880f77abdc800b192cff152dee,f7aa4e2bc61c8cad2772321b063547e24ce37020,camel-core/src/main/java/org/apache/camel/language/simple/FileExpressionBuilder.java,84;930,2008-09-25T07:37:12+00:00,2008-08-21T13:07:26+00:00
a4b8403f847f82880f77abdc800b192cff152dee,c8b76963f1abef10852d68c3381ac81eb8b0c5cc,camel-core/src/main/java/org/apache/camel/language/simple/FileExpressionBuilder.java,84;930,2008-09-25T07:37:12+00:00,2008-08-22T06:16:41+00:00
a4b8403f847f82880f77abdc800b192cff152dee,f7aa4e2bc61c8cad2772321b063547e24ce37020,camel-core/src/main/java/org/apache/camel/language/simple/FileLanguage.java,84;930,2008-09-25T07:37:12+00:00,2008-08-21T13:07:26+00:00
a4b8403f847f82880f77abdc800b192cff152dee,f7aa4e2bc61c8cad2772321b063547e24ce37020,camel-core/src/test/java/org/apache/camel/language/FileLanguageTest.java,84;930,2008-09-25T07:37:12+00:00,2008-08-21T13:07:26+00:00
a4b8403f847f82880f77abdc800b192cff152dee,e3c3f30b5604f66533b17522ada06abaa5236bca,camel-core/src/test/java/org/apache/camel/processor/StreamResequencerTest.java,84;930,2008-09-25T07:37:12+00:00,2008-09-22T09:22:47+00:00
a4b8403f847f82880f77abdc800b192cff152dee,6b081bb7bf0808845a0d0eb705b65868aed8a595,camel-core/src/test/java/org/apache/camel/processor/StreamResequencerTest.java,84;930,2008-09-25T07:37:12+00:00,2008-06-24T04:45:15+00:00
a4b8403f847f82880f77abdc800b192cff152dee,bfd72dcbdabbc7a1ed4c558b7c95eba918c9a12d,components/camel-jms/src/main/java/org/apache/camel/component/jms/JmsIOConverter.java,84;930,2008-09-25T07:37:12+00:00,2007-05-01T11:22:27+00:00
4368e707350e2fb204821dbf4e0847ffccaefc41,5d99b2e82bf2f6232c3f3f7f8ab5fbbf6bf519a0,components/camel-jaxb/src/main/java/org/apache/camel/converter/jaxb/FallbackTypeConverter.java,84,2008-09-25T08:45:23+00:00,2007-07-27T16:25:03+00:00
4368e707350e2fb204821dbf4e0847ffccaefc41,1a171a7b290168312c5698cbf39d31e1539b78a3,components/camel-mina/src/main/java/org/apache/camel/component/mina/MinaComponent.java,84,2008-09-25T08:45:23+00:00,2007-11-16T11:03:30+00:00
4368e707350e2fb204821dbf4e0847ffccaefc41,45d2189bb6b3c57da3260eab0a786c4efd550705,components/camel-saxon/src/main/java/org/apache/camel/component/xquery/XQueryBuilder.java,84,2008-09-25T08:45:23+00:00,2008-03-27T01:21:31+00:00
4368e707350e2fb204821dbf4e0847ffccaefc41,e44fa2f016b93c72a555257f9325d03ce61a132f,components/camel-saxon/src/main/java/org/apache/camel/component/xquery/XQueryBuilder.java,84,2008-09-25T08:45:23+00:00,2007-10-31T16:59:41+00:00
4368e707350e2fb204821dbf4e0847ffccaefc41,b82b9575c3512a70fe451e86e0886148c0952f15,components/camel-saxon/src/main/java/org/apache/camel/component/xquery/XQueryBuilder.java,84,2008-09-25T08:45:23+00:00,2007-10-12T19:55:33+00:00
c03fd5d511fd21f2b919b92bef40fec7d6dd8df1,1919118993f9af91dcc4c50c98c2194023307e67,components/camel-spring/src/test/resources/org/apache/camel/spring/processor/loop.xml,325,2008-09-25T20:45:16+00:00,2008-09-24T18:28:04+00:00
c03fd5d511fd21f2b919b92bef40fec7d6dd8df1,d73c7c4e2a3bca719cd46833e28bc50ce339d715,components/camel-spring/src/test/resources/org/apache/camel/spring/processor/loop.xml,325,2008-09-25T20:45:16+00:00,2008-09-24T16:56:39+00:00
810fc6bf2568cc9e4101c9093c90c89d32898560,e787d32f3caf1883cb29898b2e0ced4a6fbeba31,apache-camel/src/main/descriptors/common-bin.xml,938,2008-09-26T08:02:56+00:00,2008-09-10T19:23:18+00:00
810fc6bf2568cc9e4101c9093c90c89d32898560,3c39e3855a3a4026ed5b6e6cab9a90a559d24754,apache-camel/src/main/descriptors/common-bin.xml,938,2008-09-26T08:02:56+00:00,2008-09-10T17:43:21+00:00
88b2b478adbd9f27d71b583d5fa5636245e5ff0c,72389f84a4dc41e029f707821955e1fc81b0aae3,camel-core/src/test/java/org/apache/camel/model/XmlParseTest.java,939,2008-09-26T12:15:58+00:00,2008-09-24T14:57:08+00:00
913e8eb4f44a0735abc98f59b712e7f45471982d,e12fa32944eb72c5f05cad77a9afb7bb141ad221,components/camel-spring/src/main/java/org/apache/camel/spring/CamelContextFactoryBean.java,939,2008-09-26T12:41:27+00:00,2008-09-06T02:06:07+00:00
3b4f5d617969bc4d6bda9f0da17a141cb32bd521,a26d1c5eac44ab38274e7c2ed681c656cf056755,components/camel-csv/src/test/java/org/apache/camel/dataformat/csv/CsvRouteTest.java,939,2008-09-29T20:08:57+00:00,2007-11-26T12:24:03+00:00
e15dd9cdb185c7e31c76bb81d46f94eef4437666,ab5552890cc96c1bba52f0929062c353e63b235a,camel-core/src/main/java/org/apache/camel/processor/ConvertBodyProcessor.java,84,2008-09-30T14:07:42+00:00,2008-04-03T15:58:14+00:00
6d7932b2ca6c1e7f87dfb74cb2624c7eb223804e,106d4da07c0c1621f76aabe5ada7c120df478ae5,components/camel-ibatis/src/test/java/org/apache/camel/component/ibatis/IBatisRouteTest.java,967,2008-10-08T07:15:21+00:00,2007-09-07T19:59:10+00:00
71e3439688833c2463953b2d52e63712c9742d68,d8a5034741ca1e996c35d0ed4575ed685b787a26,camel-core/src/main/java/org/apache/camel/model/ExceptionType.java,901;960,2008-10-11T10:17:50+00:00,2008-10-11T01:49:53+00:00
71e3439688833c2463953b2d52e63712c9742d68,a975a121cfd18207569e910c60c7ee54e9325366,camel-core/src/main/java/org/apache/camel/model/ExceptionType.java,901;960,2008-10-11T10:17:50+00:00,2007-08-13T14:19:30+00:00
71e3439688833c2463953b2d52e63712c9742d68,97431e9df68c8b869675bdb37e611140c4d977ad,camel-core/src/main/java/org/apache/camel/processor/DeadLetterChannel.java,901;960,2008-10-11T10:17:50+00:00,2007-03-21T12:33:32+00:00
71e3439688833c2463953b2d52e63712c9742d68,b093da3c4bcaa0edad52e47d174c7e768043f47c,camel-core/src/main/java/org/apache/camel/util/ObjectHelper.java,901;960,2008-10-11T10:17:50+00:00,2007-10-10T14:36:31+00:00
71e3439688833c2463953b2d52e63712c9742d68,c850323b59cc02e2e77cf7111d99dda2746d969e,camel-core/src/main/java/org/apache/camel/util/ObjectHelper.java,901;960,2008-10-11T10:17:50+00:00,2007-09-28T08:07:20+00:00
1fba0d0ad0dccaa7e557a91266934d1642c1edb6,2f588e29818f4d94419678fe9a55df704e3e7b45,components/camel-script/src/test/java/org/apache/camel/language/script/PythonLanguageTest.java,939,2008-10-20T16:30:04+00:00,2008-07-09T01:20:22+00:00
4c3b61f1d355764611f3e8b0dff616ffc3557c65,037869b7da06f531ea8d0d4e8ed877935b97ebff,camel-core/src/main/java/org/apache/camel/view/RouteDotGenerator.java,1010,2008-10-21T14:09:52+00:00,2007-09-07T13:29:39+00:00
31859acf9b350f8d94fe5b2d847c101f81b2db03,ab8e38ddb6e2a1976cbf4d0dd68bfd2608b30c74,camel-core/src/main/java/org/apache/camel/model/ConvertBodyType.java,1027,2008-10-27T08:44:48+00:00,2008-04-12T11:35:45+00:00
f2245425a3e09c2a923cba70d44b6144bbcd57e3,2f588e29818f4d94419678fe9a55df704e3e7b45,components/camel-script/src/test/java/org/apache/camel/builder/script/Jsr223Test.java,939,2008-10-27T16:21:47+00:00,2008-07-09T01:20:22+00:00
f2245425a3e09c2a923cba70d44b6144bbcd57e3,3a0f980a38e153e3c0fd61bd596e460739595b89,components/camel-script/src/test/java/org/apache/camel/builder/script/Jsr223Test.java,939,2008-10-27T16:21:47+00:00,2008-09-21T18:30:03+00:00
26b45d10a1b5784844f337484e74c3381e7978e9,4c9e43ce2b9b9801c1a43c5628bf1d58ffd643e3,camel-core/src/main/java/org/apache/camel/builder/BuilderSupport.java,1;1033;1034;1036;1039;122,2008-11-03T19:14:30+00:00,2007-03-21T14:37:11+00:00
26b45d10a1b5784844f337484e74c3381e7978e9,c4c041bb58d80188364b2082c8d736a55488ea94,camel-core/src/main/java/org/apache/camel/builder/DeadLetterChannelBuilder.java,1;1033;1034;1036;1039;122,2008-11-03T19:14:30+00:00,2007-04-24T17:58:16+00:00
26b45d10a1b5784844f337484e74c3381e7978e9,fbf682983abf08b58b2892d9d01c612bb6ee2f78,camel-core/src/main/java/org/apache/camel/builder/LoggingErrorHandlerBuilder.java,1;1033;1034;1036;1039;122,2008-11-03T19:14:30+00:00,2007-03-22T09:59:46+00:00
26b45d10a1b5784844f337484e74c3381e7978e9,a6f1b07a25f1e2b57f01b50cb44d7ab1db46fab9,camel-core/src/main/java/org/apache/camel/builder/RouteBuilder.java,1;1033;1034;1036;1039;122,2008-11-03T19:14:30+00:00,2007-08-09T17:43:51+00:00
26b45d10a1b5784844f337484e74c3381e7978e9,661a7921f2867927b54ad46cc07a7c4b5ee4e5f0,camel-core/src/main/java/org/apache/camel/component/log/LogComponent.java,1;1033;1034;1036;1039;122,2008-11-03T19:14:30+00:00,2007-08-01T05:30:12+00:00
26b45d10a1b5784844f337484e74c3381e7978e9,9a43cd2a60b1e8069ffa990874e7cc5537e67d41,camel-core/src/main/java/org/apache/camel/impl/LoggingExceptionHandler.java,1;1033;1034;1036;1039;122,2008-11-03T19:14:30+00:00,2007-04-30T16:41:50+00:00
26b45d10a1b5784844f337484e74c3381e7978e9,db1b885c8c2a3b52b575ecb39e655e4573bf5833,camel-core/src/main/java/org/apache/camel/model/ChoiceType.java,1;1033;1034;1036;1039;122,2008-11-03T19:14:30+00:00,2008-06-23T12:34:40+00:00
26b45d10a1b5784844f337484e74c3381e7978e9,4c9e43ce2b9b9801c1a43c5628bf1d58ffd643e3,camel-core/src/main/java/org/apache/camel/model/LoggingLevel.java,1;1033;1034;1036;1039;122,2008-11-03T19:14:30+00:00,2007-03-21T14:37:11+00:00
26b45d10a1b5784844f337484e74c3381e7978e9,a6f1b07a25f1e2b57f01b50cb44d7ab1db46fab9,camel-core/src/main/java/org/apache/camel/model/RoutesType.java,1;1033;1034;1036;1039;122,2008-11-03T19:14:30+00:00,2007-08-09T17:43:51+00:00
26b45d10a1b5784844f337484e74c3381e7978e9,0e1752851e104282489423f1a97cdfe21ef6321a,camel-core/src/main/java/org/apache/camel/processor/DeadLetterChannel.java,1;1033;1034;1036;1039;122,2008-11-03T19:14:30+00:00,2008-01-21T06:09:23+00:00
26b45d10a1b5784844f337484e74c3381e7978e9,d2898cb66ced806cba53e27f23f99f0f20c6cabb,camel-core/src/main/java/org/apache/camel/processor/DeadLetterChannel.java,1;1033;1034;1036;1039;122,2008-11-03T19:14:30+00:00,2007-08-28T16:20:08+00:00
26b45d10a1b5784844f337484e74c3381e7978e9,0a9fe9fe6c23377335b4c7c7d2367edf98d28c6f,camel-core/src/main/java/org/apache/camel/processor/interceptor/TraceFormatter.java,1;1033;1034;1036;1039;122,2008-11-03T19:14:30+00:00,2008-09-28T18:24:50+00:00
26b45d10a1b5784844f337484e74c3381e7978e9,37dfdc329f9282418c3edccd323cd9aedd664898,camel-core/src/main/java/org/apache/camel/processor/interceptor/TraceFormatter.java,1;1033;1034;1036;1039;122,2008-11-03T19:14:30+00:00,2008-06-19T18:58:33+00:00
26b45d10a1b5784844f337484e74c3381e7978e9,0a9fe9fe6c23377335b4c7c7d2367edf98d28c6f,camel-core/src/main/java/org/apache/camel/processor/interceptor/Tracer.java,1;1033;1034;1036;1039;122,2008-11-03T19:14:30+00:00,2008-09-28T18:24:50+00:00
26b45d10a1b5784844f337484e74c3381e7978e9,e3c3f30b5604f66533b17522ada06abaa5236bca,camel-core/src/main/java/org/apache/camel/processor/resequencer/ResequencerEngine.java,1;1033;1034;1036;1039;122,2008-11-03T19:14:30+00:00,2008-09-22T09:22:47+00:00
26b45d10a1b5784844f337484e74c3381e7978e9,0d29c4b520c16eb14eb5d32dc5e8e8ee7079a59c,components/camel-jms/src/main/java/org/apache/camel/component/jms/MessageListenerProcessor.java,1;1033;1034;1036;1039;122,2008-11-03T19:14:30+00:00,2007-04-04T16:05:38+00:00
26b45d10a1b5784844f337484e74c3381e7978e9,6f3d48a205a8ccc9cde67d3bad4002f912f7ad66,components/camel-jms/src/main/java/org/apache/camel/component/jms/MessageListenerProcessor.java,1;1033;1034;1036;1039;122,2008-11-03T19:14:30+00:00,2007-05-01T13:17:24+00:00
26b45d10a1b5784844f337484e74c3381e7978e9,350af0fe5e00ceec8cf9c985d4f3d28112070786,components/camel-jms/src/main/java/org/apache/camel/component/jms/MessageListenerProcessor.java,1;1033;1034;1036;1039;122,2008-11-03T19:14:30+00:00,2007-03-20T12:39:34+00:00
26b45d10a1b5784844f337484e74c3381e7978e9,a6cbe8419351fcd8d26f1660dd4b112a7cd64e0b,components/camel-jms/src/main/java/org/apache/camel/component/jms/MessageListenerProcessor.java,1;1033;1034;1036;1039;122,2008-11-03T19:14:30+00:00,2007-05-01T16:23:37+00:00
26b45d10a1b5784844f337484e74c3381e7978e9,3f90f9286e6d5eb4d344334c9690e3790a4fb544,components/camel-jms/src/main/java/org/apache/camel/component/jms/MessageListenerProcessor.java,1;1033;1034;1036;1039;122,2008-11-03T19:14:30+00:00,2007-03-21T17:53:47+00:00
26b45d10a1b5784844f337484e74c3381e7978e9,aa3e9137e1e2d52738e113c806acbc7df9b5e428,components/camel-jms/src/main/java/org/apache/camel/component/jms/MessageListenerProcessor.java,1;1033;1034;1036;1039;122,2008-11-03T19:14:30+00:00,2007-03-19T19:51:00+00:00
26b45d10a1b5784844f337484e74c3381e7978e9,7ff7e7017667cd44e79bc9fe22a8e3cd9326115e,components/camel-jms/src/main/java/org/apache/camel/component/jms/MessageListenerProcessor.java,1;1033;1034;1036;1039;122,2008-11-03T19:14:30+00:00,2007-08-07T21:33:00+00:00
26b45d10a1b5784844f337484e74c3381e7978e9,32587052509c1371c7efb20d938b126e49a8887e,components/camel-jms/src/main/java/org/apache/camel/component/jms/MessageListenerProcessor.java,1;1033;1034;1036;1039;122,2008-11-03T19:14:30+00:00,2008-09-15T15:59:49+00:00
26b45d10a1b5784844f337484e74c3381e7978e9,31ccb4f9497d0eff7d06135d0e1e2ff83e584a66,components/camel-rmi/src/test/java/org/apache/camel/component/rmi/RmiRouteTest.java,1;1033;1034;1036;1039;122,2008-11-03T19:14:30+00:00,2008-09-18T21:40:13+00:00
26b45d10a1b5784844f337484e74c3381e7978e9,97722db0ab805e8fdf5aca447b121f1c62c0b256,components/camel-spring/src/test/java/org/apache/camel/component/bean/BeanWithRecipientListTest.java,1;1033;1034;1036;1039;122,2008-11-03T19:14:30+00:00,2008-10-01T14:57:00+00:00
26b45d10a1b5784844f337484e74c3381e7978e9,246f9e4c1b6cd18ede8907f186c42fc149f98141,components/camel-spring/src/test/java/org/apache/camel/spring/processor/SpringFaultRouteTest.java,1;1033;1034;1036;1039;122,2008-11-03T19:14:30+00:00,2008-05-21T17:14:11+00:00
c6cb2a458275aa98e644a9a31519c5748aef8df5,3842f553fa20ab556c0f5c61bf76511d3c896c1c,camel-core/src/main/java/org/apache/camel/processor/HandleFaultProcessor.java,1;1058,2008-11-07T06:16:44+00:00,2008-11-04T11:36:43+00:00
ca1422b3f41e438031af973a378e6835c812cf74,7ea4486985ea1be2ca7d716b32245e2dc8e97429,camel-core/src/test/java/org/apache/camel/component/dataset/DataSetSedaTest.java,1;1080,2008-11-12T08:40:49+00:00,2008-06-16T08:49:45+00:00
ee30d98c4ebe69c292bfae8f1846749130f8c5fa,bbe8fccdc02e6eebd211369253741bd3f889d58c,components/camel-sql/src/main/java/org/apache/camel/component/sql/SqlComponent.java,1,2008-11-12T19:26:28+00:00,2008-05-15T12:15:45+00:00
ee30d98c4ebe69c292bfae8f1846749130f8c5fa,3a023caf154f0d50089623e3de92c86b745e6b43,components/camel-sql/src/main/java/org/apache/camel/component/sql/SqlComponent.java,1,2008-11-12T19:26:28+00:00,2008-11-12T08:17:19+00:00
a1c99503c7d69098d6bb7a7ac894d21ffc5b5bb5,64a4b6aa85a599505008fab00a8c498323469787,components/camel-cxf/src/main/java/org/apache/camel/component/cxf/interceptors/AbstractMessageInInterceptor.java,1;1088,2008-11-14T07:25:47+00:00,2007-09-17T17:00:08+00:00
a1c99503c7d69098d6bb7a7ac894d21ffc5b5bb5,64a4b6aa85a599505008fab00a8c498323469787,components/camel-cxf/src/main/java/org/apache/camel/component/cxf/interceptors/SoapMessageInInterceptor.java,1;1088,2008-11-14T07:25:47+00:00,2007-09-17T17:00:08+00:00
a1c99503c7d69098d6bb7a7ac894d21ffc5b5bb5,64a4b6aa85a599505008fab00a8c498323469787,components/camel-cxf/src/main/java/org/apache/camel/component/cxf/interceptors/SoapMessageOutInterceptor.java,1;1088,2008-11-14T07:25:47+00:00,2007-09-17T17:00:08+00:00
a1c99503c7d69098d6bb7a7ac894d21ffc5b5bb5,64a4b6aa85a599505008fab00a8c498323469787,components/camel-cxf/src/main/java/org/apache/camel/component/cxf/interceptors/XMLMessageInInterceptor.java,1;1088,2008-11-14T07:25:47+00:00,2007-09-17T17:00:08+00:00
a1c99503c7d69098d6bb7a7ac894d21ffc5b5bb5,64a4b6aa85a599505008fab00a8c498323469787,components/camel-cxf/src/main/java/org/apache/camel/component/cxf/invoker/PayloadInvokingContext.java,1;1088,2008-11-14T07:25:47+00:00,2007-09-17T17:00:08+00:00
a1c99503c7d69098d6bb7a7ac894d21ffc5b5bb5,3aee8120c8f6d9e9679c89c35ed0a799704671a7,components/camel-cxf/src/main/java/org/apache/camel/component/cxf/invoker/PayloadInvokingContext.java,1;1088,2008-11-14T07:25:47+00:00,2008-03-20T11:28:02+00:00
a1c99503c7d69098d6bb7a7ac894d21ffc5b5bb5,64a4b6aa85a599505008fab00a8c498323469787,components/camel-cxf/src/main/java/org/apache/camel/component/cxf/invoker/PayloadMessage.java,1;1088,2008-11-14T07:25:47+00:00,2007-09-17T17:00:08+00:00
a1c99503c7d69098d6bb7a7ac894d21ffc5b5bb5,eb76b74fd23110238db9e66a3066447e43d2a273,components/camel-cxf/src/test/java/org/apache/camel/component/cxf/CxfPayLoadMessageRouterTest.java,1;1088,2008-11-14T07:25:47+00:00,2008-11-13T04:18:26+00:00
d4817c11c1abd572433fb753e5a45251beea90e2,30bfd8691b7694c010117ed56824e96b1ae7c307,camel-core/src/main/java/org/apache/camel/processor/ThroughputLogger.java,1;1090,2008-11-14T15:48:30+00:00,2008-04-04T12:35:49+00:00
d1bb06da63377d7bde1fbd86089d4b87e87ddf14,8de7735572a9c94afc81c7a85855f27024b6cc2c,components/camel-jetty/src/test/java/org/apache/camel/component/jetty/InterfacesTest.java,1;1091,2008-11-17T17:47:50+00:00,2008-11-17T14:01:55+00:00
1fad61c2e720d82cc127de6cfd07a6a33cf06a71,8de7735572a9c94afc81c7a85855f27024b6cc2c,components/camel-jetty/src/test/java/org/apache/camel/component/jetty/InterfacesTest.java,1;1091,2008-11-18T07:41:42+00:00,2008-11-17T14:01:55+00:00
1fad61c2e720d82cc127de6cfd07a6a33cf06a71,d1bb06da63377d7bde1fbd86089d4b87e87ddf14,components/camel-jetty/src/test/java/org/apache/camel/component/jetty/InterfacesTest.java,1;1091,2008-11-18T07:41:42+00:00,2008-11-17T17:47:50+00:00
012f77a76d7df4b18cc2190c722b7d0f0cb13596,0383e469c41c1442ca8c2ae1ed25387bda683c67,components/camel-jms/src/main/java/org/apache/camel/component/jms/JmsComponent.java,1;959,2008-11-20T08:29:08+00:00,2008-03-06T19:52:07+00:00
012f77a76d7df4b18cc2190c722b7d0f0cb13596,08d2f16f21362ac8d7639061bf92c947ee661465,components/camel-jms/src/main/java/org/apache/camel/component/jms/JmsConfiguration.java,1;959,2008-11-20T08:29:08+00:00,2008-04-07T14:23:14+00:00
012f77a76d7df4b18cc2190c722b7d0f0cb13596,5d2ea40d5ce74889e0c4d0e2fd9025a0e58b78eb,components/camel-jms/src/main/java/org/apache/camel/component/jms/JmsConfiguration.java,1;959,2008-11-20T08:29:08+00:00,2008-04-04T15:05:37+00:00
012f77a76d7df4b18cc2190c722b7d0f0cb13596,cf4338d140e6778409dd57960a3210c3d8d049df,components/camel-jms/src/test/java/org/apache/camel/component/jms/TransactedJmsRouteTest.java,1;959,2008-11-20T08:29:08+00:00,2007-04-26T16:13:49+00:00
9ae1fe43d79a8d27ba7b351d1cb86b634281d0c7,b41ddcb9caa1ee281f4df630ad7eb3c601bc4d9b,components/camel-jms/src/test/java/org/apache/camel/component/jms/tx/NonTransactedInOutForJmsWithTxnMgrTest.java,1;1109;1120,2008-11-27T11:15:10+00:00,2008-11-21T02:44:05+00:00
9ae1fe43d79a8d27ba7b351d1cb86b634281d0c7,b41ddcb9caa1ee281f4df630ad7eb3c601bc4d9b,components/camel-jms/src/test/resources/org/apache/camel/component/jms/tx/nonTxInOutJmsTest.xml,1;1109;1120,2008-11-27T11:15:10+00:00,2008-11-21T02:44:05+00:00
9ae1fe43d79a8d27ba7b351d1cb86b634281d0c7,5bf5bb9b3c866de6b9e7a704e075d84b39ae4df3,tests/camel-itest-spring-2.0/src/test/resources/log4j.properties,1;1109;1120,2008-11-27T11:15:10+00:00,2008-04-03T15:11:35+00:00
9ae1fe43d79a8d27ba7b351d1cb86b634281d0c7,bc947a3042c3d0c4c6458baae94c96b3de8480fb,tests/camel-itest/src/test/resources/log4j.properties,1;1109;1120,2008-11-27T11:15:10+00:00,2007-08-23T10:36:15+00:00
37d6355f45bc81f2cae2674483803e40fd61e9ca,de45a09c2cfeb471c09e5e6d3eb59b23812d9734,examples/camel-example-spring-jms/src/main/resources/META-INF/spring/camel-server.xml,1;1109;1120,2008-11-27T12:45:11+00:00,2008-06-08T14:40:23+00:00
37d6355f45bc81f2cae2674483803e40fd61e9ca,c6d81ce21899c3a250b8802c1d8f1048fbe87fa1,pom.xml,1;1109;1120,2008-11-27T12:45:11+00:00,2008-06-01T09:41:25+00:00
37d6355f45bc81f2cae2674483803e40fd61e9ca,1d94ef0cbef782d52e24522408a3a0d110083033,tests/camel-itest/src/test/resources/activemq.xml,1;1109;1120,2008-11-27T12:45:11+00:00,2008-07-07T02:40:15+00:00
37d6355f45bc81f2cae2674483803e40fd61e9ca,d0d59955fd24603928e7fdcd218589362d06632c,tests/camel-itest/src/test/resources/spring-config/server-WsAddressingContext.xml,1;1109;1120,2008-11-27T12:45:11+00:00,2008-07-22T12:19:04+00:00
37d6355f45bc81f2cae2674483803e40fd61e9ca,9a0da0ea28bb688d78ade558df4a7d02e3a63c6c,tests/camel-itest/src/test/resources/spring-config/server-applicationContext.xml,1;1109;1120,2008-11-27T12:45:11+00:00,2008-07-09T09:34:37+00:00
a84d8c0e9e0ef19b958b239b1ea27055259daddd,efa26e457085bcb67e40edaa0bedca462ee8e24a,camel-core/src/main/java/org/apache/camel/component/mock/MockEndpoint.java,1;1125,2008-11-28T07:22:38+00:00,2007-04-24T17:37:42+00:00
3daaf64e65df6614a5c568cefda8ee10a6645ff4,b4a043784bdcda1998c97c3aa7be458fafbf7268,camel-core/src/main/java/org/apache/camel/component/file/FileConsumer.java,1;1138,2008-12-03T08:30:25+00:00,2008-04-12T15:52:03+00:00
3daaf64e65df6614a5c568cefda8ee10a6645ff4,7f37b7adb1d3b322a39be6c71bfc65a1749f2cc0,camel-core/src/main/java/org/apache/camel/component/file/FileConsumer.java,1;1138,2008-12-03T08:30:25+00:00,2008-05-08T09:29:38+00:00
35267b60087b9c6ddc34b7b2d77ac6b0c8f09e3c,ad009bedf37b58c5b274bfbfbb548cae24a3bb02,components/camel-cxf/src/main/java/org/apache/camel/component/cxf/CxfExchange.java,1;1145,2008-12-04T14:09:27+00:00,2008-07-10T07:43:47+00:00
f73fae69ebbb9e8109696570e0bf7b233a6c7ced,a2431191cc49777fc143fbaad6101ceb61dc15d9,camel-core/src/main/java/org/apache/camel/model/ToType.java,1;1171,2008-12-11T06:37:24+00:00,2008-05-22T05:12:49+00:00
f73fae69ebbb9e8109696570e0bf7b233a6c7ced,0e1bf0b210a52162504cdfcd5770259a660b7361,camel-core/src/main/java/org/apache/camel/model/ToType.java,1;1171,2008-12-11T06:37:24+00:00,2007-08-07T18:35:48+00:00
f73fae69ebbb9e8109696570e0bf7b233a6c7ced,ea0af9de022bf9e06c544fc4e2f8324b12b00844,camel-core/src/main/java/org/apache/camel/model/ToType.java,1;1171,2008-12-11T06:37:24+00:00,2007-07-11T09:19:53+00:00
f73fae69ebbb9e8109696570e0bf7b233a6c7ced,8038be89967b7fb3b2ff91cd5b893201d62fa3e0,camel-core/src/main/java/org/apache/camel/model/ToType.java,1;1171,2008-12-11T06:37:24+00:00,2007-07-25T17:38:38+00:00
f73fae69ebbb9e8109696570e0bf7b233a6c7ced,b017b165422effb2e257ffd6445cbb9a86f28143,camel-core/src/main/java/org/apache/camel/model/ToType.java,1;1171,2008-12-11T06:37:24+00:00,2007-08-17T10:21:23+00:00
f73fae69ebbb9e8109696570e0bf7b233a6c7ced,610115b44e10e5046b62a7dfad06dde18e0f83e7,camel-core/src/main/java/org/apache/camel/model/ToType.java,1;1171,2008-12-11T06:37:24+00:00,2007-10-16T09:25:07+00:00
f73fae69ebbb9e8109696570e0bf7b233a6c7ced,54e89f4b392b962f5271aa73c46932e5e3d33639,camel-core/src/main/java/org/apache/camel/model/ToType.java,1;1171,2008-12-11T06:37:24+00:00,2007-07-30T08:41:10+00:00
f73fae69ebbb9e8109696570e0bf7b233a6c7ced,d13eb74b9fbf1099140bf99de49a99961380b186,camel-core/src/main/java/org/apache/camel/model/ToType.java,1;1171,2008-12-11T06:37:24+00:00,2007-07-25T21:18:33+00:00
f73fae69ebbb9e8109696570e0bf7b233a6c7ced,fe3ba238dd59ed4b0aee381e8ec2e956bd73c1af,camel-core/src/main/java/org/apache/camel/model/ToType.java,1;1171,2008-12-11T06:37:24+00:00,2007-08-15T15:30:08+00:00
f73fae69ebbb9e8109696570e0bf7b233a6c7ced,4fd7a78440f1f1537924672ebff3bc733a1663b9,camel-core/src/main/java/org/apache/camel/model/ToType.java,1;1171,2008-12-11T06:37:24+00:00,2008-03-24T15:08:24+00:00
f73fae69ebbb9e8109696570e0bf7b233a6c7ced,e96d2c2571085922658336bc5f4bc16474c11f90,camel-core/src/main/java/org/apache/camel/processor/SendProcessor.java,1;1171,2008-12-11T06:37:24+00:00,2007-08-25T07:25:41+00:00
f003dd3f16dcf75e4fe44dcd16c7933b827106ec,6e8d2bf6c54cf7f28fef7ade789f4e2b12413a08,camel-core/src/main/java/org/apache/camel/model/ProcessorType.java,1;1171,2008-12-11T06:57:14+00:00,2008-12-10T12:49:59+00:00
f003dd3f16dcf75e4fe44dcd16c7933b827106ec,6e8d2bf6c54cf7f28fef7ade789f4e2b12413a08,camel-core/src/main/java/org/apache/camel/model/SetExchangePatternType.java,1;1171,2008-12-11T06:57:14+00:00,2008-12-10T12:49:59+00:00
f003dd3f16dcf75e4fe44dcd16c7933b827106ec,54e89f4b392b962f5271aa73c46932e5e3d33639,camel-core/src/main/java/org/apache/camel/model/ToType.java,1;1171,2008-12-11T06:57:14+00:00,2007-07-30T08:41:10+00:00
f003dd3f16dcf75e4fe44dcd16c7933b827106ec,6e8d2bf6c54cf7f28fef7ade789f4e2b12413a08,camel-core/src/main/resources/org/apache/camel/model/jaxb.index,1;1171,2008-12-11T06:57:14+00:00,2008-12-10T12:49:59+00:00
f003dd3f16dcf75e4fe44dcd16c7933b827106ec,4fd7a78440f1f1537924672ebff3bc733a1663b9,camel-core/src/test/java/org/apache/camel/model/XmlTestSupport.java,1;1171,2008-12-11T06:57:14+00:00,2008-03-24T15:08:24+00:00
4bfa125abcb10ba50a2ae1c6fa0c4ea21f04f72d,be83fbb9da7a14568dfc74d9e18a153847341705,tooling/maven/maven-html-to-pdf/pom.xml,1;1189,2008-12-17T16:56:17+00:00,2007-06-15T07:24:27+00:00
4bfa125abcb10ba50a2ae1c6fa0c4ea21f04f72d,daf65c5682f5fc4a0dbf4d90d8287bf5d7573eed,tooling/maven/maven-html-to-pdf/src/main/java/org/apache/camel/maven/HtmlToPdfMojo.java,1;1189,2008-12-17T16:56:17+00:00,2007-08-16T15:38:49+00:00
4bfa125abcb10ba50a2ae1c6fa0c4ea21f04f72d,5ff7768f8486d167a4930bd6c09743c5878178bf,tooling/maven/maven-html-to-pdf/src/main/java/org/apache/camel/maven/HtmlToPdfMojo.java,1;1189,2008-12-17T16:56:17+00:00,2007-08-16T06:27:53+00:00
4bfa125abcb10ba50a2ae1c6fa0c4ea21f04f72d,8495460c97f63766bb73ccca517e09db5f98d6d5,tooling/maven/maven-html-to-pdf/src/main/java/org/apache/camel/maven/HtmlToPdfMojo.java,1;1189,2008-12-17T16:56:17+00:00,2007-08-16T16:29:42+00:00
a204e67628e16243f21925935859c295393a5e9e,e67299aec592fda8d76fcf1978586569de3bd1e7,camel-core/src/main/java/org/apache/camel/builder/DataFormatClause.java,1;1184,2008-12-18T03:23:16+00:00,2008-12-18T03:14:37+00:00
a204e67628e16243f21925935859c295393a5e9e,57ada90155ba06dcda03a2be387d4374d94904e8,camel-core/src/main/java/org/apache/camel/model/dataformat/DataFormatsType.java,1;1184,2008-12-18T03:23:16+00:00,2008-09-15T17:02:12+00:00
a204e67628e16243f21925935859c295393a5e9e,e67299aec592fda8d76fcf1978586569de3bd1e7,camel-core/src/main/java/org/apache/camel/model/dataformat/TidyMarkupDataFormat.java,1;1184,2008-12-18T03:23:16+00:00,2008-12-18T03:14:37+00:00
a204e67628e16243f21925935859c295393a5e9e,e67299aec592fda8d76fcf1978586569de3bd1e7,components/camel-tagsoup/src/main/java/org/apache/camel/dataformat/tagsoup/TidyMarkupDataFormat.java,1;1184,2008-12-18T03:23:16+00:00,2008-12-18T03:14:37+00:00
80c6e483f3b93510524c0cd9ee541702f13eacfd,e7a2e0cbe5cccb5ce03acae26635b24597af2ab4,camel-core/src/main/java/org/apache/camel/processor/Throttler.java,1;1199,2009-01-05T08:47:47+00:00,2007-07-04T19:42:47+00:00
80c6e483f3b93510524c0cd9ee541702f13eacfd,0e1bf0b210a52162504cdfcd5770259a660b7361,camel-core/src/main/java/org/apache/camel/processor/Throttler.java,1;1199,2009-01-05T08:47:47+00:00,2007-08-07T18:35:48+00:00
80c6e483f3b93510524c0cd9ee541702f13eacfd,e7a2e0cbe5cccb5ce03acae26635b24597af2ab4,camel-core/src/test/java/org/apache/camel/processor/ThrottlerTest.java,1;1199,2009-01-05T08:47:47+00:00,2007-07-04T19:42:47+00:00
80c6e483f3b93510524c0cd9ee541702f13eacfd,92cf75d35a6ea067612139e0301fbca92b5e5f47,camel-core/src/test/java/org/apache/camel/processor/ThrottlerTest.java,1;1199,2009-01-05T08:47:47+00:00,2007-07-09T10:42:42+00:00
ebe3e6c89e4566f413001c81e2d211df031b159c,157c1185cfb7c3d34ec4d87fd6854d9b0a501444,components/camel-osgi/src/main/java/org/apache/camel/osgi/Activator.java,1;1221,2009-01-06T04:49:43+00:00,2009-01-04T04:37:18+00:00
ebe3e6c89e4566f413001c81e2d211df031b159c,9583da2b2dacf7eabef32edebdfedee5b8deaa1b,components/camel-osgi/src/main/java/org/apache/camel/osgi/OsgiComponentResolver.java,1;1221,2009-01-06T04:49:43+00:00,2007-09-20T12:42:14+00:00
f5fdecd6ab3a5a8ded7122595c550983991a46a2,b2c1576887865e197c22e9f3abf088d652a2d27c,camel-core/src/main/java/org/apache/camel/util/FactoryFinder.java,1,2009-01-07T06:31:45+00:00,2007-03-19T16:13:48+00:00
65798ea002830e824e7c5e212ffcabbe3c02ce35,bf360106dbd14e360e58df5a5cf9f096c109830a,components/camel-osgi/src/main/java/org/apache/camel/osgi/OsgiFactoryFinder.java,1;1231,2009-01-07T07:35:50+00:00,2009-01-07T03:17:19+00:00
d20efe4309c1fd1ce2f7ab91bc95e14a4e196b40,affeba553ebd40eda3eeb9cab7bc98e2c186889b,components/camel-cxf/src/main/java/org/apache/camel/component/cxf/spring/CxfEndpointBeanDefinitionParser.java,1;1238,2009-01-09T06:16:27+00:00,2007-10-09T10:17:57+00:00
2c33e0b24f7d8290caa841560f5afc5f56d8cb36,8797954d609aa6173c59cfa7b2284e73adf96905,components/camel-cxf/src/main/java/org/apache/camel/component/cxf/invoker/CxfClient.java,1,2009-01-12T13:55:35+00:00,2007-12-14T14:17:54+00:00
b3e5a53a7e5ff2ec569be4a2ea730297e7aa7ee3,1f5a93674b9d1d4229ea3e4e8eedd216d18460b3,camel-core/src/main/java/org/apache/camel/processor/interceptor/TraceFormatter.java,1,2009-01-12T15:51:15+00:00,2009-01-12T09:34:59+00:00
f3a3702a5dc9c476e3fed94dcb65ee8168bb468d,a1a0f75b6ff10a48ce13dc0a1a14f60301a4644a,components/camel-mail/src/main/java/org/apache/camel/component/mail/MailComponent.java,1;1249,2009-01-13T07:18:41+00:00,2008-05-03T13:39:45+00:00
f3a3702a5dc9c476e3fed94dcb65ee8168bb468d,a1a0f75b6ff10a48ce13dc0a1a14f60301a4644a,components/camel-mail/src/main/java/org/apache/camel/component/mail/MailConfiguration.java,1;1249,2009-01-13T07:18:41+00:00,2008-05-03T13:39:45+00:00
f3a3702a5dc9c476e3fed94dcb65ee8168bb468d,e44a440c88c7dbeaee128df2709dab755849de3b,components/camel-mail/src/main/java/org/apache/camel/component/mail/MailConfiguration.java,1;1249,2009-01-13T07:18:41+00:00,2008-03-26T08:25:05+00:00
f3a3702a5dc9c476e3fed94dcb65ee8168bb468d,1782fbcd706d0ef7e65c45a57ae4bd99fd98a710,components/camel-mail/src/main/java/org/apache/camel/component/mail/MailConfiguration.java,1;1249,2009-01-13T07:18:41+00:00,2007-04-27T15:38:08+00:00
f3a3702a5dc9c476e3fed94dcb65ee8168bb468d,1a2db75de031cefe420d9e82c2385686e228b173,components/camel-mail/src/main/java/org/apache/camel/component/mail/MailEndpoint.java,1;1249,2009-01-13T07:18:41+00:00,2008-08-08T20:11:43+00:00
9f137c69a90a0898ad6063a5143b55b9b9bda460,4014f77b7149d11a7dcda1f0d96d8a1af1fe4ca4,components/camel-mail/src/test/java/org/apache/camel/component/mail/MailUsingOwnComponentTest.java,1,2009-01-13T13:56:42+00:00,2009-01-13T07:32:46+00:00
65c0395201636091e9af90e1933af1517d01f666,144ffbae8dc086a58d25328d5f7c32b5a7c9d982,camel-core/src/main/java/org/apache/camel/component/mock/MockEndpoint.java,1,2009-01-15T04:25:20+00:00,2007-07-02T10:20:23+00:00
f5975b7913291d848cf7e962b8964782c89ad399,3bf8478491b9b10e95aa76d4de38db5dcc6cad8e,camel-core/src/test/java/org/apache/camel/component/seda/SedaConsumerStartStopTest.java,1,2009-01-15T10:18:08+00:00,2008-10-21T14:32:21+00:00
e8b1b7894525d9be515a4aeec9ce81ecd5b0bcfb,fc7f83ea3cb9d7df2852cdfc7e440ae90d370502,components/camel-cxf/src/main/java/org/apache/camel/component/cxf/CxfConsumer.java,1,2009-01-19T17:45:56+00:00,2009-01-09T04:54:36+00:00
e8b1b7894525d9be515a4aeec9ce81ecd5b0bcfb,6f0b2155db24ba69f7f8a3e89894b43ddbb6873d,components/camel-cxf/src/main/java/org/apache/camel/component/cxf/CxfConsumer.java,1,2009-01-19T17:45:56+00:00,2008-06-17T09:59:53+00:00
e8b1b7894525d9be515a4aeec9ce81ecd5b0bcfb,829ceba8ad81a15e88606b99381cdf3472277a3e,components/camel-cxf/src/main/java/org/apache/camel/component/cxf/CxfEndpoint.java,1,2009-01-19T17:45:56+00:00,2008-03-24T08:43:41+00:00
e8b1b7894525d9be515a4aeec9ce81ecd5b0bcfb,fc7f83ea3cb9d7df2852cdfc7e440ae90d370502,components/camel-cxf/src/main/java/org/apache/camel/component/cxf/CxfProducer.java,1,2009-01-19T17:45:56+00:00,2009-01-09T04:54:36+00:00
e8b1b7894525d9be515a4aeec9ce81ecd5b0bcfb,8797954d609aa6173c59cfa7b2284e73adf96905,components/camel-cxf/src/main/java/org/apache/camel/component/cxf/CxfProducer.java,1,2009-01-19T17:45:56+00:00,2007-12-14T14:17:54+00:00
e8b1b7894525d9be515a4aeec9ce81ecd5b0bcfb,108cb196c25758d2e387f748df1cfd63ec416ca7,components/camel-cxf/src/main/java/org/apache/camel/component/cxf/CxfSoapBinding.java,1,2009-01-19T17:45:56+00:00,2007-10-21T07:56:26+00:00
e8b1b7894525d9be515a4aeec9ce81ecd5b0bcfb,98ef5e9959410360c01f145e100a71fb52f23b2d,components/camel-cxf/src/main/java/org/apache/camel/component/cxf/CxfSoapBinding.java,1,2009-01-19T17:45:56+00:00,2007-12-06T12:57:42+00:00
e8b1b7894525d9be515a4aeec9ce81ecd5b0bcfb,64a4b6aa85a599505008fab00a8c498323469787,components/camel-cxf/src/main/java/org/apache/camel/component/cxf/invoker/CxfClient.java,1,2009-01-19T17:45:56+00:00,2007-09-17T17:00:08+00:00
e8b1b7894525d9be515a4aeec9ce81ecd5b0bcfb,c73d330000ef6343053003ffe16dbc7b5fcecac1,components/camel-cxf/src/main/java/org/apache/camel/component/cxf/transport/CamelConduit.java,1,2009-01-19T17:45:56+00:00,2007-11-15T16:10:32+00:00
e8b1b7894525d9be515a4aeec9ce81ecd5b0bcfb,c26d7c76246bc2bfab07f8011f72bef7cd97fed5,components/camel-cxf/src/main/java/org/apache/camel/component/cxf/transport/CamelConduit.java,1,2009-01-19T17:45:56+00:00,2008-06-06T01:25:25+00:00
e8b1b7894525d9be515a4aeec9ce81ecd5b0bcfb,c73d330000ef6343053003ffe16dbc7b5fcecac1,components/camel-cxf/src/main/java/org/apache/camel/component/cxf/transport/CamelDestination.java,1,2009-01-19T17:45:56+00:00,2007-11-15T16:10:32+00:00
e8b1b7894525d9be515a4aeec9ce81ecd5b0bcfb,98ef5e9959410360c01f145e100a71fb52f23b2d,components/camel-cxf/src/main/java/org/apache/camel/component/cxf/transport/CamelDestination.java,1,2009-01-19T17:45:56+00:00,2007-12-06T12:57:42+00:00
e8b1b7894525d9be515a4aeec9ce81ecd5b0bcfb,2835f7715458e89a55c4d24a6968bc0f44a0a343,components/camel-cxf/src/main/java/org/apache/camel/component/cxf/transport/CamelDestination.java,1,2009-01-19T17:45:56+00:00,2007-03-27T13:41:09+00:00
e8b1b7894525d9be515a4aeec9ce81ecd5b0bcfb,c26d7c76246bc2bfab07f8011f72bef7cd97fed5,components/camel-cxf/src/main/java/org/apache/camel/component/cxf/transport/CamelDestination.java,1,2009-01-19T17:45:56+00:00,2008-06-06T01:25:25+00:00
e8b1b7894525d9be515a4aeec9ce81ecd5b0bcfb,98ef5e9959410360c01f145e100a71fb52f23b2d,components/camel-cxf/src/test/java/org/apache/camel/component/cxf/transport/CamelConduitTest.java,1,2009-01-19T17:45:56+00:00,2007-12-06T12:57:42+00:00
3ae307c65647734e4382cd329c4e8641f3f932c9,fc7f83ea3cb9d7df2852cdfc7e440ae90d370502,components/camel-cxf/src/main/java/org/apache/camel/component/cxf/spring/CxfEndpointBeanDefinitionParser.java,1;1275,2009-01-20T07:26:07+00:00,2009-01-09T04:54:36+00:00
3ae307c65647734e4382cd329c4e8641f3f932c9,92113b5b07fc0c5dcc524ac0ab73554bef8a99e8,components/camel-cxf/src/main/java/org/apache/camel/component/cxf/spring/CxfEndpointBeanDefinitionParser.java,1;1275,2009-01-20T07:26:07+00:00,2009-01-20T03:37:31+00:00
3ae307c65647734e4382cd329c4e8641f3f932c9,64a4b6aa85a599505008fab00a8c498323469787,components/camel-cxf/src/test/java/org/apache/camel/component/cxf/CxfProducerTest.java,1;1275,2009-01-20T07:26:07+00:00,2007-09-17T17:00:08+00:00
3ae307c65647734e4382cd329c4e8641f3f932c9,ac2a0569566321ece3966a717dfa5df18a68c1c4,components/camel-cxf/src/test/java/org/apache/camel/component/cxf/CxfWsdlFirstTest.java,1;1275,2009-01-20T07:26:07+00:00,2008-06-01T14:41:53+00:00
071778ce4026593cc7319755865b8008dc9721de,e388d6ef01ec9dcb15f6d22c664254229143f757,camel-core/src/main/java/org/apache/camel/impl/DefaultComponentResolver.java,1;1301,2009-01-30T08:07:25+00:00,2007-09-04T10:04:33+00:00
071778ce4026593cc7319755865b8008dc9721de,c93cd790859579582b188520a63183d6367a964f,camel-core/src/main/java/org/apache/camel/impl/DefaultComponentResolver.java,1;1301,2009-01-30T08:07:25+00:00,2007-09-03T15:44:20+00:00
071778ce4026593cc7319755865b8008dc9721de,b2c1576887865e197c22e9f3abf088d652a2d27c,camel-core/src/main/java/org/apache/camel/util/FactoryFinder.java,1;1301,2009-01-30T08:07:25+00:00,2007-03-19T16:13:48+00:00
071778ce4026593cc7319755865b8008dc9721de,0e1bf0b210a52162504cdfcd5770259a660b7361,camel-core/src/main/java/org/apache/camel/util/ObjectHelper.java,1;1301,2009-01-30T08:07:25+00:00,2007-08-07T18:35:48+00:00
071778ce4026593cc7319755865b8008dc9721de,ad6e2245c05484960d93f14e7aa528cb4000a832,camel-core/src/main/java/org/apache/camel/util/ObjectHelper.java,1;1301,2009-01-30T08:07:25+00:00,2007-04-03T09:53:49+00:00
4fcb25af7a3b0c3f0788ccc4edff4aa4b829f252,f7aa4e2bc61c8cad2772321b063547e24ce37020,camel-core/src/main/java/org/apache/camel/language/simple/FileExpressionBuilder.java,1,2009-02-03T13:24:34+00:00,2008-08-21T13:07:26+00:00
4fcb25af7a3b0c3f0788ccc4edff4aa4b829f252,847477008c3bb854ad97cffb7a99b70f7dea7cea,camel-core/src/main/java/org/apache/camel/language/simple/FileExpressionBuilder.java,1,2009-02-03T13:24:34+00:00,2008-09-27T11:35:10+00:00
b33dcb37623eb0b2414d3a0e805a790f8cbc5586,519d809cf6a554b35067d4489f7a7cb02a9a0562,components/camel-jetty/src/test/java/org/apache/camel/component/jetty/HttpToFileTest.java,1,2009-02-09T18:25:06+00:00,2008-06-23T06:36:53+00:00
b33dcb37623eb0b2414d3a0e805a790f8cbc5586,519d809cf6a554b35067d4489f7a7cb02a9a0562,components/camel-jetty/src/test/resources/log4j.properties,1,2009-02-09T18:25:06+00:00,2008-06-23T06:36:53+00:00
5e59321347b0f48584d0ede1aabc1c9e39558e80,0cdaa94aa7adbd93f2b0f8344f2d5fb1af91e68f,components/camel-restlet/src/test/java/org/apache/camel/component/restlet/RestletQueryTest.java,1;1329,2009-02-10T05:32:34+00:00,2009-02-10T05:13:25+00:00
5bbba4209928018959bb89d3d0a1450f31563bb7,c1d1db9afd232935f9601ea92e2460a9b6d98fa2,components/camel-cxf/src/main/java/org/apache/camel/component/cxf/util/CxfHeaderHelper.java,1;1330,2009-02-11T06:13:10+00:00,2008-08-05T06:36:26+00:00
