fixing_commit_hash,introducing_commit_hash,file_path,issue_keys,fixing_date,introducing_date
924acc5451028abd3218be96cce346596fb3ad6d,dfeab0689f69c0b4bd3480ffd37a9cacc2f17d9c,crypto/pkcs7/example.c,"('7', '')",1999-03-05T02:05:15+00:00,1998-12-21T11:00:56+00:00
924acc5451028abd3218be96cce346596fb3ad6d,58964a492275ca9a59a0cd9c8155cb2491b4b909,crypto/pkcs7/pk7_doit.c,"('7', '')",1999-03-05T02:05:15+00:00,1998-12-21T10:56:39+00:00
924acc5451028abd3218be96cce346596fb3ad6d,d02b48c63a58ea4367a0e905979f140b7d090f86,crypto/pkcs7/pk7_doit.c,"('7', '')",1999-03-05T02:05:15+00:00,1998-12-21T10:52:47+00:00
924acc5451028abd3218be96cce346596fb3ad6d,0c106d75e38032d97d29f864bb772454beb5632f,crypto/pkcs7/pk7_doit.c,"('7', '')",1999-03-05T02:05:15+00:00,1998-12-30T20:34:50+00:00
924acc5451028abd3218be96cce346596fb3ad6d,dfeab0689f69c0b4bd3480ffd37a9cacc2f17d9c,crypto/pkcs7/pk7_doit.c,"('7', '')",1999-03-05T02:05:15+00:00,1998-12-21T11:00:56+00:00
c8b41850793faed7fccf4fe4403f774266412f22,6b691a5c85ddc4e407e32781841fee5c029506cd,crypto/asn1/a_type.c,"('7', '')",1999-05-09T16:39:11+00:00,1999-04-19T21:31:43+00:00
c8b41850793faed7fccf4fe4403f774266412f22,d02b48c63a58ea4367a0e905979f140b7d090f86,crypto/asn1/asn1.h,"('7', '')",1999-05-09T16:39:11+00:00,1998-12-21T10:52:47+00:00
c8b41850793faed7fccf4fe4403f774266412f22,58964a492275ca9a59a0cd9c8155cb2491b4b909,crypto/asn1/evp_asn1.c,"('7', '')",1999-05-09T16:39:11+00:00,1998-12-21T10:56:39+00:00
c8b41850793faed7fccf4fe4403f774266412f22,6b691a5c85ddc4e407e32781841fee5c029506cd,crypto/asn1/x_attrib.c,"('7', '')",1999-05-09T16:39:11+00:00,1999-04-19T21:31:43+00:00
c8b41850793faed7fccf4fe4403f774266412f22,6b691a5c85ddc4e407e32781841fee5c029506cd,crypto/pkcs7/pk7_doit.c,"('7', '')",1999-05-09T16:39:11+00:00,1999-04-19T21:31:43+00:00
c8b41850793faed7fccf4fe4403f774266412f22,dfeab0689f69c0b4bd3480ffd37a9cacc2f17d9c,crypto/pkcs7/pk7_doit.c,"('7', '')",1999-05-09T16:39:11+00:00,1998-12-21T11:00:56+00:00
c8b41850793faed7fccf4fe4403f774266412f22,d02b48c63a58ea4367a0e905979f140b7d090f86,crypto/pkcs7/pk7_lib.c,"('7', '')",1999-05-09T16:39:11+00:00,1998-12-21T10:52:47+00:00
c8b41850793faed7fccf4fe4403f774266412f22,dfeab0689f69c0b4bd3480ffd37a9cacc2f17d9c,crypto/pkcs7/pkcs7.h,"('7', '')",1999-05-09T16:39:11+00:00,1998-12-21T11:00:56+00:00
c8b41850793faed7fccf4fe4403f774266412f22,dfeab0689f69c0b4bd3480ffd37a9cacc2f17d9c,crypto/x509/x509.h,"('7', '')",1999-05-09T16:39:11+00:00,1998-12-21T11:00:56+00:00
c8b41850793faed7fccf4fe4403f774266412f22,9aeaf1b4a7924cabf829bf57d0ca87d311cd2dfe,crypto/x509v3/v3_bitst.c,"('7', '')",1999-05-09T16:39:11+00:00,1999-01-24T00:50:01+00:00
c8b41850793faed7fccf4fe4403f774266412f22,9aeaf1b4a7924cabf829bf57d0ca87d311cd2dfe,crypto/x509v3/v3_conf.c,"('7', '')",1999-05-09T16:39:11+00:00,1999-01-24T00:50:01+00:00
c8b41850793faed7fccf4fe4403f774266412f22,95dc05bc6d0dfe0f3f3681f5e27afbc3f7a35eea,crypto/x509v3/v3_conf.c,"('7', '')",1999-05-09T16:39:11+00:00,1999-04-20T22:50:42+00:00
c8b41850793faed7fccf4fe4403f774266412f22,c74f1eb9bde5c66be3d6685dcc395f39a53add55,crypto/x509v3/v3_enum.c,"('7', '')",1999-05-09T16:39:11+00:00,1999-02-20T01:15:41+00:00
c8b41850793faed7fccf4fe4403f774266412f22,9aeaf1b4a7924cabf829bf57d0ca87d311cd2dfe,crypto/x509v3/x509v3.h,"('7', '')",1999-05-09T16:39:11+00:00,1999-01-24T00:50:01+00:00
84fa704c6f96eb22e827caadf337a590dce30adb,884e8ec61533ee6361d72151066a808a0cfcd6d3,crypto/evp/evp.h,"('7', '')",1999-05-16T00:25:36+00:00,1999-05-10T00:47:42+00:00
84fa704c6f96eb22e827caadf337a590dce30adb,cfcefcbe2aff81c1735c788ca6ae26b7c16cc453,crypto/evp/evp_err.c,"('7', '')",1999-05-16T00:25:36+00:00,1999-03-28T17:46:10+00:00
84fa704c6f96eb22e827caadf337a590dce30adb,884e8ec61533ee6361d72151066a808a0cfcd6d3,crypto/evp/evp_lib.c,"('7', '')",1999-05-16T00:25:36+00:00,1999-05-10T00:47:42+00:00
84fa704c6f96eb22e827caadf337a590dce30adb,dfeab0689f69c0b4bd3480ffd37a9cacc2f17d9c,crypto/pkcs7/dec.c,"('7', '')",1999-05-16T00:25:36+00:00,1998-12-21T11:00:56+00:00
84fa704c6f96eb22e827caadf337a590dce30adb,884e8ec61533ee6361d72151066a808a0cfcd6d3,crypto/pkcs7/pk7_doit.c,"('7', '')",1999-05-16T00:25:36+00:00,1999-05-10T00:47:42+00:00
84fa704c6f96eb22e827caadf337a590dce30adb,58964a492275ca9a59a0cd9c8155cb2491b4b909,crypto/pkcs7/pk7_doit.c,"('7', '')",1999-05-16T00:25:36+00:00,1998-12-21T10:56:39+00:00
84fa704c6f96eb22e827caadf337a590dce30adb,6b691a5c85ddc4e407e32781841fee5c029506cd,crypto/pkcs7/pk7_doit.c,"('7', '')",1999-05-16T00:25:36+00:00,1999-04-19T21:31:43+00:00
84fa704c6f96eb22e827caadf337a590dce30adb,dfeab0689f69c0b4bd3480ffd37a9cacc2f17d9c,crypto/pkcs7/pk7_doit.c,"('7', '')",1999-05-16T00:25:36+00:00,1998-12-21T11:00:56+00:00
84fa704c6f96eb22e827caadf337a590dce30adb,6b691a5c85ddc4e407e32781841fee5c029506cd,crypto/pkcs7/pk7_lib.c,"('7', '')",1999-05-16T00:25:36+00:00,1999-04-19T21:31:43+00:00
84fa704c6f96eb22e827caadf337a590dce30adb,58964a492275ca9a59a0cd9c8155cb2491b4b909,crypto/pkcs7/pk7_lib.c,"('7', '')",1999-05-16T00:25:36+00:00,1998-12-21T10:56:39+00:00
84fa704c6f96eb22e827caadf337a590dce30adb,884e8ec61533ee6361d72151066a808a0cfcd6d3,crypto/pkcs7/pk7_lib.c,"('7', '')",1999-05-16T00:25:36+00:00,1999-05-10T00:47:42+00:00
84fa704c6f96eb22e827caadf337a590dce30adb,58964a492275ca9a59a0cd9c8155cb2491b4b909,crypto/pkcs7/pkcs7.h,"('7', '')",1999-05-16T00:25:36+00:00,1998-12-21T10:56:39+00:00
84fa704c6f96eb22e827caadf337a590dce30adb,dfeab0689f69c0b4bd3480ffd37a9cacc2f17d9c,crypto/pkcs7/pkcs7.h,"('7', '')",1999-05-16T00:25:36+00:00,1998-12-21T11:00:56+00:00
84fa704c6f96eb22e827caadf337a590dce30adb,dfeab0689f69c0b4bd3480ffd37a9cacc2f17d9c,crypto/pkcs7/pkcs7err.c,"('7', '')",1999-05-16T00:25:36+00:00,1998-12-21T11:00:56+00:00
1b266dabf5417e228d9e970d4f2923fec92fea1e,ee0508d4114e2b2291953a7d4c81a09b624b8821,apps/pkcs12.c,"('7', '')",1999-05-16T17:32:32+00:00,1999-03-29T17:50:26+00:00
1b266dabf5417e228d9e970d4f2923fec92fea1e,dfeab0689f69c0b4bd3480ffd37a9cacc2f17d9c,crypto/evp/e_cbc_r2.c,"('7', '')",1999-05-16T17:32:32+00:00,1998-12-21T11:00:56+00:00
1b266dabf5417e228d9e970d4f2923fec92fea1e,dfeab0689f69c0b4bd3480ffd37a9cacc2f17d9c,crypto/pkcs7/dec.c,"('7', '')",1999-05-16T17:32:32+00:00,1998-12-21T11:00:56+00:00
1b266dabf5417e228d9e970d4f2923fec92fea1e,58964a492275ca9a59a0cd9c8155cb2491b4b909,crypto/pkcs7/enc.c,"('7', '')",1999-05-16T17:32:32+00:00,1998-12-21T10:56:39+00:00
1b266dabf5417e228d9e970d4f2923fec92fea1e,dfeab0689f69c0b4bd3480ffd37a9cacc2f17d9c,crypto/pkcs7/enc.c,"('7', '')",1999-05-16T17:32:32+00:00,1998-12-21T11:00:56+00:00
1b266dabf5417e228d9e970d4f2923fec92fea1e,84fa704c6f96eb22e827caadf337a590dce30adb,crypto/pkcs7/pk7_doit.c,"('7', '')",1999-05-16T17:32:32+00:00,1999-05-16T00:25:36+00:00
adc7fe123bffef5514dd0fe18e184623a589b3d3,d02b48c63a58ea4367a0e905979f140b7d090f86,crypto/bn/bn_div.c,"('107357', '')",1999-06-09T21:13:27+00:00,1998-12-21T10:52:47+00:00
170afce58d5c9ffc399892e19a52c5559e2db801,b6436ff2c2d640e2e71ef1d5a902a4be9713640f,crypto/pkcs7/pk7_doit.c,"('7', '')",1999-06-22T13:33:22+00:00,1999-05-31T11:57:32+00:00
170afce58d5c9ffc399892e19a52c5559e2db801,d02b48c63a58ea4367a0e905979f140b7d090f86,crypto/pkcs7/pk7_doit.c,"('7', '')",1999-06-22T13:33:22+00:00,1998-12-21T10:52:47+00:00
170afce58d5c9ffc399892e19a52c5559e2db801,924acc5451028abd3218be96cce346596fb3ad6d,crypto/pkcs7/pk7_doit.c,"('7', '')",1999-06-22T13:33:22+00:00,1999-03-05T02:05:15+00:00
170afce58d5c9ffc399892e19a52c5559e2db801,dfeab0689f69c0b4bd3480ffd37a9cacc2f17d9c,crypto/pkcs7/pk7_doit.c,"('7', '')",1999-06-22T13:33:22+00:00,1998-12-21T11:00:56+00:00
170afce58d5c9ffc399892e19a52c5559e2db801,6d31193858f176c276fe5f27d36408977933c1d6,util/mkerr.pl,"('7', '')",1999-06-22T13:33:22+00:00,1999-04-24T00:15:18+00:00
08dbdb85eeb860f5a74a7d04efc3ed56372d372a,8d8c7266d4de9887fb0190a0770df9dc254a16a3,crypto/pkcs12/p12_decr.c,"('12', '')",1999-07-30T10:11:21+00:00,1999-03-28T23:17:34+00:00
393f2c651d154a8d576969f24317536f89f28649,2b024cd242773921aaccdc02f7963a1ae88aed04,Makefile.org,"('7', '')",1999-10-04T12:08:59+00:00,1999-10-03T22:50:01+00:00
393f2c651d154a8d576969f24317536f89f28649,d02b48c63a58ea4367a0e905979f140b7d090f86,crypto/asn1/a_bytes.c,"('7', '')",1999-10-04T12:08:59+00:00,1998-12-21T10:52:47+00:00
9716a8f9f2cc3cb78bfa6229a608badf24aef1ef,08e9c1af6c26f74ef7f7524be4b89241ff232a8c,crypto/pkcs7/pk7_doit.c,"('7', '')",1999-10-29T13:06:25+00:00,1999-10-20T01:50:23+00:00
9716a8f9f2cc3cb78bfa6229a608badf24aef1ef,84fa704c6f96eb22e827caadf337a590dce30adb,crypto/pkcs7/pk7_doit.c,"('7', '')",1999-10-29T13:06:25+00:00,1999-05-16T00:25:36+00:00
9716a8f9f2cc3cb78bfa6229a608badf24aef1ef,dfeab0689f69c0b4bd3480ffd37a9cacc2f17d9c,crypto/pkcs7/pk7_doit.c,"('7', '')",1999-10-29T13:06:25+00:00,1998-12-21T11:00:56+00:00
91895a5938695348ebfb6211325cc6e3e449e955,a0e9f529a441a3b9c42ca9a18edb15ff14878076,apps/progs.h,"('7', '')",1999-11-16T14:54:50+00:00,1999-11-14T03:23:17+00:00
91895a5938695348ebfb6211325cc6e3e449e955,a0e9f529a441a3b9c42ca9a18edb15ff14878076,apps/progs.pl,"('7', '')",1999-11-16T14:54:50+00:00,1999-11-14T03:23:17+00:00
91895a5938695348ebfb6211325cc6e3e449e955,8484721adb154f47de28e64d581b40adca6c5e68,crypto/pkcs7/pk7_doit.c,"('7', '')",1999-11-16T14:54:50+00:00,1999-08-19T13:07:43+00:00
52664f5081939c96c5867fd02278f7575f1cab2d,3ea23631d4d840429dbe026f50e8f46a5187054f,apps/dsa.c,"('8', '')",1999-11-21T22:28:31+00:00,1999-10-04T21:17:47+00:00
52664f5081939c96c5867fd02278f7575f1cab2d,d02b48c63a58ea4367a0e905979f140b7d090f86,apps/rsa.c,"('8', '')",1999-11-21T22:28:31+00:00,1998-12-21T10:52:47+00:00
52664f5081939c96c5867fd02278f7575f1cab2d,3ea23631d4d840429dbe026f50e8f46a5187054f,apps/rsa.c,"('8', '')",1999-11-21T22:28:31+00:00,1999-10-04T21:17:47+00:00
52664f5081939c96c5867fd02278f7575f1cab2d,d02b48c63a58ea4367a0e905979f140b7d090f86,apps/verify.c,"('8', '')",1999-11-21T22:28:31+00:00,1998-12-21T10:52:47+00:00
52664f5081939c96c5867fd02278f7575f1cab2d,d02b48c63a58ea4367a0e905979f140b7d090f86,apps/x509.c,"('8', '')",1999-11-21T22:28:31+00:00,1998-12-21T10:52:47+00:00
52664f5081939c96c5867fd02278f7575f1cab2d,f769ce3ea41ba1c2b16f345722ed006861d51150,crypto/evp/evp.h,"('8', '')",1999-11-21T22:28:31+00:00,1999-10-25T02:00:09+00:00
52664f5081939c96c5867fd02278f7575f1cab2d,f769ce3ea41ba1c2b16f345722ed006861d51150,crypto/evp/p_lib.c,"('8', '')",1999-11-21T22:28:31+00:00,1999-10-25T02:00:09+00:00
52664f5081939c96c5867fd02278f7575f1cab2d,3ea23631d4d840429dbe026f50e8f46a5187054f,crypto/pem/pem.h,"('8', '')",1999-11-21T22:28:31+00:00,1999-10-04T21:17:47+00:00
52664f5081939c96c5867fd02278f7575f1cab2d,f62676b92dbbb10221f2627bcaa0d5348d674271,crypto/pem/pem_all.c,"('8', '')",1999-11-21T22:28:31+00:00,1999-06-09T18:05:30+00:00
52664f5081939c96c5867fd02278f7575f1cab2d,3ea23631d4d840429dbe026f50e8f46a5187054f,crypto/pem/pem_all.c,"('8', '')",1999-11-21T22:28:31+00:00,1999-10-04T21:17:47+00:00
52664f5081939c96c5867fd02278f7575f1cab2d,58964a492275ca9a59a0cd9c8155cb2491b4b909,crypto/x509/by_file.c,"('8', '')",1999-11-21T22:28:31+00:00,1998-12-21T10:56:39+00:00
52664f5081939c96c5867fd02278f7575f1cab2d,d02b48c63a58ea4367a0e905979f140b7d090f86,crypto/x509/by_file.c,"('8', '')",1999-11-21T22:28:31+00:00,1998-12-21T10:52:47+00:00
52664f5081939c96c5867fd02278f7575f1cab2d,3ea23631d4d840429dbe026f50e8f46a5187054f,crypto/x509/x509.h,"('8', '')",1999-11-21T22:28:31+00:00,1999-10-04T21:17:47+00:00
52664f5081939c96c5867fd02278f7575f1cab2d,3ea23631d4d840429dbe026f50e8f46a5187054f,crypto/x509/x_all.c,"('8', '')",1999-11-21T22:28:31+00:00,1999-10-04T21:17:47+00:00
52664f5081939c96c5867fd02278f7575f1cab2d,08e9c1af6c26f74ef7f7524be4b89241ff232a8c,util/libeay.num,"('8', '')",1999-11-21T22:28:31+00:00,1999-10-20T01:50:23+00:00
52664f5081939c96c5867fd02278f7575f1cab2d,f769ce3ea41ba1c2b16f345722ed006861d51150,util/libeay.num,"('8', '')",1999-11-21T22:28:31+00:00,1999-10-25T02:00:09+00:00
e3775a33c1ee5aa845527c3fd9aac11426eac8c5,55ec5861c863e2fea621bc16cd2fac0c40b71cae,apps/smime.c,"('7', '')",1999-12-09T01:31:32+00:00,1999-12-07T02:35:52+00:00
e3775a33c1ee5aa845527c3fd9aac11426eac8c5,5a9a4b299c0140ccdd5cc61fef701935a5931842,apps/smime.c,"('7', '')",1999-12-09T01:31:32+00:00,1999-12-05T00:40:59+00:00
e3775a33c1ee5aa845527c3fd9aac11426eac8c5,5a9a4b299c0140ccdd5cc61fef701935a5931842,crypto/pkcs7/pk7_smime.c,"('7', '')",1999-12-09T01:31:32+00:00,1999-12-05T00:40:59+00:00
d8223efd04f8526b602209ee5f39c06fa300beea,119f62881a57ac10f1b347492da43589d16012f8,crypto/asn1/a_enum.c,"('7', '')",1999-12-10T13:46:48+00:00,1999-02-09T01:30:41+00:00
d8223efd04f8526b602209ee5f39c06fa300beea,d02b48c63a58ea4367a0e905979f140b7d090f86,crypto/asn1/a_int.c,"('7', '')",1999-12-10T13:46:48+00:00,1998-12-21T10:52:47+00:00
d8223efd04f8526b602209ee5f39c06fa300beea,d02b48c63a58ea4367a0e905979f140b7d090f86,crypto/asn1/a_object.c,"('7', '')",1999-12-10T13:46:48+00:00,1998-12-21T10:52:47+00:00
d8223efd04f8526b602209ee5f39c06fa300beea,d02b48c63a58ea4367a0e905979f140b7d090f86,crypto/pkcs7/pk7_lib.c,"('7', '')",1999-12-10T13:46:48+00:00,1998-12-21T10:52:47+00:00
66430207a4de2160082d84bb69feedde9cf7ac83,600dec15861ec31e69f3fc67f3ea8bac2527ca53,apps/pkcs8.c,"('8', '')",2000-02-05T21:07:56+00:00,1999-06-05T00:32:16+00:00
66430207a4de2160082d84bb69feedde9cf7ac83,cfcefcbe2aff81c1735c788ca6ae26b7c16cc453,crypto/asn1/p8_pkey.c,"('8', '')",2000-02-05T21:07:56+00:00,1999-03-28T17:46:10+00:00
66430207a4de2160082d84bb69feedde9cf7ac83,6b691a5c85ddc4e407e32781841fee5c029506cd,crypto/evp/evp_pkey.c,"('8', '')",2000-02-05T21:07:56+00:00,1999-04-19T21:31:43+00:00
66430207a4de2160082d84bb69feedde9cf7ac83,cfcefcbe2aff81c1735c788ca6ae26b7c16cc453,crypto/evp/evp_pkey.c,"('8', '')",2000-02-05T21:07:56+00:00,1999-03-28T17:46:10+00:00
66430207a4de2160082d84bb69feedde9cf7ac83,08e9c1af6c26f74ef7f7524be4b89241ff232a8c,crypto/evp/evp_pkey.c,"('8', '')",2000-02-05T21:07:56+00:00,1999-10-20T01:50:23+00:00
66430207a4de2160082d84bb69feedde9cf7ac83,174a4a8c899fcb7f553e56c095613f47fde5dc43,doc/apps/pkcs8.pod,"('8', '')",2000-02-05T21:07:56+00:00,1999-11-11T00:48:39+00:00
48fe0eec67d2c3b000fe845fd9a8160f3564b5b7,66430207a4de2160082d84bb69feedde9cf7ac83,crypto/evp/evp_pkey.c,"('8', '')",2000-03-07T01:03:33+00:00,2000-02-05T21:07:56+00:00
094fe66d9fdb70bb424de822bbed1eddb8f0194a,5a9a4b299c0140ccdd5cc61fef701935a5931842,apps/smime.c,"('7', '')",2000-07-10T18:33:05+00:00,1999-12-05T00:40:59+00:00
094fe66d9fdb70bb424de822bbed1eddb8f0194a,a338e21bd1f1654b9fc90352a45e054be1f947eb,crypto/asn1/a_bitstr.c,"('7', '')",2000-07-10T18:33:05+00:00,2000-07-07T13:24:36+00:00
094fe66d9fdb70bb424de822bbed1eddb8f0194a,a338e21bd1f1654b9fc90352a45e054be1f947eb,crypto/asn1/a_int.c,"('7', '')",2000-07-10T18:33:05+00:00,2000-07-07T13:24:36+00:00
094fe66d9fdb70bb424de822bbed1eddb8f0194a,d02b48c63a58ea4367a0e905979f140b7d090f86,crypto/asn1/asn1_lib.c,"('7', '')",2000-07-10T18:33:05+00:00,1998-12-21T10:52:47+00:00
ecbe07817ab8fff2aca97eeb69fabdd5c54b4bda,ee0508d4114e2b2291953a7d4c81a09b624b8821,apps/pkcs12.c,"('12', '')",2000-12-31T01:13:04+00:00,1999-03-29T17:50:26+00:00
ecbe07817ab8fff2aca97eeb69fabdd5c54b4bda,4b42658082a3d6224d25f10de8fdb605d30015a9,apps/pkcs8.c,"('12', '')",2000-12-31T01:13:04+00:00,2000-02-22T18:45:11+00:00
ecbe07817ab8fff2aca97eeb69fabdd5c54b4bda,09ab755c555a96df23b78fb188578b2fba5faae2,crypto/asn1/asn1.h,"('12', '')",2000-12-31T01:13:04+00:00,2000-12-28T19:18:48+00:00
ecbe07817ab8fff2aca97eeb69fabdd5c54b4bda,26da3e65ac3ecf05c7567b0c62ee515814babf31,crypto/asn1/asn1.h,"('12', '')",2000-12-31T01:13:04+00:00,2000-12-31T00:23:17+00:00
ecbe07817ab8fff2aca97eeb69fabdd5c54b4bda,09ab755c555a96df23b78fb188578b2fba5faae2,crypto/asn1/asn_pack.c,"('12', '')",2000-12-31T01:13:04+00:00,2000-12-28T19:18:48+00:00
ecbe07817ab8fff2aca97eeb69fabdd5c54b4bda,9d6b1ce6441c7cc6aed344f02d9f676ab5e04217,crypto/asn1/tasn_dec.c,"('12', '')",2000-12-31T01:13:04+00:00,2000-12-08T19:09:35+00:00
ecbe07817ab8fff2aca97eeb69fabdd5c54b4bda,525f51f6c98751de4db3b81789044d32e3686cda,crypto/pem/pem_lib.c,"('12', '')",2000-12-31T01:13:04+00:00,1999-12-23T02:02:42+00:00
ecbe07817ab8fff2aca97eeb69fabdd5c54b4bda,095ce35378bc42b1684c1fc29f6ceb3c17fdada3,crypto/pem/pem_lib.c,"('12', '')",2000-12-31T01:13:04+00:00,1999-06-05T18:40:51+00:00
ecbe07817ab8fff2aca97eeb69fabdd5c54b4bda,61f5b6f33807306d09bccbc2dcad474d1d04ca40,crypto/pkcs12/p12_add.c,"('12', '')",2000-12-31T01:13:04+00:00,1999-04-23T15:01:15+00:00
ecbe07817ab8fff2aca97eeb69fabdd5c54b4bda,8d8c7266d4de9887fb0190a0770df9dc254a16a3,crypto/pkcs12/p12_add.c,"('12', '')",2000-12-31T01:13:04+00:00,1999-03-28T23:17:34+00:00
ecbe07817ab8fff2aca97eeb69fabdd5c54b4bda,f2716dada0527bcf200e628fd572514bd395fbfb,crypto/pkcs12/p12_add.c,"('12', '')",2000-12-31T01:13:04+00:00,2000-05-16T19:53:50+00:00
ecbe07817ab8fff2aca97eeb69fabdd5c54b4bda,6b691a5c85ddc4e407e32781841fee5c029506cd,crypto/pkcs12/p12_add.c,"('12', '')",2000-12-31T01:13:04+00:00,1999-04-19T21:31:43+00:00
ecbe07817ab8fff2aca97eeb69fabdd5c54b4bda,4321a4ff7a4dfb9b73ceb272a8e7d7ddc953814a,crypto/pkcs12/p12_add.c,"('12', '')",2000-12-31T01:13:04+00:00,1999-04-23T17:49:26+00:00
ecbe07817ab8fff2aca97eeb69fabdd5c54b4bda,8d8c7266d4de9887fb0190a0770df9dc254a16a3,crypto/pkcs12/p12_crt.c,"('12', '')",2000-12-31T01:13:04+00:00,1999-03-28T23:17:34+00:00
ecbe07817ab8fff2aca97eeb69fabdd5c54b4bda,130832150c1313824868b154cccda3ace88fa950,crypto/pkcs12/p12_decr.c,"('12', '')",2000-12-31T01:13:04+00:00,2000-06-21T02:25:30+00:00
ecbe07817ab8fff2aca97eeb69fabdd5c54b4bda,61f5b6f33807306d09bccbc2dcad474d1d04ca40,crypto/pkcs12/p12_decr.c,"('12', '')",2000-12-31T01:13:04+00:00,1999-04-23T15:01:15+00:00
ecbe07817ab8fff2aca97eeb69fabdd5c54b4bda,8d8c7266d4de9887fb0190a0770df9dc254a16a3,crypto/pkcs12/p12_decr.c,"('12', '')",2000-12-31T01:13:04+00:00,1999-03-28T23:17:34+00:00
ecbe07817ab8fff2aca97eeb69fabdd5c54b4bda,c5db363e1b75f8452e4c888402a8ecb291b13838,crypto/pkcs12/p12_decr.c,"('12', '')",2000-12-31T01:13:04+00:00,1999-04-16T18:13:27+00:00
ecbe07817ab8fff2aca97eeb69fabdd5c54b4bda,26a3a48d65c7464b400ec1de439994d7f0d25fed,crypto/pkcs12/p12_decr.c,"('12', '')",2000-12-31T01:13:04+00:00,2000-06-01T22:19:21+00:00
ecbe07817ab8fff2aca97eeb69fabdd5c54b4bda,6b691a5c85ddc4e407e32781841fee5c029506cd,crypto/pkcs12/p12_decr.c,"('12', '')",2000-12-31T01:13:04+00:00,1999-04-19T21:31:43+00:00
ecbe07817ab8fff2aca97eeb69fabdd5c54b4bda,8d8c7266d4de9887fb0190a0770df9dc254a16a3,crypto/pkcs12/p12_kiss.c,"('12', '')",2000-12-31T01:13:04+00:00,1999-03-28T23:17:34+00:00
ecbe07817ab8fff2aca97eeb69fabdd5c54b4bda,21131f00d7ffcdac99334ce5704366c1cdd06fc4,crypto/pkcs12/p12_npas.c,"('12', '')",2000-12-31T01:13:04+00:00,1999-12-03T03:46:18+00:00
ecbe07817ab8fff2aca97eeb69fabdd5c54b4bda,8d8c7266d4de9887fb0190a0770df9dc254a16a3,crypto/pkcs12/p12_utl.c,"('12', '')",2000-12-31T01:13:04+00:00,1999-03-28T23:17:34+00:00
ecbe07817ab8fff2aca97eeb69fabdd5c54b4bda,130832150c1313824868b154cccda3ace88fa950,crypto/pkcs12/pkcs12.h,"('12', '')",2000-12-31T01:13:04+00:00,2000-06-21T02:25:30+00:00
ecbe07817ab8fff2aca97eeb69fabdd5c54b4bda,61f5b6f33807306d09bccbc2dcad474d1d04ca40,crypto/pkcs12/pkcs12.h,"('12', '')",2000-12-31T01:13:04+00:00,1999-04-23T15:01:15+00:00
ecbe07817ab8fff2aca97eeb69fabdd5c54b4bda,8d8c7266d4de9887fb0190a0770df9dc254a16a3,crypto/pkcs12/pkcs12.h,"('12', '')",2000-12-31T01:13:04+00:00,1999-03-28T23:17:34+00:00
ecbe07817ab8fff2aca97eeb69fabdd5c54b4bda,5de603abc8fe6fedca529ce58d3741b50ff99592,crypto/pkcs12/pkcs12.h,"('12', '')",2000-12-31T01:13:04+00:00,2000-05-16T21:22:45+00:00
ecbe07817ab8fff2aca97eeb69fabdd5c54b4bda,f2716dada0527bcf200e628fd572514bd395fbfb,crypto/pkcs12/pkcs12.h,"('12', '')",2000-12-31T01:13:04+00:00,2000-05-16T19:53:50+00:00
ecbe07817ab8fff2aca97eeb69fabdd5c54b4bda,b0c6fb8064f129ba94aa9e1f479750a20b2bdee2,crypto/pkcs12/pkcs12.h,"('12', '')",2000-12-31T01:13:04+00:00,1999-06-04T23:33:48+00:00
cbf0f45f90ce316360f07c8b6c5f37b913d9c24d,8d8c7266d4de9887fb0190a0770df9dc254a16a3,crypto/pkcs12/p12_utl.c,"('12', '')",2001-01-10T01:06:31+00:00,1999-03-28T23:17:34+00:00
02ee8626fbf52c6b1cd7ce2508369f59eda701e9,8d8c7266d4de9887fb0190a0770df9dc254a16a3,crypto/pkcs12/p12_key.c,"('12', '')",2001-03-18T02:11:42+00:00,1999-03-28T23:17:34+00:00
31bc51c8cf4784f31732e5822d6fae894123a4f4,2c05c494c03a66c3e8e953f548d00f23b96e8b2d,ssl/s3_srvr.c,"('1', '')",2001-06-01T09:41:25+00:00,2000-05-25T09:50:40+00:00
31bc51c8cf4784f31732e5822d6fae894123a4f4,d02b48c63a58ea4367a0e905979f140b7d090f86,ssl/s3_srvr.c,"('1', '')",2001-06-01T09:41:25+00:00,1998-12-21T10:52:47+00:00
72da660ddb5d3e32dc70479205079d3e16913991,0a3ea5d34a4862160304dd6e4245f7aaab048e19,doc/apps/x509.pod,"('38', '')",2002-05-16T17:45:37+00:00,2001-03-15T01:15:54+00:00
f8049301509dc1ee13d1b3e4c0d19ad3d84013d5,9d6b1ce6441c7cc6aed344f02d9f676ab5e04217,crypto/pkcs12/p12_asn.c,"('12', '')",2002-09-07T22:57:49+00:00,2000-12-08T19:09:35+00:00
8ee4845b65189096ae38144a349479f47a81a4ed,4d94ae00d5614d64d4dd065860c4b00161a81f82,crypto/ecdsa/ecdsatest.c,"('8', '')",2002-10-28T14:13:38+00:00,2002-02-13T18:21:51+00:00
8ee4845b65189096ae38144a349479f47a81a4ed,14a7cfb32a0347a4bc620ae1b552b21c4c1e270b,crypto/ecdsa/ecdsatest.c,"('8', '')",2002-10-28T14:13:38+00:00,2002-08-07T10:49:54+00:00
8ee4845b65189096ae38144a349479f47a81a4ed,66430207a4de2160082d84bb69feedde9cf7ac83,crypto/evp/evp_pkey.c,"('8', '')",2002-10-28T14:13:38+00:00,2000-02-05T21:07:56+00:00
8ee4845b65189096ae38144a349479f47a81a4ed,14a7cfb32a0347a4bc620ae1b552b21c4c1e270b,crypto/evp/evp_pkey.c,"('8', '')",2002-10-28T14:13:38+00:00,2002-08-07T10:49:54+00:00
8ee4845b65189096ae38144a349479f47a81a4ed,4d94ae00d5614d64d4dd065860c4b00161a81f82,crypto/evp/evp_pkey.c,"('8', '')",2002-10-28T14:13:38+00:00,2002-02-13T18:21:51+00:00
8ee4845b65189096ae38144a349479f47a81a4ed,cfcefcbe2aff81c1735c788ca6ae26b7c16cc453,crypto/evp/evp_pkey.c,"('8', '')",2002-10-28T14:13:38+00:00,1999-03-28T17:46:10+00:00
8ee4845b65189096ae38144a349479f47a81a4ed,5488bb6197b9af7a4670fb88936f0b53a9af0d2f,crypto/evp/evp_pkey.c,"('8', '')",2002-10-28T14:13:38+00:00,2002-08-12T08:47:41+00:00
8ee4845b65189096ae38144a349479f47a81a4ed,48fe0eec67d2c3b000fe845fd9a8160f3564b5b7,crypto/evp/evp_pkey.c,"('8', '')",2002-10-28T14:13:38+00:00,2000-03-07T01:03:33+00:00
0654bba39f2bae505a51f8d61eca97d4c96ec9fa,e8b4d05f61e4dc04bce732287b8584c6a303223a,Configure,"('238', '')",2002-12-14T21:46:46+00:00,2002-06-27T10:19:17+00:00
0654bba39f2bae505a51f8d61eca97d4c96ec9fa,a5595fde9a03b1189affa4de46d48c16fce6356f,Configure,"('238', '')",2002-12-14T21:46:46+00:00,2002-01-02T10:30:07+00:00
0654bba39f2bae505a51f8d61eca97d4c96ec9fa,83699c4784552a327abc2d0432d9f75cdd6976e0,Makefile.shared,"('238', '')",2002-12-14T21:46:46+00:00,2002-10-11T07:33:38+00:00
07d09fdb66fbcb8f23a52c154a20d798d76d776b,6f7ac8e1b0654e1be7ec571f3646be6f37c34788,crypto/des/Makefile.ssl,"('405', '')",2002-12-18T09:03:48+00:00,2002-12-13T17:56:14+00:00
726c2231431f811d12bdfcd83052eb62d1fc626b,179add2b077a3cb9e34e28b5bb3767c1125fc204,Configure,"('463', '')",2003-01-18T15:13:03+00:00,2002-08-01T20:28:16+00:00
726c2231431f811d12bdfcd83052eb62d1fc626b,613599ffff6aecb2c349208d4908fcb5f84a54c1,Configure,"('463', '')",2003-01-18T15:13:03+00:00,2002-01-27T16:03:40+00:00
f35232e6f3dee19e8d54a9247d2af39144cb0da1,2fe5adc36c005b83615ed61e96ea70c0628f42eb,apps/apps.c,"('766', '')",2003-11-16T16:30:39+00:00,2001-06-19T16:26:30+00:00
d7559f16cdded5c655f9228c1daf9f244f484a89,76dfca879f026844297b6540fa39dfb5d25ade39,crypto/engine/eng_cryptodev.c,"('778', '')",2003-11-24T16:48:52+00:00,2002-10-11T18:38:26+00:00
800e400de5ca30491577301ded618445b48c7911,58964a492275ca9a59a0cd9c8155cb2491b4b909,crypto/bn/bn.h,"('555', '');('785', '');('827', '')",2005-04-26T22:31:48+00:00,1998-12-21T10:56:39+00:00
800e400de5ca30491577301ded618445b48c7911,d6dda126b7921c1067cdc49845e4656c53a5c96b,crypto/bn/bn.h,"('555', '');('785', '');('827', '')",2005-04-26T22:31:48+00:00,2004-05-15T18:32:08+00:00
800e400de5ca30491577301ded618445b48c7911,5679bcce070335745652c1b9689f6ba06c7b6596,crypto/bn/bn.h,"('555', '');('785', '');('827', '')",2005-04-26T22:31:48+00:00,2003-04-02T09:50:22+00:00
800e400de5ca30491577301ded618445b48c7911,6b691a5c85ddc4e407e32781841fee5c029506cd,crypto/bn/bn_blind.c,"('555', '');('785', '');('827', '')",2005-04-26T22:31:48+00:00,1999-04-19T21:31:43+00:00
800e400de5ca30491577301ded618445b48c7911,58964a492275ca9a59a0cd9c8155cb2491b4b909,crypto/bn/bn_blind.c,"('555', '');('785', '');('827', '')",2005-04-26T22:31:48+00:00,1998-12-21T10:56:39+00:00
800e400de5ca30491577301ded618445b48c7911,dfeab0689f69c0b4bd3480ffd37a9cacc2f17d9c,crypto/bn/bn_blind.c,"('555', '');('785', '');('827', '')",2005-04-26T22:31:48+00:00,1998-12-21T11:00:56+00:00
800e400de5ca30491577301ded618445b48c7911,c554155b58f5c0dda132048bb0a68a2d1a463d98,crypto/rsa/rsa_eay.c,"('555', '');('785', '');('827', '')",2005-04-26T22:31:48+00:00,2003-03-20T17:31:30+00:00
800e400de5ca30491577301ded618445b48c7911,58964a492275ca9a59a0cd9c8155cb2491b4b909,crypto/rsa/rsa_eay.c,"('555', '');('785', '');('827', '')",2005-04-26T22:31:48+00:00,1998-12-21T10:56:39+00:00
800e400de5ca30491577301ded618445b48c7911,46ef873f0b3c04b6415cddac5d4a7b27b53cc482,crypto/rsa/rsa_eay.c,"('555', '');('785', '');('827', '')",2005-04-26T22:31:48+00:00,2004-03-25T02:52:04+00:00
800e400de5ca30491577301ded618445b48c7911,5679bcce070335745652c1b9689f6ba06c7b6596,crypto/rsa/rsa_eay.c,"('555', '');('785', '');('827', '')",2005-04-26T22:31:48+00:00,2003-04-02T09:50:22+00:00
800e400de5ca30491577301ded618445b48c7911,cd1226bc6a7849e8103bb5fae55fe560ad16d20f,crypto/rsa/rsa_eay.c,"('555', '');('785', '');('827', '')",2005-04-26T22:31:48+00:00,2003-04-15T13:01:37+00:00
800e400de5ca30491577301ded618445b48c7911,fd836aeee017d4c7fef8e4d21afa07081e815be2,crypto/rsa/rsa_eay.c,"('555', '');('785', '');('827', '')",2005-04-26T22:31:48+00:00,2004-03-15T22:37:08+00:00
800e400de5ca30491577301ded618445b48c7911,c554155b58f5c0dda132048bb0a68a2d1a463d98,crypto/rsa/rsa_lib.c,"('555', '');('785', '');('827', '')",2005-04-26T22:31:48+00:00,2003-03-20T17:31:30+00:00
800e400de5ca30491577301ded618445b48c7911,03f8b042772ce5fe04b82e2933535d92ea56dce6,crypto/rsa/rsa_lib.c,"('555', '');('785', '');('827', '')",2005-04-26T22:31:48+00:00,1998-12-29T17:22:31+00:00
800e400de5ca30491577301ded618445b48c7911,58964a492275ca9a59a0cd9c8155cb2491b4b909,crypto/rsa/rsa_lib.c,"('555', '');('785', '');('827', '')",2005-04-26T22:31:48+00:00,1998-12-21T10:56:39+00:00
800e400de5ca30491577301ded618445b48c7911,cb78486d97328121add07df466b7578076650a90,crypto/rsa/rsa_lib.c,"('555', '');('785', '');('827', '')",2005-04-26T22:31:48+00:00,2001-09-25T20:23:40+00:00
800e400de5ca30491577301ded618445b48c7911,040c687ce479bda5b68fd865d5ab97a91035e29e,crypto/rsa/rsa_lib.c,"('555', '');('785', '');('827', '')",2005-04-26T22:31:48+00:00,2003-04-16T06:25:21+00:00
800e400de5ca30491577301ded618445b48c7911,5679bcce070335745652c1b9689f6ba06c7b6596,crypto/rsa/rsa_lib.c,"('555', '');('785', '');('827', '')",2005-04-26T22:31:48+00:00,2003-04-02T09:50:22+00:00
800e400de5ca30491577301ded618445b48c7911,12c2fe8d53fd43559ea862c9babfc2abf3c65299,crypto/rsa/rsa_lib.c,"('555', '');('785', '');('827', '')",2005-04-26T22:31:48+00:00,2001-02-20T00:43:59+00:00
800e400de5ca30491577301ded618445b48c7911,fd836aeee017d4c7fef8e4d21afa07081e815be2,crypto/rsa/rsa_lib.c,"('555', '');('785', '');('827', '')",2005-04-26T22:31:48+00:00,2004-03-15T22:37:08+00:00
800e400de5ca30491577301ded618445b48c7911,dfeab0689f69c0b4bd3480ffd37a9cacc2f17d9c,crypto/rsa/rsa_lib.c,"('555', '');('785', '');('827', '')",2005-04-26T22:31:48+00:00,1998-12-21T11:00:56+00:00
800e400de5ca30491577301ded618445b48c7911,6b691a5c85ddc4e407e32781841fee5c029506cd,crypto/rsa/rsa_lib.c,"('555', '');('785', '');('827', '')",2005-04-26T22:31:48+00:00,1999-04-19T21:31:43+00:00
800e400de5ca30491577301ded618445b48c7911,9b141126d4b6f0636bc047e81b846c193ae26611,crypto/rsa/rsa_lib.c,"('555', '');('785', '');('827', '')",2005-04-26T22:31:48+00:00,2000-02-05T14:17:32+00:00
8f2d60ec267645088987704ec8ce83f0b424d017,1702c8c4bf4eff4e64b88ea33f0bd9f30b953d20,crypto/bn/asm/x86-mont.pl,"('503', '')",2006-12-27T10:59:51+00:00,2006-12-22T15:28:07+00:00
8f2d60ec267645088987704ec8ce83f0b424d017,48d2335d73bbb195766d4cb2f4576d58712cd464,crypto/bn/asm/x86-mont.pl,"('503', '')",2006-12-27T10:59:51+00:00,2006-11-27T14:59:35+00:00
3f6916cf292f6507408d364cad3ffe28c86b5aa3,a2a54ffc5f3e27a5e12547063b0ebbb4ba30956f,crypto/aes/asm/aes-s390x.pl,"('16195', '')",2007-05-03T09:12:47+00:00,2007-04-30T08:42:54+00:00
e7b097f5589447fbc1d3530065df56d10c5d134b,340f5856ec089c0a61f95795b21c1445292748d1,crypto/engine/eng_table.c,"('1668', '')",2008-04-28T21:39:09+00:00,2004-06-19T03:58:42+00:00
7e7af0bc516fffbb28b0eb659bfd896a2c051073,d02b48c63a58ea4367a0e905979f140b7d090f86,ssl/s3_pkt.c,"('1703', '')",2008-10-10T10:41:35+00:00,1998-12-21T10:52:47+00:00
09a60c9833fa6800230e23a7e42a48832792e629,3b04cdd706d1394df2c7fbaca579b06e6227a647,crypto/engine/eng_openssl.c,"('17578', '')",2008-10-31T20:20:54+00:00,2001-09-25T21:41:20+00:00
09a60c9833fa6800230e23a7e42a48832792e629,a04549cc755408ff2dcab209fd87d3e46f7d662a,engines/ccgost/gost_crypt.c,"('17578', '')",2008-10-31T20:20:54+00:00,2006-09-17T13:00:18+00:00
09a60c9833fa6800230e23a7e42a48832792e629,926c41bd293461df485e1ccde391ef471abf86c1,engines/ccgost/gost_crypt.c,"('17578', '')",2008-10-31T20:20:54+00:00,2006-09-21T13:04:43+00:00
09a60c9833fa6800230e23a7e42a48832792e629,744ecaa5b6c024c4dfb9036e5efb65f7fec4f784,engines/ccgost/gost_crypt.c,"('17578', '')",2008-10-31T20:20:54+00:00,2008-01-04T00:37:23+00:00
1d4e879106676c68d6eb23319bfa412c5431ce53,4e5d3a7f986c8ade22793a848e95447fafafece0,crypto/x509v3/v3_utl.c,"('506111', '')",2008-12-07T23:58:44+00:00,2003-02-05T00:34:31+00:00
e527201f6be3c295358bcc8b6bafec598f02dc97,e703b4659878f479bf3b0df49c1004860fe29d7a,crypto/bio/bss_file.c,"('1230', '')",2008-12-22T13:54:12+00:00,2004-03-24T10:55:48+00:00
e527201f6be3c295358bcc8b6bafec598f02dc97,5572f482e797a5f6eee34ef7f04a8defde7bdecf,engines/e_aep.c,"('1230', '')",2008-12-22T13:54:12+00:00,2002-10-11T17:08:27+00:00
3b0ee0d2bf076649fa1d2d42281678ec1008a86f,6c69aa532eee8a2cd1228b7810a926f2b752b864,crypto/aes/asm/aes-586.pl,"('1801', '')",2008-12-27T13:32:21+00:00,2006-08-07T09:05:52+00:00
0debb681e15bad45395d0a61351d2660224a0978,36d16f8ee0845d932e250286e8e236580470e35b,ssl/d1_srvr.c,"('2144', '')",2010-01-19T19:11:35+00:00,2005-04-26T16:02:40+00:00
0debb681e15bad45395d0a61351d2660224a0978,8d39d2800a17590be567ef9c5105605f1ce64d24,ssl/d1_srvr.c,"('2144', '')",2010-01-19T19:11:35+00:00,2010-01-16T19:46:10+00:00
21a5c040e5398b7d4ec374168815f88c94a102d6,ce92bb54d1865fec51e8be173e8d12405a251a99,ssl/s3_srvr.c,"('1949', '')",2010-01-24T13:54:20+00:00,2009-06-26T15:03:35+00:00
bc120a54c9268ac37ede72aa88ed49ac6dbd4403,ce1ec9c35ef63b2c93cb554642c9652a0c4ffed5,ssl/ssltest.c,"('2125', '')",2010-01-24T16:57:20+00:00,2010-01-14T17:51:29+00:00
d5e7f2f2c3262c0dbf21363259b0477082c7b98e,36d16f8ee0845d932e250286e8e236580470e35b,ssl/d1_clnt.c,"('1949', '')",2010-01-26T19:47:37+00:00,2005-04-26T16:02:40+00:00
d5e7f2f2c3262c0dbf21363259b0477082c7b98e,36d16f8ee0845d932e250286e8e236580470e35b,ssl/d1_srvr.c,"('1949', '')",2010-01-26T19:47:37+00:00,2005-04-26T16:02:40+00:00
d5e7f2f2c3262c0dbf21363259b0477082c7b98e,d02b48c63a58ea4367a0e905979f140b7d090f86,ssl/s3_clnt.c,"('1949', '')",2010-01-26T19:47:37+00:00,1998-12-21T10:52:47+00:00
d5e7f2f2c3262c0dbf21363259b0477082c7b98e,21a5c040e5398b7d4ec374168815f88c94a102d6,ssl/s3_srvr.c,"('1949', '')",2010-01-26T19:47:37+00:00,2010-01-24T13:54:20+00:00
d5e7f2f2c3262c0dbf21363259b0477082c7b98e,d02b48c63a58ea4367a0e905979f140b7d090f86,ssl/s3_srvr.c,"('1949', '')",2010-01-26T19:47:37+00:00,1998-12-21T10:52:47+00:00
d5e7f2f2c3262c0dbf21363259b0477082c7b98e,ce92bb54d1865fec51e8be173e8d12405a251a99,ssl/s3_srvr.c,"('1949', '')",2010-01-26T19:47:37+00:00,2009-06-26T15:03:35+00:00
b380f9b88428d78e687e1f5100a56b229f2af854,d5e7f2f2c3262c0dbf21363259b0477082c7b98e,ssl/d1_srvr.c,"('1949', '')",2010-02-01T12:43:45+00:00,2010-01-26T19:47:37+00:00
f16176dab409c8de444315ba00c4eff36dd0e063,44959ee456effed8c9b7e2d7a49c27b46a5a4454,ssl/s3_lib.c,"('1833', '')",2010-08-26T14:54:16+00:00,2010-08-26T14:23:52+00:00
9e5fe439b4e8fb4198f241f2ba16a029a480d5f5,daaf5088fd20fe7c00a96a1cbae05e47b5dd2fc5,crypto/modes/xts128.c,"('20704', '')",2011-04-23T09:15:03+00:00,2011-04-20T08:13:58+00:00
78dfd43955bea13f61338ed66c274c168e831ac8,6941b7b91877caf770b0426c08471d61903878b2,crypto/asn1/asn_mime.c,"('2711', '')",2012-03-12T16:32:19+00:00,2012-02-23T21:50:44+00:00
e5db9c3b67deb80e274f66e3832a9cfba931670c,2daceb0342c8ca3514f37796e7f983e232d63f2a,CHANGES,"('2836', '')",2012-09-11T13:34:08+00:00,2012-09-11T12:57:46+00:00
e5db9c3b67deb80e274f66e3832a9cfba931670c,2daceb0342c8ca3514f37796e7f983e232d63f2a,ssl/ssl_lib.c,"('2836', '')",2012-09-11T13:34:08+00:00,2012-09-11T12:57:46+00:00
7c43601d4424575d589f028aed0d5a4ae337527f,6251989eb6168c1baada70c5b16c7742861d3d03,crypto/bn/asm/x86_64-gf2m.pl,"('2963', '')",2013-03-01T21:43:10+01:00,2012-06-27T10:08:23+00:00
c8919dde09d56f03615a52031964bc9a77b26e90,7122aafce5f3c8437680c22461da3dcb9a4e2e51,doc/apps/cms.pod,"('3146', '')",2013-10-22T07:38:25+01:00,2008-03-21T13:09:26+00:00
c8919dde09d56f03615a52031964bc9a77b26e90,e3775a33c1ee5aa845527c3fd9aac11426eac8c5,doc/apps/smime.pod,"('3146', '')",2013-10-22T07:38:25+01:00,1999-12-09T01:31:32+00:00
c8919dde09d56f03615a52031964bc9a77b26e90,6859bb1a222d638b27e2b738022106640b07e779,doc/ssl/SSL_COMP_add_compression_method.pod,"('3146', '')",2013-10-22T07:38:25+01:00,2003-11-29T10:33:25+00:00
c8919dde09d56f03615a52031964bc9a77b26e90,0bc6597d4d1402afd0c5df7855b72bdf93e98f9d,doc/ssl/SSL_CTX_add_session.pod,"('3146', '')",2013-10-22T07:38:25+01:00,2001-02-04T18:05:27+00:00
c8919dde09d56f03615a52031964bc9a77b26e90,356c06c7767e7bc4387c8fb3b955ae2c0a661f5b,doc/ssl/SSL_CTX_load_verify_locations.pod,"('3146', '')",2013-10-22T07:38:25+01:00,2000-10-03T22:02:28+00:00
c8919dde09d56f03615a52031964bc9a77b26e90,5cc270774258149235f69e1789b3370f57b0e27b,doc/ssl/SSL_CTX_set_client_CA_list.pod,"('3146', '')",2013-10-22T07:38:25+01:00,2013-02-15T19:36:26+01:00
c8919dde09d56f03615a52031964bc9a77b26e90,356c06c7767e7bc4387c8fb3b955ae2c0a661f5b,doc/ssl/SSL_CTX_set_client_CA_list.pod,"('3146', '')",2013-10-22T07:38:25+01:00,2000-10-03T22:02:28+00:00
c8919dde09d56f03615a52031964bc9a77b26e90,cd6aa710b5f4df1959b9bb3f78928619502b39af,doc/ssl/SSL_CTX_set_session_id_context.pod,"('3146', '')",2013-10-22T07:38:25+01:00,2001-01-31T14:14:20+00:00
c8919dde09d56f03615a52031964bc9a77b26e90,c19b6c922a6575974455404be3c1409de60fb1eb,doc/ssl/SSL_CTX_set_ssl_version.pod,"('3146', '')",2013-10-22T07:38:25+01:00,2000-09-21T06:46:15+00:00
c8919dde09d56f03615a52031964bc9a77b26e90,ddac197404f585b8da58df794fc3beb9d08e8cd2,doc/ssl/SSL_CTX_use_psk_identity_hint.pod,"('3146', '')",2013-10-22T07:38:25+01:00,2006-03-10T23:06:27+00:00
c8919dde09d56f03615a52031964bc9a77b26e90,5cc270774258149235f69e1789b3370f57b0e27b,doc/ssl/SSL_accept.pod,"('3146', '')",2013-10-22T07:38:25+01:00,2013-02-15T19:36:26+01:00
c8919dde09d56f03615a52031964bc9a77b26e90,cc99526db1ee5b948736f6b07958a786fec1240b,doc/ssl/SSL_accept.pod,"('3146', '')",2013-10-22T07:38:25+01:00,2000-09-14T13:11:56+00:00
c8919dde09d56f03615a52031964bc9a77b26e90,cc99526db1ee5b948736f6b07958a786fec1240b,doc/ssl/SSL_clear.pod,"('3146', '')",2013-10-22T07:38:25+01:00,2000-09-14T13:11:56+00:00
c8919dde09d56f03615a52031964bc9a77b26e90,5cc270774258149235f69e1789b3370f57b0e27b,doc/ssl/SSL_connect.pod,"('3146', '')",2013-10-22T07:38:25+01:00,2013-02-15T19:36:26+01:00
c8919dde09d56f03615a52031964bc9a77b26e90,cc99526db1ee5b948736f6b07958a786fec1240b,doc/ssl/SSL_connect.pod,"('3146', '')",2013-10-22T07:38:25+01:00,2000-09-14T13:11:56+00:00
c8919dde09d56f03615a52031964bc9a77b26e90,5cc270774258149235f69e1789b3370f57b0e27b,doc/ssl/SSL_do_handshake.pod,"('3146', '')",2013-10-22T07:38:25+01:00,2013-02-15T19:36:26+01:00
c8919dde09d56f03615a52031964bc9a77b26e90,02b7ec88bb798326d2bdae41c549bebeabc8759f,doc/ssl/SSL_do_handshake.pod,"('3146', '')",2013-10-22T07:38:25+01:00,2002-07-19T11:05:50+00:00
c8919dde09d56f03615a52031964bc9a77b26e90,cc99526db1ee5b948736f6b07958a786fec1240b,doc/ssl/SSL_read.pod,"('3146', '')",2013-10-22T07:38:25+01:00,2000-09-14T13:11:56+00:00
c8919dde09d56f03615a52031964bc9a77b26e90,2d3b6a5be7f567d44c88f7b55caff7976229b44a,doc/ssl/SSL_session_reused.pod,"('3146', '')",2013-10-22T07:38:25+01:00,2001-07-20T18:57:15+00:00
c8919dde09d56f03615a52031964bc9a77b26e90,cc99526db1ee5b948736f6b07958a786fec1240b,doc/ssl/SSL_set_fd.pod,"('3146', '')",2013-10-22T07:38:25+01:00,2000-09-14T13:11:56+00:00
c8919dde09d56f03615a52031964bc9a77b26e90,cc99526db1ee5b948736f6b07958a786fec1240b,doc/ssl/SSL_set_session.pod,"('3146', '')",2013-10-22T07:38:25+01:00,2000-09-14T13:11:56+00:00
c8919dde09d56f03615a52031964bc9a77b26e90,5cc270774258149235f69e1789b3370f57b0e27b,doc/ssl/SSL_shutdown.pod,"('3146', '')",2013-10-22T07:38:25+01:00,2013-02-15T19:36:26+01:00
c8919dde09d56f03615a52031964bc9a77b26e90,cc99526db1ee5b948736f6b07958a786fec1240b,doc/ssl/SSL_shutdown.pod,"('3146', '')",2013-10-22T07:38:25+01:00,2000-09-14T13:11:56+00:00
c8919dde09d56f03615a52031964bc9a77b26e90,cc99526db1ee5b948736f6b07958a786fec1240b,doc/ssl/SSL_write.pod,"('3146', '')",2013-10-22T07:38:25+01:00,2000-09-14T13:11:56+00:00
ed77017b594754240013c378b4f7c10440c94d7a,eeb15452a053c14305210522be0e7313cb763bac,doc/ssl/SSL_CTX_add1_chain_cert.pod,"('3147', '')",2013-10-22T07:38:25+01:00,2013-08-17T17:41:14+01:00
ed77017b594754240013c378b4f7c10440c94d7a,c3eb33763bf2999843fe4124f3f39dea6edc26e6,doc/ssl/SSL_CTX_set1_curves.pod,"('3147', '')",2013-10-22T07:38:25+01:00,2013-09-03T15:43:01+01:00
ed77017b594754240013c378b4f7c10440c94d7a,eeb15452a053c14305210522be0e7313cb763bac,doc/ssl/SSL_CTX_set1_verify_cert_store.pod,"('3147', '')",2013-10-22T07:38:25+01:00,2013-08-17T17:41:14+01:00
2911575c6e790541e495927a60121d7546a66962,6f017a8f9db3a79f3a3406cf8d493ccd346db691,apps/s_client.c,"('3106', '')",2013-11-14T01:20:12+00:00,2013-07-22T15:28:20+01:00
2911575c6e790541e495927a60121d7546a66962,ee2ffc279417f15fef3b1073c7dc81a908991516,ssl/ssl.h,"('3106', '')",2013-11-14T01:20:12+00:00,2010-07-28T10:06:55+00:00
2911575c6e790541e495927a60121d7546a66962,8ce6421803f338f69edb4dd29e48ce02584860d4,util/ssleay.num,"('3106', '')",2013-11-14T01:20:12+00:00,2011-11-21T22:57:41+00:00
b77b58a398c8b9b4113f3fb6b48e162a3b8d4527,3e8b6485b342d70e980418bc4bb2c60148d844d8,ssl/s3_pkt.c,"('3191', '')",2014-01-02T15:05:44+00:00,2010-03-25T11:25:30+00:00
b77b58a398c8b9b4113f3fb6b48e162a3b8d4527,a661b6535744f41b428bb35a7fc3e5747900e9ef,ssl/s3_srvr.c,"('3191', '')",2014-01-02T15:05:44+00:00,2001-10-20T17:56:36+00:00
b77b58a398c8b9b4113f3fb6b48e162a3b8d4527,c6913eeb762edffddecaaba5c84909d7a7962927,ssl/s3_srvr.c,"('3191', '')",2014-01-02T15:05:44+00:00,2013-04-09T14:02:48+01:00
10378fb5f4c67270b800e8f7c600cd0548874811,d02b48c63a58ea4367a0e905979f140b7d090f86,crypto/evp/bio_b64.c,"('3289', '')",2014-04-02T19:54:27+01:00,1998-12-21T10:52:47+00:00
8acb953880bc7fc5ed4e339de06dff0a213fa274,aba3e65f2c8b02e6c458681db56dc1594266cba9,doc/apps/version.pod,"('77', '')",2014-04-26T08:09:53+01:00,1999-11-10T02:52:17+00:00
8e94fadd0b79491714401d89b338db27211b9819,d02b48c63a58ea4367a0e905979f140b7d090f86,apps/s_socket.c,"('3342', '')",2014-05-08T23:08:33+01:00,1998-12-21T10:52:47+00:00
0bcb17a7776b7f740e855932890edfb7acfd7124,146b52edd122f55e2b2bfeb486dae8dbe96f739e,crypto/cms/cms_smime.c,"('3348', '')",2014-05-09T14:24:54+01:00,2012-03-12T16:31:39+00:00
b00676bb6f75ecc10d838a844cc9b54c36a4ba0b,b7a26e6dafdbf97513e968a45757a4d4e9843ba2,apps/req.c,"('3347', '')",2014-05-11T20:28:56+01:00,2001-06-28T11:41:50+00:00
7b06ac7593cf4cecfc2510989ed504d808a130b5,8671b898609777c95aedf33743419a523874e6e8,ssl/s3_pkt.c,"('3321', '')",2014-05-12T00:38:37+01:00,2008-06-03T02:48:34+00:00
2af071c0bc3f5573574ccf8927dbf60f47c81df5,709e85953d43d4407a987554cd07da6b05092ced,doc/apps/verify.pod,"('3355', '')",2014-05-14T22:49:30+01:00,2000-09-08T00:53:58+00:00
487dac87e36ff2d80302494c4f0837de6e321081,761772d7e19145fa9afb2a0c830ead69a33f3fa5,ssl/t1_lib.c,"('74', '')",2014-05-26T13:16:12+01:00,2007-09-21T06:54:24+00:00
028bac0670c167f154438742eb4d0fbed73df209,8e264a933fa226233053ada4fe53f84d9de15a87,test/Makefile,"('3346', '')",2014-05-27T23:29:32+01:00,2001-05-03T08:50:27+00:00
4da0ddc47ea0bed39327d59223f2b79364b313ef,84b65340e1cf5b0c427d87e89f42382bff2a5b63,crypto/pkcs12/p12_kiss.c,"('3278', '')",2014-05-29T14:33:32+01:00,2000-09-07T23:14:26+00:00
d1e1aeef8f434fa3caf5e27faf82ec629b794f3a,36d16f8ee0845d932e250286e8e236580470e35b,ssl/d1_pkt.c,"('3362', '')",2014-06-01T21:36:25+01:00,2005-04-26T16:02:40+00:00
abfb989fe0b749ad61f1aa4cdb0ea4f952fc13e0,d02b48c63a58ea4367a0e905979f140b7d090f86,ssl/ssl_ciph.c,"('3375', '')",2014-06-12T21:11:00+01:00,1998-12-21T10:52:47+00:00
2841d6ca9f87c2aeb318e6957038864119770e3a,cf1b08cdd7005a7e8f8935872a09da5f91d64557,ssl/ssl_ciph.c,"('3375', '')",2014-06-22T23:14:19+01:00,2014-06-22T22:35:56+01:00
d2aea038297e0c64ca66e6844cbb37377365885e,c869da8839ef5af9df5a4d98f518b079240a0d4b,apps/crl2p7.c,"('3403', '')",2014-06-27T14:35:07+01:00,2009-07-27T21:10:00+00:00
d2aea038297e0c64ca66e6844cbb37377365885e,a0e7c8eede26b29b09057f48b8e51f46f8811ddd,crypto/asn1/a_utctm.c,"('3403', '')",2014-06-27T14:35:07+01:00,2004-12-05T01:03:15+00:00
d2aea038297e0c64ca66e6844cbb37377365885e,d02b48c63a58ea4367a0e905979f140b7d090f86,crypto/asn1/a_utctm.c,"('3403', '')",2014-06-27T14:35:07+01:00,1998-12-21T10:52:47+00:00
d2aea038297e0c64ca66e6844cbb37377365885e,b8e35bd66e4d3d94c10091f6773afc4314ffcc80,crypto/asn1/a_utctm.c,"('3403', '')",2014-06-27T14:35:07+01:00,2001-05-16T08:44:09+00:00
d2aea038297e0c64ca66e6844cbb37377365885e,87d3a0cd9006f67fed0d3335d8b1c5ab94a26f8f,crypto/asn1/a_utctm.c,"('3403', '')",2014-06-27T14:35:07+01:00,2008-10-07T22:55:27+00:00
d2aea038297e0c64ca66e6844cbb37377365885e,e46691a0bc17cad1e242668792a796ac50be7456,crypto/asn1/ameth_lib.c,"('3403', '')",2014-06-27T14:35:07+01:00,2006-04-05T13:24:19+00:00
d2aea038297e0c64ca66e6844cbb37377365885e,cfcefcbe2aff81c1735c788ca6ae26b7c16cc453,crypto/asn1/asn_pack.c,"('3403', '')",2014-06-27T14:35:07+01:00,1999-03-28T17:46:10+00:00
d2aea038297e0c64ca66e6844cbb37377365885e,08e9c1af6c26f74ef7f7524be4b89241ff232a8c,crypto/asn1/evp_asn1.c,"('3403', '')",2014-06-27T14:35:07+01:00,1999-10-20T01:50:23+00:00
d2aea038297e0c64ca66e6844cbb37377365885e,8845420f4e030092f89261510e8b65043d692cce,crypto/asn1/tasn_enc.c,"('3403', '')",2014-06-27T14:35:07+01:00,2004-04-24T17:02:48+00:00
95791bf94150f2e3dc96fd2462627aaf354e92e4,d02b48c63a58ea4367a0e905979f140b7d090f86,crypto/objects/obj_dat.pl,"('1', '');('2556', '')",2014-06-27T14:35:07+01:00,1998-12-21T10:52:47+00:00
59deb33cbe8ade8f8000b8d86198d8e276a2d19f,856640b54f3d22a34d6565e9c78c441a15222577,crypto/evp/evp_pbe.c,"('3206', '')",2014-06-27T23:19:39+01:00,2006-05-14T18:40:53+00:00
d183545d4589f1e7a40190400b8b99ea3d1f7f97,e0af04056cafff7cbfd2f4426cd0b44700a374a4,ssl/t1_enc.c,"('3141', '')",2014-06-28T00:40:26+01:00,2011-11-15T23:50:52+00:00
5cc99c6cf5e908df6b00b04af7f08e99c0698c7b,a14e2d9dfe0bc17800a5ab6b0439a3db50702586,doc/crypto/ERR_get_error.pod,"('3283', '')",2014-07-02T03:43:42+01:00,2002-01-24T16:16:43+00:00
5cc99c6cf5e908df6b00b04af7f08e99c0698c7b,30ea570f0fb2717b1faca5d611a3ab200c8eac83,doc/crypto/ERR_get_error.pod,"('3283', '')",2014-07-02T03:43:42+01:00,2014-01-29T01:01:52+00:00
eca441b2b4d33d2a18d163ef9b4b3aff14251c73,361512da0d900ba276096cbd152e304d402aca65,crypto/bn/bn_exp.c,"('3397', '')",2014-07-02T19:35:50+02:00,2011-08-12T16:44:32+00:00
7eb9680ae1bf5dd9aeb61c401f2c3bd900ac9aeb,977f32e85241cba8be53e44dade32231e8a91718,crypto/sha/asm/sha512-x86_64.pl,"('3431', '')",2014-07-05T23:59:57+02:00,2014-06-12T21:45:41+02:00
66816c53bea0ecddb9448da7ea9a51a334496127,c8bbd98a2b0c2a5164c42f951cd2866512839b5a,crypto/bio/bio_lib.c,"('3439', '')",2014-07-09T23:29:17+01:00,2010-06-12T14:13:23+00:00
66816c53bea0ecddb9448da7ea9a51a334496127,d02b48c63a58ea4367a0e905979f140b7d090f86,crypto/bio/bio_lib.c,"('3439', '')",2014-07-09T23:29:17+01:00,1998-12-21T10:52:47+00:00
c8d710dc5f83d69d802f941a4cc5895eb5fe3d65,36d16f8ee0845d932e250286e8e236580470e35b,ssl/d1_srvr.c,"('3452', '')",2014-07-15T18:23:13+01:00,2005-04-26T16:02:40+00:00
d48e78f0cf22aaddb563f4bcfccf25b1a45ac8a4,06623ff028b703091b30454f2d87afde1a520e02,doc/crypto/pem.pod,"('3456', '')",2014-07-17T12:07:37+01:00,2002-01-04T13:35:37+00:00
f8c03d4dbf43cadb14abffbe4d69eb6b4bdff50f,2186cd8ef1c4db86109af7a38182c2bd9ddbbb32,doc/crypto/RSA_set_method.pod,"('1675', '')",2014-07-19T22:57:37+01:00,2000-01-11T22:35:21+00:00
b5ff559ff90124c6fd53bbb49dae5edb4e821e0a,d02b48c63a58ea4367a0e905979f140b7d090f86,ssl/s3_clnt.c,"('3450', '')",2014-09-21T21:54:31+10:00,1998-12-21T10:52:47+00:00
b5ff559ff90124c6fd53bbb49dae5edb4e821e0a,20d2186c87dabec56c6da48961a779843724a019,ssl/s3_clnt.c,"('3450', '')",2014-09-21T21:54:31+10:00,2001-10-16T01:24:29+00:00
e04d426bf98ebb22abf0f15b6f09d333a6e8b2ad,3ba1f111470257c218d46f0aaa74cfba2c068c35,crypto/ec/ec_mult.c,"('3595', '')",2014-11-12T20:26:31+00:00,2001-11-15T22:32:11+00:00
012aa9ec76b158179b4de44bb5de8b8472045eac,7e159e0133d28bec9148446e8f4dd86c0216d819,crypto/bio/bss_dgram.c,"('3483', '')",2014-11-17T12:40:44+00:00,2011-12-25T14:45:15+00:00
8a35dbb6d89a16d792b79b157b3e89443639ec94,36d16f8ee0845d932e250286e8e236580470e35b,ssl/d1_both.c,"('3608', '')",2014-11-26T10:10:21+00:00,2005-04-26T16:02:40+00:00
8a35dbb6d89a16d792b79b157b3e89443639ec94,36d16f8ee0845d932e250286e8e236580470e35b,ssl/d1_lib.c,"('3608', '')",2014-11-26T10:10:21+00:00,2005-04-26T16:02:40+00:00
333fad9f2de1dea99552fcb424b312ca1a390f85,eef0c1f34c7b7d6a38e02f3294eb509aef081749,util/pl/netware.pl,"('3569', '')",2014-11-27T14:02:09+00:00,2008-01-03T22:43:04+00:00
fc3968a25ce0c16cab8730ec0d68a59856158029,ea262260469e49149cb10b25a87dfd6ad3fbb4ba,ssl/ssl_cert.c,"('3613', '')",2014-11-27T20:50:44+00:00,2002-08-09T08:56:08+00:00
fc3968a25ce0c16cab8730ec0d68a59856158029,ca8e5b9b8ad3c199943ad7850bf66bc03279c0b9,ssl/ssl_cert.c,"('3613', '')",2014-11-27T20:50:44+00:00,1999-05-09T20:12:44+00:00
cf75017bfd60333ff65edf9840001cd2c49870a3,36d16f8ee0845d932e250286e8e236580470e35b,ssl/d1_both.c,"('3592', '')",2014-12-03T09:23:09+00:00,2005-04-26T16:02:40+00:00
2521fcd8527008ceb3e4748f95b0ed4e2d70cfef,b8140811367f6e1ef13afa6ffe9625309c46946c,crypto/bio/bss_dgram.c,"('3470', '')",2014-12-20T14:45:51+00:00,2013-11-01T21:41:52+00:00
2521fcd8527008ceb3e4748f95b0ed4e2d70cfef,7e159e0133d28bec9148446e8f4dd86c0216d819,crypto/bio/bss_dgram.c,"('3470', '')",2014-12-20T14:45:51+00:00,2011-12-25T14:45:15+00:00
41cd41c4416f545a18ead37e09e437c75fa07c95,7e159e0133d28bec9148446e8f4dd86c0216d819,crypto/bio/bss_dgram.c,"('3489', '')",2015-01-06T16:48:04+00:00,2011-12-25T14:45:15+00:00
bdc985b133a69186c5edba4ba703b400a02325ee,e6b336efa31c9916bd64504a478d56532f86d6aa,crypto/evp/e_aes.c,"('3688', '')",2015-02-09T10:26:20+01:00,2014-12-08T10:28:34+00:00
bdc985b133a69186c5edba4ba703b400a02325ee,0f113f3ee4d629ef9a4a30911b22b224772085e5,crypto/evp/e_aes.c,"('3688', '')",2015-02-09T10:26:20+01:00,2015-01-22T09:20:09+00:00
64d2733176ea9a91ed46968bcf86c86aaa96ec68,aafbe1ccd28439d0eb484f5b889272cbc71d62b5,doc/crypto/d2i_ECPKParameters.pod,"('3718', '')",2015-02-25T20:46:51+00:00,2013-06-12T23:42:08+01:00
af674d4e20a82c2a98767b837072d7093c70b1cf,0f113f3ee4d629ef9a4a30911b22b224772085e5,ssl/ssl_asn1.c,"('3704', '')",2015-02-27T20:29:03+00:00,2015-01-22T09:20:09+00:00
5178a16c4375471d25e1f5ef5de46febb62a5529,9cf0f187542f080031f83c5e538d3e1872ac09d1,ssl/d1_both.c,"('3703', '')",2015-03-09T10:51:57+00:00,2013-03-26T15:16:41+00:00
ffa75828dd13decb41d075576db676c81c1198f1,d31fed73e25391cd71a0de488d88724db78f6f8a,crypto/modes/wrap128.c,"('3675', '')",2015-03-13T14:18:59+00:00,2014-07-18T21:37:13+01:00
da27006df06853a33b132133699a7aa9d4277920,46a6cec6998b84d85240dfb99af235c8a0854a31,crypto/asn1/a_utctm.c,"('3706', '')",2015-03-15T19:46:24+00:00,2012-11-21T14:13:20+00:00
c225c3cf9bd67297fb0c297768d69cbc03fbdab7,d02b48c63a58ea4367a0e905979f140b7d090f86,crypto/pkcs7/pk7_doit.c,"('7', '')",2015-03-19T13:01:13+00:00,1998-12-21T10:52:47+00:00
c225c3cf9bd67297fb0c297768d69cbc03fbdab7,8484721adb154f47de28e64d581b40adca6c5e68,crypto/pkcs7/pk7_doit.c,"('7', '')",2015-03-19T13:01:13+00:00,1999-08-19T13:07:43+00:00
c225c3cf9bd67297fb0c297768d69cbc03fbdab7,76fa8f1838ae22948d760012d6c6c84266cb1c7c,crypto/pkcs7/pk7_doit.c,"('7', '')",2015-03-19T13:01:13+00:00,2006-05-18T17:20:23+00:00
c225c3cf9bd67297fb0c297768d69cbc03fbdab7,8afca8d9c60c3d7db6f9bc94a97c77f016fc139d,crypto/pkcs7/pk7_doit.c,"('7', '')",2015-03-19T13:01:13+00:00,2005-05-11T03:45:39+00:00
c225c3cf9bd67297fb0c297768d69cbc03fbdab7,0f113f3ee4d629ef9a4a30911b22b224772085e5,crypto/pkcs7/pk7_doit.c,"('7', '')",2015-03-19T13:01:13+00:00,2015-01-22T09:20:09+00:00
e6abba3ad6107d35a6e8b01a1a145902edf0062d,97cf1f6c2854a3a955fd7dd3a1f113deba00c9ef,crypto/modes/wrap128.c,"('3749', '')",2015-03-20T23:22:17+00:00,2013-07-17T21:45:00+01:00
e6abba3ad6107d35a6e8b01a1a145902edf0062d,d31fed73e25391cd71a0de488d88724db78f6f8a,crypto/modes/wrap128.c,"('3749', '')",2015-03-20T23:22:17+00:00,2014-07-18T21:37:13+01:00
e6abba3ad6107d35a6e8b01a1a145902edf0062d,0f113f3ee4d629ef9a4a30911b22b224772085e5,crypto/modes/wrap128.c,"('3749', '')",2015-03-20T23:22:17+00:00,2015-01-22T09:20:09+00:00
7c82e339a677f8546e1456c7a8f6788598a9de43,918bb8652969fd53f0c390c1cd909265ed502c7e,crypto/bio/bss_dgram.c,"('3758', '')",2015-03-24T11:33:39+00:00,2015-03-05T09:09:57+00:00
4118dfdcc8aa2c2cf496bb33cbc1b9581c33af2f,24a90afd858634d3fc4aabae6aa7e30020dc87ff,ssl/record/rec_layer_s3.c,"('3793', '')",2015-04-10T16:21:20+01:00,2015-03-26T15:02:00+00:00
4c9b0a0314c8bab3c9faeac06d0aa734836b2f81,7e1b7485706c2b11091b5fa897fe496a2faa56cc,apps/apps.c,"('3835', '')",2015-05-06T13:06:46+01:00,2015-04-24T15:26:15-04:00
4c9b0a0314c8bab3c9faeac06d0aa734836b2f81,7e1b7485706c2b11091b5fa897fe496a2faa56cc,apps/dsaparam.c,"('3835', '')",2015-05-06T13:06:46+01:00,2015-04-24T15:26:15-04:00
4c9b0a0314c8bab3c9faeac06d0aa734836b2f81,67c8e7f41486934b6809673b6d836d38eaf2383b,apps/s_server.c,"('3835', '')",2015-05-06T13:06:46+01:00,2007-09-26T21:56:59+00:00
4c9b0a0314c8bab3c9faeac06d0aa734836b2f81,6343829a391df59e46e513c84b6264ee71ad9518,crypto/asn1/asn1_gen.c,"('3835', '')",2015-05-06T13:06:46+01:00,2008-11-12T03:58:08+00:00
4c9b0a0314c8bab3c9faeac06d0aa734836b2f81,9d6b1ce6441c7cc6aed344f02d9f676ab5e04217,crypto/asn1/tasn_dec.c,"('3835', '')",2015-05-06T13:06:46+01:00,2000-12-08T19:09:35+00:00
4c9b0a0314c8bab3c9faeac06d0aa734836b2f81,74633553a912519a6e73a9d830132e58f420a6c9,crypto/evp/m_sigver.c,"('3835', '')",2015-05-06T13:06:46+01:00,2007-04-11T12:33:06+00:00
4c9b0a0314c8bab3c9faeac06d0aa734836b2f81,91c9e62123febf74866fa17983e6068ab4962bd7,crypto/evp/m_sigver.c,"('3835', '')",2015-05-06T13:06:46+01:00,2006-05-24T17:30:09+00:00
4c9b0a0314c8bab3c9faeac06d0aa734836b2f81,6181f5e4046a2e1380bae1a9163e186a4d26df15,crypto/evp/m_sigver.c,"('3835', '')",2015-05-06T13:06:46+01:00,2007-04-08T13:03:26+00:00
4c9b0a0314c8bab3c9faeac06d0aa734836b2f81,afa23c46d966fc3862804612be999d403a755cd7,crypto/evp/p_sign.c,"('3835', '')",2015-05-06T13:06:46+01:00,2013-11-13T23:48:35+00:00
4c9b0a0314c8bab3c9faeac06d0aa734836b2f81,19ec2f4194cabf30f15ae2b7903d597ef38b024a,crypto/evp/p_sign.c,"('3835', '')",2015-05-06T13:06:46+01:00,2010-02-28T14:22:56+00:00
4c9b0a0314c8bab3c9faeac06d0aa734836b2f81,d02b48c63a58ea4367a0e905979f140b7d090f86,crypto/evp/p_sign.c,"('3835', '')",2015-05-06T13:06:46+01:00,1998-12-21T10:52:47+00:00
4c9b0a0314c8bab3c9faeac06d0aa734836b2f81,afa23c46d966fc3862804612be999d403a755cd7,crypto/evp/p_verify.c,"('3835', '')",2015-05-06T13:06:46+01:00,2013-11-13T23:48:35+00:00
4c9b0a0314c8bab3c9faeac06d0aa734836b2f81,19ec2f4194cabf30f15ae2b7903d597ef38b024a,crypto/evp/p_verify.c,"('3835', '')",2015-05-06T13:06:46+01:00,2010-02-28T14:22:56+00:00
4c9b0a0314c8bab3c9faeac06d0aa734836b2f81,d02b48c63a58ea4367a0e905979f140b7d090f86,crypto/evp/p_verify.c,"('3835', '')",2015-05-06T13:06:46+01:00,1998-12-21T10:52:47+00:00
4c9b0a0314c8bab3c9faeac06d0aa734836b2f81,d02b48c63a58ea4367a0e905979f140b7d090f86,crypto/pem/pem_lib.c,"('3835', '')",2015-05-06T13:06:46+01:00,1998-12-21T10:52:47+00:00
4c9b0a0314c8bab3c9faeac06d0aa734836b2f81,4b26645c1a71cf9ce489e4f79fc836760b670ffe,crypto/x509/x509_vfy.c,"('3835', '')",2015-05-06T13:06:46+01:00,2013-07-12T17:48:41+01:00
4c9b0a0314c8bab3c9faeac06d0aa734836b2f81,b545dc6775cd703a258efd00f0bcb6bcb1930816,crypto/x509/x509_vfy.c,"('3835', '')",2015-05-06T13:06:46+01:00,2001-05-07T22:52:50+00:00
4c9b0a0314c8bab3c9faeac06d0aa734836b2f81,96ea4ae91c7fda9fd28a013182b0e8dc67b7ac7d,crypto/x509v3/v3_addr.c,"('3835', '')",2015-05-06T13:06:46+01:00,2006-11-27T14:18:05+00:00
4c9b0a0314c8bab3c9faeac06d0aa734836b2f81,96ea4ae91c7fda9fd28a013182b0e8dc67b7ac7d,crypto/x509v3/v3_asid.c,"('3835', '')",2015-05-06T13:06:46+01:00,2006-11-27T14:18:05+00:00
4c9b0a0314c8bab3c9faeac06d0aa734836b2f81,388ff0b076430b4fbcf5cf30575a304def28bf2d,crypto/x509v3/v3_conf.c,"('3835', '')",2015-05-06T13:06:46+01:00,1999-02-14T16:48:22+00:00
4c9b0a0314c8bab3c9faeac06d0aa734836b2f81,2daceb0342c8ca3514f37796e7f983e232d63f2a,ssl/t1_lib.c,"('3835', '')",2015-05-06T13:06:46+01:00,2012-09-11T12:57:46+00:00
4c9b0a0314c8bab3c9faeac06d0aa734836b2f81,307e3978b973ff4566b69f631096deba117b51ea,test/evp_test.c,"('3835', '')",2015-05-06T13:06:46+01:00,2015-02-10T16:18:05+00:00
4c9b0a0314c8bab3c9faeac06d0aa734836b2f81,5824cc298174d462c827cd090675e30fc03f0caf,test/evp_test.c,"('3835', '')",2015-05-06T13:06:46+01:00,2015-02-13T13:28:50+00:00
71f6130b7a96bacbffae4611796ed98c2f724d96,3e00b4c9db42818c621f609e70569c7d9ae85717,crypto/ec/ec_lcl.h,"('3858', '')",2015-05-26T10:12:22+02:00,2011-10-18T19:43:16+00:00
71f6130b7a96bacbffae4611796ed98c2f724d96,0f113f3ee4d629ef9a4a30911b22b224772085e5,crypto/ec/ec_lcl.h,"('3858', '')",2015-05-26T10:12:22+02:00,2015-01-22T09:20:09+00:00
90e7cdff3aa66779486914f88333f6601f0c1cf4,0f113f3ee4d629ef9a4a30911b22b224772085e5,engines/ccgost/gost94_keyx.c,"('3862', '')",2015-05-26T10:35:22+01:00,2015-01-22T09:20:09+00:00
59302b600e8d5b77ef144e447bb046fd7ab72686,0f113f3ee4d629ef9a4a30911b22b224772085e5,crypto/pkcs7/pk7_doit.c,"('7', '')",2015-06-11T11:06:31+01:00,2015-01-22T09:20:09+00:00
5e8b24dbfb98ed7c5b355cb6a959906a418e264b,0f113f3ee4d629ef9a4a30911b22b224772085e5,ssl/record/rec_layer_s3.c,"('3967', '')",2015-07-30T10:17:53+01:00,2015-01-22T09:20:09+00:00
2acdef5e97977958e9bb3b4a139039599ef1aefe,e61f5d55bc0072e75023be8971ae6e849643f466,crypto/evp/evp_lib.c,"('3974', '');('3975', '')",2015-08-12T13:54:56+01:00,2013-08-05T15:45:00+01:00
2acdef5e97977958e9bb3b4a139039599ef1aefe,83e9c36261dc8546276845f48d1ad65967acd598,crypto/evp/evp_lib.c,"('3974', '');('3975', '')",2015-08-12T13:54:56+01:00,2011-02-07T12:47:16+00:00
2acdef5e97977958e9bb3b4a139039599ef1aefe,0f113f3ee4d629ef9a4a30911b22b224772085e5,crypto/evp/evp_lib.c,"('3974', '');('3975', '')",2015-08-12T13:54:56+01:00,2015-01-22T09:20:09+00:00
03706afa30aeb4407287171a9d6f9a765395d0a2,535d79da635c2015a88a0184321296bdcb201848,apps/apps.c,"('2397', '')",2015-09-11T20:50:48+01:00,2001-03-15T19:13:40+00:00
03706afa30aeb4407287171a9d6f9a765395d0a2,bd4e152791acc2a41441bd5713cbddc4b3645d27,doc/apps/x509.pod,"('2397', '')",2015-09-11T20:50:48+01:00,2000-07-30T01:27:59+00:00
df6da24bda457b724ba3e894e6c329a9b93d536f,6cf41fec7234dd19eebece79dddc87129fccb29d,ssl/d1_srvr.c,"('4039', '')",2015-09-14T19:52:27+01:00,2009-05-31T17:13:09+00:00
df6da24bda457b724ba3e894e6c329a9b93d536f,85269210ff39eabd1f898716f1e9bbcd2d0b8be2,ssl/s3_srvr.c,"('4039', '')",2015-09-14T19:52:27+01:00,2015-07-30T14:43:35+01:00
df6da24bda457b724ba3e894e6c329a9b93d536f,ddac197404f585b8da58df794fc3beb9d08e8cd2,ssl/ssl_lib.c,"('4039', '')",2015-09-14T19:52:27+01:00,2006-03-10T23:06:27+00:00
df6da24bda457b724ba3e894e6c329a9b93d536f,b6ba401497001c2f042feff693ed292b21c8369c,ssl/ssl_locl.h,"('4039', '')",2015-09-14T19:52:27+01:00,2015-01-31T18:06:45+00:00
fae11ec714ac8e71d95e824d7102ab5b2ec2e256,a398f821fa98b9923a426cf45b268cf4d56c89bd,ssl/ssl_rsa.c,"('1128', '')",2015-09-16T20:54:51+02:00,2013-06-12T17:01:13+01:00
fae11ec714ac8e71d95e824d7102ab5b2ec2e256,9cd50f738ff55eae2a64f872492d3a7ce115f18d,ssl/ssl_rsa.c,"('1128', '')",2015-09-16T20:54:51+02:00,2013-06-18T16:13:08+01:00
605236f6a8fe0743af2f63d93239a74c69dae137,a46c9789ce2aecedceef119e9883513c7a49f1ca,crypto/asn1/d2i_pr.c,"('1198', '')",2015-10-03T13:22:52+02:00,2015-09-14T23:53:03+02:00
605236f6a8fe0743af2f63d93239a74c69dae137,a46c9789ce2aecedceef119e9883513c7a49f1ca,crypto/x509/x_x509.c,"('1198', '')",2015-10-03T13:22:52+02:00,2015-09-14T23:53:03+02:00
605236f6a8fe0743af2f63d93239a74c69dae137,0f113f3ee4d629ef9a4a30911b22b224772085e5,crypto/x509/x_x509.c,"('1198', '')",2015-10-03T13:22:52+02:00,2015-01-22T09:20:09+00:00
d6e92c0bd6c36fc68291e79ef5753fd7f0420695,20bee9684d5bf04193b298eb1e2dfd52ca232282,test/dhtest.c,"('1231', '')",2015-10-07T18:54:12+02:00,2011-11-13T14:07:36+00:00
99c203337574d967c86ffbfa13f40ace51048485,08e1cbc62c7408851f3ef6a2a08b4bb88952aac6,crypto/dsa/dsa_gen.c,"('1231', '')",2015-10-07T18:54:13+02:00,2004-04-28T18:34:39+00:00
c804d23d73bb2f3f6ffe29fbda4dd2fa151fa243,46ef873f0b3c04b6415cddac5d4a7b27b53cc482,crypto/rsa/rsa_eay.c,"('1231', '')",2015-10-07T18:54:13+02:00,2004-03-25T02:52:04+00:00
d175e8a6c23ca212bf57ff78fdbca6942f3e0ef7,7e1b7485706c2b11091b5fa897fe496a2faa56cc,apps/dgst.c,"('4072', '')",2015-10-12T12:45:40+01:00,2015-04-24T15:26:15-04:00
f51e5ed6b4b91d12228da873db72aa28109d1797,673b102c5b265bd6c517ac40ab76e1606a243c08,crypto/x509v3/v3_purp.c,"('3979', '')",2015-10-15T15:36:58+01:00,1999-10-13T01:11:56+00:00
f51e5ed6b4b91d12228da873db72aa28109d1797,b1efb7161f409c81178b9aa95583db3390f90b1b,crypto/x509v3/v3_purp.c,"('3979', '')",2015-10-15T15:36:58+01:00,2010-02-25T00:01:38+00:00
1f08d945a79ad79c98fb84167c613934ee96d8e1,7e1b7485706c2b11091b5fa897fe496a2faa56cc,apps/openssl.c,"('4093', '')",2015-10-16T10:11:46+01:00,2015-04-24T15:26:15-04:00
1f08d945a79ad79c98fb84167c613934ee96d8e1,cc01d21756cc9c79231ef21039782c5fe42008a2,apps/openssl.c,"('4093', '')",2015-10-16T10:11:46+01:00,2015-05-28T17:28:33-04:00
4428c7dba8f6f407d915c1226f4e0f673e8be241,0f113f3ee4d629ef9a4a30911b22b224772085e5,apps/ocsp.c,"('4068', '')",2015-10-23T19:52:08+02:00,2015-01-22T09:20:09+00:00
e61434b427f00504859e9e01461fd8dc39700837,7e1b7485706c2b11091b5fa897fe496a2faa56cc,apps/prime.c,"('458', '')",2015-11-21T14:37:24+01:00,2015-04-24T15:26:15-04:00
193ed2d74b1a643b5f32bd46bf50a858fcdd2da4,a370537bde1fce104d440a23d02d98ca8e145f99,Makefile.org,"('4138', '')",2015-11-23T15:59:54+01:00,2008-12-29T16:17:52+00:00
c7944cf1f6b5656435bad65488e8415a4ed1339e,8d72476e2b4a00b9702d50e5b57a95ba9c32e41e,apps/s_client.c,"('481', '')",2015-11-24T22:01:35+01:00,2007-02-21T18:20:41+00:00
679d87515d23ca31491effdc264edc81c695a72a,c0711f7f0fc026ab87fe6607bb5136ab790e2334,crypto/dsa/dsa_ossl.c,"('1496', '');('4184', '')",2015-12-22T11:05:51+01:00,1999-08-22T17:57:38+00:00
679d87515d23ca31491effdc264edc81c695a72a,0f113f3ee4d629ef9a4a30911b22b224772085e5,crypto/dsa/dsa_ossl.c,"('1496', '');('4184', '')",2015-12-22T11:05:51+01:00,2015-01-22T09:20:09+00:00
c849c6d9d3bf806fecfe0c16eaa55d361979ff7f,20ca916d7db4fe6feada88d0bea1489123339c7c,ssl/statem/statem_srvr.c,"('4197', '')",2015-12-23T13:33:28+00:00,2015-09-17T17:26:19+02:00
bb1aaab42880489729aeafea27d3569cce60c20b,67c8e7f41486934b6809673b6d836d38eaf2383b,ssl/statem/statem_clnt.c,"('4120', '')",2015-12-27T21:59:04+00:00,2007-09-26T21:56:59+00:00
bb1aaab42880489729aeafea27d3569cce60c20b,b9908bf9b8d6d609736b537f4ecda720ff5dc078,ssl/statem/statem_clnt.c,"('4120', '')",2015-12-27T21:59:04+00:00,2015-10-30T08:32:44+00:00
bb1aaab42880489729aeafea27d3569cce60c20b,61ae935a9831d2b132e50508ccc37f879c17a5c4,ssl/statem/statem_clnt.c,"('4120', '')",2015-12-27T21:59:04+00:00,2015-10-30T08:38:18+00:00
bb1aaab42880489729aeafea27d3569cce60c20b,a455d0f6fff7bdac2b991715e7bf5b000e2274af,ssl/statem/statem_clnt.c,"('4120', '')",2015-12-27T21:59:04+00:00,2015-10-30T08:39:46+00:00
bb1aaab42880489729aeafea27d3569cce60c20b,0f113f3ee4d629ef9a4a30911b22b224772085e5,ssl/statem/statem_clnt.c,"('4120', '')",2015-12-27T21:59:04+00:00,2015-01-22T09:20:09+00:00
bb1aaab42880489729aeafea27d3569cce60c20b,04e2ab2c02aebcfd3d6eab1ea6c0dbcaa9877cad,ssl/t1_lib.c,"('4120', '')",2015-12-27T21:59:04+00:00,2007-09-28T17:45:11+00:00
85d7bdf03614334a52984df889146286f6e5720d,98186eb4e4aef6262ed6b0f499348defa2c26893,Configure,"('', '530')",2016-01-09T18:11:07-05:00,2016-01-07T20:53:18-05:00
1446f72ba3065813cfe008b8f7140551a437b1cf,7e1b7485706c2b11091b5fa897fe496a2faa56cc,apps/sess_id.c,"('4201', '')",2016-01-11T10:03:27+00:00,2015-04-24T15:26:15-04:00
8957728772824c1efd1c5e479d8b60fe6f88e6f5,e44380a990a3edf1cd0c190c6459c8c026d53646,ssl/s3_lib.c,"('4213', '')",2016-01-19T11:37:17+00:00,2015-11-23T16:09:42+00:00
de42e71701ff9f7af97e3c8904f12c55549c2503,a5db6fa5760f21d16d59e025e930c02456e00fef,crypto/store/str_lib.c,"('4263', '');('579', '')",2016-01-23T21:01:43+01:00,2003-05-01T03:53:12+00:00
3eb70c5ebae6f2b5fd6034ed5af14910c8479688,9d6b1ce6441c7cc6aed344f02d9f676ab5e04217,crypto/asn1/tasn_dec.c,"('580', '')",2016-01-24T00:47:13+01:00,2000-12-08T19:09:35+00:00
3eb70c5ebae6f2b5fd6034ed5af14910c8479688,bf0d176e48c6dd44c6cb3250d1e56d9d098f815a,crypto/asn1/tasn_dec.c,"('580', '')",2016-01-24T00:47:13+01:00,2001-01-04T01:46:36+00:00
3eb70c5ebae6f2b5fd6034ed5af14910c8479688,4c9b0a0314c8bab3c9faeac06d0aa734836b2f81,crypto/asn1/tasn_dec.c,"('580', '')",2016-01-24T00:47:13+01:00,2015-05-06T13:06:46+01:00
3eb70c5ebae6f2b5fd6034ed5af14910c8479688,539d4c1030d8e69801d56787d6d2fd50cfcb8c2e,crypto/asn1/tasn_dec.c,"('580', '')",2016-01-24T00:47:13+01:00,2006-08-31T20:10:37+00:00
615614c8862fb89dcf1551a4e113be0789dddf5f,04daec862ced4e5e3921724b7a59c432fa9cbab3,crypto/ec/ecp_nistp224.c,"('3600', '')",2016-01-29T12:56:58+00:00,2010-08-26T14:29:55+00:00
615614c8862fb89dcf1551a4e113be0789dddf5f,3e00b4c9db42818c621f609e70569c7d9ae85717,crypto/ec/ecp_nistp256.c,"('3600', '')",2016-01-29T12:56:58+00:00,2011-10-18T19:43:16+00:00
615614c8862fb89dcf1551a4e113be0789dddf5f,3e00b4c9db42818c621f609e70569c7d9ae85717,crypto/ec/ecp_nistp521.c,"('3600', '')",2016-01-29T12:56:58+00:00,2011-10-18T19:43:16+00:00
64f9f40696f993406e53c16d7c9d815004afd8ad,7bb196a71adef8440b6152b6174651a9c25588f1,ssl/s3_lib.c,"('2', '')",2016-02-08T09:29:29+00:00,2016-01-20T13:58:12+00:00
64f9f40696f993406e53c16d7c9d815004afd8ad,7bb196a71adef8440b6152b6174651a9c25588f1,ssl/ssl_err.c,"('2', '')",2016-02-08T09:29:29+00:00,2016-01-20T13:58:12+00:00
64f9f40696f993406e53c16d7c9d815004afd8ad,7bb196a71adef8440b6152b6174651a9c25588f1,ssl/ssl_lib.c,"('2', '')",2016-02-08T09:29:29+00:00,2016-01-20T13:58:12+00:00
64f9f40696f993406e53c16d7c9d815004afd8ad,ec4479249d9c0b0a9e2ba6a8c59a0ed62530e954,ssl/ssl_lib.c,"('2', '')",2016-02-08T09:29:29+00:00,2016-01-29T11:36:44+00:00
43db7aa2de68e04c5b5894e7af5dba54ee1fa363,7e1b7485706c2b11091b5fa897fe496a2faa56cc,apps/cms.c,"('4246', '');('4266', '')",2016-02-11T16:03:52+00:00,2015-04-24T15:26:15-04:00
43db7aa2de68e04c5b5894e7af5dba54ee1fa363,333b070ec06d7a67538ee9d5312656a19e802dc1,apps/req.c,"('4246', '');('4266', '')",2016-02-11T16:03:52+00:00,2015-04-25T15:41:29-04:00
43db7aa2de68e04c5b5894e7af5dba54ee1fa363,7e1b7485706c2b11091b5fa897fe496a2faa56cc,apps/req.c,"('4246', '');('4266', '')",2016-02-11T16:03:52+00:00,2015-04-24T15:26:15-04:00
7687f5255011a5a3ca75e8c5427683d58ae411c0,c5d975a74313268a36b6a6103cd37221724137c2,crypto/evp/e_des.c,"('4210', '')",2016-02-12T22:09:04+01:00,2013-03-31T14:32:05+02:00
7687f5255011a5a3ca75e8c5427683d58ae411c0,0f113f3ee4d629ef9a4a30911b22b224772085e5,crypto/evp/e_des.c,"('4210', '')",2016-02-12T22:09:04+01:00,2015-01-22T09:20:09+00:00
7687f5255011a5a3ca75e8c5427683d58ae411c0,6435f0f6c6093e8e1dfb7b32c2a1a0cc646ba66d,crypto/evp/e_des.c,"('4210', '')",2016-02-12T22:09:04+01:00,2016-01-12T13:52:22+01:00
7687f5255011a5a3ca75e8c5427683d58ae411c0,97cf1f6c2854a3a955fd7dd3a1f113deba00c9ef,crypto/evp/e_des3.c,"('4210', '')",2016-02-12T22:09:04+01:00,2013-07-17T21:45:00+01:00
7687f5255011a5a3ca75e8c5427683d58ae411c0,c5d975a74313268a36b6a6103cd37221724137c2,crypto/evp/e_des3.c,"('4210', '')",2016-02-12T22:09:04+01:00,2013-03-31T14:32:05+02:00
7687f5255011a5a3ca75e8c5427683d58ae411c0,0f113f3ee4d629ef9a4a30911b22b224772085e5,crypto/evp/e_des3.c,"('4210', '')",2016-02-12T22:09:04+01:00,2015-01-22T09:20:09+00:00
7687f5255011a5a3ca75e8c5427683d58ae411c0,6435f0f6c6093e8e1dfb7b32c2a1a0cc646ba66d,crypto/evp/e_des3.c,"('4210', '')",2016-02-12T22:09:04+01:00,2016-01-12T13:52:22+01:00
29880e97104e5c88887e502a1d0ff570b646ec1b,a98c648e40ea5158c8ba29b5a70ccc239d426a20,crypto/chacha/asm/chacha-x86.pl,"('4305', '')",2016-02-14T21:03:10+01:00,2016-02-10T10:31:14+01:00
29880e97104e5c88887e502a1d0ff570b646ec1b,a98c648e40ea5158c8ba29b5a70ccc239d426a20,crypto/chacha/asm/chacha-x86_64.pl,"('4305', '')",2016-02-14T21:03:10+01:00,2016-02-10T10:31:14+01:00
033585175485077bf7f5bbb352fd4f162d0c235f,7e1b7485706c2b11091b5fa897fe496a2faa56cc,apps/asn1pars.c,"('2009', '')",2016-02-20T14:53:53+01:00,2015-04-24T15:26:15-04:00
033585175485077bf7f5bbb352fd4f162d0c235f,7e1b7485706c2b11091b5fa897fe496a2faa56cc,apps/crl.c,"('2009', '')",2016-02-20T14:53:53+01:00,2015-04-24T15:26:15-04:00
033585175485077bf7f5bbb352fd4f162d0c235f,7e1b7485706c2b11091b5fa897fe496a2faa56cc,apps/crl2p7.c,"('2009', '')",2016-02-20T14:53:53+01:00,2015-04-24T15:26:15-04:00
033585175485077bf7f5bbb352fd4f162d0c235f,7e1b7485706c2b11091b5fa897fe496a2faa56cc,apps/dsa.c,"('2009', '')",2016-02-20T14:53:53+01:00,2015-04-24T15:26:15-04:00
033585175485077bf7f5bbb352fd4f162d0c235f,7e1b7485706c2b11091b5fa897fe496a2faa56cc,apps/ec.c,"('2009', '')",2016-02-20T14:53:53+01:00,2015-04-24T15:26:15-04:00
033585175485077bf7f5bbb352fd4f162d0c235f,7e1b7485706c2b11091b5fa897fe496a2faa56cc,apps/ecparam.c,"('2009', '')",2016-02-20T14:53:53+01:00,2015-04-24T15:26:15-04:00
033585175485077bf7f5bbb352fd4f162d0c235f,7e1b7485706c2b11091b5fa897fe496a2faa56cc,apps/genpkey.c,"('2009', '')",2016-02-20T14:53:53+01:00,2015-04-24T15:26:15-04:00
033585175485077bf7f5bbb352fd4f162d0c235f,7e1b7485706c2b11091b5fa897fe496a2faa56cc,apps/nseq.c,"('2009', '')",2016-02-20T14:53:53+01:00,2015-04-24T15:26:15-04:00
033585175485077bf7f5bbb352fd4f162d0c235f,7e1b7485706c2b11091b5fa897fe496a2faa56cc,apps/ocsp.c,"('2009', '')",2016-02-20T14:53:53+01:00,2015-04-24T15:26:15-04:00
033585175485077bf7f5bbb352fd4f162d0c235f,7e1b7485706c2b11091b5fa897fe496a2faa56cc,apps/pkcs12.c,"('2009', '')",2016-02-20T14:53:53+01:00,2015-04-24T15:26:15-04:00
033585175485077bf7f5bbb352fd4f162d0c235f,7e1b7485706c2b11091b5fa897fe496a2faa56cc,apps/pkcs7.c,"('2009', '')",2016-02-20T14:53:53+01:00,2015-04-24T15:26:15-04:00
033585175485077bf7f5bbb352fd4f162d0c235f,7e1b7485706c2b11091b5fa897fe496a2faa56cc,apps/pkcs8.c,"('2009', '')",2016-02-20T14:53:53+01:00,2015-04-24T15:26:15-04:00
033585175485077bf7f5bbb352fd4f162d0c235f,7e1b7485706c2b11091b5fa897fe496a2faa56cc,apps/pkey.c,"('2009', '')",2016-02-20T14:53:53+01:00,2015-04-24T15:26:15-04:00
033585175485077bf7f5bbb352fd4f162d0c235f,7e1b7485706c2b11091b5fa897fe496a2faa56cc,apps/pkeyparam.c,"('2009', '')",2016-02-20T14:53:53+01:00,2015-04-24T15:26:15-04:00
033585175485077bf7f5bbb352fd4f162d0c235f,7e1b7485706c2b11091b5fa897fe496a2faa56cc,apps/pkeyutl.c,"('2009', '')",2016-02-20T14:53:53+01:00,2015-04-24T15:26:15-04:00
033585175485077bf7f5bbb352fd4f162d0c235f,7e1b7485706c2b11091b5fa897fe496a2faa56cc,apps/req.c,"('2009', '')",2016-02-20T14:53:53+01:00,2015-04-24T15:26:15-04:00
033585175485077bf7f5bbb352fd4f162d0c235f,7e1b7485706c2b11091b5fa897fe496a2faa56cc,apps/rsa.c,"('2009', '')",2016-02-20T14:53:53+01:00,2015-04-24T15:26:15-04:00
033585175485077bf7f5bbb352fd4f162d0c235f,7e1b7485706c2b11091b5fa897fe496a2faa56cc,apps/rsautl.c,"('2009', '')",2016-02-20T14:53:53+01:00,2015-04-24T15:26:15-04:00
033585175485077bf7f5bbb352fd4f162d0c235f,7e1b7485706c2b11091b5fa897fe496a2faa56cc,apps/s_client.c,"('2009', '')",2016-02-20T14:53:53+01:00,2015-04-24T15:26:15-04:00
033585175485077bf7f5bbb352fd4f162d0c235f,7e1b7485706c2b11091b5fa897fe496a2faa56cc,apps/s_time.c,"('2009', '')",2016-02-20T14:53:53+01:00,2015-04-24T15:26:15-04:00
033585175485077bf7f5bbb352fd4f162d0c235f,7e1b7485706c2b11091b5fa897fe496a2faa56cc,apps/sess_id.c,"('2009', '')",2016-02-20T14:53:53+01:00,2015-04-24T15:26:15-04:00
033585175485077bf7f5bbb352fd4f162d0c235f,7e1b7485706c2b11091b5fa897fe496a2faa56cc,apps/spkac.c,"('2009', '')",2016-02-20T14:53:53+01:00,2015-04-24T15:26:15-04:00
033585175485077bf7f5bbb352fd4f162d0c235f,7e1b7485706c2b11091b5fa897fe496a2faa56cc,apps/ts.c,"('2009', '')",2016-02-20T14:53:53+01:00,2015-04-24T15:26:15-04:00
f218822871957a841acf63a3e39a7e8eecdd05b4,1fdcef75b06cb17e046bf62cda9ace3e943a5661,crypto/chacha/asm/chacha-armv4.pl,"('4323', '')",2016-02-27T21:09:02+01:00,2016-02-13T12:07:45+01:00
f218822871957a841acf63a3e39a7e8eecdd05b4,592eef5c349b8f8ea6f4b7dba91d700f3a343e84,crypto/chacha/asm/chacha-s390x.pl,"('4323', '')",2016-02-27T21:09:02+01:00,2016-02-09T22:33:52+01:00
f218822871957a841acf63a3e39a7e8eecdd05b4,a98c648e40ea5158c8ba29b5a70ccc239d426a20,crypto/chacha/asm/chacha-x86_64.pl,"('4323', '')",2016-02-27T21:09:02+01:00,2016-02-10T10:31:14+01:00
340da949ccde13f6506177e327ccc21f49f56d3b,88297284ad14a233430cb5140d368edf17dacf7a,Configurations/descrip.mms.tmpl,"('750', '')",2016-02-28T01:16:44+01:00,2016-02-18T23:42:09+01:00
340da949ccde13f6506177e327ccc21f49f56d3b,e84193e43dbd3da23845ef9fcfcb5e364049a396,Configurations/descrip.mms.tmpl,"('750', '')",2016-02-28T01:16:44+01:00,2016-02-10T14:36:32+01:00
340da949ccde13f6506177e327ccc21f49f56d3b,70ef905779dac29053256dd98c759f492073c39c,Configurations/descrip.mms.tmpl,"('750', '')",2016-02-28T01:16:44+01:00,2016-02-19T08:57:59+01:00
340da949ccde13f6506177e327ccc21f49f56d3b,45502bfe19fb03c9f343b03fa6434ee0bece8428,Configurations/unix-Makefile.tmpl,"('750', '')",2016-02-28T01:16:44+01:00,2016-02-20T16:51:31+01:00
340da949ccde13f6506177e327ccc21f49f56d3b,58f2b0ae588466692e73ad434f1053e21a003294,Configurations/unix-Makefile.tmpl,"('750', '')",2016-02-28T01:16:44+01:00,2016-02-20T16:56:44+00:00
340da949ccde13f6506177e327ccc21f49f56d3b,834aae2a99eeab7be8da4b8370188bc56f862e96,Configurations/unix-Makefile.tmpl,"('750', '')",2016-02-28T01:16:44+01:00,2016-02-20T21:07:29+00:00
a66ec57c6e5c303e288b9bee7272319375ce25ae,9e58d1192da2dbd6544f73f73362db6ae9f2c045,crypto/chacha/asm/chacha-ppc.pl,"('4365', '')",2016-03-04T11:55:35+01:00,2016-02-13T17:21:47+01:00
fa22f98f19d2bf6c898d6939103d686ae3b34ba6,f1f7598ce9ab2d0816d02ea7fa26bff1f3bb3707,ssl/record/rec_layer_s3.c,"('4396', '')",2016-03-08T08:52:45+00:00,2014-02-05T18:25:47+00:00
fa22f98f19d2bf6c898d6939103d686ae3b34ba6,d102d9df8625cb6f75c537b7f2a696bb5f305ff2,ssl/record/rec_layer_s3.c,"('4396', '')",2016-03-08T08:52:45+00:00,2016-03-07T21:39:27+00:00
0517538d1a39bc5eb664928a6c40b4a0afad01da,d02b48c63a58ea4367a0e905979f140b7d090f86,crypto/x509/x509_r2x.c,"('182', '')",2016-04-04T19:02:51+02:00,1998-12-21T10:52:47+00:00
0517538d1a39bc5eb664928a6c40b4a0afad01da,8c5a2bd6bb9a8c2bb3e1b63c03e57bb1115275d1,crypto/x509/x509_r2x.c,"('182', '')",2016-04-04T19:02:51+02:00,2006-01-29T23:12:22+00:00
acde647fb0347f64af8f8678b73ce41f2f499c02,6903e2e7e9a47bb350920ae640287cf9f43a22ce,crypto/ec/ec_key.c,"('4517', '')",2016-04-23T04:24:27+01:00,2016-02-28T22:54:53+00:00
7936a86b9f937586d9d80492d9480e11e0f9da39,5384d1e4ebd58f31a06b2f5d1f6c4b28f63d72ed,crypto/camellia/build.info,"('4520', '')",2016-04-26T21:30:55+02:00,2016-03-09T11:09:26+01:00
5f18bc589865e6cc07e47ba7412a4cfd208abd04,de2a9e38f39eacc2e052d694f5b5fa5b7e734abc,ssl/ssl_rsa.c,"('719', '')",2016-05-02T16:55:14-04:00,2014-08-28T17:06:53+01:00
5f18bc589865e6cc07e47ba7412a4cfd208abd04,0f113f3ee4d629ef9a4a30911b22b224772085e5,ssl/ssl_rsa.c,"('719', '')",2016-05-02T16:55:14-04:00,2015-01-22T09:20:09+00:00
5f18bc589865e6cc07e47ba7412a4cfd208abd04,a398f821fa98b9923a426cf45b268cf4d56c89bd,ssl/ssl_rsa.c,"('719', '')",2016-05-02T16:55:14-04:00,2013-06-12T17:01:13+01:00
5f18bc589865e6cc07e47ba7412a4cfd208abd04,8cafe9e8bfcc99d12adf083c61411955995668c4,ssl/ssl_rsa.c,"('719', '')",2016-05-02T16:55:14-04:00,2014-08-28T17:06:53+01:00
5f18bc589865e6cc07e47ba7412a4cfd208abd04,33f653adf3bff5b0795e22de1f54b7c5472252d0,ssl/ssl_rsa.c,"('719', '')",2016-05-02T16:55:14-04:00,2014-08-28T17:06:53+01:00
d7ab691bc479d3cf2eea07329db6ce0e2589f0b9,c7235be6e36c4bef84594aa3b2f0561db84b63d8,crypto/asn1/a_type.c,"('4364', '')",2016-05-03T13:06:15+01:00,2006-02-12T23:11:56+00:00
d7ab691bc479d3cf2eea07329db6ce0e2589f0b9,9d6b1ce6441c7cc6aed344f02d9f676ab5e04217,crypto/asn1/tasn_dec.c,"('4364', '')",2016-05-03T13:06:15+01:00,2000-12-08T19:09:35+00:00
d7ab691bc479d3cf2eea07329db6ce0e2589f0b9,9d6b1ce6441c7cc6aed344f02d9f676ab5e04217,crypto/asn1/tasn_enc.c,"('4364', '')",2016-05-03T13:06:15+01:00,2000-12-08T19:09:35+00:00
3340e8bb186f689df5720352f65a9c0c42b6046b,94e6ae7a697486716313062c5c6700c9e0d6423a,crypto/asn1/d2i_pr.c,"('4527', '')",2016-05-04T12:57:41+01:00,2007-11-20T13:37:51+00:00
3340e8bb186f689df5720352f65a9c0c42b6046b,605236f6a8fe0743af2f63d93239a74c69dae137,crypto/asn1/d2i_pr.c,"('4527', '')",2016-05-04T12:57:41+01:00,2015-10-03T13:22:52+02:00
6dccec2b5990cd282725393c21b5524f4f774615,2d0b44126763f989a4cbffbffe9d0c7518158bb7,crypto/blake2/m_blake2b.c,"('4514', '')",2016-05-04T13:20:49+01:00,2016-03-11T10:39:10-05:00
6dccec2b5990cd282725393c21b5524f4f774615,2d0b44126763f989a4cbffbffe9d0c7518158bb7,crypto/blake2/m_blake2s.c,"('4514', '')",2016-05-04T13:20:49+01:00,2016-03-11T10:39:10-05:00
ad9a05621ac75b6b9db1e8856d7f434276b1a7af,5bca70ca49d3368a9cbd35c3ae9c06d9fec5ed27,crypto/bio/b_sock.c,"('817', '')",2016-05-04T13:42:14+01:00,2016-02-03T19:39:37+01:00
4e0d184ac1dde845ba9574872e2ae5c903c81dff,295f3a24919157e2f9021d0b1709353710ad63db,crypto/x509/x_name.c,"('4531', '')",2016-05-04T17:39:37+01:00,2016-04-29T19:42:21+01:00
d5e86796843ff0b1dab087ce2a6f867768436b63,38c654819c520b43f6b2f9d3240a969aa78a876c,CHANGES,"('1021', '')",2016-05-05T14:13:38+02:00,2014-08-01T18:18:52+02:00
d5e86796843ff0b1dab087ce2a6f867768436b63,0548505f4cbd49b9724fab28881e096f9d951e6f,CHANGES,"('1021', '')",2016-05-05T14:13:38+02:00,2015-01-06T12:13:36+01:00
d5e86796843ff0b1dab087ce2a6f867768436b63,6f47ced0157059edee2d4c0d94fcf76e08763c5f,CHANGES,"('1021', '')",2016-05-05T14:13:38+02:00,2015-07-09T09:30:46+01:00
d5e86796843ff0b1dab087ce2a6f867768436b63,6ac8377901b6cb9d5da8953d090e2ab43d65e8b5,CHANGES,"('1021', '')",2016-05-05T14:13:38+02:00,2016-05-03T13:17:34+01:00
d5e86796843ff0b1dab087ce2a6f867768436b63,4dc836773e042806235bd724acc711f0cb9b049b,CHANGES,"('1021', '')",2016-05-05T14:13:38+02:00,2013-09-16T14:55:03+02:00
d800d0f45b7618c30692c01d4dbf96042468b932,21131f00d7ffcdac99334ce5704366c1cdd06fc4,crypto/pkcs12/p12_npas.c,"('4466', '')",2016-05-06T21:19:36+01:00,1999-12-03T03:46:18+00:00
d800d0f45b7618c30692c01d4dbf96042468b932,75ebbd9aa411c5b8b19ded6ace2b34181566b56a,crypto/pkcs12/p12_npas.c,"('4466', '')",2016-05-06T21:19:36+01:00,2015-05-11T10:06:38-04:00
d800d0f45b7618c30692c01d4dbf96042468b932,5de603abc8fe6fedca529ce58d3741b50ff99592,crypto/pkcs12/p12_npas.c,"('4466', '')",2016-05-06T21:19:36+01:00,2000-05-16T21:22:45+00:00
d800d0f45b7618c30692c01d4dbf96042468b932,216811b21687bd8f45e34dde8a6fcc7bb73fe2e8,crypto/pkcs12/p12_npas.c,"('4466', '')",2016-05-06T21:19:36+01:00,2010-03-28T00:42:38+00:00
d800d0f45b7618c30692c01d4dbf96042468b932,f2716dada0527bcf200e628fd572514bd395fbfb,crypto/pkcs12/p12_npas.c,"('4466', '')",2016-05-06T21:19:36+01:00,2000-05-16T19:53:50+00:00
d800d0f45b7618c30692c01d4dbf96042468b932,0f113f3ee4d629ef9a4a30911b22b224772085e5,crypto/pkcs12/p12_npas.c,"('4466', '')",2016-05-06T21:19:36+01:00,2015-01-22T09:20:09+00:00
3105d695358d86c0f2a404b2b74a1870b941ce5e,95d29597b7cc2ec3653811b1a659094b4831f96b,crypto/bio/bss_bio.c,"('1215', '')",2016-05-09T17:05:16+01:00,1999-06-12T01:03:40+00:00
3105d695358d86c0f2a404b2b74a1870b941ce5e,0f113f3ee4d629ef9a4a30911b22b224772085e5,crypto/bio/bss_bio.c,"('1215', '')",2016-05-09T17:05:16+01:00,2015-01-22T09:20:09+00:00
cb21df32296a57150341aaa24131dfc668122df8,b3e2272c59a5720467045e2ae62940fdb708ce76,ssl/statem/statem_srvr.c,"('4387', '')",2016-05-11T13:43:41+01:00,2015-10-05T19:03:52+02:00
7c0ef8431845ea741012a5a6ff7063dca801fadd,7e1b7485706c2b11091b5fa897fe496a2faa56cc,apps/apps.c,"('4403', '')",2016-05-12T12:02:38+01:00,2015-04-24T15:26:15-04:00
7c0ef8431845ea741012a5a6ff7063dca801fadd,b4faea50c35d92a67d1369355b49cc3efba78406,apps/apps.c,"('4403', '')",2016-05-12T12:02:38+01:00,2015-05-04T15:00:13-04:00
7c0ef8431845ea741012a5a6ff7063dca801fadd,d2aea038297e0c64ca66e6844cbb37377365885e,apps/apps.c,"('4403', '')",2016-05-12T12:02:38+01:00,2014-06-27T14:35:07+01:00
7c0ef8431845ea741012a5a6ff7063dca801fadd,69e7805f54e6bcb665668b4c61e3da344c53278a,apps/engine.c,"('4403', '')",2016-05-12T12:02:38+01:00,2000-11-02T19:24:48+00:00
7c0ef8431845ea741012a5a6ff7063dca801fadd,bd30091c9725bdad1c82bce10839f33ceaa5623b,crypto/modes/ocb128.c,"('4403', '')",2016-05-12T12:02:38+01:00,2015-12-10T13:11:26+01:00
7c0ef8431845ea741012a5a6ff7063dca801fadd,0f113f3ee4d629ef9a4a30911b22b224772085e5,crypto/modes/ocb128.c,"('4403', '')",2016-05-12T12:02:38+01:00,2015-01-22T09:20:09+00:00
7c0ef8431845ea741012a5a6ff7063dca801fadd,0f113f3ee4d629ef9a4a30911b22b224772085e5,ssl/ssl_rsa.c,"('4403', '')",2016-05-12T12:02:38+01:00,2015-01-22T09:20:09+00:00
7c0ef8431845ea741012a5a6ff7063dca801fadd,ecf4d660902dcef6e0afc51d52926f00d409ee6b,ssl/t1_ext.c,"('4403', '')",2016-05-12T12:02:38+01:00,2014-08-28T17:06:52+01:00
7c0ef8431845ea741012a5a6ff7063dca801fadd,0f113f3ee4d629ef9a4a30911b22b224772085e5,ssl/t1_ext.c,"('4403', '')",2016-05-12T12:02:38+01:00,2015-01-22T09:20:09+00:00
f47e5647750d4443cbdd7fc2311f838f0f103112,7e1b7485706c2b11091b5fa897fe496a2faa56cc,apps/cms.c,"('4215', '')",2016-05-13T02:21:56+01:00,2015-04-24T15:26:15-04:00
f47e5647750d4443cbdd7fc2311f838f0f103112,0c20802c6a6008b28bfb0eac67d69f536edc60a7,apps/opt.c,"('4215', '')",2016-05-13T02:21:56+01:00,2016-02-02T23:24:12-05:00
f47e5647750d4443cbdd7fc2311f838f0f103112,7e1b7485706c2b11091b5fa897fe496a2faa56cc,apps/smime.c,"('4215', '')",2016-05-13T02:21:56+01:00,2015-04-24T15:26:15-04:00
afdd82fb567dbcd003108eb5faab82998d9fbf4d,411abf2dd37974a5baa54859c1abcd287b3c1181,include/openssl/safestack.h,"('4471', '')",2016-05-13T12:23:52+01:00,2016-01-07T18:00:51+00:00
afdd82fb567dbcd003108eb5faab82998d9fbf4d,77f31b3a8a7a2c3ee5a3a4da9843b4b224b32300,include/openssl/safestack.h,"('4471', '')",2016-05-13T12:23:52+01:00,2016-01-09T19:04:02-05:00
2647e2617e31002cb0ab80758be4e566917d2888,0f113f3ee4d629ef9a4a30911b22b224772085e5,crypto/x509/x509_obj.c,"('656', '')",2016-05-17T14:27:19+01:00,2015-01-22T09:20:09+00:00
690b462126048d4d8ea3376cf13b4833d9f8801d,c621c7e432a0c03beaa6277de76059d868bf6514,engines/e_capi.c,"('830', '')",2016-05-18T10:47:15+01:00,2008-06-01T23:42:49+00:00
690b462126048d4d8ea3376cf13b4833d9f8801d,7a18ecb2df34baa6de462bfcf9379e38209d224b,engines/e_capi.c,"('830', '')",2016-05-18T10:47:15+01:00,2008-05-31T22:49:32+00:00
690b462126048d4d8ea3376cf13b4833d9f8801d,7644a9aef8932ed4d1c3f25ed776c997702982be,engines/e_capi.c,"('830', '')",2016-05-18T10:47:15+01:00,2015-12-16T16:14:49-05:00
690b462126048d4d8ea3376cf13b4833d9f8801d,953174f46ec1e1bb157f51265d6b7a083fab0d3e,engines/e_capi.c,"('830', '')",2016-05-18T10:47:15+01:00,2008-06-01T23:45:11+00:00
c9141a43e246d527ec8b5a97b98e93fc31b0f0b8,edc032b5e3f3ebb1006a9c89e0ae00504f47966f,crypto/srp/srp_lib.c,"('1017', '')",2016-05-18T23:02:30+02:00,2011-03-12T17:01:19+00:00
464175692f1f00a9e5a87f040d0c59184d63b53b,4f43d0e71f9c2b4dff7178b48ea69c90797f7aaa,ssl/ssl_lib.c,"('322', '')",2016-05-20T14:11:11+01:00,1999-02-28T12:41:50+00:00
464175692f1f00a9e5a87f040d0c59184d63b53b,d58d092bc9f0a541ce5f0b265ee819f7ab086560,ssl/ssl_lib.c,"('322', '')",2016-05-20T14:11:11+01:00,1999-06-10T16:29:32+00:00
464175692f1f00a9e5a87f040d0c59184d63b53b,58964a492275ca9a59a0cd9c8155cb2491b4b909,ssl/ssl_lib.c,"('322', '')",2016-05-20T14:11:11+01:00,1998-12-21T10:56:39+00:00
464175692f1f00a9e5a87f040d0c59184d63b53b,0f113f3ee4d629ef9a4a30911b22b224772085e5,ssl/ssl_lib.c,"('322', '')",2016-05-20T14:11:11+01:00,2015-01-22T09:20:09+00:00
464175692f1f00a9e5a87f040d0c59184d63b53b,4bcdb4a6019e57b3de077b17940e18befe745531,ssl/ssl_locl.h,"('322', '')",2016-05-20T14:11:11+01:00,2015-03-23T15:23:00+00:00
464175692f1f00a9e5a87f040d0c59184d63b53b,e0fc7961c4fbd27577fb519d9aea2dc788742715,ssl/ssl_locl.h,"('322', '')",2016-05-20T14:11:11+01:00,2014-07-24T19:41:29+01:00
464175692f1f00a9e5a87f040d0c59184d63b53b,f8e0a5573820bd7318782d4954c6643ff7e58102,ssl/statem/statem.c,"('322', '')",2016-05-20T14:11:11+01:00,2015-10-30T08:27:59+00:00
464175692f1f00a9e5a87f040d0c59184d63b53b,61ae935a9831d2b132e50508ccc37f879c17a5c4,ssl/statem/statem_clnt.c,"('322', '')",2016-05-20T14:11:11+01:00,2015-10-30T08:38:18+00:00
464175692f1f00a9e5a87f040d0c59184d63b53b,0f113f3ee4d629ef9a4a30911b22b224772085e5,test/heartbeat_test.c,"('322', '')",2016-05-20T14:11:11+01:00,2015-01-22T09:20:09+00:00
fcb318c64b8c3ff24ec36f99797880386bed5867,642565106e7764cecf96cf865bd6c52afaa68f22,crypto/threads_win.c,"('1086', '')",2016-05-20T23:08:18+01:00,2016-03-09T20:42:30-05:00
fcb318c64b8c3ff24ec36f99797880386bed5867,6b888643105e37d340d509b98023b4779653c8a7,crypto/threads_win.c,"('1086', '')",2016-05-20T23:08:18+01:00,2016-04-02T16:56:09-04:00
fcb318c64b8c3ff24ec36f99797880386bed5867,71a04cfca03bf6d5a93ad3ffd23e0fb9e0da2919,crypto/threads_win.c,"('1086', '')",2016-05-20T23:08:18+01:00,2016-02-26T10:00:36+00:00
fcb318c64b8c3ff24ec36f99797880386bed5867,5c4328f04f63bc288d4e069e1453ab18b0309f16,include/openssl/crypto.h,"('1086', '')",2016-05-20T23:08:18+01:00,2016-05-16T12:16:26-04:00
11ed851db0c49f9fdd534fbd8a2791266f32c5b8,9b398ef297dd1b74527dd0afee9f59cd3f5bc33d,crypto/ec/ec_kmeth.c,"('873', '')",2016-05-23T13:37:02+01:00,2016-03-08T11:10:34-05:00
11ed851db0c49f9fdd534fbd8a2791266f32c5b8,c001ce33137993a0c4ff15060ed1639826bfca0b,crypto/ec/ec_kmeth.c,"('873', '')",2016-05-23T13:37:02+01:00,2016-03-08T11:10:34-05:00
11ed851db0c49f9fdd534fbd8a2791266f32c5b8,0d6ff6d3d1a19d491ec9a002b808cec23ca12107,crypto/ec/ec_kmeth.c,"('873', '')",2016-05-23T13:37:02+01:00,2015-12-09T22:09:18+00:00
11ed851db0c49f9fdd534fbd8a2791266f32c5b8,3aef36ffef89849348049296892327e6fdf9d705,crypto/ec/ec_kmeth.c,"('873', '')",2016-05-23T13:37:02+01:00,2016-01-13T14:32:59-05:00
11ed851db0c49f9fdd534fbd8a2791266f32c5b8,28572b577c9a8fa41d85e1d2dce8afb2892464cd,crypto/ec/ec_kmeth.c,"('873', '')",2016-05-23T13:37:02+01:00,2015-12-09T22:09:17+00:00
11ed851db0c49f9fdd534fbd8a2791266f32c5b8,d188a53617de68a707fe9459d4f4245d9a57cd9c,crypto/rsa/rsa_lib.c,"('873', '')",2016-05-23T13:37:02+01:00,2016-03-08T09:07:32-05:00
11ed851db0c49f9fdd534fbd8a2791266f32c5b8,d02b48c63a58ea4367a0e905979f140b7d090f86,crypto/rsa/rsa_lib.c,"('873', '')",2016-05-23T13:37:02+01:00,1998-12-21T10:52:47+00:00
11ed851db0c49f9fdd534fbd8a2791266f32c5b8,cb78486d97328121add07df466b7578076650a90,crypto/rsa/rsa_lib.c,"('873', '')",2016-05-23T13:37:02+01:00,2001-09-25T20:23:40+00:00
11ed851db0c49f9fdd534fbd8a2791266f32c5b8,5270e7025e11b2fd1a5bdf8d81feded1167b1c87,crypto/rsa/rsa_lib.c,"('873', '')",2016-05-23T13:37:02+01:00,2000-10-26T21:07:28+00:00
11ed851db0c49f9fdd534fbd8a2791266f32c5b8,0c372b94f77bebed947b6a5d217a141a3259b3ed,crypto/rsa/rsa_lib.c,"('873', '')",2016-05-23T13:37:02+01:00,2002-03-09T18:25:03+00:00
11ed851db0c49f9fdd534fbd8a2791266f32c5b8,79aa04ef27f69a1149d4d0e72d2d2953b6241ef0,crypto/rsa/rsa_lib.c,"('873', '')",2016-05-23T13:37:02+01:00,2001-09-01T20:02:13+00:00
11ed851db0c49f9fdd534fbd8a2791266f32c5b8,64b25758edca688a30f02c260262150f7ad0bc7d,crypto/rsa/rsa_lib.c,"('873', '')",2016-05-23T13:37:02+01:00,2015-09-03T16:26:34-04:00
11ed851db0c49f9fdd534fbd8a2791266f32c5b8,26a3a48d65c7464b400ec1de439994d7f0d25fed,crypto/rsa/rsa_lib.c,"('873', '')",2016-05-23T13:37:02+01:00,2000-06-01T22:19:21+00:00
11ed851db0c49f9fdd534fbd8a2791266f32c5b8,fdb2c6e4e5b8c2065a289bca879820ea61a3c636,crypto/rsa/rsa_lib.c,"('873', '')",2016-05-23T13:37:02+01:00,2009-12-09T13:38:05+00:00
a93e0e78db78e03bdcd29acf9bbc8a812ee50cb6,4b45c6e52b208deff7da333d1c7f84bcd3986609,crypto/engine/eng_openssl.c,"('4342', '')",2016-05-23T23:08:22+01:00,2015-04-30T17:57:32-04:00
a93e0e78db78e03bdcd29acf9bbc8a812ee50cb6,e77906b9fa80ee523bea44e494a0a3af3ac6835d,crypto/engine/eng_openssl.c,"('4342', '')",2016-05-23T23:08:22+01:00,2010-11-24T18:32:06+00:00
a93e0e78db78e03bdcd29acf9bbc8a812ee50cb6,bf7c68177b6fbb80406c60136654b6fefe7e3ba2,crypto/engine/eng_openssl.c,"('4342', '')",2016-05-23T23:08:22+01:00,2015-12-07T17:39:23+01:00
a93e0e78db78e03bdcd29acf9bbc8a812ee50cb6,dbad169019598981174ff46c7a9bf58373b0e53a,crypto/evp/digest.c,"('4342', '')",2016-05-23T23:08:22+01:00,2001-07-30T23:57:25+00:00
a93e0e78db78e03bdcd29acf9bbc8a812ee50cb6,0f113f3ee4d629ef9a4a30911b22b224772085e5,crypto/evp/digest.c,"('4342', '')",2016-05-23T23:08:22+01:00,2015-01-22T09:20:09+00:00
a93e0e78db78e03bdcd29acf9bbc8a812ee50cb6,11a57c7be519b8977cc345db1b51a3e596faaec4,crypto/evp/digest.c,"('4342', '')",2016-05-23T23:08:22+01:00,2001-09-25T21:37:02+00:00
a93e0e78db78e03bdcd29acf9bbc8a812ee50cb6,74633553a912519a6e73a9d830132e58f420a6c9,crypto/hmac/hm_pmeth.c,"('4342', '')",2016-05-23T23:08:22+01:00,2007-04-11T12:33:06+00:00
a93e0e78db78e03bdcd29acf9bbc8a812ee50cb6,fa0c23de83efaf92da17cffce12444adbca48c89,crypto/hmac/hm_pmeth.c,"('4342', '')",2016-05-23T23:08:22+01:00,2015-12-07T17:36:57+01:00
a93e0e78db78e03bdcd29acf9bbc8a812ee50cb6,b6dcdbfc94c482f6c15ba725754fc9e827e41851,crypto/hmac/hm_pmeth.c,"('4342', '')",2016-05-23T23:08:22+01:00,2009-09-23T23:43:49+00:00
dae00d631fdaed48d88c454864abbd6ce99c63d6,7253fd550c768979ecd3df8f4dbbedd6e9dd76b0,crypto/conf/conf_lib.c,"('920', '')",2016-05-23T23:30:24+01:00,2016-02-11T08:43:46-05:00
dae00d631fdaed48d88c454864abbd6ce99c63d6,0fc32b0718ec210e03b6d8623d4819ed04615a1b,doc/crypto/OPENSSL_init_crypto.pod,"('920', '')",2016-05-23T23:30:24+01:00,2016-02-10T17:40:59+00:00
dae00d631fdaed48d88c454864abbd6ce99c63d6,f672aee49450e03e7b1a26c8701d0be720e9ae0e,doc/crypto/OPENSSL_init_crypto.pod,"('920', '')",2016-05-23T23:30:24+01:00,2016-02-10T09:37:03-05:00
dae00d631fdaed48d88c454864abbd6ce99c63d6,7253fd550c768979ecd3df8f4dbbedd6e9dd76b0,doc/crypto/OPENSSL_init_crypto.pod,"('920', '')",2016-05-23T23:30:24+01:00,2016-02-11T08:43:46-05:00
dae00d631fdaed48d88c454864abbd6ce99c63d6,7253fd550c768979ecd3df8f4dbbedd6e9dd76b0,include/openssl/crypto.h,"('920', '')",2016-05-23T23:30:24+01:00,2016-02-11T08:43:46-05:00
0a618df059d93bf7fe9e3ec92e04db8bc1eeff07,dfeab0689f69c0b4bd3480ffd37a9cacc2f17d9c,crypto/objects/o_names.c,"('2238', '')",2016-05-24T00:09:56+01:00,1998-12-21T11:00:56+00:00
242073bdbc0bcca8fa7d193f9dc43c53a482c829,9d9e37744cd5119f9921315864d1cd28717173cd,crypto/bio/b_print.c,"('2270', '')",2016-05-27T10:23:18+01:00,2015-04-30T23:12:39+01:00
242073bdbc0bcca8fa7d193f9dc43c53a482c829,827dbcb150a464585fe9274c1ad04d34ee51a131,crypto/bio/b_print.c,"('2270', '')",2016-05-27T10:23:18+01:00,2000-09-07T05:50:14+00:00
242073bdbc0bcca8fa7d193f9dc43c53a482c829,b4000e8ad8ee40226d3080860bd4c70b79f42fcc,crypto/bio/b_print.c,"('2270', '')",2016-05-27T10:23:18+01:00,2002-05-09T18:19:21+00:00
1b62d880b5190de8c49a01837d96501cecf2a111,b478e91fda91bc99776e3d0ae40a77153e868f99,crypto/bio/b_print.c,"('1102', '')",2016-05-27T10:23:18+01:00,2000-02-25T14:00:24+00:00
1b62d880b5190de8c49a01837d96501cecf2a111,9fd4ee5d7c0925aa4c1c52e33429bdebe868f9e2,crypto/bio/b_print.c,"('1102', '')",2016-05-27T10:23:18+01:00,2000-02-24T22:23:45+00:00
1b62d880b5190de8c49a01837d96501cecf2a111,032c3ecb18ca3ac4823424aaf072f2deb28a987c,crypto/bio/b_print.c,"('1102', '')",2016-05-27T10:23:18+01:00,2004-03-25T02:19:42+00:00
384f08dc76e4df2c004042bd9b1bad60f98c281f,fd4e98ec8423cbcfc09aef62de2b9b0108c875c6,apps/s_server.c,"('4255', '')",2016-05-27T15:18:35+01:00,2015-09-23T13:53:27+01:00
75dd6c1a39c4e73de7d8d782adb7008645248f50,0bf23d9b2055223c6e7a1398d2243a65dfa4c30d,apps/s_client.c,"('4255', '')",2016-05-27T15:18:46+01:00,2002-11-15T22:37:18+00:00
75dd6c1a39c4e73de7d8d782adb7008645248f50,0f113f3ee4d629ef9a4a30911b22b224772085e5,apps/s_client.c,"('4255', '')",2016-05-27T15:18:46+01:00,2015-01-22T09:20:09+00:00
75dd6c1a39c4e73de7d8d782adb7008645248f50,06f4536a616c228a222beca36e15eabb430d3a5f,apps/s_server.c,"('4255', '')",2016-05-27T15:18:46+01:00,1999-09-20T22:09:17+00:00
75dd6c1a39c4e73de7d8d782adb7008645248f50,0f113f3ee4d629ef9a4a30911b22b224772085e5,apps/s_server.c,"('4255', '')",2016-05-27T15:18:46+01:00,2015-01-22T09:20:09+00:00
46ac07f5455dd39840b63bebd2942c2058e7a9cb,5beb63c41e8bc140cd8096af8195b0b95bef1ff5,test/recipes/80-test_ssl_old.t,"('4255', '')",2016-05-27T15:19:03+01:00,2015-09-07T16:10:58+02:00
cb66390857fe9477e567f163302b4e34aeff8e6e,7c0e1aa6e2b24d76169573703b1455ef178667d9,Configurations/windows-makefile.tmpl,"('4486', '')",2016-05-27T17:41:32+02:00,2016-03-09T11:22:07+01:00
cb66390857fe9477e567f163302b4e34aeff8e6e,8d34daf0ce3bd2fc08dda0f1b0d1213dec452a1d,Configurations/windows-makefile.tmpl,"('4486', '')",2016-05-27T17:41:32+02:00,2016-04-25T18:06:06+02:00
cb66390857fe9477e567f163302b4e34aeff8e6e,685b6f293b4b29bf1ee5c7af19cf1348567828b4,Configurations/windows-makefile.tmpl,"('4486', '')",2016-05-27T17:41:32+02:00,2016-03-16T18:11:13+01:00
cb66390857fe9477e567f163302b4e34aeff8e6e,592b6fb489c97be2b039ab671647aa58a472204a,Configurations/windows-makefile.tmpl,"('4486', '')",2016-05-27T17:41:32+02:00,2016-05-16T11:15:57+02:00
cb66390857fe9477e567f163302b4e34aeff8e6e,da430a5555b97cc0fe5e9bf6cfd64be98e8b5bcb,Configurations/windows-makefile.tmpl,"('4486', '')",2016-05-27T17:41:32+02:00,2016-04-13T11:36:46+02:00
cb66390857fe9477e567f163302b4e34aeff8e6e,2ff4d2933e55408d91fcdb8093792952a9f72dad,Configurations/windows-makefile.tmpl,"('4486', '')",2016-05-27T17:41:32+02:00,2016-05-23T21:48:42+02:00
cb66390857fe9477e567f163302b4e34aeff8e6e,d46057277f3b805e5f198e31fc81a892bf5c9141,Configurations/windows-makefile.tmpl,"('4486', '')",2016-05-27T17:41:32+02:00,2016-03-10T10:02:29+01:00
cb66390857fe9477e567f163302b4e34aeff8e6e,50bf25d2230dd0220c399a763cd26c5d7034b699,Configurations/windows-makefile.tmpl,"('4486', '')",2016-05-27T17:41:32+02:00,2016-03-19T11:25:10+01:00
cb66390857fe9477e567f163302b4e34aeff8e6e,9a1394c54e9e5d21476ee6fb5d15d1d14dd4fdf5,Configurations/windows-makefile.tmpl,"('4486', '')",2016-05-27T17:41:32+02:00,2016-03-09T11:22:07+01:00
cb66390857fe9477e567f163302b4e34aeff8e6e,769777b0a24c77377c612d84537c40a2b55abfa6,Configurations/windows-makefile.tmpl,"('4486', '')",2016-05-27T17:41:32+02:00,2016-03-19T01:49:31+01:00
cb66390857fe9477e567f163302b4e34aeff8e6e,b202bf675b54dddf268d168a9a7c5db9f62e05ae,Configurations/windows-makefile.tmpl,"('4486', '')",2016-05-27T17:41:32+02:00,2016-05-25T00:46:00+02:00
cb66390857fe9477e567f163302b4e34aeff8e6e,c3ad47f501303f86a7ae9bf957f5d05615ec84ff,Configurations/windows-makefile.tmpl,"('4486', '')",2016-05-27T17:41:32+02:00,2016-05-10T20:20:40+02:00
cb66390857fe9477e567f163302b4e34aeff8e6e,0ef1ce49eeed417c143a8c1bf77ce0d843306e3d,Configurations/windows-makefile.tmpl,"('4486', '')",2016-05-27T17:41:32+02:00,2016-03-21T11:00:21+01:00
cb66390857fe9477e567f163302b4e34aeff8e6e,e990ec5234d9daad66359833c40e4536d7fce499,Configurations/windows-makefile.tmpl,"('4486', '')",2016-05-27T17:41:32+02:00,2016-05-19T23:51:44+02:00
cb66390857fe9477e567f163302b4e34aeff8e6e,8c16829ebd8de96334818b2bc5a5e314b001d18c,Configurations/windows-makefile.tmpl,"('4486', '')",2016-05-27T17:41:32+02:00,2016-03-17T21:06:14+01:00
cb66390857fe9477e567f163302b4e34aeff8e6e,3ec8a1cfd8e06e2308fc318d8071aa7b5ddda146,Configurations/windows-makefile.tmpl,"('4486', '')",2016-05-27T17:41:32+02:00,2016-05-12T22:20:30+02:00
cb66390857fe9477e567f163302b4e34aeff8e6e,b75ac3c2a3ae8549eb8afb701c1fc7a55c2afdb5,Configurations/windows-makefile.tmpl,"('4486', '')",2016-05-27T17:41:32+02:00,2016-03-21T11:44:27+01:00
f72f00d49549c6620d7101f5e9bf7963da6df9ee,ffb1ac674c8294bf519add26fb37d94b7afeceb4,crypto/dh/dh_ameth.c,"('4149', '')",2016-05-31T13:06:16+01:00,2006-04-13T20:16:56+00:00
f72f00d49549c6620d7101f5e9bf7963da6df9ee,6f81892e6ba0bf0840d12e27f695817230dd42c1,crypto/dsa/dsa_ameth.c,"('4149', '')",2016-05-31T13:06:16+01:00,2006-03-20T17:56:05+00:00
f72f00d49549c6620d7101f5e9bf7963da6df9ee,6f81892e6ba0bf0840d12e27f695817230dd42c1,crypto/ec/ec_ameth.c,"('4149', '')",2016-05-31T13:06:16+01:00,2006-03-20T17:56:05+00:00
f72f00d49549c6620d7101f5e9bf7963da6df9ee,8211a33c7f37e58063d1294d8df294c7d9a1c1bf,doc/crypto/EVP_PKEY_cmp.pod,"('4149', '')",2016-05-31T13:06:16+01:00,2006-07-09T11:26:13+00:00
57358a83a401ef469353b7ebdae0cf3b870a4d5e,959e8dfe06cccb3422d8b593a8e569b121d321ca,apps/req.c,"('1068', '')",2016-06-01T13:09:26+01:00,2006-05-11T21:39:00+00:00
eeb21772effdd385e44eed547d717f171487987e,41918458c0617911fd5eb44df9abb2d8dacde48f,apps/dhparam.c,"('4244', '')",2016-06-01T13:19:02+01:00,2000-03-03T22:18:19+00:00
eeb21772effdd385e44eed547d717f171487987e,09483c58e3b21841d2761ce90b1f12b24f814881,apps/dhparam.c,"('4244', '')",2016-06-01T13:19:02+01:00,2000-01-22T13:58:29+00:00
eeb21772effdd385e44eed547d717f171487987e,fc1d88f02f45812fb1515bf83aa8f7eaadf4d0f5,doc/apps/dhparam.pod,"('4244', '')",2016-06-01T13:19:02+01:00,2014-07-02T22:42:40-04:00
eeb21772effdd385e44eed547d717f171487987e,4486d0cd7a715aed7ca3728aa24413d91666bb68,doc/crypto/DH_generate_parameters.pod,"('4244', '')",2016-06-01T13:19:02+01:00,2000-01-22T20:05:23+00:00
eeb21772effdd385e44eed547d717f171487987e,38e33cef15e7965ad9fd9db4b08fb2f5dc1bc573,doc/crypto/DH_generate_parameters.pod,"('4244', '')",2016-06-01T13:19:02+01:00,2000-01-27T19:31:26+00:00
2c4a056f59a6819b8a0d40e3a7e11cf6d35b3e88,6b691a5c85ddc4e407e32781841fee5c029506cd,ssl/s3_enc.c,"('3198', '')",2016-06-03T20:29:04+01:00,1999-04-19T21:31:43+00:00
2c4a056f59a6819b8a0d40e3a7e11cf6d35b3e88,81025661a94034fef1386cb5d5137ba4ddb120f0,ssl/s3_enc.c,"('3198', '')",2016-06-03T20:29:04+01:00,2007-08-31T12:42:53+00:00
2c4a056f59a6819b8a0d40e3a7e11cf6d35b3e88,d02b48c63a58ea4367a0e905979f140b7d090f86,ssl/ssl_locl.h,"('3198', '')",2016-06-03T20:29:04+01:00,1998-12-21T10:52:47+00:00
2c4a056f59a6819b8a0d40e3a7e11cf6d35b3e88,464175692f1f00a9e5a87f040d0c59184d63b53b,ssl/statem/statem.c,"('3198', '')",2016-06-03T20:29:04+01:00,2016-05-20T14:11:11+01:00
2c4a056f59a6819b8a0d40e3a7e11cf6d35b3e88,f8e0a5573820bd7318782d4954c6643ff7e58102,ssl/statem/statem.c,"('3198', '')",2016-06-03T20:29:04+01:00,2015-10-30T08:27:59+00:00
2c4a056f59a6819b8a0d40e3a7e11cf6d35b3e88,61ae935a9831d2b132e50508ccc37f879c17a5c4,ssl/statem/statem_clnt.c,"('3198', '')",2016-06-03T20:29:04+01:00,2015-10-30T08:38:18+00:00
2c4a056f59a6819b8a0d40e3a7e11cf6d35b3e88,61ae935a9831d2b132e50508ccc37f879c17a5c4,ssl/statem/statem_srvr.c,"('3198', '')",2016-06-03T20:29:04+01:00,2015-10-30T08:38:18+00:00
39a470088af6f833bd1a912908c44bf4a9f48b0c,e890dcdb196aa2b971f3c85ccc94389bb01edb91,doc/apps/x509.pod,"('247', '')",2016-06-03T21:52:41+01:00,2001-03-15T22:45:20+00:00
c796e0215209e68d77dfc23150441a64404a99a5,8b75603cc0ce8f4d9deb7218fbd905d3fc73a4c0,doc/crypto/OPENSSL_init_crypto.pod,"('653', '')",2016-06-07T13:41:22+01:00,2016-02-09T15:11:38+00:00
c796e0215209e68d77dfc23150441a64404a99a5,f672aee49450e03e7b1a26c8701d0be720e9ae0e,doc/crypto/OPENSSL_init_crypto.pod,"('653', '')",2016-06-07T13:41:22+01:00,2016-02-10T09:37:03-05:00
255cfeacd88bcba13688da17fab72b344a78d24f,94777c9c86a2b2ea2726c49d6c8f61078558beba,ssl/record/rec_layer_s3.c,"('4395', '')",2016-06-07T22:07:36+01:00,2016-03-07T21:39:27+00:00
255cfeacd88bcba13688da17fab72b344a78d24f,94777c9c86a2b2ea2726c49d6c8f61078558beba,ssl/record/ssl3_record.c,"('4395', '')",2016-06-07T22:07:36+01:00,2016-03-07T21:39:27+00:00
255cfeacd88bcba13688da17fab72b344a78d24f,fe589e6175f350a3e83b39ea07a08b0c824ea6fb,ssl/record/ssl3_record.c,"('4395', '')",2016-06-07T22:07:36+01:00,2015-03-26T13:58:51+00:00
e70656cf1c9e886344913444fe2f3a0b7d3721a9,58964a492275ca9a59a0cd9c8155cb2491b4b909,ssl/ssl_sess.c,"('597', '')",2016-06-13T17:35:18+01:00,1998-12-21T10:56:39+00:00
e70656cf1c9e886344913444fe2f3a0b7d3721a9,d02b48c63a58ea4367a0e905979f140b7d090f86,ssl/ssl_sess.c,"('597', '')",2016-06-13T17:35:18+01:00,1998-12-21T10:52:47+00:00
e70656cf1c9e886344913444fe2f3a0b7d3721a9,ccae4a1582efcad311d095a8e6832b2b67d5ed05,ssl/ssl_sess.c,"('597', '')",2016-06-13T17:35:18+01:00,2016-03-27T23:58:50+02:00
e70656cf1c9e886344913444fe2f3a0b7d3721a9,0dd2254d7667979ea998af1f480a7841ea864ad5,ssl/ssl_sess.c,"('597', '')",2016-06-13T17:35:18+01:00,2000-11-29T16:04:38+00:00
e70656cf1c9e886344913444fe2f3a0b7d3721a9,413c4f45ed0508d2242638696b7665f499d68265,ssl/ssl_sess.c,"('597', '')",2016-06-13T17:35:18+01:00,1999-02-16T09:22:21+00:00
e70656cf1c9e886344913444fe2f3a0b7d3721a9,0f113f3ee4d629ef9a4a30911b22b224772085e5,ssl/ssl_sess.c,"('597', '')",2016-06-13T17:35:18+01:00,2015-01-22T09:20:09+00:00
c25278db8e4c21772a0cd81f7873e767cbc6d219,0d4fb8439092ff8253af72ac6bc193e77ebbcf2f,crypto/perlasm/x86_64-xlate.pl,"('1165', '')",2016-06-14T22:50:04+02:00,2016-02-05T15:25:50-05:00
c25278db8e4c21772a0cd81f7873e767cbc6d219,1b0fe79f3ee27ebd20510da3af9ec04c6ee0f800,crypto/perlasm/x86_64-xlate.pl,"('1165', '')",2016-06-14T22:50:04+02:00,2014-07-09T20:08:01+02:00
c25278db8e4c21772a0cd81f7873e767cbc6d219,a9e790b95ae6e5ee0d884812db23962caa32279c,crypto/perlasm/x86_64-xlate.pl,"('1165', '')",2016-06-14T22:50:04+02:00,2010-07-26T21:45:38+00:00
c25278db8e4c21772a0cd81f7873e767cbc6d219,9b634c9b37afc482a8dc8868e367bdd1b650e507,crypto/perlasm/x86_64-xlate.pl,"('1165', '')",2016-06-14T22:50:04+02:00,2008-07-22T08:42:06+00:00
c25278db8e4c21772a0cd81f7873e767cbc6d219,d405aa2ff265965c71ce7331cf0e49d634a06924,crypto/perlasm/x86_64-xlate.pl,"('1165', '')",2016-06-14T22:50:04+02:00,2016-04-20T09:51:33+02:00
c25278db8e4c21772a0cd81f7873e767cbc6d219,f6ff1aa8e0520c7cb9e63e31cc313062b16be859,crypto/perlasm/x86_64-xlate.pl,"('1165', '')",2016-06-14T22:50:04+02:00,2012-08-13T12:34:36+00:00
c25278db8e4c21772a0cd81f7873e767cbc6d219,93c4ba07d715fc8e3bad982ef4ea33e90d6a344e,crypto/perlasm/x86_64-xlate.pl,"('1165', '')",2016-06-14T22:50:04+02:00,2008-11-14T16:40:37+00:00
c25278db8e4c21772a0cd81f7873e767cbc6d219,852537726574b0b568a3bd8d12e5c797c5e56c63,crypto/perlasm/x86_64-xlate.pl,"('1165', '')",2016-06-14T22:50:04+02:00,2008-11-12T08:05:58+00:00
c25278db8e4c21772a0cd81f7873e767cbc6d219,1cfd258ed61721ef667ea8a6ca46b57f3765007e,crypto/perlasm/x86_64-xlate.pl,"('1165', '')",2016-06-14T22:50:04+02:00,2005-04-17T21:05:57+00:00
c25278db8e4c21772a0cd81f7873e767cbc6d219,902b30df193afc3417a96ba72a81ed390bd50de3,crypto/perlasm/x86_64-xlate.pl,"('1165', '')",2016-06-14T22:50:04+02:00,2014-09-12T00:06:00+02:00
c25278db8e4c21772a0cd81f7873e767cbc6d219,fead253986b5feee00cd2c4b80d4c9fab6898230,crypto/perlasm/x86_64-xlate.pl,"('1165', '')",2016-06-14T22:50:04+02:00,2010-04-10T13:55:05+00:00
c25278db8e4c21772a0cd81f7873e767cbc6d219,a23e3dbee13448c3001cefd382de39741b1c8bff,crypto/perlasm/x86_64-xlate.pl,"('1165', '')",2016-06-14T22:50:04+02:00,2008-02-13T13:07:52+00:00
c25278db8e4c21772a0cd81f7873e767cbc6d219,d6522548dd0e7fce338a5b1384dc09823493a6a4,crypto/perlasm/x86_64-xlate.pl,"('1165', '')",2016-06-14T22:50:04+02:00,2010-10-10T21:07:55+00:00
c25278db8e4c21772a0cd81f7873e767cbc6d219,932cc129ee61f5b72636eee6a7c3268e23967f7b,crypto/perlasm/x86_64-xlate.pl,"('1165', '')",2016-06-14T22:50:04+02:00,2007-05-14T15:57:19+00:00
c25278db8e4c21772a0cd81f7873e767cbc6d219,80aa9cc985251463a3ad65b0a4d64bf93c70b175,crypto/perlasm/x86_64-xlate.pl,"('1165', '')",2016-06-14T22:50:04+02:00,2008-10-28T08:40:07+00:00
c25278db8e4c21772a0cd81f7873e767cbc6d219,ce3d25d3e5a7e82fd59fd30dff7acc39baed8b5e,crypto/perlasm/x86_64-xlate.pl,"('1165', '')",2016-06-14T22:50:04+02:00,2016-02-13T02:54:48-05:00
c25278db8e4c21772a0cd81f7873e767cbc6d219,4db4882402a79345a075c62a87f2fb7cfe89e283,crypto/perlasm/x86_64-xlate.pl,"('1165', '')",2016-06-14T22:50:04+02:00,2008-12-17T19:56:48+00:00
c25278db8e4c21772a0cd81f7873e767cbc6d219,667053a2f3ad0788586f629f618d07b783bdde31,crypto/perlasm/x86_64-xlate.pl,"('1165', '')",2016-06-14T22:50:04+02:00,2013-10-03T00:26:09+02:00
c25278db8e4c21772a0cd81f7873e767cbc6d219,ddc20d4da9d770afeace2b4111d5d39d00e6c6b4,crypto/perlasm/x86_64-xlate.pl,"('1165', '')",2016-06-14T22:50:04+02:00,2011-05-18T16:24:19+00:00
3d32bab8f1742a3b57742e18f92a408f0403df8d,29f41e8a80c1a7341998958adc32cf270032d7e5,crypto/aes/asm/bsaes-armv7.pl,"('4578', '')",2016-06-20T12:29:47+02:00,2013-09-15T19:44:43+02:00
5b8fa431ae8eb5a18ba913494119e394230d4b70,adb46dbc6dd7347750df2468c93e8c34bcb93a4b,ssl/statem/statem_srvr.c,"('1', '');('1222', '')",2016-06-21T20:55:54+02:00,2013-06-13T16:58:45+01:00
5b8fa431ae8eb5a18ba913494119e394230d4b70,20ca916d7db4fe6feada88d0bea1489123339c7c,ssl/statem/statem_srvr.c,"('1', '');('1222', '')",2016-06-21T20:55:54+02:00,2015-09-17T17:26:19+02:00
5b8fa431ae8eb5a18ba913494119e394230d4b70,4aecfd4d9f366c849c9627ab666d1b1addc024e6,ssl/statem/statem_srvr.c,"('1', '');('1222', '')",2016-06-21T20:55:54+02:00,2014-12-17T14:01:19+01:00
5b8fa431ae8eb5a18ba913494119e394230d4b70,0f113f3ee4d629ef9a4a30911b22b224772085e5,ssl/statem/statem_srvr.c,"('1', '');('1222', '')",2016-06-21T20:55:54+02:00,2015-01-22T09:20:09+00:00
748e85308ef4f3e672975b3604ea2d76424fa404,d70fcb96ac3ed2d6182a966010f4bcdc7e898a67,apps/s_client.c,"('1251', '')",2016-06-25T11:01:30+02:00,2011-03-12T17:27:03+00:00
748e85308ef4f3e672975b3604ea2d76424fa404,7b1a04519fa038b51773c1214e267c8ad7fd5981,crypto/bn/bn_x931p.c,"('1251', '')",2016-06-25T11:01:30+02:00,2011-01-09T13:02:14+00:00
748e85308ef4f3e672975b3604ea2d76424fa404,e9224c717711eefb30038c9b37c69795dda93c9a,crypto/dh/dh_check.c,"('1251', '')",2016-06-25T11:01:30+02:00,2002-12-08T05:24:31+00:00
748e85308ef4f3e672975b3604ea2d76424fa404,d02b48c63a58ea4367a0e905979f140b7d090f86,crypto/dh/dh_check.c,"('1251', '')",2016-06-25T11:01:30+02:00,1998-12-21T10:52:47+00:00
748e85308ef4f3e672975b3604ea2d76424fa404,07981709667191ae61595a6f40530ccc4e41386f,crypto/dh/dh_check.c,"('1251', '')",2016-06-25T11:01:30+02:00,2011-12-01T17:27:36+00:00
4bbd4ba66dec4ca35502b8fac0315b447fde4d7a,0d5301aff900970b09d2fe0c70d1038157d7638b,apps/s_client.c,"('1268', '')",2016-07-08T16:20:59+01:00,2016-03-09T19:38:56+01:00
4bbd4ba66dec4ca35502b8fac0315b447fde4d7a,0d5301aff900970b09d2fe0c70d1038157d7638b,apps/s_server.c,"('1268', '')",2016-07-08T16:20:59+01:00,2016-03-09T19:38:56+01:00
b8a7bd83e68405fdf595077973035ac6fe24cb97,0f113f3ee4d629ef9a4a30911b22b224772085e5,crypto/ec/ec_ameth.c,"('4611', '')",2016-07-15T15:14:44+02:00,2015-01-22T09:20:09+00:00
b8a7bd83e68405fdf595077973035ac6fe24cb97,448be743350791d32764fac38f5d3c8ffda481b2,crypto/ec/ec_ameth.c,"('4611', '')",2016-07-15T15:14:44+02:00,2006-03-20T12:22:24+00:00
fb9339827bfba3e70719d245e905a22101010678,c76a4aead2660f417608eead5cdff81f04021220,ssl/statem/statem_srvr.c,"('4610', '')",2016-07-20T00:03:43+01:00,2016-07-18T22:55:07+01:00
fb9339827bfba3e70719d245e905a22101010678,e7928282d0148af5f28fa3437a625a2006af0214,ssl/statem/statem_srvr.c,"('4610', '')",2016-07-20T00:03:43+01:00,2011-09-05T10:25:31+00:00
fb9339827bfba3e70719d245e905a22101010678,73999b62a27d9ac7c10ff27d79fd2bab97f97670,ssl/statem/statem_srvr.c,"('4610', '')",2016-07-20T00:03:43+01:00,2015-10-30T08:38:18+00:00
69588edbaa424beb71c6a9b1be416588232cb78c,6b691a5c85ddc4e407e32781841fee5c029506cd,crypto/asn1/asn1_err.c,"('1330', '')",2016-07-20T19:20:53+02:00,1999-04-19T21:31:43+00:00
69588edbaa424beb71c6a9b1be416588232cb78c,079a1a9014b89661f0a612a5a9724ad9c77f21a3,crypto/async/async_err.c,"('1330', '')",2016-07-20T19:20:53+02:00,2015-11-20T23:34:35+00:00
69588edbaa424beb71c6a9b1be416588232cb78c,6b691a5c85ddc4e407e32781841fee5c029506cd,crypto/bio/bio_err.c,"('1330', '')",2016-07-20T19:20:53+02:00,1999-04-19T21:31:43+00:00
69588edbaa424beb71c6a9b1be416588232cb78c,6b691a5c85ddc4e407e32781841fee5c029506cd,crypto/bn/bn_err.c,"('1330', '')",2016-07-20T19:20:53+02:00,1999-04-19T21:31:43+00:00
69588edbaa424beb71c6a9b1be416588232cb78c,6b691a5c85ddc4e407e32781841fee5c029506cd,crypto/buffer/buf_err.c,"('1330', '')",2016-07-20T19:20:53+02:00,1999-04-19T21:31:43+00:00
69588edbaa424beb71c6a9b1be416588232cb78c,8931b30d8478b0bd24af251fac64e7b0bf121369,crypto/cms/cms_err.c,"('1330', '')",2016-07-20T19:20:53+02:00,2008-03-12T21:14:28+00:00
69588edbaa424beb71c6a9b1be416588232cb78c,50cfd175c9441533e16297652376ad1b870fb29b,crypto/comp/comp_err.c,"('1330', '')",2016-07-20T19:20:53+02:00,1999-04-24T16:15:43+00:00
69588edbaa424beb71c6a9b1be416588232cb78c,6b691a5c85ddc4e407e32781841fee5c029506cd,crypto/conf/conf_err.c,"('1330', '')",2016-07-20T19:20:53+02:00,1999-04-19T21:31:43+00:00
69588edbaa424beb71c6a9b1be416588232cb78c,6b691a5c85ddc4e407e32781841fee5c029506cd,crypto/cpt_err.c,"('1330', '')",2016-07-20T19:20:53+02:00,1999-04-19T21:31:43+00:00
69588edbaa424beb71c6a9b1be416588232cb78c,3149baf83cb703f060b1e6eeb440a45e010a626b,crypto/ct/ct_err.c,"('1330', '')",2016-07-20T19:20:53+02:00,2015-10-09T11:32:25+02:00
69588edbaa424beb71c6a9b1be416588232cb78c,6b691a5c85ddc4e407e32781841fee5c029506cd,crypto/dh/dh_err.c,"('1330', '')",2016-07-20T19:20:53+02:00,1999-04-19T21:31:43+00:00
69588edbaa424beb71c6a9b1be416588232cb78c,6b691a5c85ddc4e407e32781841fee5c029506cd,crypto/dsa/dsa_err.c,"('1330', '')",2016-07-20T19:20:53+02:00,1999-04-19T21:31:43+00:00
69588edbaa424beb71c6a9b1be416588232cb78c,8f4fac7f965b4604bc71be4bd486a8641c0504ab,crypto/dso/dso_err.c,"('1330', '')",2016-07-20T19:20:53+02:00,2000-04-04T21:57:11+00:00
69588edbaa424beb71c6a9b1be416588232cb78c,65e8167079b9d7d3195436a78d6520ff47cf6780,crypto/ec/ec_err.c,"('1330', '')",2016-07-20T19:20:53+02:00,2001-03-05T20:13:37+00:00
69588edbaa424beb71c6a9b1be416588232cb78c,5270e7025e11b2fd1a5bdf8d81feded1167b1c87,crypto/engine/eng_err.c,"('1330', '')",2016-07-20T19:20:53+02:00,2000-10-26T21:07:28+00:00
69588edbaa424beb71c6a9b1be416588232cb78c,6b691a5c85ddc4e407e32781841fee5c029506cd,crypto/err/err.c,"('1330', '')",2016-07-20T19:20:53+02:00,1999-04-19T21:31:43+00:00
69588edbaa424beb71c6a9b1be416588232cb78c,cf5bfbfc2109d86504e16df5ccd5f5ff121e1d6d,crypto/err/err.c,"('1330', '')",2016-07-20T19:20:53+02:00,2001-09-04T11:49:14+00:00
69588edbaa424beb71c6a9b1be416588232cb78c,e4decc418a335f6b5e86c4c98f5399ca79d8ba53,crypto/err/err.c,"('1330', '')",2016-07-20T19:20:53+02:00,2001-09-04T11:57:17+00:00
69588edbaa424beb71c6a9b1be416588232cb78c,c2e4e5d248567d4eea5bf6d525bdbcc09099ba6e,crypto/err/err.c,"('1330', '')",2016-07-20T19:20:53+02:00,2016-07-19T23:49:54+02:00
69588edbaa424beb71c6a9b1be416588232cb78c,b3599dbb6af7e28efae5f08ace99cc75f5e90b2f,crypto/err/err_all.c,"('1330', '')",2016-07-20T19:20:53+02:00,2016-04-13T08:59:03+01:00
69588edbaa424beb71c6a9b1be416588232cb78c,58964a492275ca9a59a0cd9c8155cb2491b4b909,crypto/err/err_all.c,"('1330', '')",2016-07-20T19:20:53+02:00,1998-12-21T10:56:39+00:00
69588edbaa424beb71c6a9b1be416588232cb78c,d02b48c63a58ea4367a0e905979f140b7d090f86,crypto/err/err_all.c,"('1330', '')",2016-07-20T19:20:53+02:00,1998-12-21T10:52:47+00:00
69588edbaa424beb71c6a9b1be416588232cb78c,b576337e8b0ddba25f3cbd8e920ca15cefc3e86c,crypto/err/err_all.c,"('1330', '')",2016-07-20T19:20:53+02:00,2001-03-08T11:59:03+00:00
69588edbaa424beb71c6a9b1be416588232cb78c,8931b30d8478b0bd24af251fac64e7b0bf121369,crypto/err/err_all.c,"('1330', '')",2016-07-20T19:20:53+02:00,2008-03-12T21:14:28+00:00
69588edbaa424beb71c6a9b1be416588232cb78c,5270e7025e11b2fd1a5bdf8d81feded1167b1c87,crypto/err/err_all.c,"('1330', '')",2016-07-20T19:20:53+02:00,2000-10-26T21:07:28+00:00
69588edbaa424beb71c6a9b1be416588232cb78c,a0e8da5d92718052343146e5b5ed85c2fe74492b,crypto/err/err_all.c,"('1330', '')",2016-07-20T19:20:53+02:00,2015-10-21T23:57:29+02:00
69588edbaa424beb71c6a9b1be416588232cb78c,8d8c7266d4de9887fb0190a0770df9dc254a16a3,crypto/err/err_all.c,"('1330', '')",2016-07-20T19:20:53+02:00,1999-03-28T23:17:34+00:00
69588edbaa424beb71c6a9b1be416588232cb78c,079a1a9014b89661f0a612a5a9724ad9c77f21a3,crypto/err/err_all.c,"('1330', '')",2016-07-20T19:20:53+02:00,2015-11-20T23:34:35+00:00
69588edbaa424beb71c6a9b1be416588232cb78c,de10f6900d71a9db99d41ded7227700ac1580bdb,crypto/err/err_all.c,"('1330', '')",2016-07-20T19:20:53+02:00,2001-03-08T12:14:25+00:00
69588edbaa424beb71c6a9b1be416588232cb78c,9ec0126ed2b943acf844de90fce5871b6a57960f,crypto/err/err_all.c,"('1330', '')",2016-07-20T19:20:53+02:00,2000-04-04T22:32:19+00:00
69588edbaa424beb71c6a9b1be416588232cb78c,c7235be6e36c4bef84594aa3b2f0561db84b63d8,crypto/err/err_all.c,"('1330', '')",2016-07-20T19:20:53+02:00,2006-02-12T23:11:56+00:00
69588edbaa424beb71c6a9b1be416588232cb78c,7f657f342ae81cb010d905e450c06376116a9600,crypto/err/err_all.c,"('1330', '')",2016-07-20T19:20:53+02:00,2001-06-23T15:04:51+00:00
69588edbaa424beb71c6a9b1be416588232cb78c,eb952088f0d5da59e569ae2aa33e9b96bc3b586d,crypto/err/err_all.c,"('1330', '')",2016-07-20T19:20:53+02:00,2000-01-13T20:59:17+00:00
69588edbaa424beb71c6a9b1be416588232cb78c,a8312c0e24a73e70b25d9811de2106f50b32081b,crypto/err/err_all.c,"('1330', '')",2016-07-20T19:20:53+02:00,2001-01-04T19:53:48+00:00
69588edbaa424beb71c6a9b1be416588232cb78c,3e30fa0a6df46b39e0c69b3ab8f9d1c03cab2012,crypto/err/err_all.c,"('1330', '')",2016-07-20T19:20:53+02:00,2016-03-02T21:30:56+00:00
69588edbaa424beb71c6a9b1be416588232cb78c,65041aa27ee8446cb2b055b4067ebe4ca6743a1a,crypto/err/err_all.c,"('1330', '')",2016-07-20T19:20:53+02:00,2011-02-03T15:58:43+00:00
69588edbaa424beb71c6a9b1be416588232cb78c,5ca9cb7cbd6e69408221c80350e5e038cf9bfd04,crypto/err/err_all.c,"('1330', '')",2016-07-20T19:20:53+02:00,2011-01-26T15:53:07+00:00
69588edbaa424beb71c6a9b1be416588232cb78c,6b691a5c85ddc4e407e32781841fee5c029506cd,crypto/evp/evp_err.c,"('1330', '')",2016-07-20T19:20:53+02:00,1999-04-19T21:31:43+00:00
69588edbaa424beb71c6a9b1be416588232cb78c,ebad0b0beb1bb6913524549514111cbb91e6d494,crypto/evp/evp_err.c,"('1330', '')",2016-07-20T19:20:53+02:00,2016-06-16T13:33:47-04:00
69588edbaa424beb71c6a9b1be416588232cb78c,13524b112ec4d701264884c1c19aa170df41079d,crypto/include/internal/err_int.h,"('1330', '')",2016-07-20T19:20:53+02:00,2016-04-13T15:23:47+02:00
69588edbaa424beb71c6a9b1be416588232cb78c,b3599dbb6af7e28efae5f08ace99cc75f5e90b2f,crypto/init.c,"('1330', '')",2016-07-20T19:20:53+02:00,2016-04-13T08:59:03+01:00
69588edbaa424beb71c6a9b1be416588232cb78c,c2e4e5d248567d4eea5bf6d525bdbcc09099ba6e,crypto/init.c,"('1330', '')",2016-07-20T19:20:53+02:00,2016-07-19T23:49:54+02:00
69588edbaa424beb71c6a9b1be416588232cb78c,3e30fa0a6df46b39e0c69b3ab8f9d1c03cab2012,crypto/kdf/kdf_err.c,"('1330', '')",2016-07-20T19:20:53+02:00,2016-03-02T21:30:56+00:00
69588edbaa424beb71c6a9b1be416588232cb78c,6b691a5c85ddc4e407e32781841fee5c029506cd,crypto/objects/obj_err.c,"('1330', '')",2016-07-20T19:20:53+02:00,1999-04-19T21:31:43+00:00
69588edbaa424beb71c6a9b1be416588232cb78c,eb64730b9cb6fe9cb5bfa4b0b54bf8c9193ced2b,crypto/ocsp/ocsp_err.c,"('1330', '')",2016-07-20T19:20:53+02:00,2000-10-27T11:05:35+00:00
69588edbaa424beb71c6a9b1be416588232cb78c,6b691a5c85ddc4e407e32781841fee5c029506cd,crypto/pem/pem_err.c,"('1330', '')",2016-07-20T19:20:53+02:00,1999-04-19T21:31:43+00:00
69588edbaa424beb71c6a9b1be416588232cb78c,50cfd175c9441533e16297652376ad1b870fb29b,crypto/pkcs12/pk12err.c,"('1330', '')",2016-07-20T19:20:53+02:00,1999-04-24T16:15:43+00:00
69588edbaa424beb71c6a9b1be416588232cb78c,6b691a5c85ddc4e407e32781841fee5c029506cd,crypto/pkcs7/pkcs7err.c,"('1330', '')",2016-07-20T19:20:53+02:00,1999-04-19T21:31:43+00:00
69588edbaa424beb71c6a9b1be416588232cb78c,eb952088f0d5da59e569ae2aa33e9b96bc3b586d,crypto/rand/rand_err.c,"('1330', '')",2016-07-20T19:20:53+02:00,2000-01-13T20:59:17+00:00
69588edbaa424beb71c6a9b1be416588232cb78c,6b691a5c85ddc4e407e32781841fee5c029506cd,crypto/rsa/rsa_err.c,"('1330', '')",2016-07-20T19:20:53+02:00,1999-04-19T21:31:43+00:00
69588edbaa424beb71c6a9b1be416588232cb78c,c7235be6e36c4bef84594aa3b2f0561db84b63d8,crypto/ts/ts_err.c,"('1330', '')",2016-07-20T19:20:53+02:00,2006-02-12T23:11:56+00:00
69588edbaa424beb71c6a9b1be416588232cb78c,a63d5eaab28a20463818b43a76ce8acd19d58812,crypto/ui/ui_err.c,"('1330', '')",2016-07-20T19:20:53+02:00,2001-05-06T23:19:37+00:00
69588edbaa424beb71c6a9b1be416588232cb78c,6b691a5c85ddc4e407e32781841fee5c029506cd,crypto/x509/x509_err.c,"('1330', '')",2016-07-20T19:20:53+02:00,1999-04-19T21:31:43+00:00
69588edbaa424beb71c6a9b1be416588232cb78c,ff6a143b3735897627c69e224c3c8d7bda46149e,crypto/x509v3/v3err.c,"('1330', '')",2016-07-20T19:20:53+02:00,1999-04-22T15:06:12+00:00
69588edbaa424beb71c6a9b1be416588232cb78c,b476df64a1d57501faa4c7b8f1c3f097f6e8be41,include/internal/dso.h,"('1330', '')",2016-07-20T19:20:53+02:00,2001-11-15T12:25:14+00:00
69588edbaa424beb71c6a9b1be416588232cb78c,b476df64a1d57501faa4c7b8f1c3f097f6e8be41,include/openssl/asn1.h,"('1330', '')",2016-07-20T19:20:53+02:00,2001-11-15T12:25:14+00:00
69588edbaa424beb71c6a9b1be416588232cb78c,079a1a9014b89661f0a612a5a9724ad9c77f21a3,include/openssl/async.h,"('1330', '')",2016-07-20T19:20:53+02:00,2015-11-20T23:34:35+00:00
69588edbaa424beb71c6a9b1be416588232cb78c,b476df64a1d57501faa4c7b8f1c3f097f6e8be41,include/openssl/bio.h,"('1330', '')",2016-07-20T19:20:53+02:00,2001-11-15T12:25:14+00:00
69588edbaa424beb71c6a9b1be416588232cb78c,b476df64a1d57501faa4c7b8f1c3f097f6e8be41,include/openssl/bn.h,"('1330', '')",2016-07-20T19:20:53+02:00,2001-11-15T12:25:14+00:00
69588edbaa424beb71c6a9b1be416588232cb78c,b476df64a1d57501faa4c7b8f1c3f097f6e8be41,include/openssl/buffer.h,"('1330', '')",2016-07-20T19:20:53+02:00,2001-11-15T12:25:14+00:00
69588edbaa424beb71c6a9b1be416588232cb78c,8931b30d8478b0bd24af251fac64e7b0bf121369,include/openssl/cms.h,"('1330', '')",2016-07-20T19:20:53+02:00,2008-03-12T21:14:28+00:00
69588edbaa424beb71c6a9b1be416588232cb78c,245f44e2ab8d5eb74978a491d299ebe4c40cad5b,include/openssl/comp.h,"('1330', '')",2016-07-20T19:20:53+02:00,2002-01-04T13:12:08+00:00
69588edbaa424beb71c6a9b1be416588232cb78c,b476df64a1d57501faa4c7b8f1c3f097f6e8be41,include/openssl/conf.h,"('1330', '')",2016-07-20T19:20:53+02:00,2001-11-15T12:25:14+00:00
69588edbaa424beb71c6a9b1be416588232cb78c,3a0799977bcb154d044828e96a25a01eb478de51,include/openssl/crypto.h,"('1330', '')",2016-07-20T19:20:53+02:00,2001-09-01T19:56:46+00:00
69588edbaa424beb71c6a9b1be416588232cb78c,0cea8832df37d8fd3e664caec8abbdaa002122b1,include/openssl/ct.h,"('1330', '')",2016-07-20T19:20:53+02:00,2016-02-26T14:57:29-05:00
69588edbaa424beb71c6a9b1be416588232cb78c,b476df64a1d57501faa4c7b8f1c3f097f6e8be41,include/openssl/dh.h,"('1330', '')",2016-07-20T19:20:53+02:00,2001-11-15T12:25:14+00:00
69588edbaa424beb71c6a9b1be416588232cb78c,c962479bdf4379bcd21733e55bb8d3e6cabca055,include/openssl/dsa.h,"('1330', '')",2016-07-20T19:20:53+02:00,2001-04-21T12:06:01+00:00
69588edbaa424beb71c6a9b1be416588232cb78c,de10f6900d71a9db99d41ded7227700ac1580bdb,include/openssl/ec.h,"('1330', '')",2016-07-20T19:20:53+02:00,2001-03-08T12:14:25+00:00
69588edbaa424beb71c6a9b1be416588232cb78c,40fcda292f990a25d0ef52d2761be0f20d653e93,include/openssl/engine.h,"('1330', '')",2016-07-20T19:20:53+02:00,2001-04-19T00:41:55+00:00
69588edbaa424beb71c6a9b1be416588232cb78c,d02b48c63a58ea4367a0e905979f140b7d090f86,include/openssl/err.h,"('1330', '')",2016-07-20T19:20:53+02:00,1998-12-21T10:52:47+00:00
69588edbaa424beb71c6a9b1be416588232cb78c,11a57c7be519b8977cc345db1b51a3e596faaec4,include/openssl/evp.h,"('1330', '')",2016-07-20T19:20:53+02:00,2001-09-25T21:37:02+00:00
69588edbaa424beb71c6a9b1be416588232cb78c,3e30fa0a6df46b39e0c69b3ab8f9d1c03cab2012,include/openssl/kdf.h,"('1330', '')",2016-07-20T19:20:53+02:00,2016-03-02T21:30:56+00:00
69588edbaa424beb71c6a9b1be416588232cb78c,b476df64a1d57501faa4c7b8f1c3f097f6e8be41,include/openssl/objects.h,"('1330', '')",2016-07-20T19:20:53+02:00,2001-11-15T12:25:14+00:00
69588edbaa424beb71c6a9b1be416588232cb78c,b476df64a1d57501faa4c7b8f1c3f097f6e8be41,include/openssl/ocsp.h,"('1330', '')",2016-07-20T19:20:53+02:00,2001-11-15T12:25:14+00:00
69588edbaa424beb71c6a9b1be416588232cb78c,b476df64a1d57501faa4c7b8f1c3f097f6e8be41,include/openssl/pem.h,"('1330', '')",2016-07-20T19:20:53+02:00,2001-11-15T12:25:14+00:00
69588edbaa424beb71c6a9b1be416588232cb78c,59ff7134625d24322cbf998470a80195a543fb4e,include/openssl/pem2.h,"('1330', '')",2016-07-20T19:20:53+02:00,1999-01-30T13:40:34+00:00
69588edbaa424beb71c6a9b1be416588232cb78c,b476df64a1d57501faa4c7b8f1c3f097f6e8be41,include/openssl/pkcs12.h,"('1330', '')",2016-07-20T19:20:53+02:00,2001-11-15T12:25:14+00:00
69588edbaa424beb71c6a9b1be416588232cb78c,b476df64a1d57501faa4c7b8f1c3f097f6e8be41,include/openssl/pkcs7.h,"('1330', '')",2016-07-20T19:20:53+02:00,2001-11-15T12:25:14+00:00
69588edbaa424beb71c6a9b1be416588232cb78c,7ae551fd03b447e41d3a74e803a711350383ebc4,include/openssl/rand.h,"('1330', '')",2016-07-20T19:20:53+02:00,2001-04-30T15:24:41+00:00
69588edbaa424beb71c6a9b1be416588232cb78c,24cff6ced5813a4d4014ed86828fba4e326d5868,include/openssl/rsa.h,"('1330', '')",2016-07-20T19:20:53+02:00,2001-07-25T17:02:58+00:00
69588edbaa424beb71c6a9b1be416588232cb78c,5451e0d924e869d05065e7e48b36cbbde6d22838,include/openssl/ssl.h,"('1330', '')",2016-07-20T19:20:53+02:00,2001-03-08T21:54:02+00:00
69588edbaa424beb71c6a9b1be416588232cb78c,c7235be6e36c4bef84594aa3b2f0561db84b63d8,include/openssl/ts.h,"('1330', '')",2016-07-20T19:20:53+02:00,2006-02-12T23:11:56+00:00
69588edbaa424beb71c6a9b1be416588232cb78c,a63d5eaab28a20463818b43a76ce8acd19d58812,include/openssl/ui.h,"('1330', '')",2016-07-20T19:20:53+02:00,2001-05-06T23:19:37+00:00
69588edbaa424beb71c6a9b1be416588232cb78c,926a56bfe380e82ebd07c79ccc7d1d9524c0aca6,include/openssl/x509.h,"('1330', '')",2016-07-20T19:20:53+02:00,2001-05-10T00:13:59+00:00
69588edbaa424beb71c6a9b1be416588232cb78c,926a56bfe380e82ebd07c79ccc7d1d9524c0aca6,include/openssl/x509v3.h,"('1330', '')",2016-07-20T19:20:53+02:00,2001-05-10T00:13:59+00:00
69588edbaa424beb71c6a9b1be416588232cb78c,6b691a5c85ddc4e407e32781841fee5c029506cd,ssl/ssl_err.c,"('1330', '')",2016-07-20T19:20:53+02:00,1999-04-19T21:31:43+00:00
69588edbaa424beb71c6a9b1be416588232cb78c,6343e2fac3fe4f1709ef9062a05c8ae91459c860,util/mkerr.pl,"('1330', '')",2016-07-20T19:20:53+02:00,2001-11-15T16:52:10+00:00
1618679ac478c8f41fc5f320fb4d8a33883b3868,437b14b533fe7f7408e3ebca6d5569f1d3347b1a,crypto/asn1/x_long.c,"('1325', '')",2016-07-20T19:25:16+02:00,2015-03-02T13:26:29+00:00
1618679ac478c8f41fc5f320fb4d8a33883b3868,9fd4ee5d7c0925aa4c1c52e33429bdebe868f9e2,crypto/bio/b_print.c,"('1325', '')",2016-07-20T19:25:16+02:00,2000-02-24T22:23:45+00:00
0647719d809abdfe6b871949f4f75ce82da6616a,94777c9c86a2b2ea2726c49d6c8f61078558beba,ssl/record/ssl3_record.c,"('1298', '')",2016-07-29T12:42:40+01:00,2016-03-07T21:39:27+00:00
58c27c207ddf0f8bf20c18e1298831e7b7381b02,a71edf3ba275b946224b5bcded0a8ecfce1855c0,ssl/record/rec_layer_s3.c,"('4618', '')",2016-07-30T11:46:20+01:00,2015-11-09T22:48:41+00:00
58c27c207ddf0f8bf20c18e1298831e7b7381b02,d102d9df8625cb6f75c537b7f2a696bb5f305ff2,ssl/record/rec_layer_s3.c,"('4618', '')",2016-07-30T11:46:20+01:00,2016-03-07T21:39:27+00:00
58c27c207ddf0f8bf20c18e1298831e7b7381b02,a9c6edcde7f8e874f177e55ea5f62b89646ea42c,ssl/record/rec_layer_s3.c,"('4618', '')",2016-07-30T11:46:20+01:00,2014-02-05T14:08:44+01:00
58c27c207ddf0f8bf20c18e1298831e7b7381b02,d102d9df8625cb6f75c537b7f2a696bb5f305ff2,ssl/record/record_locl.h,"('4618', '')",2016-07-30T11:46:20+01:00,2016-03-07T21:39:27+00:00
58c27c207ddf0f8bf20c18e1298831e7b7381b02,246b52f39aac36d1f4bc705c27c6354cb67041f4,ssl/record/ssl3_buffer.c,"('4618', '')",2016-07-30T11:46:20+01:00,2015-09-02T00:34:14+01:00
58c27c207ddf0f8bf20c18e1298831e7b7381b02,d102d9df8625cb6f75c537b7f2a696bb5f305ff2,ssl/record/ssl3_buffer.c,"('4618', '')",2016-07-30T11:46:20+01:00,2016-03-07T21:39:27+00:00
58c27c207ddf0f8bf20c18e1298831e7b7381b02,7604202070b3d3767fe75bc8c5a268ee8aedfb52,ssl/record/ssl3_buffer.c,"('4618', '')",2016-07-30T11:46:20+01:00,2015-03-26T13:56:10+00:00
1e7c159d0dd8dcbb77bab412e40daa34ab2ed749,9862e9aa98ee1e38fbcef8d1dd5db0e750eb5e8d,crypto/pem/pvkfmt.c,"('1368', '')",2016-08-01T12:10:11+01:00,2016-04-06T16:19:17+02:00
7123aa81e9fb19afb11fdf3850662c5f7ff1f19c,619b94667cc7a097f6d1e2123c4f4c2c85afb8f7,crypto/sha/asm/sha1-x86_64.pl,"('4530', '')",2016-08-11T13:39:57+02:00,2014-06-11T10:27:45+02:00
44efb88a21d464dba3ac5084c8d4553d696fab33,0647719d809abdfe6b871949f4f75ce82da6616a,ssl/record/ssl3_record.c,"('1298', '')",2016-08-15T23:14:30+01:00,2016-07-29T12:42:40+01:00
f9cf774cbd31c3498ade4574c3b0ae6cb9773e28,94777c9c86a2b2ea2726c49d6c8f61078558beba,ssl/record/ssl3_record.c,"('1438', '')",2016-08-16T16:53:17+01:00,2016-03-07T21:39:27+00:00
a73be798ced572a988d455d961a2387f6eccb549,0f113f3ee4d629ef9a4a30911b22b224772085e5,crypto/asn1/asn1_lib.c,"('3176', '')",2016-08-20T18:53:56+02:00,2015-01-22T09:20:09+00:00
1194ea8dc3b51a35c9947ed276f38436abee5743,8d8c7266d4de9887fb0190a0770df9dc254a16a3,crypto/pkcs12/p12_crpt.c,"('12', '')",2016-08-22T13:52:59+02:00,1999-03-28T23:17:34+00:00
1194ea8dc3b51a35c9947ed276f38436abee5743,0eab41fb78cf4d7c76e563fd677ab6c32fc28bb0,crypto/pkcs12/p12_mutl.c,"('12', '')",2016-08-22T13:52:59+02:00,2008-12-29T16:11:58+00:00
1194ea8dc3b51a35c9947ed276f38436abee5743,a6eb1ce6a989d01bb00e9749789b690744be506c,crypto/pkcs12/p12_mutl.c,"('12', '')",2016-08-22T13:52:59+02:00,2016-03-11T17:40:47+00:00
1194ea8dc3b51a35c9947ed276f38436abee5743,61f5b6f33807306d09bccbc2dcad474d1d04ca40,crypto/pkcs12/p12_mutl.c,"('12', '')",2016-08-22T13:52:59+02:00,1999-04-23T15:01:15+00:00
1194ea8dc3b51a35c9947ed276f38436abee5743,8d8c7266d4de9887fb0190a0770df9dc254a16a3,crypto/pkcs12/p12_mutl.c,"('12', '')",2016-08-22T13:52:59+02:00,1999-03-28T23:17:34+00:00
1194ea8dc3b51a35c9947ed276f38436abee5743,17ebf85abda18c3875b1ba6670fe7b393bc1f297,crypto/pkcs12/p12_mutl.c,"('12', '')",2016-08-22T13:52:59+02:00,2016-08-16T16:05:35+01:00
1194ea8dc3b51a35c9947ed276f38436abee5743,6b691a5c85ddc4e407e32781841fee5c029506cd,crypto/pkcs12/p12_mutl.c,"('12', '')",2016-08-22T13:52:59+02:00,1999-04-19T21:31:43+00:00
647ac8d3d7143e3721d55e1f57730b6f26e72fc9,cc69629626ce0dab934704e1d9e806e0823c87d0,apps/pkcs12.c,"('12', '')",2016-08-25T11:43:40+01:00,2016-08-17T17:09:19+01:00
647ac8d3d7143e3721d55e1f57730b6f26e72fc9,ee0508d4114e2b2291953a7d4c81a09b624b8821,apps/pkcs12.c,"('12', '')",2016-08-25T11:43:40+01:00,1999-03-29T17:50:26+00:00
647ac8d3d7143e3721d55e1f57730b6f26e72fc9,657e60fa00ddde3618600d6306be913214d30457,apps/pkcs12.c,"('12', '')",2016-08-25T11:43:40+01:00,2000-02-03T23:23:24+00:00
4e57a12ba73fd96254ffde00066e212c3219583e,7e1b7485706c2b11091b5fa897fe496a2faa56cc,apps/passwd.c,"('4674', '')",2016-09-14T18:02:29+02:00,2015-04-24T15:26:15-04:00
4e57a12ba73fd96254ffde00066e212c3219583e,0f113f3ee4d629ef9a4a30911b22b224772085e5,apps/passwd.c,"('4674', '')",2016-09-14T18:02:29+02:00,2015-01-22T09:20:09+00:00
7dc0ad4d6dca81a003be7fa1fbd58a55f4be8646,fc6076ca272f74eb1364c29e6974ad5da5ef9777,crypto/rand/randfile.c,"('1589', '')",2016-09-21T21:09:11+02:00,2016-06-22T21:52:08+02:00
b8d243956296458d1782af0d6e7ecfe6deae038a,0f113f3ee4d629ef9a4a30911b22b224772085e5,ssl/record/rec_layer_s3.c,"('1563', '')",2016-09-22T09:27:45+01:00,2015-01-22T09:20:09+00:00
0a72002993b8619fd0642d19af3364bafbd9a06c,0f113f3ee4d629ef9a4a30911b22b224772085e5,apps/apps.c,"('', '107')",2016-09-28T12:15:17-04:00,2015-01-22T09:20:09+00:00
2df7f11fad886cf54c98a17e95932d9b5987f488,1e8569398cd406b967501ed6e38cd2392d25ec2c,crypto/engine/eng_cryptodev.c,"('1546', '')",2016-10-22T04:25:17-04:00,2009-07-11T22:28:45+00:00
2df7f11fad886cf54c98a17e95932d9b5987f488,b184e3ef73200cb3b7914a603b43a5b8a074c85f,crypto/init.c,"('1546', '')",2016-10-22T04:25:17-04:00,2016-02-09T15:11:38+00:00
af5883fec95eb8c79c379b09885440a0d88b2d38,16938284cf5bba32006925281cb28b04d166a234,test/bad_dtls_test.c,"('1647', '')",2016-11-12T22:26:20-05:00,2016-08-04T20:56:24+01:00
b7a7f39afeb4748b4c25dbccb8951711b8b70eaf,c2e4e5d248567d4eea5bf6d525bdbcc09099ba6e,crypto/init.c,"('1899', '')",2016-11-15T01:27:26+01:00,2016-07-19T23:49:54+02:00
0a3dce8257d62cd39a17ff7fdbb1fe4724146f7b,b6d1e52d454bb321153c70cf763945d4b0d4f78e,crypto/engine/eng_int.h,"('1500', '')",2016-11-17T22:02:25+01:00,2001-09-25T20:00:51+00:00
0a3dce8257d62cd39a17ff7fdbb1fe4724146f7b,b6d1e52d454bb321153c70cf763945d4b0d4f78e,crypto/engine/eng_lib.c,"('1500', '')",2016-11-17T22:02:25+01:00,2001-09-25T20:00:51+00:00
76f572ed0469a277d92378848250b7a9705d3071,5e4bbeb49fb6522d858703201b5adee9611e7b7b,crypto/modes/ctr128.c,"('1916', '')",2016-11-25T17:22:21+01:00,2016-02-12T21:57:43+01:00
f3e911d5ed16db6a129306675e20e51d1ee81e1a,f59d0131cb6fc224aee0a0a92de1f04cdebe97c8,fuzz/asn1.c,"('2023', '')",2016-12-03T00:14:14+01:00,2016-06-04T14:39:24+02:00
f3e911d5ed16db6a129306675e20e51d1ee81e1a,90d28f0519427ffc293f880c423d9c4395a6fcd4,fuzz/asn1.c,"('2023', '')",2016-12-03T00:14:14+01:00,2016-07-01T13:45:45+01:00
f3e911d5ed16db6a129306675e20e51d1ee81e1a,f59d0131cb6fc224aee0a0a92de1f04cdebe97c8,fuzz/asn1parse.c,"('2023', '')",2016-12-03T00:14:14+01:00,2016-06-04T14:39:24+02:00
f3e911d5ed16db6a129306675e20e51d1ee81e1a,90d28f0519427ffc293f880c423d9c4395a6fcd4,fuzz/asn1parse.c,"('2023', '')",2016-12-03T00:14:14+01:00,2016-07-01T13:45:45+01:00
f3e911d5ed16db6a129306675e20e51d1ee81e1a,f59d0131cb6fc224aee0a0a92de1f04cdebe97c8,fuzz/bignum.c,"('2023', '')",2016-12-03T00:14:14+01:00,2016-06-04T14:39:24+02:00
f3e911d5ed16db6a129306675e20e51d1ee81e1a,90d28f0519427ffc293f880c423d9c4395a6fcd4,fuzz/bignum.c,"('2023', '')",2016-12-03T00:14:14+01:00,2016-07-01T13:45:45+01:00
f3e911d5ed16db6a129306675e20e51d1ee81e1a,f59d0131cb6fc224aee0a0a92de1f04cdebe97c8,fuzz/bndiv.c,"('2023', '')",2016-12-03T00:14:14+01:00,2016-06-04T14:39:24+02:00
f3e911d5ed16db6a129306675e20e51d1ee81e1a,90d28f0519427ffc293f880c423d9c4395a6fcd4,fuzz/bndiv.c,"('2023', '')",2016-12-03T00:14:14+01:00,2016-07-01T13:45:45+01:00
f3e911d5ed16db6a129306675e20e51d1ee81e1a,f59d0131cb6fc224aee0a0a92de1f04cdebe97c8,fuzz/cms.c,"('2023', '')",2016-12-03T00:14:14+01:00,2016-06-04T14:39:24+02:00
f3e911d5ed16db6a129306675e20e51d1ee81e1a,90d28f0519427ffc293f880c423d9c4395a6fcd4,fuzz/cms.c,"('2023', '')",2016-12-03T00:14:14+01:00,2016-07-01T13:45:45+01:00
f3e911d5ed16db6a129306675e20e51d1ee81e1a,f59d0131cb6fc224aee0a0a92de1f04cdebe97c8,fuzz/conf.c,"('2023', '')",2016-12-03T00:14:14+01:00,2016-06-04T14:39:24+02:00
f3e911d5ed16db6a129306675e20e51d1ee81e1a,90d28f0519427ffc293f880c423d9c4395a6fcd4,fuzz/conf.c,"('2023', '')",2016-12-03T00:14:14+01:00,2016-07-01T13:45:45+01:00
f3e911d5ed16db6a129306675e20e51d1ee81e1a,a05b0bcf878c8c52824e8ee4bb6c1853fa23800b,fuzz/crl.c,"('2023', '')",2016-12-03T00:14:14+01:00,2016-07-01T17:02:33+02:00
f3e911d5ed16db6a129306675e20e51d1ee81e1a,e1859d8d54be8abe102eb45f8019b3aa1c3e0700,fuzz/crl.c,"('2023', '')",2016-12-03T00:14:14+01:00,2016-06-25T11:01:29+02:00
f3e911d5ed16db6a129306675e20e51d1ee81e1a,f59d0131cb6fc224aee0a0a92de1f04cdebe97c8,fuzz/ct.c,"('2023', '')",2016-12-03T00:14:14+01:00,2016-06-04T14:39:24+02:00
f3e911d5ed16db6a129306675e20e51d1ee81e1a,90d28f0519427ffc293f880c423d9c4395a6fcd4,fuzz/ct.c,"('2023', '')",2016-12-03T00:14:14+01:00,2016-07-01T13:45:45+01:00
f3e911d5ed16db6a129306675e20e51d1ee81e1a,f59d0131cb6fc224aee0a0a92de1f04cdebe97c8,fuzz/driver.c,"('2023', '')",2016-12-03T00:14:14+01:00,2016-06-04T14:39:24+02:00
f3e911d5ed16db6a129306675e20e51d1ee81e1a,f59d0131cb6fc224aee0a0a92de1f04cdebe97c8,fuzz/server.c,"('2023', '')",2016-12-03T00:14:14+01:00,2016-06-04T14:39:24+02:00
f3e911d5ed16db6a129306675e20e51d1ee81e1a,90d28f0519427ffc293f880c423d9c4395a6fcd4,fuzz/server.c,"('2023', '')",2016-12-03T00:14:14+01:00,2016-07-01T13:45:45+01:00
f3e911d5ed16db6a129306675e20e51d1ee81e1a,a05b0bcf878c8c52824e8ee4bb6c1853fa23800b,fuzz/x509.c,"('2023', '')",2016-12-03T00:14:14+01:00,2016-07-01T17:02:33+02:00
f3e911d5ed16db6a129306675e20e51d1ee81e1a,e1859d8d54be8abe102eb45f8019b3aa1c3e0700,fuzz/x509.c,"('2023', '')",2016-12-03T00:14:14+01:00,2016-06-25T11:01:29+02:00
d69d8f904c9c558c7a9455ee816e494690d80ca8,ba7407002d899b614d4728da9004594f947ff3da,fuzz/server.c,"('2023', '')",2016-12-03T00:14:15+01:00,2016-11-01T19:24:55+01:00
d69d8f904c9c558c7a9455ee816e494690d80ca8,c38bb72797916f2a0ab9906aad29162ca8d53546,fuzz/server.c,"('2023', '')",2016-12-03T00:14:15+01:00,2016-05-07T18:13:54+01:00
d69d8f904c9c558c7a9455ee816e494690d80ca8,ad4da7fbc0779fb1730c9862221e19583de69f4f,fuzz/server.c,"('2023', '')",2016-12-03T00:14:15+01:00,2016-12-03T00:14:14+01:00
d69d8f904c9c558c7a9455ee816e494690d80ca8,90d28f0519427ffc293f880c423d9c4395a6fcd4,fuzz/server.c,"('2023', '')",2016-12-03T00:14:15+01:00,2016-07-01T13:45:45+01:00
4bf086005fe5ebcda5dc4d48ff701b41ab9b07f0,d102d9df8625cb6f75c537b7f2a696bb5f305ff2,ssl/record/rec_layer_s3.c,"('2026', '')",2016-12-12T13:12:25+00:00,2016-03-07T21:39:27+00:00
4bf086005fe5ebcda5dc4d48ff701b41ab9b07f0,d102d9df8625cb6f75c537b7f2a696bb5f305ff2,ssl/record/ssl3_buffer.c,"('2026', '')",2016-12-12T13:12:25+00:00,2016-03-07T21:39:27+00:00
4bf086005fe5ebcda5dc4d48ff701b41ab9b07f0,84d5549e692e63a16fa1b11603e4098fc31746e9,test/sslapitest.c,"('2026', '')",2016-12-12T13:12:25+00:00,2016-09-26T08:52:48+01:00
3b58c54f26b826abd55a513494ef892e7ad069ad,1266eefdb66db6c01e859ae672ccc19261e75bbf,ssl/statem/extensions.c,"('2133', '')",2016-12-29T13:32:54+00:00,2016-12-08T17:20:58+00:00
c6d215e0d278fcd51ad474a3647b61e1b67290bb,0eab41fb78cf4d7c76e563fd677ab6c32fc28bb0,crypto/rsa/rsa_oaep.c,"('2140', '')",2017-01-09T22:23:31+01:00,2008-12-29T16:11:58+00:00
244d7b288f2b9ab7f6a2dbf068eccd6e20d9eef6,d02b48c63a58ea4367a0e905979f140b7d090f86,crypto/x509/t_x509.c,"('2230', '')",2017-01-15T22:21:07+01:00,1998-12-21T10:52:47+00:00
68d4bcfd0651c7ea5d37ca52abc0d2e6e6b3bd20,1618679ac478c8f41fc5f320fb4d8a33883b3868,crypto/asn1/x_long.c,"('2230', '')",2017-01-15T22:21:07+01:00,2016-07-20T19:25:16+02:00
68d4bcfd0651c7ea5d37ca52abc0d2e6e6b3bd20,1618679ac478c8f41fc5f320fb4d8a33883b3868,crypto/bio/b_print.c,"('2230', '')",2017-01-15T22:21:07+01:00,2016-07-20T19:25:16+02:00
c2ce477f1f3c0a98802fb087b0cf4b0a99ea2b1d,0ca5f8b15c927d56004d3b53744ab68e6ec1b79b,crypto/x509/t_crl.c,"('2231', '')",2017-01-15T22:21:08+01:00,1999-02-19T01:29:29+00:00
c2ce477f1f3c0a98802fb087b0cf4b0a99ea2b1d,b09eb246e2385ff629e365043290bbb485e99588,crypto/x509/t_req.c,"('2231', '')",2017-01-15T22:21:08+01:00,2014-08-28T19:17:05-04:00
c2ce477f1f3c0a98802fb087b0cf4b0a99ea2b1d,54a656ef081f72a740c550ebd8099b40b8b5cde0,crypto/x509/t_req.c,"('2231', '')",2017-01-15T22:21:08+01:00,2002-11-13T15:43:43+00:00
8a05c4d3b5a1bfb9193ea24e71735e11de7168d2,357d5de5b9c3a84f170ce91abeafa71c26fefdd9,crypto/dsa/dsa_pmeth.c,"('2016', '')",2017-01-20T08:29:46+01:00,2007-02-03T14:41:12+00:00
8f77fab82486c19ab48eee07718e190f76e6ea9a,02a36fdae8cb503e2f88eac52eb3053431089397,ssl/record/ssl3_record.c,"('1027', '')",2017-01-23T11:19:45-05:00,2015-03-26T15:01:57+00:00
8f77fab82486c19ab48eee07718e190f76e6ea9a,2688e7a0beb0f5e76a98749f25b978ddfb40ac7f,ssl/record/ssl3_record.c,"('1027', '')",2017-01-23T11:19:45-05:00,2016-11-04T12:09:46+00:00
07afdf3c3ac97af4f2b4eec22a97f7230f8227e0,38a3cbfbf728da0282c7e4ba29502740d853b1e6,ssl/statem/statem_srvr.c,"('2189', '')",2017-01-24T14:26:34+00:00,2015-10-05T19:03:52+02:00
07afdf3c3ac97af4f2b4eec22a97f7230f8227e0,d45ba43dab962bdc84158efc0cdddd5f5a08cf5e,ssl/statem/statem_srvr.c,"('2189', '')",2017-01-24T14:26:34+00:00,2015-05-16T09:20:52+01:00
83b4049ab75e9da1815e9c854a9297bca3d4af6b,b6dcdbfc94c482f6c15ba725754fc9e827e41851,crypto/asn1/a_digest.c,"('2103', '');('2104', '');('2105', '');('2109', '');('2111', '');('2115', '')",2017-02-03T20:39:52+01:00,2009-09-23T23:43:49+00:00
83b4049ab75e9da1815e9c854a9297bca3d4af6b,9d6b1ce6441c7cc6aed344f02d9f676ab5e04217,crypto/asn1/tasn_new.c,"('2103', '');('2104', '');('2105', '');('2109', '');('2111', '');('2115', '')",2017-02-03T20:39:52+01:00,2000-12-08T19:09:35+00:00
83b4049ab75e9da1815e9c854a9297bca3d4af6b,f3f52d7f45967af4f70045921dfa12e6faedcc92,crypto/asn1/tasn_new.c,"('2103', '');('2104', '');('2105', '');('2109', '');('2111', '');('2115', '')",2017-02-03T20:39:52+01:00,2004-04-25T12:46:39+00:00
83b4049ab75e9da1815e9c854a9297bca3d4af6b,687b48685931638ca5fca2a7d5e13516ad40ea4b,crypto/asn1/tasn_new.c,"('2103', '');('2104', '');('2105', '');('2109', '');('2111', '');('2115', '')",2017-02-03T20:39:52+01:00,2016-06-23T14:00:47+01:00
83b4049ab75e9da1815e9c854a9297bca3d4af6b,3a0799977bcb154d044828e96a25a01eb478de51,crypto/ex_data.c,"('2103', '');('2104', '');('2105', '');('2109', '');('2111', '');('2115', '')",2017-02-03T20:39:52+01:00,2001-09-01T19:56:46+00:00
83b4049ab75e9da1815e9c854a9297bca3d4af6b,7e5363abe3c00d9db037f464f3c121e194bb5bb6,crypto/ex_data.c,"('2103', '');('2104', '');('2105', '');('2109', '');('2111', '');('2115', '')",2017-02-03T20:39:52+01:00,2015-07-20T01:16:28-04:00
83b4049ab75e9da1815e9c854a9297bca3d4af6b,0f113f3ee4d629ef9a4a30911b22b224772085e5,crypto/ex_data.c,"('2103', '');('2104', '');('2105', '');('2109', '');('2111', '');('2115', '')",2017-02-03T20:39:52+01:00,2015-01-22T09:20:09+00:00
83b4049ab75e9da1815e9c854a9297bca3d4af6b,6cb9fca70d5878fde11b5f16fee259c49f936d1c,crypto/x509/x_name.c,"('2103', '');('2104', '');('2105', '');('2109', '');('2111', '');('2115', '')",2017-02-03T20:39:52+01:00,2008-06-06T11:26:07+00:00
83b4049ab75e9da1815e9c854a9297bca3d4af6b,837e1b6812d53799cff304630bc3a1a9db86b696,crypto/x509/x_name.c,"('2103', '');('2104', '');('2105', '');('2109', '');('2111', '');('2115', '')",2017-02-03T20:39:52+01:00,2011-09-05T09:57:20+00:00
83b4049ab75e9da1815e9c854a9297bca3d4af6b,5ce278a77bd7d23bcf965cfa37afb7b937c1a17d,crypto/x509/x_name.c,"('2103', '');('2104', '');('2105', '');('2109', '');('2111', '');('2115', '')",2017-02-03T20:39:52+01:00,2008-06-04T11:01:43+00:00
83b4049ab75e9da1815e9c854a9297bca3d4af6b,02f730b34706150f8f40715d647cce3be5baf2ab,crypto/x509/x_name.c,"('2103', '');('2104', '');('2105', '');('2109', '');('2111', '');('2115', '')",2017-02-03T20:39:52+01:00,2016-07-19T07:27:47-04:00
83b4049ab75e9da1815e9c854a9297bca3d4af6b,6dcba070a94b1ead92f3e327cf207a0b7db6596f,crypto/x509/x_name.c,"('2103', '');('2104', '');('2105', '');('2109', '');('2111', '');('2115', '')",2017-02-03T20:39:52+01:00,2016-10-11T22:09:31+01:00
83b4049ab75e9da1815e9c854a9297bca3d4af6b,0f113f3ee4d629ef9a4a30911b22b224772085e5,crypto/x509/x_name.c,"('2103', '');('2104', '');('2105', '');('2109', '');('2111', '');('2115', '')",2017-02-03T20:39:52+01:00,2015-01-22T09:20:09+00:00
b0e9ab95ddda78921545ee93a337e23ee99ea5ea,44b6318f4818af2ae5ec14905e55e996bbfb231a,ssl/t1_lib.c,"('1', '')",2017-03-03T22:02:39+00:00,2017-01-31T00:03:02+00:00
b0e9ab95ddda78921545ee93a337e23ee99ea5ea,703bcee021790d33e07809c9b07fd51d2b4b5474,ssl/t1_lib.c,"('1', '')",2017-03-03T22:02:39+00:00,2017-01-10T23:02:50+00:00
b0e9ab95ddda78921545ee93a337e23ee99ea5ea,2c7b4dbc1af9cfae4e4afd7c4a07db95a1133a6a,ssl/t1_lib.c,"('1', '')",2017-03-03T22:02:39+00:00,2016-09-13T09:41:21+01:00
b0e9ab95ddda78921545ee93a337e23ee99ea5ea,4d43ee28d4a2a575616b9fc54c0a04e8243bf86f,ssl/t1_lib.c,"('1', '')",2017-03-03T22:02:39+00:00,2017-01-30T13:00:17+00:00
b0e9ab95ddda78921545ee93a337e23ee99ea5ea,4453cd8c734349f4515eaa1b047464de0f34a1b5,ssl/t1_lib.c,"('1', '')",2017-03-03T22:02:39+00:00,2012-06-25T14:32:30+00:00
b0e9ab95ddda78921545ee93a337e23ee99ea5ea,0f113f3ee4d629ef9a4a30911b22b224772085e5,ssl/t1_lib.c,"('1', '')",2017-03-03T22:02:39+00:00,2015-01-22T09:20:09+00:00
e6941c7814bb25729d65e1f8e87d1c110a0cbe7e,f637004037a11bc04682f54571e3ff11d48d8e36,ssl/statem/extensions.c,"('2841', '')",2017-03-04T23:58:03+00:00,2017-03-02T17:44:15+00:00
593a2aa3eb8e0153ff0b6af72b1af3327b46a19e,30d1bab146ffef92376f09b7372aac7a75281627,apps/s_server.c,"('2847', '')",2017-03-06T09:52:21+00:00,2017-03-02T23:56:36+00:00
db0e0abb88b6bd5bfa5637ee84e59dcb5a232008,1c361b4a39d0db647e8e91a6215976544f4dfc53,util/TLSProxy/Proxy.pm,"('2950', '')",2017-03-15T11:23:57+00:00,2017-01-30T10:18:22+00:00
db0e0abb88b6bd5bfa5637ee84e59dcb5a232008,631c1206334adfb21758220362a56fa157a47596,util/TLSProxy/Proxy.pm,"('2950', '')",2017-03-15T11:23:57+00:00,2015-08-11T20:27:46+01:00
77815a026cbedbb7b9a89558612f69e6294fe1ea,aff9929b43cba794e5b99a9be5c8ca47873154d1,ssl/statem/extensions.c,"('2983', '')",2017-03-21T10:00:44+00:00,2017-02-14T13:14:25+00:00
090c8118e8d37f5631a421384a24ded35940690c,6dd083fd6804a3ee6ac3adc019f81910f1c63f21,ssl/statem/extensions_clnt.c,"('3081', '')",2017-04-03T19:18:47+01:00,2016-12-08T17:18:25+00:00
5006b37b31c5a520c3065048bd8aba8cc3ff128d,a4a9d97a3e02849b111d9bd488a954dcc6a44910,crypto/rand/rand_lib.c,"('3128', '')",2017-04-06T10:28:43+02:00,2001-04-18T04:18:16+00:00
11ba87f2ff8e2455c6627a83aa458384fe7de70a,7e1b7485706c2b11091b5fa897fe496a2faa56cc,apps/s_client.c,"('2580', '')",2017-04-27T11:43:55+01:00,2015-04-24T15:26:15-04:00
11ba87f2ff8e2455c6627a83aa458384fe7de70a,dba317774555fbd5bccdfc5270fc486e0d02d9db,apps/s_client.c,"('2580', '')",2017-04-27T11:43:55+01:00,2016-02-17T09:46:10-05:00
11ba87f2ff8e2455c6627a83aa458384fe7de70a,0f113f3ee4d629ef9a4a30911b22b224772085e5,apps/s_client.c,"('2580', '')",2017-04-27T11:43:55+01:00,2015-01-22T09:20:09+00:00
11ba87f2ff8e2455c6627a83aa458384fe7de70a,fc1d88f02f45812fb1515bf83aa8f7eaadf4d0f5,doc/man1/s_client.pod,"('2580', '')",2017-04-27T11:43:55+01:00,2014-07-02T22:42:40-04:00
11ba87f2ff8e2455c6627a83aa458384fe7de70a,1e566129ad8f7c7901b7beccd6128d37e063d2c7,test/recipes/70-test_sslmessages.t,"('2580', '')",2017-04-27T11:43:55+01:00,2016-12-08T17:21:30+00:00
11ba87f2ff8e2455c6627a83aa458384fe7de70a,60ea0034b8c5cb8b915ea025eb78970a1cb08f99,test/recipes/70-test_sslmessages.t,"('2580', '')",2017-04-27T11:43:55+01:00,2016-12-08T17:20:09+00:00
11ba87f2ff8e2455c6627a83aa458384fe7de70a,9ce3ed2a586032690bef6a1c4e58df8d1c18f344,test/recipes/70-test_tls13messages.t,"('2580', '')",2017-04-27T11:43:55+01:00,2016-12-08T17:19:16+00:00
11ba87f2ff8e2455c6627a83aa458384fe7de70a,1e566129ad8f7c7901b7beccd6128d37e063d2c7,test/recipes/70-test_tls13messages.t,"('2580', '')",2017-04-27T11:43:55+01:00,2016-12-08T17:21:30+00:00
11ba87f2ff8e2455c6627a83aa458384fe7de70a,f50306c298390c701046126bd1f48f6fef3ec3ca,test/testlib/checkhandshake.pm,"('2580', '')",2017-04-27T11:43:55+01:00,2016-12-08T17:19:58+00:00
1e93d619b78832834ae32f5c0c1b0e466267f72d,6c5b6cb035666d46495ccbe4a4f3d5e3a659cd40,crypto/asn1/a_int.c,"('3339', '')",2017-04-30T15:17:03+02:00,2015-05-18T18:38:42+01:00
75a3e39288feeeefde5ed1f96ff9faeba0d2b233,d08d8da4326f4bd1a0392fff3089c72d1236b634,crypto/x509v3/v3_alt.c,"('1653', '')",2017-05-02T17:12:33+01:00,1999-02-17T03:09:58+00:00
75a3e39288feeeefde5ed1f96ff9faeba0d2b233,175b0942ec7e82f86831916d325922817872e657,crypto/x509v3/v3_alt.c,"('1653', '')",2017-05-02T17:12:33+01:00,1999-02-10T01:12:59+00:00
75a3e39288feeeefde5ed1f96ff9faeba0d2b233,61f5b6f33807306d09bccbc2dcad474d1d04ca40,crypto/x509v3/v3_alt.c,"('1653', '')",2017-05-02T17:12:33+01:00,1999-04-23T15:01:15+00:00
75a3e39288feeeefde5ed1f96ff9faeba0d2b233,142fcca8ca2c8018a1e56c1047cbff47708d4538,crypto/x509v3/v3_alt.c,"('1653', '')",2017-05-02T17:12:33+01:00,1999-02-07T00:14:12+00:00
75a3e39288feeeefde5ed1f96ff9faeba0d2b233,6d3724d3b0e0b2dff99feb815d46ef41e65db0d2,crypto/x509v3/v3_info.c,"('1653', '')",2017-05-02T17:12:33+01:00,1999-11-23T18:50:28+00:00
75a3e39288feeeefde5ed1f96ff9faeba0d2b233,0f113f3ee4d629ef9a4a30911b22b224772085e5,crypto/x509v3/v3_info.c,"('1653', '')",2017-05-02T17:12:33+01:00,2015-01-22T09:20:09+00:00
75a3e39288feeeefde5ed1f96ff9faeba0d2b233,90945fa31a42dcf3beb90540c618e4d627c595ea,crypto/x509v3/v3_info.c,"('1653', '')",2017-05-02T17:12:33+01:00,2015-11-09T22:48:41+00:00
c47aea8af1e28e46e1ad5e2e7468b49fec3f4f29,5d0d60e2f59d48c579379d927eaaeb0fa5d5500a,crypto/perlasm/x86_64-xlate.pl,"('3241', '')",2017-05-05T16:53:33+02:00,2005-05-07T08:13:51+00:00
c47aea8af1e28e46e1ad5e2e7468b49fec3f4f29,e81695205edc4f5391f6a6d82e17f0062c1c4cea,crypto/perlasm/x86_64-xlate.pl,"('3241', '')",2017-05-05T16:53:33+02:00,2008-12-27T14:00:37+00:00
888adbe064556ff5ab2f1d16a223b0548696614c,599e5904b22f3d50c5f4720aa3bc8ab8af0ffa98,apps/req.c,"('3396', '')",2017-05-11T17:18:16+02:00,2016-08-22T15:28:00+02:00
9bfeeef8ee2220339e601a028fa991c30d296ed4,0f113f3ee4d629ef9a4a30911b22b224772085e5,crypto/asn1/a_time.c,"('1526', '')",2017-05-19T08:54:39+01:00,2015-01-22T09:20:09+00:00
9bfeeef8ee2220339e601a028fa991c30d296ed4,0f113f3ee4d629ef9a4a30911b22b224772085e5,include/openssl/asn1.h,"('1526', '')",2017-05-19T08:54:39+01:00,2015-01-22T09:20:09+00:00
418bb7b31bb7cfca6e419a5aa7bf161784f61059,76e0d0b21cc4e8a879d54f4d78a392826dadb1d1,test/run_tests.pl,"('3563', '')",2017-05-26T11:25:07+02:00,2017-05-10T12:58:36+02:00
dffdcc773ac0a294b1ce620131cb8d7401da9408,0f113f3ee4d629ef9a4a30911b22b224772085e5,ssl/record/rec_layer_s3.c,"('3523', '')",2017-05-26T11:29:18+02:00,2015-01-22T09:20:09+00:00
db0f35dda18403accabe98e7780f3dfc516f49de,863fe19b5fb4a2af9f47ed664cb9dcb7d52331d1,apps/apps.h,"('2400', '')",2017-06-06T22:39:41+01:00,2017-05-03T16:39:32+01:00
db0f35dda18403accabe98e7780f3dfc516f49de,dffdcc773ac0a294b1ce620131cb8d7401da9408,ssl/record/rec_layer_s3.c,"('2400', '')",2017-06-06T22:39:41+01:00,2017-05-26T11:29:18+02:00
db0f35dda18403accabe98e7780f3dfc516f49de,82e610e2cfbbb5fd29c09785b6909a91e606f347,ssl/record/rec_layer_s3.c,"('2400', '')",2017-06-06T22:39:41+01:00,2009-12-08T19:06:26+00:00
db0f35dda18403accabe98e7780f3dfc516f49de,44959ee456effed8c9b7e2d7a49c27b46a5a4454,ssl/ssl_lib.c,"('2400', '')",2017-06-06T22:39:41+01:00,2010-08-26T14:23:52+00:00
db0f35dda18403accabe98e7780f3dfc516f49de,cda6b99867e5f353c9c9da7127a92c4bf902a2f4,ssl/ssl_lib.c,"('2400', '')",2017-06-06T22:39:41+01:00,2017-01-30T10:17:01+00:00
db0f35dda18403accabe98e7780f3dfc516f49de,cc22cd546bd0b0e1b55c1835403ab564d5f30581,test/ssl-tests/17-renegotiate.conf,"('2400', '')",2017-06-06T22:39:41+01:00,2017-02-16T09:35:56+00:00
1c036c6443af3d0d912f074b0a2c4055c804115c,1c455bc084837cd040f1b4877854c56f39ac70a1,crypto/asn1/a_time.c,"('340', '')",2017-06-08T13:19:13+01:00,2012-11-19T15:12:07+00:00
1c036c6443af3d0d912f074b0a2c4055c804115c,0f113f3ee4d629ef9a4a30911b22b224772085e5,crypto/asn1/a_time.c,"('340', '')",2017-06-08T13:19:13+01:00,2015-01-22T09:20:09+00:00
1c036c6443af3d0d912f074b0a2c4055c804115c,bb9ad09e8ec91d1c3e9c571b4b5ba98980b5fa93,doc/man3/ASN1_TIME_set.pod,"('340', '')",2017-06-08T13:19:13+01:00,2016-06-06T10:09:39-04:00
1c036c6443af3d0d912f074b0a2c4055c804115c,e2f92610bcc21dc5b943f9250e34c207ab35fef0,doc/man3/ASN1_TIME_set.pod,"('340', '')",2017-06-08T13:19:13+01:00,2016-05-19T08:51:59-04:00
04e62715db684d83bffac53793ff4cfac51e047a,0b7347effee58f5a19e4724c4b277635727c20d8,apps/apps.c,"('3444', '')",2017-06-11T16:36:07-04:00,2016-08-21T18:25:23+01:00
04e62715db684d83bffac53793ff4cfac51e047a,0f113f3ee4d629ef9a4a30911b22b224772085e5,apps/ca.c,"('3444', '')",2017-06-11T16:36:07-04:00,2015-01-22T09:20:09+00:00
04e62715db684d83bffac53793ff4cfac51e047a,f6aed2cda608d6291225030fc259f207aac33732,crypto/asn1/a_gentm.c,"('3444', '')",2017-06-11T16:36:07-04:00,1999-01-17T00:13:14+00:00
04e62715db684d83bffac53793ff4cfac51e047a,d46c1a8126efe3942bc165af5bdf40fb145c1365,crypto/asn1/a_gentm.c,"('3444', '')",2017-06-11T16:36:07-04:00,2001-09-28T00:44:44+00:00
04e62715db684d83bffac53793ff4cfac51e047a,0f113f3ee4d629ef9a4a30911b22b224772085e5,crypto/asn1/a_gentm.c,"('3444', '')",2017-06-11T16:36:07-04:00,2015-01-22T09:20:09+00:00
04e62715db684d83bffac53793ff4cfac51e047a,d02b48c63a58ea4367a0e905979f140b7d090f86,crypto/asn1/a_utctm.c,"('3444', '')",2017-06-11T16:36:07-04:00,1998-12-21T10:52:47+00:00
04e62715db684d83bffac53793ff4cfac51e047a,0f113f3ee4d629ef9a4a30911b22b224772085e5,crypto/asn1/a_utctm.c,"('3444', '')",2017-06-11T16:36:07-04:00,2015-01-22T09:20:09+00:00
04e62715db684d83bffac53793ff4cfac51e047a,a724e79ed761ea535a6c7457c90da5ff4b1cea69,doc/man3/ASN1_TIME_set.pod,"('3444', '')",2017-06-11T16:36:07-04:00,2015-02-03T16:47:57+00:00
9924087573cfbc8d2bc97088f36d1a81ca00cda3,473483d42db5d176946323ac390fcd3c80ea40e6,ssl/statem/statem.c,"('3723', '')",2017-06-21T14:56:24+01:00,2015-10-30T08:32:44+00:00
f13615c5b828aeb8e3d9bf2545c803633d1c684f,52832e470f5fe8c222249ae5b539aeb3c74cdb25,crypto/objects/obj_dat.c,"('3733', '')",2017-06-22T17:00:15+01:00,2016-05-18T15:33:11+01:00
a7ff57965b81ce4fd73a18266ce29abf6b909fdb,748f254657ab900c0de5e9e1843150c2df4c4bea,ssl/s3_lib.c,"('3889', '')",2017-07-08T22:13:24+02:00,2016-03-16T22:21:25-04:00
4a60bb1898ca8271a6ae46e2e2e805879eb38931,dc047d31fa0c31872db8601a1b9fcd35f24d8589,apps/x509.c,"('946', '')",2017-07-14T10:05:09+01:00,2016-08-19T16:52:58+01:00
4a60bb1898ca8271a6ae46e2e2e805879eb38931,7e1b7485706c2b11091b5fa897fe496a2faa56cc,apps/x509.c,"('946', '')",2017-07-14T10:05:09+01:00,2015-04-24T15:26:15-04:00
4a60bb1898ca8271a6ae46e2e2e805879eb38931,cc69629626ce0dab934704e1d9e806e0823c87d0,apps/x509.c,"('946', '')",2017-07-14T10:05:09+01:00,2016-08-17T17:09:19+01:00
4a60bb1898ca8271a6ae46e2e2e805879eb38931,0f113f3ee4d629ef9a4a30911b22b224772085e5,apps/x509.c,"('946', '')",2017-07-14T10:05:09+01:00,2015-01-22T09:20:09+00:00
4a60bb1898ca8271a6ae46e2e2e805879eb38931,aba3e65f2c8b02e6c458681db56dc1594266cba9,doc/man1/x509.pod,"('946', '')",2017-07-14T10:05:09+01:00,1999-11-10T02:52:17+00:00
f1b8b0010a5cdd76d1284ea47e9b5995dcd6f089,640588bbfbaf3eb94f1f5b1f785c8f5bd395e78e,apps/app_rand.c,"('3862', '')",2017-07-17T11:24:08+10:00,1999-10-26T01:59:11+00:00
f1b8b0010a5cdd76d1284ea47e9b5995dcd6f089,3ee1eac27a2e3120fbdc60e12db091c082b8de21,apps/dgst.c,"('3862', '')",2017-07-17T11:24:08+10:00,2017-07-16T19:20:45-04:00
f1b8b0010a5cdd76d1284ea47e9b5995dcd6f089,3ee1eac27a2e3120fbdc60e12db091c082b8de21,apps/passwd.c,"('3862', '')",2017-07-17T11:24:08+10:00,2017-07-16T19:20:45-04:00
f1b8b0010a5cdd76d1284ea47e9b5995dcd6f089,3ee1eac27a2e3120fbdc60e12db091c082b8de21,apps/speed.c,"('3862', '')",2017-07-17T11:24:08+10:00,2017-07-16T19:20:45-04:00
f1b8b0010a5cdd76d1284ea47e9b5995dcd6f089,3ee1eac27a2e3120fbdc60e12db091c082b8de21,apps/srp.c,"('3862', '')",2017-07-17T11:24:08+10:00,2017-07-16T19:20:45-04:00
bbb4ceb86eb6ea0300f744443c36fb6e980fff9d,7e1b7485706c2b11091b5fa897fe496a2faa56cc,apps/ciphers.c,"('3747', '')",2017-07-21T07:20:14+10:00,2015-04-24T15:26:15-04:00
bbb4ceb86eb6ea0300f744443c36fb6e980fff9d,c4de074e6385a86a43a30fee574e77f9dcabb022,doc/man1/ciphers.pod,"('3747', '')",2017-07-21T07:20:14+10:00,2017-03-30T14:16:41+02:00
bbb4ceb86eb6ea0300f744443c36fb6e980fff9d,ffa457967982689149fa8403a1d57cee1dbee805,doc/man1/ciphers.pod,"('3747', '')",2017-07-21T07:20:14+10:00,2012-11-16T00:42:38+00:00
bbb4ceb86eb6ea0300f744443c36fb6e980fff9d,4bcdb4a6019e57b3de077b17940e18befe745531,include/openssl/ssl.h,"('3747', '')",2017-07-21T07:20:14+10:00,2015-03-23T15:23:00+00:00
bbb4ceb86eb6ea0300f744443c36fb6e980fff9d,d00b1d62d62036dc21c78658a28da4a6279e6fe2,ssl/ssl_ciph.c,"('3747', '')",2017-07-21T07:20:14+10:00,2014-12-10T18:35:17+01:00
bbb4ceb86eb6ea0300f744443c36fb6e980fff9d,e44380a990a3edf1cd0c190c6459c8c026d53646,ssl/ssl_ciph.c,"('3747', '')",2017-07-21T07:20:14+10:00,2015-11-23T16:09:42+00:00
bbb4ceb86eb6ea0300f744443c36fb6e980fff9d,8242354952ead170335b98b33254ca9a0e836926,ssl/ssl_ciph.c,"('3747', '')",2017-07-21T07:20:14+10:00,2003-10-06T11:00:15+00:00
bbb4ceb86eb6ea0300f744443c36fb6e980fff9d,98c9ce2f55609d00a06c2106df03a5a7e9dbfa75,ssl/ssl_ciph.c,"('3747', '')",2017-07-21T07:20:14+10:00,2015-04-22T15:00:53+01:00
bbb4ceb86eb6ea0300f744443c36fb6e980fff9d,d02b48c63a58ea4367a0e905979f140b7d090f86,ssl/ssl_ciph.c,"('3747', '')",2017-07-21T07:20:14+10:00,1998-12-21T10:52:47+00:00
bbb4ceb86eb6ea0300f744443c36fb6e980fff9d,633d49c7b486ab7cba9408fd02bcaaad3b8d8f1e,ssl/ssl_ciph.c,"('3747', '')",2017-07-21T07:20:14+10:00,2015-06-10T21:56:23+01:00
bbb4ceb86eb6ea0300f744443c36fb6e980fff9d,a230b26e0959dc5f072fbbdadcc9ed45e904c50c,ssl/ssl_ciph.c,"('3747', '')",2017-07-21T07:20:14+10:00,2016-08-18T14:02:29+02:00
bbb4ceb86eb6ea0300f744443c36fb6e980fff9d,5f3d93e4a336c590d7b56a889dde4a93b725e058,ssl/ssl_ciph.c,"('3747', '')",2017-07-21T07:20:14+10:00,2015-11-20T15:47:02+00:00
bbb4ceb86eb6ea0300f744443c36fb6e980fff9d,c84f7f4a7405d69be4227d4766290b0950122b3c,ssl/ssl_ciph.c,"('3747', '')",2017-07-21T07:20:14+10:00,2015-09-30T19:15:06+01:00
bbb4ceb86eb6ea0300f744443c36fb6e980fff9d,4b5cce664c8c770dbac661286c5118cb54d1d9d6,ssl/ssl_ciph.c,"('3747', '')",2017-07-21T07:20:14+10:00,2014-01-09T15:43:28+00:00
bbb4ceb86eb6ea0300f744443c36fb6e980fff9d,86885c289580066792415218754bd935b449f170,ssl/ssl_ciph.c,"('3747', '')",2017-07-21T07:20:14+10:00,2015-05-06T22:37:53-04:00
bbb4ceb86eb6ea0300f744443c36fb6e980fff9d,0f113f3ee4d629ef9a4a30911b22b224772085e5,ssl/ssl_ciph.c,"('3747', '')",2017-07-21T07:20:14+10:00,2015-01-22T09:20:09+00:00
bbb4ceb86eb6ea0300f744443c36fb6e980fff9d,e5f969a82fa81fad8d1721fc0bc915ad3eea927c,ssl/ssl_ciph.c,"('3747', '')",2017-07-21T07:20:14+10:00,2016-08-26T15:18:07-04:00
bbb4ceb86eb6ea0300f744443c36fb6e980fff9d,018e57c74d9dc6b5676aead4be11cd28a8617ea4,ssl/ssl_ciph.c,"('3747', '')",2017-07-21T07:20:14+10:00,2000-01-22T03:17:06+00:00
bbb4ceb86eb6ea0300f744443c36fb6e980fff9d,3eb2aff40116ecceab847c895cbf02cdb075d194,ssl/ssl_ciph.c,"('3747', '')",2017-07-21T07:20:14+10:00,2016-03-09T19:10:28+01:00
bbb4ceb86eb6ea0300f744443c36fb6e980fff9d,413c4f45ed0508d2242638696b7665f499d68265,ssl/ssl_ciph.c,"('3747', '')",2017-07-21T07:20:14+10:00,1999-02-16T09:22:21+00:00
bbb4ceb86eb6ea0300f744443c36fb6e980fff9d,70531c147c2d38b03f109312a270ccc0af6cf8d6,ssl/ssl_ciph.c,"('3747', '')",2017-07-21T07:20:14+10:00,2008-12-20T17:04:40+00:00
bbb4ceb86eb6ea0300f744443c36fb6e980fff9d,e1fa652d5ef6e505ce734ca99c8837201b880cc7,ssl/ssl_ciph.c,"('3747', '')",2017-07-21T07:20:14+10:00,2015-06-10T21:56:00+01:00
bbb4ceb86eb6ea0300f744443c36fb6e980fff9d,baf245ec5fe969f115e0e556bf0da6bf7e960847,ssl/ssl_ciph.c,"('3747', '')",2017-07-21T07:20:14+10:00,2016-01-11T18:54:49-05:00
bbb4ceb86eb6ea0300f744443c36fb6e980fff9d,bbd86bf5424a611cb6b77a3a17fc522931c4dcb8,ssl/ssl_ciph.c,"('3747', '')",2017-07-21T07:20:14+10:00,2016-01-07T15:14:18-05:00
bbb4ceb86eb6ea0300f744443c36fb6e980fff9d,f6e8c19ed12b9ac7ebd6971a94c9e4e0d5f48b49,ssl/ssl_ciph.c,"('3747', '')",2017-07-21T07:20:14+10:00,2003-10-02T10:38:44+00:00
bbb4ceb86eb6ea0300f744443c36fb6e980fff9d,d45ba43dab962bdc84158efc0cdddd5f5a08cf5e,ssl/statem/statem_clnt.c,"('3747', '')",2017-07-21T07:20:14+10:00,2015-05-16T09:20:52+01:00
bbb4ceb86eb6ea0300f744443c36fb6e980fff9d,51b9115b6dcaf94718de3c8b4d97b00f8cd63cd5,ssl/t1_trce.c,"('3747', '')",2017-07-21T07:20:14+10:00,2012-11-16T00:35:46+00:00
bbb4ceb86eb6ea0300f744443c36fb6e980fff9d,d72a00416a0691bfd4920008767221bb4082a2ed,test/build.info,"('3747', '')",2017-07-21T07:20:14+10:00,2017-07-13T12:38:42+01:00
bbb4ceb86eb6ea0300f744443c36fb6e980fff9d,a2ed050328b47163a67333389a83dd157d2d038c,util/libssl.num,"('3747', '')",2017-07-21T07:20:14+10:00,2016-03-05T09:06:09+01:00
4e9b720e90ec154c9708139e96ec0ff8e2796c82,f8d7d2d6dfeb64f6747dbf7dfec863cc8a16aee5,crypto/ec/ec_kmeth.c,"('3985', '')",2017-07-23T11:34:11+02:00,2015-12-09T22:09:19+00:00
4e9b720e90ec154c9708139e96ec0ff8e2796c82,f8d7d2d6dfeb64f6747dbf7dfec863cc8a16aee5,include/openssl/ec.h,"('3985', '')",2017-07-23T11:34:11+02:00,2015-12-09T22:09:19+00:00
3ca1f892a7d94fb1595408f5fe80dee51dceb3b8,b38f9f66c3ac92d7ad1a23f6b951b966c779905c,crypto/asn1/a_strnid.c,"('3934', '')",2017-07-28T11:38:16-04:00,2000-01-06T01:26:48+00:00
3ca1f892a7d94fb1595408f5fe80dee51dceb3b8,d35c0ff30b31be9fd5dcf3d552a16feb8de464bc,crypto/asn1/a_strnid.c,"('3934', '')",2017-07-28T11:38:16-04:00,2012-10-19T15:06:31+00:00
3ca1f892a7d94fb1595408f5fe80dee51dceb3b8,0f113f3ee4d629ef9a4a30911b22b224772085e5,crypto/asn1/a_strnid.c,"('3934', '')",2017-07-28T11:38:16-04:00,2015-01-22T09:20:09+00:00
c290853878ed2a6988521c01a8f675ed959ab5cc,333b070ec06d7a67538ee9d5312656a19e802dc1,apps/x509.c,"('3932', '')",2017-08-01T10:24:51+02:00,2015-04-25T15:41:29-04:00
c290853878ed2a6988521c01a8f675ed959ab5cc,7e1b7485706c2b11091b5fa897fe496a2faa56cc,apps/x509.c,"('3932', '')",2017-08-01T10:24:51+02:00,2015-04-24T15:26:15-04:00
c290853878ed2a6988521c01a8f675ed959ab5cc,3ee1eac27a2e3120fbdc60e12db091c082b8de21,apps/x509.c,"('3932', '')",2017-08-01T10:24:51+02:00,2017-07-16T19:20:45-04:00
5d61491c8816ebad172340aafce713e9654dea94,4de920c91d7240fb0818d81eec3d8cd87ca0424a,ssl/ssl_lib.c,"('4045', '')",2017-08-01T13:09:31+01:00,2002-02-08T15:15:04+00:00
5d61491c8816ebad172340aafce713e9654dea94,e0db2eed8df76d0732839910e90882ee7266c46d,ssl/ssl_lib.c,"('4045', '')",2017-08-01T13:09:31+01:00,2002-10-29T00:33:04+00:00
5d61491c8816ebad172340aafce713e9654dea94,0f113f3ee4d629ef9a4a30911b22b224772085e5,ssl/ssl_lib.c,"('4045', '')",2017-08-01T13:09:31+01:00,2015-01-22T09:20:09+00:00
5d61491c8816ebad172340aafce713e9654dea94,b9908bf9b8d6d609736b537f4ecda720ff5dc078,ssl/statem/statem_clnt.c,"('4045', '')",2017-08-01T13:09:31+01:00,2015-10-30T08:32:44+00:00
5d61491c8816ebad172340aafce713e9654dea94,98ece4eebfb6cd45cc8d550c6ac0022965071afc,ssl/statem/statem_clnt.c,"('4045', '')",2017-08-01T13:09:31+01:00,2015-06-02T09:30:12+01:00
5d61491c8816ebad172340aafce713e9654dea94,8723588e1b9a13511ffd7b806c73293120bc1f44,ssl/statem/statem_lib.c,"('4045', '')",2017-08-01T13:09:31+01:00,2015-10-30T08:32:44+00:00
cefa762ee5c28359986c6af5bf4db4e901f75846,aacfb134be2a88211b79dc53bb5bd0e422dbb60d,crypto/kdf/build.info,"('4021', '')",2017-08-08T15:44:49+01:00,2016-03-03T18:21:20-05:00
cefa762ee5c28359986c6af5bf4db4e901f75846,96b96d6c456befe49d5845a029e2bb0a4addc58d,crypto/objects/obj_dat.h,"('4021', '')",2017-08-08T15:44:49+01:00,2015-05-21T12:48:02+01:00
cefa762ee5c28359986c6af5bf4db4e901f75846,43cb309053ed3518bdd75dbf05ee96485ea57742,crypto/objects/obj_dat.h,"('4021', '')",2017-08-08T15:44:49+01:00,2016-07-01T13:53:37-04:00
cefa762ee5c28359986c6af5bf4db4e901f75846,96b96d6c456befe49d5845a029e2bb0a4addc58d,crypto/objects/objects.txt,"('4021', '')",2017-08-08T15:44:49+01:00,2015-05-21T12:48:02+01:00
180c3fc7754f098b385c9a978491a2d468092bca,5584fd7f3d306ea0f610be9d69e64050421b2a0d,test/testutil/driver.c,"('', '4127')",2017-08-10T11:05:28-04:00,2017-05-15T14:47:51+02:00
180c3fc7754f098b385c9a978491a2d468092bca,4db40c94c38ee94fbef820a9816ac2d68f65506e,test/testutil/driver.c,"('', '4127')",2017-08-10T11:05:28-04:00,2017-04-24T18:09:01+02:00
bbe9c3d51afa33d883abed3700d33c256afff46b,12d56b2992ebd61e1b30c99ca1898dde42345cf7,apps/ocsp.c,"('3043', '')",2017-08-11T19:00:21-04:00,2016-09-19T21:21:38-04:00
140dab3d3a099feb38d5987adb471c61a8eabb4b,71a5516dcc8a91a9c4fbb724ea7e3658e85f2ad2,crypto/store/store_lib.c,"('4089', '')",2017-08-15T14:28:23+02:00,2017-06-29T11:55:31+02:00
72460149dbb6c13b073c2ac8b70df816ef362679,48feaceb53fa6ae924e298b8eba0e247019313e4,apps/apps.c,"('4147', '');('4195', '')",2017-08-19T21:56:43+02:00,2017-07-03T07:51:04+02:00
c9b820aa3c447df991c9146f07ca1f6faafe0437,27c6d63dad0844280b9db3c7e9ad8dd5befb51c3,crypto/bn/bn_print.c,"('4202', '')",2017-08-24T01:28:15+09:00,2017-08-23T07:42:22+10:00
53a73768a7f17dba012615ea79960d724b310856,582e2ed2718bd367e747cb9077d2044cf51cc9a4,crypto/x509/by_dir.c,"('4372', '')",2017-09-15T09:05:43+10:00,2017-09-14T10:26:54+10:00
c55b786a8911cef41f890735ba5fde79e116e055,3e00b4c9db42818c621f609e70569c7d9ae85717,crypto/ec/ecp_nistp224.c,"('4413', '')",2017-10-02T17:24:17+02:00,2011-10-18T19:43:16+00:00
c55b786a8911cef41f890735ba5fde79e116e055,0f113f3ee4d629ef9a4a30911b22b224772085e5,crypto/ec/ecp_nistp224.c,"('4413', '')",2017-10-02T17:24:17+02:00,2015-01-22T09:20:09+00:00
c55b786a8911cef41f890735ba5fde79e116e055,3e00b4c9db42818c621f609e70569c7d9ae85717,crypto/ec/ecp_nistp256.c,"('4413', '')",2017-10-02T17:24:17+02:00,2011-10-18T19:43:16+00:00
c55b786a8911cef41f890735ba5fde79e116e055,0f113f3ee4d629ef9a4a30911b22b224772085e5,crypto/ec/ecp_nistp256.c,"('4413', '')",2017-10-02T17:24:17+02:00,2015-01-22T09:20:09+00:00
c55b786a8911cef41f890735ba5fde79e116e055,3e00b4c9db42818c621f609e70569c7d9ae85717,crypto/ec/ecp_nistp521.c,"('4413', '')",2017-10-02T17:24:17+02:00,2011-10-18T19:43:16+00:00
c55b786a8911cef41f890735ba5fde79e116e055,0f113f3ee4d629ef9a4a30911b22b224772085e5,crypto/ec/ecp_nistp521.c,"('4413', '')",2017-10-02T17:24:17+02:00,2015-01-22T09:20:09+00:00
a84e5c9aa8e50af2bcb445ab30a0e9c19e72f60b,cc99bfa76bd25e40672841c78db9cc171be5488b,ssl/ssl_sess.c,"('4', '')",2017-10-04T10:21:08+10:00,2015-11-23T13:51:23-05:00
a84e5c9aa8e50af2bcb445ab30a0e9c19e72f60b,58964a492275ca9a59a0cd9c8155cb2491b4b909,ssl/ssl_sess.c,"('4', '')",2017-10-04T10:21:08+10:00,1998-12-21T10:56:39+00:00
a84e5c9aa8e50af2bcb445ab30a0e9c19e72f60b,d02b48c63a58ea4367a0e905979f140b7d090f86,ssl/ssl_sess.c,"('4', '')",2017-10-04T10:21:08+10:00,1998-12-21T10:52:47+00:00
a84e5c9aa8e50af2bcb445ab30a0e9c19e72f60b,dc644fe2292a9a7ac674a57d2a4be99d7daeab12,ssl/ssl_sess.c,"('4', '')",2017-10-04T10:21:08+10:00,2001-02-21T18:06:26+00:00
a84e5c9aa8e50af2bcb445ab30a0e9c19e72f60b,6434abbfc6ac0d5cb882844ed10fef5821039cf6,ssl/ssl_sess.c,"('4', '')",2017-10-04T10:21:08+10:00,2007-08-11T23:18:29+00:00
a84e5c9aa8e50af2bcb445ab30a0e9c19e72f60b,7409d7ad517650db332ae528915a570e4e0ab88b,ssl/ssl_sess.c,"('4', '')",2017-10-04T10:21:08+10:00,2011-04-29T22:56:51+00:00
a84e5c9aa8e50af2bcb445ab30a0e9c19e72f60b,36d16f8ee0845d932e250286e8e236580470e35b,ssl/ssl_sess.c,"('4', '')",2017-10-04T10:21:08+10:00,2005-04-26T16:02:40+00:00
a84e5c9aa8e50af2bcb445ab30a0e9c19e72f60b,947f3156ecedbc62e21da3569fc291166b3bc086,ssl/ssl_sess.c,"('4', '')",2017-10-04T10:21:08+10:00,2016-06-14T19:30:36+02:00
a84e5c9aa8e50af2bcb445ab30a0e9c19e72f60b,582a17d662d123eafbb70c9eaaa140a2559b7cdb,ssl/ssl_sess.c,"('4', '')",2017-10-04T10:21:08+10:00,2016-11-02T13:08:21+00:00
a84e5c9aa8e50af2bcb445ab30a0e9c19e72f60b,637f374ad49d5f6d4f81d87d7cdd226428aa470c,ssl/ssl_sess.c,"('4', '')",2017-10-04T10:21:08+10:00,2009-12-07T13:31:02+00:00
a84e5c9aa8e50af2bcb445ab30a0e9c19e72f60b,16203f7b71bd343550f89f266eaf9fb9693f6148,ssl/ssl_sess.c,"('4', '')",2017-10-04T10:21:08+10:00,2016-03-08T18:48:38-05:00
a84e5c9aa8e50af2bcb445ab30a0e9c19e72f60b,1aeb3da83f267bc5e7cb9e7bd72dc0e07a751ba3,ssl/ssl_sess.c,"('4', '')",2017-10-04T10:21:08+10:00,2006-01-06T09:08:59+00:00
a84e5c9aa8e50af2bcb445ab30a0e9c19e72f60b,8711efb4984b66a901b543d1b5d96fc5b6928d10,ssl/ssl_sess.c,"('4', '')",2017-10-04T10:21:08+10:00,2009-04-20T11:33:12+00:00
a84e5c9aa8e50af2bcb445ab30a0e9c19e72f60b,348240c676a1b2beaebb865e8be0b62f88c10b7d,ssl/ssl_sess.c,"('4', '')",2017-10-04T10:21:08+10:00,2016-11-04T12:09:46+00:00
a84e5c9aa8e50af2bcb445ab30a0e9c19e72f60b,aff8c126fd8db84fa4ef623997a8c4200a14a44f,ssl/ssl_sess.c,"('4', '')",2017-10-04T10:21:08+10:00,2017-01-09T22:26:47-05:00
a84e5c9aa8e50af2bcb445ab30a0e9c19e72f60b,c3b344e36a088283731b4f65a70e85b100f55686,ssl/ssl_sess.c,"('4', '')",2017-10-04T10:21:08+10:00,2013-03-26T15:16:41+00:00
a84e5c9aa8e50af2bcb445ab30a0e9c19e72f60b,f85c9904c65204cbb6d97814ddf23431c31d1509,ssl/ssl_sess.c,"('4', '')",2017-10-04T10:21:08+10:00,2001-02-23T00:02:56+00:00
a84e5c9aa8e50af2bcb445ab30a0e9c19e72f60b,0f113f3ee4d629ef9a4a30911b22b224772085e5,ssl/ssl_sess.c,"('4', '')",2017-10-04T10:21:08+10:00,2015-01-22T09:20:09+00:00
a84e5c9aa8e50af2bcb445ab30a0e9c19e72f60b,e0421bd8b203b8c4e460c99740b5684600a503da,test/handshake_helper.c,"('4', '')",2017-10-04T10:21:08+10:00,2016-08-16T11:00:15+02:00
a84e5c9aa8e50af2bcb445ab30a0e9c19e72f60b,5c753de668322bf9903a49ba713b2cbc62667571,test/ssl-tests/06-sni-ticket.conf.in,"('4', '')",2017-10-04T10:21:08+10:00,2016-06-09T13:07:51-04:00
a84e5c9aa8e50af2bcb445ab30a0e9c19e72f60b,1f9d203dac62f7426f6ff1fbc819e3de8b6f1171,test/ssl_test_ctx_test.c,"('4', '')",2017-10-04T10:21:08+10:00,2017-05-02T08:32:26-04:00
c16de9d8329d41a2433d0f273c080d9d06ad7a87,0b14a5b7ccd1618fe47d74a51c4873144c57ac83,crypto/include/internal/rand_int.h,"('4328', '')",2017-10-18T08:39:20-05:00,2017-08-28T23:15:52+02:00
c16de9d8329d41a2433d0f273c080d9d06ad7a87,0b14a5b7ccd1618fe47d74a51c4873144c57ac83,crypto/init.c,"('4328', '')",2017-10-18T08:39:20-05:00,2017-08-28T23:15:52+02:00
c16de9d8329d41a2433d0f273c080d9d06ad7a87,0b14a5b7ccd1618fe47d74a51c4873144c57ac83,crypto/rand/drbg_lib.c,"('4328', '')",2017-10-18T08:39:20-05:00,2017-08-28T23:15:52+02:00
c16de9d8329d41a2433d0f273c080d9d06ad7a87,75e2c877650444fb829547bdb58d46eb1297bc1a,crypto/rand/drbg_lib.c,"('4328', '')",2017-10-18T08:39:20-05:00,2017-08-03T09:23:28-04:00
c16de9d8329d41a2433d0f273c080d9d06ad7a87,12fb8c3d2dd00f3d4f1b084385403d26ed64a596,crypto/rand/drbg_lib.c,"('4328', '')",2017-10-18T08:39:20-05:00,2017-07-19T03:25:16-04:00
c16de9d8329d41a2433d0f273c080d9d06ad7a87,aa048aef0b9146f90c06333dedfc105d1f9e2c22,crypto/rand/drbg_lib.c,"('4328', '')",2017-10-18T08:39:20-05:00,2017-08-28T08:52:02-04:00
c16de9d8329d41a2433d0f273c080d9d06ad7a87,ed6b2c7938ec6f07b15745d4183afc276e74c6dd,crypto/rand/drbg_lib.c,"('4328', '')",2017-10-18T08:39:20-05:00,2017-08-31T19:42:03-04:00
c16de9d8329d41a2433d0f273c080d9d06ad7a87,aa048aef0b9146f90c06333dedfc105d1f9e2c22,crypto/rand/drbg_rand.c,"('4328', '')",2017-10-18T08:39:20-05:00,2017-08-28T08:52:02-04:00
c16de9d8329d41a2433d0f273c080d9d06ad7a87,9ed79d8ee1ef845fce94739787d45ad03f675eaa,crypto/rand/rand_lcl.h,"('4328', '')",2017-10-18T08:39:20-05:00,2017-08-07T19:34:33-04:00
c16de9d8329d41a2433d0f273c080d9d06ad7a87,6969a3f49ae63c8a4fd543a121511a1f0eb64a5e,crypto/rand/rand_lcl.h,"('4328', '')",2017-10-18T08:39:20-05:00,2017-08-28T08:58:50-04:00
c16de9d8329d41a2433d0f273c080d9d06ad7a87,75e2c877650444fb829547bdb58d46eb1297bc1a,crypto/rand/rand_lcl.h,"('4328', '')",2017-10-18T08:39:20-05:00,2017-08-03T09:23:28-04:00
c16de9d8329d41a2433d0f273c080d9d06ad7a87,4871fa49cdd0d4473b6a815fc01fbde3e6ced339,crypto/rand/rand_lcl.h,"('4328', '')",2017-10-18T08:39:20-05:00,2017-08-28T08:52:02-04:00
c16de9d8329d41a2433d0f273c080d9d06ad7a87,6969a3f49ae63c8a4fd543a121511a1f0eb64a5e,crypto/rand/rand_lib.c,"('4328', '')",2017-10-18T08:39:20-05:00,2017-08-28T08:58:50-04:00
c16de9d8329d41a2433d0f273c080d9d06ad7a87,ddc6a5c8f5900959bdbdfee79e1625a3f7808acd,crypto/rand/rand_lib.c,"('4328', '')",2017-10-18T08:39:20-05:00,2017-08-03T10:45:17-04:00
c16de9d8329d41a2433d0f273c080d9d06ad7a87,8389ec4b4950b9474e72a959eb0b0a6ce77ac1e8,crypto/rand/rand_lib.c,"('4328', '')",2017-10-18T08:39:20-05:00,2017-07-22T14:00:07-04:00
c16de9d8329d41a2433d0f273c080d9d06ad7a87,4871fa49cdd0d4473b6a815fc01fbde3e6ced339,crypto/rand/rand_lib.c,"('4328', '')",2017-10-18T08:39:20-05:00,2017-08-28T08:52:02-04:00
c16de9d8329d41a2433d0f273c080d9d06ad7a87,75e2c877650444fb829547bdb58d46eb1297bc1a,crypto/rand/rand_lib.c,"('4328', '')",2017-10-18T08:39:20-05:00,2017-08-03T09:23:28-04:00
c16de9d8329d41a2433d0f273c080d9d06ad7a87,9d951a7872e5fa2b2a83fe8cfda3af5c52581172,crypto/rand/rand_lib.c,"('4328', '')",2017-10-18T08:39:20-05:00,2017-08-22T22:02:57-04:00
c16de9d8329d41a2433d0f273c080d9d06ad7a87,9ed79d8ee1ef845fce94739787d45ad03f675eaa,crypto/rand/rand_lib.c,"('4328', '')",2017-10-18T08:39:20-05:00,2017-08-07T19:34:33-04:00
c16de9d8329d41a2433d0f273c080d9d06ad7a87,ed6b2c7938ec6f07b15745d4183afc276e74c6dd,crypto/rand/rand_lib.c,"('4328', '')",2017-10-18T08:39:20-05:00,2017-08-31T19:42:03-04:00
c16de9d8329d41a2433d0f273c080d9d06ad7a87,cc7399e79cbe45ad363d2a67dd04cb599f9481eb,crypto/rand/rand_unix.c,"('4328', '')",2017-10-18T08:39:20-05:00,2009-04-07T16:33:26+00:00
c16de9d8329d41a2433d0f273c080d9d06ad7a87,0c61e299b35a0789d5de7c1972b15a82dff2f122,crypto/rand/rand_unix.c,"('4328', '')",2017-10-18T08:39:20-05:00,2001-01-08T10:59:26+00:00
c16de9d8329d41a2433d0f273c080d9d06ad7a87,da8fc25a989cf4f4d26d626a85477e8a9282da12,crypto/rand/rand_unix.c,"('4328', '')",2017-10-18T08:39:20-05:00,2017-07-15T01:51:34-04:00
c16de9d8329d41a2433d0f273c080d9d06ad7a87,6969a3f49ae63c8a4fd543a121511a1f0eb64a5e,crypto/rand/rand_unix.c,"('4328', '')",2017-10-18T08:39:20-05:00,2017-08-28T08:58:50-04:00
c16de9d8329d41a2433d0f273c080d9d06ad7a87,8389ec4b4950b9474e72a959eb0b0a6ce77ac1e8,crypto/rand/rand_unix.c,"('4328', '')",2017-10-18T08:39:20-05:00,2017-07-22T14:00:07-04:00
c16de9d8329d41a2433d0f273c080d9d06ad7a87,4871fa49cdd0d4473b6a815fc01fbde3e6ced339,crypto/rand/rand_unix.c,"('4328', '')",2017-10-18T08:39:20-05:00,2017-08-28T08:52:02-04:00
c16de9d8329d41a2433d0f273c080d9d06ad7a87,75e2c877650444fb829547bdb58d46eb1297bc1a,crypto/rand/rand_unix.c,"('4328', '')",2017-10-18T08:39:20-05:00,2017-08-03T09:23:28-04:00
c16de9d8329d41a2433d0f273c080d9d06ad7a87,4871fa49cdd0d4473b6a815fc01fbde3e6ced339,crypto/rand/rand_vms.c,"('4328', '')",2017-10-18T08:39:20-05:00,2017-08-28T08:52:02-04:00
c16de9d8329d41a2433d0f273c080d9d06ad7a87,739862384c31b325c54b0c8154a9e00c722219da,crypto/rand/rand_vms.c,"('4328', '')",2017-10-18T08:39:20-05:00,2001-05-13T10:34:18+00:00
c16de9d8329d41a2433d0f273c080d9d06ad7a87,e56f956ef1347b8eb9024471f4fa16691cf8e3ea,crypto/rand/rand_win.c,"('4328', '')",2017-10-18T08:39:20-05:00,2016-06-03T12:18:59-04:00
c16de9d8329d41a2433d0f273c080d9d06ad7a87,eb9b92ec8efd81abf4642b65c34cc542197a545a,crypto/rand/rand_win.c,"('4328', '')",2017-10-18T08:39:20-05:00,2016-05-29T13:36:59-04:00
c16de9d8329d41a2433d0f273c080d9d06ad7a87,8389ec4b4950b9474e72a959eb0b0a6ce77ac1e8,crypto/rand/rand_win.c,"('4328', '')",2017-10-18T08:39:20-05:00,2017-07-22T14:00:07-04:00
c16de9d8329d41a2433d0f273c080d9d06ad7a87,4871fa49cdd0d4473b6a815fc01fbde3e6ced339,crypto/rand/rand_win.c,"('4328', '')",2017-10-18T08:39:20-05:00,2017-08-28T08:52:02-04:00
c16de9d8329d41a2433d0f273c080d9d06ad7a87,75e2c877650444fb829547bdb58d46eb1297bc1a,crypto/rand/rand_win.c,"('4328', '')",2017-10-18T08:39:20-05:00,2017-08-03T09:23:28-04:00
c16de9d8329d41a2433d0f273c080d9d06ad7a87,9ed79d8ee1ef845fce94739787d45ad03f675eaa,crypto/rand/rand_win.c,"('4328', '')",2017-10-18T08:39:20-05:00,2017-08-07T19:34:33-04:00
c16de9d8329d41a2433d0f273c080d9d06ad7a87,4871fa49cdd0d4473b6a815fc01fbde3e6ced339,doc/man3/RAND_add.pod,"('4328', '')",2017-10-18T08:39:20-05:00,2017-08-28T08:52:02-04:00
c16de9d8329d41a2433d0f273c080d9d06ad7a87,75e2c877650444fb829547bdb58d46eb1297bc1a,doc/man3/RAND_add.pod,"('4328', '')",2017-10-18T08:39:20-05:00,2017-08-03T09:23:28-04:00
c16de9d8329d41a2433d0f273c080d9d06ad7a87,4871fa49cdd0d4473b6a815fc01fbde3e6ced339,include/openssl/rand.h,"('4328', '')",2017-10-18T08:39:20-05:00,2017-08-28T08:52:02-04:00
c16de9d8329d41a2433d0f273c080d9d06ad7a87,ae3947de09522206d61c0206a733517b10a910f8,ssl/ssl_lib.c,"('4328', '')",2017-10-18T08:39:20-05:00,2017-08-03T10:24:03-04:00
c16de9d8329d41a2433d0f273c080d9d06ad7a87,0b14a5b7ccd1618fe47d74a51c4873144c57ac83,ssl/ssl_lib.c,"('4328', '')",2017-10-18T08:39:20-05:00,2017-08-28T23:15:52+02:00
c16de9d8329d41a2433d0f273c080d9d06ad7a87,75e2c877650444fb829547bdb58d46eb1297bc1a,test/drbgtest.c,"('4328', '')",2017-10-18T08:39:20-05:00,2017-08-03T09:23:28-04:00
c16de9d8329d41a2433d0f273c080d9d06ad7a87,75e2c877650444fb829547bdb58d46eb1297bc1a,util/libcrypto.num,"('4328', '')",2017-10-18T08:39:20-05:00,2017-08-03T09:23:28-04:00
bee9c8a4ffd3ec65bb56aaa04423c4f6f9c4012c,7f458a48ff3a231d5841466525d2aacbcd4f6b77,engines/e_afalg.c,"('1685', '')",2017-10-31T11:19:47+01:00,2016-03-07T13:36:17+00:00
bd6eba79d70677f891f1bb55b6f5bc5602c47cbc,7e1b7485706c2b11091b5fa897fe496a2faa56cc,apps/x509.c,"('4366', '')",2017-11-02T10:47:51+00:00,2015-04-24T15:26:15-04:00
7bbb00500a1db556ad900e3b307425c50cd515a8,4d524e10b4853436a1bfbc83822c5d0e87d64fbd,doc/man3/EVP_EncryptInit.pod,"('4775', '')",2017-11-28T10:32:46+00:00,2000-02-24T11:55:57+00:00
7bbb00500a1db556ad900e3b307425c50cd515a8,3811eed8d50652225567e2ee4b14e7c920432e42,doc/man3/EVP_EncryptInit.pod,"('4775', '')",2017-11-28T10:32:46+00:00,2001-10-17T01:50:32+00:00
83ccead4d0fb496c8f00ee53c28e957b8cab4181,30bea14be6bbf77ed60acb9bd1befeb51d4c4b10,test/bntest.c,"('4808', '')",2017-11-28T10:41:23+00:00,2017-04-26T12:48:24-04:00
0973b47040df02bfa56e4a91b25621027467b16c,81183680797f16bc05d39c1e9c1bf007fdbe4e19,Configurations/windows-makefile.tmpl,"('5075', '')",2018-01-15T09:40:51+01:00,2017-12-12T17:18:07+01:00
9be64336d899bac38fd4a4423df01d44fff5f2eb,26f0340d49138d489ffc9662dff827488a12142c,Configure,"('5207', '')",2018-01-30T19:13:57+01:00,2018-01-30T19:08:49+01:00
848a950b715fa73070a9d1638e7630acfb0dfa4d,aff8c126fd8db84fa4ef623997a8c4200a14a44f,ssl/statem/extensions_clnt.c,"('5213', '');('5214', '')",2018-02-01T10:28:49+00:00,2017-01-09T22:26:47-05:00
848a950b715fa73070a9d1638e7630acfb0dfa4d,f63a17d66dec01c123630682e0b20450b34c086a,ssl/statem/statem_clnt.c,"('5213', '');('5214', '')",2018-02-01T10:28:49+00:00,2017-12-04T13:31:48+00:00
03cb2cc9e53f7ca7539069a388d2767fffa7cf66,39556e63ef6c079d144b07d7f492152abf9efe77,apps/bf_prefix.c,"('5224', '')",2018-02-01T22:09:41+01:00,2018-02-01T07:10:47+01:00
6e99ae58c8e1b4a41ae376f91affc7992b0738f7,e261bdd185e074228c3ee6359a4eeb9781e3ef3d,apps/s_client.c,"('5202', '')",2018-02-14T15:42:36+00:00,2017-06-21T14:45:35+01:00
6e99ae58c8e1b4a41ae376f91affc7992b0738f7,fe874d27d33faa527b5e945137787bf6b0f5c253,ssl/statem/extensions.c,"('5202', '')",2018-02-14T15:42:36+00:00,2017-04-07T13:41:04+01:00
555c94a0db9661428da0a45cb32b9f002324eefd,7e1b7485706c2b11091b5fa897fe496a2faa56cc,apps/opt.c,"('3404', '')",2018-02-28T18:44:56+01:00,2015-04-24T15:26:15-04:00
e440f51395f10e307f720213bd75393e446024a3,1e6122774a75ee4a59b5de129eac122222905b52,doc/man3/DTLSv1_listen.pod,"('5549', '')",2018-03-09T11:37:58+00:00,2018-01-24T18:02:36+00:00
e440f51395f10e307f720213bd75393e446024a3,d6bb50a5f9201aab638ddf9131a6754cca0ef842,ssl/ssl_lib.c,"('5549', '')",2018-03-09T11:37:58+00:00,2018-01-24T18:02:36+00:00
e440f51395f10e307f720213bd75393e446024a3,43054d3d734a8fa8a3d2da20c206a47d4060b7bd,ssl/statem/extensions_srvr.c,"('5549', '')",2018-03-09T11:37:58+00:00,2018-01-24T18:02:35+00:00
e440f51395f10e307f720213bd75393e446024a3,c7b8ff2502d8f3ee3eef20bdb4d25811f329e9ae,test/sslapitest.c,"('5549', '')",2018-03-09T11:37:58+00:00,2018-01-24T18:02:36+00:00
e440f51395f10e307f720213bd75393e446024a3,97ea1e7f42eea97b117af08b3c1d29f6443850ab,test/sslapitest.c,"('5549', '')",2018-03-09T11:37:58+00:00,2018-01-24T18:02:37+00:00
b38fa9855f65477fb4a6ef943276be8237468e3b,4d524e10b4853436a1bfbc83822c5d0e87d64fbd,doc/man3/EVP_EncryptInit.pod,"('5582', '')",2018-03-11T14:22:31+01:00,2000-02-24T11:55:57+00:00
b38fa9855f65477fb4a6ef943276be8237468e3b,3811eed8d50652225567e2ee4b14e7c920432e42,doc/man3/EVP_EncryptInit.pod,"('5582', '')",2018-03-11T14:22:31+01:00,2001-10-17T01:50:32+00:00
2cedf79474ebc7bf910980f397decfaddec7122b,2234212c3dde887e0b7fa08277d035cd132e2cce,apps/ca.c,"('5109', '')",2018-03-15T12:51:34+00:00,2017-06-12T16:11:05-04:00
2cedf79474ebc7bf910980f397decfaddec7122b,f85b68cd4982c28c02070c2e036da1c84cf0e7af,apps/ca.c,"('5109', '')",2018-03-15T12:51:34+00:00,2003-04-03T16:33:03+00:00
2cedf79474ebc7bf910980f397decfaddec7122b,d02b48c63a58ea4367a0e905979f140b7d090f86,apps/ca.c,"('5109', '')",2018-03-15T12:51:34+00:00,1998-12-21T10:52:47+00:00
2cedf79474ebc7bf910980f397decfaddec7122b,437db75b943ba0f72eb27d49f660a6d69dfddf1b,apps/ca.c,"('5109', '')",2018-03-15T12:51:34+00:00,2001-10-27T17:03:20+00:00
2cedf79474ebc7bf910980f397decfaddec7122b,75ebbd9aa411c5b8b19ded6ace2b34181566b56a,apps/ca.c,"('5109', '')",2018-03-15T12:51:34+00:00,2015-05-11T10:06:38-04:00
2cedf79474ebc7bf910980f397decfaddec7122b,2245cd87d4330dfa1e2e7210c6644a8c524f3ca1,apps/ca.c,"('5109', '')",2018-03-15T12:51:34+00:00,2002-10-11T09:38:56+00:00
2cedf79474ebc7bf910980f397decfaddec7122b,06a79af200b5ad0e5f5f078dc726c20c78f11885,apps/ca.c,"('5109', '')",2018-03-15T12:51:34+00:00,2016-09-13T11:42:57-04:00
2cedf79474ebc7bf910980f397decfaddec7122b,c869da8839ef5af9df5a4d98f518b079240a0d4b,apps/ca.c,"('5109', '')",2018-03-15T12:51:34+00:00,2009-07-27T21:10:00+00:00
2cedf79474ebc7bf910980f397decfaddec7122b,222561fe8ef510f336417a666f69f81ddc9b8fe4,apps/ca.c,"('5109', '')",2018-03-15T12:51:34+00:00,2015-04-30T17:33:59-04:00
2cedf79474ebc7bf910980f397decfaddec7122b,7e1b7485706c2b11091b5fa897fe496a2faa56cc,apps/ca.c,"('5109', '')",2018-03-15T12:51:34+00:00,2015-04-24T15:26:15-04:00
2cedf79474ebc7bf910980f397decfaddec7122b,b5895815abad1b108902a55525daad7bdca02721,apps/ca.c,"('5109', '')",2018-03-15T12:51:34+00:00,2017-10-16T15:46:50-04:00
2cedf79474ebc7bf910980f397decfaddec7122b,87e8feca95165a5f4d21a385cf5ff7a1f13c43c8,apps/ca.c,"('5109', '')",2018-03-15T12:51:34+00:00,2002-07-31T14:05:57+00:00
2cedf79474ebc7bf910980f397decfaddec7122b,89da653fa62598c29dc29b7e1741985f51172837,apps/ca.c,"('5109', '')",2018-03-15T12:51:34+00:00,2001-10-25T08:25:19+00:00
2cedf79474ebc7bf910980f397decfaddec7122b,7644a9aef8932ed4d1c3f25ed776c997702982be,apps/ca.c,"('5109', '')",2018-03-15T12:51:34+00:00,2015-12-16T16:14:49-05:00
2cedf79474ebc7bf910980f397decfaddec7122b,dfeab0689f69c0b4bd3480ffd37a9cacc2f17d9c,apps/ca.c,"('5109', '')",2018-03-15T12:51:34+00:00,1998-12-21T11:00:56+00:00
2cedf79474ebc7bf910980f397decfaddec7122b,26a3a48d65c7464b400ec1de439994d7f0d25fed,apps/ca.c,"('5109', '')",2018-03-15T12:51:34+00:00,2000-06-01T22:19:21+00:00
2cedf79474ebc7bf910980f397decfaddec7122b,3c1d6bbc9242900af0e5db927fdcda38539bd54a,apps/ca.c,"('5109', '')",2018-03-15T12:51:34+00:00,2008-05-26T11:24:29+00:00
2cedf79474ebc7bf910980f397decfaddec7122b,0f113f3ee4d629ef9a4a30911b22b224772085e5,apps/ca.c,"('5109', '')",2018-03-15T12:51:34+00:00,2015-01-22T09:20:09+00:00
d288d7fc7beaa1d720a539d6ae27dba2c910ee68,a0156a926f30beb46a6ac16c4724aff9d5a0fac6,crypto/pem/pvkfmt.c,"('5567', '')",2018-03-17T08:15:31+01:00,2005-08-31T16:37:54+00:00
d288d7fc7beaa1d720a539d6ae27dba2c910ee68,9862e9aa98ee1e38fbcef8d1dd5db0e750eb5e8d,crypto/pem/pvkfmt.c,"('5567', '')",2018-03-17T08:15:31+01:00,2016-04-06T16:19:17+02:00
d288d7fc7beaa1d720a539d6ae27dba2c910ee68,b375f08145d78479674580042614c9e770b011dd,crypto/pem/pvkfmt.c,"('5567', '')",2018-03-17T08:15:31+01:00,2016-04-29T09:20:13+01:00
311276ffe32ab0b161c364727cf8676591dbf47c,c16de9d8329d41a2433d0f273c080d9d06ad7a87,crypto/rand/rand_lib.c,"('5402', '')",2018-03-17T11:35:33+01:00,2017-10-18T08:39:20-05:00
e46931108a1c4ae35903e4b6b481b341545f3ea3,3e3c7c3646878fbbef07865aca007e112cf0fc26,apps/ocsp.c,"('5681', '')",2018-03-20T15:53:05+00:00,2018-03-07T11:03:43-05:00
696de86f8edefdf885a665ed9166ee2432f2ee30,c2b290c3d0ff878c33b3540df530f64af23163bf,ssl/statem/extensions_clnt.c,"('5667', '')",2018-03-21T09:38:07+00:00,2018-03-19T14:47:12+00:00
f91e026e38321d0c154f535ecd5af09e424e7f1b,420b88cec8c6f7c67fad07bf508dcccab094f134,test/bntest.c,"('5785', '')",2018-03-31T16:31:37+02:00,2017-11-02T11:00:48+00:00
a53b5be6a056e998fb119dbf035d1df68083a951,f73e07cf420ddad22b6148d8cbe28daf84ccae2d,ssl/ssl_ciph.c,"('5740', '')",2018-04-04T16:17:26+01:00,1999-04-12T17:23:57+00:00
a53b5be6a056e998fb119dbf035d1df68083a951,d02b48c63a58ea4367a0e905979f140b7d090f86,ssl/ssl_ciph.c,"('5740', '')",2018-04-04T16:17:26+01:00,1998-12-21T10:52:47+00:00
a53b5be6a056e998fb119dbf035d1df68083a951,14b3f1007ec640fa8fa293626b7dc9edfa67d9e0,ssl/ssl_ciph.c,"('5740', '')",2018-04-04T16:17:26+01:00,2009-04-07T12:11:21+00:00
a53b5be6a056e998fb119dbf035d1df68083a951,a230b26e0959dc5f072fbbdadcc9ed45e904c50c,ssl/ssl_ciph.c,"('5740', '')",2018-04-04T16:17:26+01:00,2016-08-18T14:02:29+02:00
a53b5be6a056e998fb119dbf035d1df68083a951,f0747cd950d64856d999319db3b026321683fc77,ssl/ssl_ciph.c,"('5740', '')",2018-04-04T16:17:26+01:00,2005-06-10T19:55:26+00:00
a53b5be6a056e998fb119dbf035d1df68083a951,0f113f3ee4d629ef9a4a30911b22b224772085e5,ssl/ssl_ciph.c,"('5740', '')",2018-04-04T16:17:26+01:00,2015-01-22T09:20:09+00:00
a53b5be6a056e998fb119dbf035d1df68083a951,f865b08143b453962ad4afccd69e698d13c60f77,ssl/ssl_lib.c,"('5740', '')",2018-04-04T16:17:26+01:00,2018-03-14T10:15:50+00:00
a53b5be6a056e998fb119dbf035d1df68083a951,c5a569927fb7bcfa34dde76dbc021d4f8a5c8fb1,test/sslcorrupttest.c,"('5740', '')",2018-04-04T16:17:26+01:00,2016-11-10T13:04:11+00:00
a53b5be6a056e998fb119dbf035d1df68083a951,f3ab6c16c424054c8d6d2c152744dcbaf41c3232,test/sslcorrupttest.c,"('5740', '')",2018-04-04T16:17:26+01:00,2017-04-18T15:01:26-04:00
8e2bec9b8aaba602af6fda2523a15238aa49aade,6decf9436f77ff65ed8ed773268663a9273cfbc8,crypto/rand/rand_lib.c,"('5846', '')",2018-04-04T20:14:51+02:00,2018-03-15T18:58:38+01:00
8e2bec9b8aaba602af6fda2523a15238aa49aade,c16de9d8329d41a2433d0f273c080d9d06ad7a87,crypto/rand/rand_lib.c,"('5846', '')",2018-04-04T20:14:51+02:00,2017-10-18T08:39:20-05:00
8e2bec9b8aaba602af6fda2523a15238aa49aade,9ed79d8ee1ef845fce94739787d45ad03f675eaa,crypto/rand/rand_lib.c,"('5846', '')",2018-04-04T20:14:51+02:00,2017-08-07T19:34:33-04:00
8e2bec9b8aaba602af6fda2523a15238aa49aade,8389ec4b4950b9474e72a959eb0b0a6ce77ac1e8,crypto/rand/rand_lib.c,"('5846', '')",2018-04-04T20:14:51+02:00,2017-07-22T14:00:07-04:00
8e2bec9b8aaba602af6fda2523a15238aa49aade,6decf9436f77ff65ed8ed773268663a9273cfbc8,crypto/rand/rand_unix.c,"('5846', '')",2018-04-04T20:14:51+02:00,2018-03-15T18:58:38+01:00
8e2bec9b8aaba602af6fda2523a15238aa49aade,fc1d73bb0c4f2977c999031debc7946c9b29fc8b,crypto/rand/rand_vms.c,"('5846', '')",2018-04-04T20:14:51+02:00,2018-04-03T18:24:41+02:00
8e2bec9b8aaba602af6fda2523a15238aa49aade,6decf9436f77ff65ed8ed773268663a9273cfbc8,crypto/rand/rand_win.c,"('5846', '')",2018-04-04T20:14:51+02:00,2018-03-15T18:58:38+01:00
bbf27cd58337116c57a1c942153330ff83d5540a,d02b48c63a58ea4367a0e905979f140b7d090f86,crypto/x509/x509name.c,"('5870', '')",2018-04-05T22:55:28-04:00,1998-12-21T10:52:47+00:00
bbf27cd58337116c57a1c942153330ff83d5540a,65d4927b8d645d9bcb5f6085a107d314794e8e34,crypto/x509/x509name.c,"('5870', '')",2018-04-05T22:55:28-04:00,1999-05-01T17:40:57+00:00
e65c959f1fd5469ba96fceb68ce8b7c8d52edb39,c4de074e6385a86a43a30fee574e77f9dcabb022,doc/man1/dgst.pod,"('5873', '')",2018-04-06T10:10:05+01:00,2017-03-30T14:16:41+02:00
5bc6bcf82d2adce982e04837b0810b1a6cd55a19,0b14a5b7ccd1618fe47d74a51c4873144c57ac83,crypto/rand/drbg_lib.c,"('5503', '');('5849', '')",2018-04-13T20:49:28+02:00,2017-08-28T23:15:52+02:00
5bc6bcf82d2adce982e04837b0810b1a6cd55a19,c16de9d8329d41a2433d0f273c080d9d06ad7a87,crypto/rand/drbg_lib.c,"('5503', '');('5849', '')",2018-04-13T20:49:28+02:00,2017-10-18T08:39:20-05:00
5bc6bcf82d2adce982e04837b0810b1a6cd55a19,75e2c877650444fb829547bdb58d46eb1297bc1a,crypto/rand/drbg_lib.c,"('5503', '');('5849', '')",2018-04-13T20:49:28+02:00,2017-08-03T09:23:28-04:00
5bc6bcf82d2adce982e04837b0810b1a6cd55a19,60595292ae83b112a1854a59379a51f210c04b6c,crypto/rand/rand_lib.c,"('5503', '');('5849', '')",2018-04-13T20:49:28+02:00,2018-02-21T20:44:11+01:00
5bc6bcf82d2adce982e04837b0810b1a6cd55a19,2b66fd5720c38c6e89f9cd00d36d2c828ed4cd4b,crypto/rand/rand_lib.c,"('5503', '');('5849', '')",2018-04-13T20:49:28+02:00,2018-02-07T10:08:15+10:00
5bc6bcf82d2adce982e04837b0810b1a6cd55a19,c16de9d8329d41a2433d0f273c080d9d06ad7a87,crypto/rand/rand_lib.c,"('5503', '');('5849', '')",2018-04-13T20:49:28+02:00,2017-10-18T08:39:20-05:00
5bc6bcf82d2adce982e04837b0810b1a6cd55a19,6decf9436f77ff65ed8ed773268663a9273cfbc8,crypto/rand/rand_lib.c,"('5503', '');('5849', '')",2018-04-13T20:49:28+02:00,2018-03-15T18:58:38+01:00
5bc6bcf82d2adce982e04837b0810b1a6cd55a19,20928ff635772182fe8696d618a19f9101a5370f,crypto/rand/rand_lib.c,"('5503', '');('5849', '')",2018-04-13T20:49:28+02:00,2018-01-29T12:42:06+01:00
5bc6bcf82d2adce982e04837b0810b1a6cd55a19,ad89bf7894e705a7e174cfa6c696a0b8f546a663,crypto/rand/rand_unix.c,"('5503', '');('5849', '')",2018-04-13T20:49:28+02:00,2011-12-19T17:01:37+00:00
5bc6bcf82d2adce982e04837b0810b1a6cd55a19,6decf9436f77ff65ed8ed773268663a9273cfbc8,crypto/rand/rand_unix.c,"('5503', '');('5849', '')",2018-04-13T20:49:28+02:00,2018-03-15T18:58:38+01:00
5bc6bcf82d2adce982e04837b0810b1a6cd55a19,cc7399e79cbe45ad363d2a67dd04cb599f9481eb,crypto/rand/rand_unix.c,"('5503', '');('5849', '')",2018-04-13T20:49:28+02:00,2009-04-07T16:33:26+00:00
c324ecfb2d4a6608d7a5f848968180c7995fc9a6,3e3c7c3646878fbbef07865aca007e112cf0fc26,apps/ocsp.c,"('2387', '')",2018-04-19T08:39:42+01:00,2018-03-07T11:03:43-05:00
c324ecfb2d4a6608d7a5f848968180c7995fc9a6,73758d435bfcce06c5bcb58a54e5c2ddde47bed1,apps/ocsp.c,"('2387', '')",2018-04-19T08:39:42+01:00,2001-01-19T01:32:23+00:00
1c705121af8a0f8095d7cb36419e1166f42cc1e6,6ddbb4cd92ad8c9ebf874e5d9920c122696b7477,crypto/x509/x509_lu.c,"('2462', '')",2018-04-19T08:53:40+01:00,2016-05-17T16:06:09-04:00
10b37541dc7f27b0ca74102970691ce4636cc0bd,7e1b7485706c2b11091b5fa897fe496a2faa56cc,apps/dhparam.c,"('3404', '')",2018-04-23T10:51:36+02:00,2015-04-24T15:26:15-04:00
10b37541dc7f27b0ca74102970691ce4636cc0bd,bdd58d98467e9f0f6635c1628e1eae304383afb1,apps/dhparam.c,"('3404', '')",2018-04-23T10:51:36+02:00,2015-09-06T01:35:54+02:00
10b37541dc7f27b0ca74102970691ce4636cc0bd,09483c58e3b21841d2761ce90b1f12b24f814881,apps/dhparam.c,"('3404', '')",2018-04-23T10:51:36+02:00,2000-01-22T13:58:29+00:00
5b820d785d6b5f9c3fedcf0ce4e4f0476a1bb9c8,148796291e47ad402ddfd1bbe6f34a2652657ec2,crypto/rand/rand_unix.c,"('6044', '')",2018-04-23T18:45:53+02:00,2018-04-22T20:16:02+02:00
bdb59d97a6a92498926ad8b3d5e166258339b447,7e1b7485706c2b11091b5fa897fe496a2faa56cc,apps/s_client.c,"('4933', '')",2018-04-25T10:50:54+01:00,2015-04-24T15:26:15-04:00
bdb59d97a6a92498926ad8b3d5e166258339b447,c4de074e6385a86a43a30fee574e77f9dcabb022,doc/man1/s_client.pod,"('4933', '')",2018-04-25T10:50:54+01:00,2017-03-30T14:16:41+02:00
bdb59d97a6a92498926ad8b3d5e166258339b447,c3ed3b6eab8b8f3a8ebe6fc6f5d14b4faf3c8cbe,doc/man1/s_client.pod,"('4933', '')",2018-04-25T10:50:54+01:00,2000-01-08T19:05:47+00:00
4977b4e9281c981efcf6a8b31378b8bbd6a8a96f,d02b48c63a58ea4367a0e905979f140b7d090f86,crypto/pem/pem_lib.c,"('5465', '')",2018-04-26T10:39:44+02:00,1998-12-21T10:52:47+00:00
4977b4e9281c981efcf6a8b31378b8bbd6a8a96f,b160f2823fb3bafdf8728ea251aab0d07888b934,crypto/pem/pem_lib.c,"('5465', '')",2018-04-26T10:39:44+02:00,2016-05-16T18:03:40+02:00
4977b4e9281c981efcf6a8b31378b8bbd6a8a96f,af9895cb8c00cb383c0417bda1163001946681bd,crypto/pem/pem_lib.c,"('5465', '')",2018-04-26T10:39:44+02:00,2016-05-31T17:39:00-04:00
4977b4e9281c981efcf6a8b31378b8bbd6a8a96f,8afca8d9c60c3d7db6f9bc94a97c77f016fc139d,crypto/pem/pem_lib.c,"('5465', '')",2018-04-26T10:39:44+02:00,2005-05-11T03:45:39+00:00
4977b4e9281c981efcf6a8b31378b8bbd6a8a96f,0f113f3ee4d629ef9a4a30911b22b224772085e5,crypto/pem/pem_lib.c,"('5465', '')",2018-04-26T10:39:44+02:00,2015-01-22T09:20:09+00:00
f80c864318ee86cf26492c6914299423cddbe229,f865b08143b453962ad4afccd69e698d13c60f77,ssl/s3_lib.c,"('6048', '')",2018-04-26T16:35:12+01:00,2018-03-14T10:15:50+00:00
74a8acbdfb2c7f398d1ae2fe914cd32b437f6df4,224905f8aaeac7fd81a49dc160a843c5fff60e6e,crypto/async/async.c,"('5950', '')",2018-04-26T18:39:51+02:00,2016-03-02T17:23:42+00:00
74a8acbdfb2c7f398d1ae2fe914cd32b437f6df4,22a34c2fab39c38cac4a22a0e15ab9a1fd98f57c,crypto/async/async.c,"('5950', '')",2018-04-26T18:39:51+02:00,2015-11-20T23:40:23+00:00
74a8acbdfb2c7f398d1ae2fe914cd32b437f6df4,27949c353e68825f119410f8fd73ae1d667581c7,crypto/async/async.c,"('5950', '')",2018-04-26T18:39:51+02:00,2015-11-20T23:37:17+00:00
74a8acbdfb2c7f398d1ae2fe914cd32b437f6df4,0fc32b0718ec210e03b6d8623d4819ed04615a1b,crypto/async/async.c,"('5950', '')",2018-04-26T18:39:51+02:00,2016-02-10T17:40:59+00:00
74a8acbdfb2c7f398d1ae2fe914cd32b437f6df4,7b9f8f7f03eda2faa1cdd42ed29a0b70e60eaf59,crypto/async/async.c,"('5950', '')",2018-04-26T18:39:51+02:00,2016-02-09T15:11:38+00:00
74a8acbdfb2c7f398d1ae2fe914cd32b437f6df4,a3667c316ae60ef454fb804221c3ca44af30a9aa,crypto/async/async.c,"('5950', '')",2018-04-26T18:39:51+02:00,2015-11-20T23:31:04+00:00
74a8acbdfb2c7f398d1ae2fe914cd32b437f6df4,636ca4ff64d0c512b5f9e01ddc644e5f7661849e,crypto/async/async.c,"('5950', '')",2018-04-26T18:39:51+02:00,2015-11-20T23:34:35+00:00
74a8acbdfb2c7f398d1ae2fe914cd32b437f6df4,0ff2b9ac0b8b9cd62e20cd65bf4922b34f57a8c1,crypto/async/async.c,"('5950', '')",2018-04-26T18:39:51+02:00,2015-11-20T23:33:46+00:00
74a8acbdfb2c7f398d1ae2fe914cd32b437f6df4,d63de0ebff88c4ef1d93065c4e531fdf5ed894fe,crypto/async/async.c,"('5950', '')",2018-04-26T18:39:51+02:00,2015-11-20T23:33:46+00:00
74a8acbdfb2c7f398d1ae2fe914cd32b437f6df4,b184e3ef73200cb3b7914a603b43a5b8a074c85f,crypto/init.c,"('5950', '')",2018-04-26T18:39:51+02:00,2016-02-09T15:11:38+00:00
272c0df8e1aa549da9060bf70b34c9aabb3bcb0d,7caf122e717e79afcb986fe217e77a630b67bf4c,crypto/rand/drbg_lib.c,"('6081', '')",2018-04-27T14:07:42+02:00,2018-03-19T15:04:40+01:00
272c0df8e1aa549da9060bf70b34c9aabb3bcb0d,a73d990e2b6b1a406b1c85837a176bf7525d3914,crypto/rand/drbg_lib.c,"('6081', '')",2018-04-27T14:07:42+02:00,2018-03-30T00:10:38+02:00
272c0df8e1aa549da9060bf70b34c9aabb3bcb0d,12fb8c3d2dd00f3d4f1b084385403d26ed64a596,crypto/rand/drbg_lib.c,"('6081', '')",2018-04-27T14:07:42+02:00,2017-07-19T03:25:16-04:00
272c0df8e1aa549da9060bf70b34c9aabb3bcb0d,8212d50576147cd5db87b1e2f4607a6d5b5f435f,crypto/rand/drbg_lib.c,"('6081', '')",2018-04-27T14:07:42+02:00,2018-01-04T11:47:31+10:00
272c0df8e1aa549da9060bf70b34c9aabb3bcb0d,933033b6928e9f01b99e7f2125f840bc052c5d96,crypto/rand/drbg_lib.c,"('6081', '')",2018-04-27T14:07:42+02:00,2017-12-17T23:12:10+01:00
272c0df8e1aa549da9060bf70b34c9aabb3bcb0d,aa048aef0b9146f90c06333dedfc105d1f9e2c22,crypto/rand/drbg_lib.c,"('6081', '')",2018-04-27T14:07:42+02:00,2017-08-28T08:52:02-04:00
ecd4b8fe852612bb902b8dee7ca09648fa730253,fa7b01115bc33d9b40936688bb3c952dc93b645a,doc/man1/cms.pod,"('5063', '')",2018-05-01T14:16:42+01:00,2015-02-25T09:15:10+00:00
ecd4b8fe852612bb902b8dee7ca09648fa730253,4bf4a6501c6ca3fa1853f07c82e0e9cfe22dee45,doc/man1/cms.pod,"('5063', '')",2018-05-01T14:16:42+01:00,2013-06-21T23:43:06+01:00
ecd4b8fe852612bb902b8dee7ca09648fa730253,dfcb42c68eac61b35d52f2fc53771c0f27dd9c29,doc/man1/cms.pod,"('5063', '')",2018-05-01T14:16:42+01:00,2013-08-05T16:23:22+01:00
ecd4b8fe852612bb902b8dee7ca09648fa730253,fb552ac616375469a67ff4b72db8559a68124939,doc/man1/cms.pod,"('5063', '')",2018-05-01T14:16:42+01:00,2009-09-30T23:43:01+00:00
ecd4b8fe852612bb902b8dee7ca09648fa730253,38d3a7380817e272df7df2e8c32fc22d6b35e332,doc/man3/CMS_encrypt.pod,"('5063', '')",2018-05-01T14:16:42+01:00,2008-04-10T23:28:25+00:00
a216df599a6076147c27acea6c976fb11f505b1a,4bcdb4a6019e57b3de077b17940e18befe745531,include/openssl/ssl.h,"('5317', '')",2018-05-02T23:30:46+01:00,2015-03-23T15:23:00+00:00
a216df599a6076147c27acea6c976fb11f505b1a,308505b838e4e3ce8485bb30f5b26e2766dc7f8b,ssl/ssl_lib.c,"('5317', '')",2018-05-02T23:30:46+01:00,2014-05-11T23:52:47+01:00
a216df599a6076147c27acea6c976fb11f505b1a,f73e07cf420ddad22b6148d8cbe28daf84ccae2d,ssl/ssl_lib.c,"('5317', '')",2018-05-02T23:30:46+01:00,1999-04-12T17:23:57+00:00
a216df599a6076147c27acea6c976fb11f505b1a,0821bcd4de85b527281714dd6c4d9683f0e713c4,ssl/ssl_lib.c,"('5317', '')",2018-05-02T23:30:46+01:00,2005-03-30T10:26:02+00:00
a216df599a6076147c27acea6c976fb11f505b1a,4f19a9cb9fa64f361d3e041f7772d8f4fc748efb,ssl/ssl_lib.c,"('5317', '')",2018-05-02T23:30:46+01:00,2007-10-04T12:07:52+00:00
a216df599a6076147c27acea6c976fb11f505b1a,4ee356686f72ff849f6f3d58562224ace732b1a6,ssl/ssl_lib.c,"('5317', '')",2018-05-02T23:30:46+01:00,2014-05-12T22:56:13+01:00
a216df599a6076147c27acea6c976fb11f505b1a,0f113f3ee4d629ef9a4a30911b22b224772085e5,ssl/ssl_lib.c,"('5317', '')",2018-05-02T23:30:46+01:00,2015-01-22T09:20:09+00:00
b1860d6c71733314417d053a72af66ae72e8268e,879bd6e38cad7fc932b37ca0b3ceb34d582910f6,crypto/bn/bn_gcd.c,"('6004', '')",2018-05-03T10:14:12+01:00,2011-01-26T16:59:47+00:00
b1860d6c71733314417d053a72af66ae72e8268e,c86f2054f39c7005bc03f91db2d7bcf38f0a92ac,crypto/bn/bn_mont.c,"('6004', '')",2018-05-03T10:14:12+01:00,2004-03-25T04:32:24+00:00
b1860d6c71733314417d053a72af66ae72e8268e,4d524040bc81d2db46a5530ba10a98686ab1c3ca,crypto/bn/bn_mont.c,"('6004', '')",2018-05-03T10:14:12+01:00,2005-10-22T17:57:18+00:00
bc624bd95554ea218cbc3fad0d794abdfeb21eb6,673b102c5b265bd6c517ac40ab76e1606a243c08,crypto/x509v3/v3_purp.c,"('6121', '')",2018-05-03T22:22:37+02:00,1999-10-13T01:11:56+00:00
bc624bd95554ea218cbc3fad0d794abdfeb21eb6,5073ff03463a3e21f4acfcdcfa0c1eda64145007,crypto/x509v3/v3_purp.c,"('6121', '')",2018-05-03T22:22:37+02:00,2004-11-30T12:18:55+00:00
bc624bd95554ea218cbc3fad0d794abdfeb21eb6,c001ce33137993a0c4ff15060ed1639826bfca0b,crypto/x509v3/v3_purp.c,"('6121', '')",2018-05-03T22:22:37+02:00,2016-03-08T11:10:34-05:00
6439e343fa64f06941197d085acd11bd13856596,588d2375a29bd128ff91b9bd2b7bf659a5f48c1a,util/process_docs.pl,"('3254', '')",2018-05-20T10:08:56+02:00,2016-11-10T23:11:23+01:00
246bd8fd0507f4555432c148eed5a9322c113bf5,cb66390857fe9477e567f163302b4e34aeff8e6e,Configurations/windows-makefile.tmpl,"('3254', '')",2018-05-20T10:13:08+02:00,2016-05-27T17:41:32+02:00
246bd8fd0507f4555432c148eed5a9322c113bf5,1097d2a39e3f85d4dac2c4d1c238792d6e1d959f,util/copy.pl,"('3254', '')",2018-05-20T10:13:08+02:00,2017-11-10T09:39:29+01:00
246bd8fd0507f4555432c148eed5a9322c113bf5,fbf002bb889d88ceb65d10c9c0062410e278f3e9,util/copy.pl,"('3254', '')",2018-05-20T10:13:08+02:00,2005-11-06T17:58:26+00:00
ee94ec2ef88e0ec25dedf2829d8e48dff0aa1c50,16203f7b71bd343550f89f266eaf9fb9693f6148,ssl/ssl_lib.c,"('5628', '')",2018-05-21T10:36:03+01:00,2016-03-08T18:48:38-05:00
ee94ec2ef88e0ec25dedf2829d8e48dff0aa1c50,d02b48c63a58ea4367a0e905979f140b7d090f86,ssl/ssl_lib.c,"('5628', '')",2018-05-21T10:36:03+01:00,1998-12-21T10:52:47+00:00
ee94ec2ef88e0ec25dedf2829d8e48dff0aa1c50,a13c20f60353d3cd3fdd4f23563819eeb4234528,ssl/ssl_lib.c,"('5628', '')",2018-05-21T10:36:03+01:00,2006-01-09T19:49:05+00:00
ee94ec2ef88e0ec25dedf2829d8e48dff0aa1c50,5d61491c8816ebad172340aafce713e9654dea94,ssl/ssl_lib.c,"('5628', '')",2018-05-21T10:36:03+01:00,2017-08-01T13:09:31+01:00
ee94ec2ef88e0ec25dedf2829d8e48dff0aa1c50,7a301f08bc102179248173426ea15e00fa9211d1,test/sslapitest.c,"('5628', '')",2018-05-21T10:36:03+01:00,2017-08-09T13:37:06+10:00
ee94ec2ef88e0ec25dedf2829d8e48dff0aa1c50,3cb6a4d6d66d566937c08d2d3fc933275e70f73e,test/sslapitest.c,"('5628', '')",2018-05-21T10:36:03+01:00,2017-08-09T13:50:02-05:00
2de108dfa343c3e06eb98beb122cd06306bb12fd,71a04cfca03bf6d5a93ad3ffd23e0fb9e0da2919,crypto/threads_win.c,"('6299', '')",2018-05-23T17:34:54-04:00,2016-02-26T10:00:36+00:00
2de108dfa343c3e06eb98beb122cd06306bb12fd,a01b9cd5a76ea45e083dbf2ca002ca44ce3f525f,test/build.info,"('6299', '')",2018-05-23T17:34:54-04:00,2018-05-09T23:22:11+01:00
1e653d0ff7fc2e06a1cb1e05c01feecde84e67d3,cf0891b8f1e85d130084c90661b7e05f4e90ec78,crypto/rand/rand_unix.c,"('6405', '')",2018-06-03T12:14:32+02:00,2018-06-03T12:14:20+02:00
e425f90fffd33786b6d45b46b67dc8bb61baecc7,3d328a445c2ad0eff2e9e843c384711be58a7c2f,crypto/err/openssl.ec,"('5670', '')",2018-06-04T11:59:40+01:00,2018-03-19T14:33:25+01:00
e425f90fffd33786b6d45b46b67dc8bb61baecc7,3d328a445c2ad0eff2e9e843c384711be58a7c2f,test/build.info,"('5670', '')",2018-06-04T11:59:40+01:00,2018-03-19T14:33:25+01:00
309371d6266877a8f04d0aa7b0f6add6d269d962,c0638adeec58327f79d4bf549766f4cb094a1e2e,ssl/t1_lib.c,"('6395', '')",2018-06-07T09:48:49+01:00,2018-05-11T14:51:08+01:00
4ff1a5266685f4a687a9f91b531c2f979b96db22,1a3392c878e8421c2e5730fde5accd4ab77c2875,ssl/ssl_asn1.c,"('6387', '')",2018-06-07T10:58:35+01:00,2017-01-30T10:18:24+00:00
4ff1a5266685f4a687a9f91b531c2f979b96db22,1a3392c878e8421c2e5730fde5accd4ab77c2875,ssl/ssl_locl.h,"('6387', '')",2018-06-07T10:58:35+01:00,2017-01-30T10:18:24+00:00
4ff1a5266685f4a687a9f91b531c2f979b96db22,b81bd33680ee7d886505783337e4f8ab89a27baf,ssl/statem/extensions.c,"('6387', '')",2018-06-07T10:58:35+01:00,2017-07-07T15:02:09+01:00
4ff1a5266685f4a687a9f91b531c2f979b96db22,e73c6eaeff82615d20845692c5c72ba9dfa895f5,ssl/statem/extensions.c,"('6387', '')",2018-06-07T10:58:35+01:00,2018-03-09T11:22:23+00:00
4ff1a5266685f4a687a9f91b531c2f979b96db22,17aa119e7be1894cddedbe4d8668c3f530f95105,ssl/statem/extensions.c,"('6387', '')",2018-06-07T10:58:35+01:00,2017-05-03T17:23:02+01:00
4ff1a5266685f4a687a9f91b531c2f979b96db22,bceae201b45fdbc7898adada6aebe2a1b6145009,ssl/statem/extensions.c,"('6387', '')",2018-06-07T10:58:35+01:00,2018-05-31T10:39:13+01:00
4ff1a5266685f4a687a9f91b531c2f979b96db22,9368f86526d9feb1f511fab9c0eee8e8dc869b87,ssl/statem/extensions.c,"('6387', '')",2018-06-07T10:58:35+01:00,2017-06-21T14:45:35+01:00
4ff1a5266685f4a687a9f91b531c2f979b96db22,a19ae67d8da53a4a5878e34d1070d3aeb1f5963c,ssl/statem/extensions.c,"('6387', '')",2018-06-07T10:58:35+01:00,2017-07-07T15:02:09+01:00
4ff1a5266685f4a687a9f91b531c2f979b96db22,3a7c56b2c0e6680e4ad3d83387a970110efdf1ba,ssl/statem/extensions.c,"('6387', '')",2018-06-07T10:58:35+01:00,2017-06-21T14:45:35+01:00
4ff1a5266685f4a687a9f91b531c2f979b96db22,9b6a82546151d6f971628e2d7828752ee47bfef7,ssl/statem/statem_srvr.c,"('6387', '')",2018-06-07T10:58:35+01:00,2017-07-07T15:02:09+01:00
4ff1a5266685f4a687a9f91b531c2f979b96db22,ec15acb6bc554b8f87a519c3519f5bf4d367ded9,ssl/tls13_enc.c,"('6387', '')",2018-06-07T10:58:35+01:00,2017-01-30T10:18:19+00:00
4ff1a5266685f4a687a9f91b531c2f979b96db22,a19ae67d8da53a4a5878e34d1070d3aeb1f5963c,ssl/tls13_enc.c,"('6387', '')",2018-06-07T10:58:35+01:00,2017-07-07T15:02:09+01:00
17e822e9f85e4cd65eba1dd4ba710749aa71793f,58e3457a82e8940ff36b36949f9c7a60e7614b2c,doc/man3/BUF_MEM_new.pod,"('6472', '')",2018-06-13T20:12:45+02:00,2015-09-22T19:51:53+02:00
17e822e9f85e4cd65eba1dd4ba710749aa71793f,91da5e7710ba9cd36c5aef0a8056d5a0eb8bf524,doc/man3/SSL_get_current_cipher.pod,"('6472', '')",2018-06-13T20:12:45+02:00,2016-07-08T12:55:45-04:00
c86acc9f83f0c5c931519e861ba2ef37069f1ff4,ddb634fe6f9aeea34fe036cf804903b4240d38ac,test/evp_test.c,"('6525', '')",2018-06-20T14:29:31+01:00,2018-06-19T11:29:44+01:00
c86acc9f83f0c5c931519e861ba2ef37069f1ff4,1bf2cc237e8ac8177a36d179441327f170f96f1b,test/evp_test.c,"('6525', '')",2018-06-20T14:29:31+01:00,2018-03-19T17:12:19+00:00
eaf39a9fe6f55feb5251e235069e02f7f50d9a49,6c5b6cb035666d46495ccbe4a4f3d5e3a659cd40,doc/man3/ASN1_INTEGER_get_int64.pod,"('6578', '')",2018-06-23T20:29:11+02:00,2015-05-18T18:38:42+01:00
eaf39a9fe6f55feb5251e235069e02f7f50d9a49,f48ebf9f4cc5be2624389583be19f1c8895be194,doc/man3/ASN1_INTEGER_get_int64.pod,"('6578', '')",2018-06-23T20:29:11+02:00,2016-08-04T17:02:48+02:00
3445872e22735ff864d6b363d2d2b8acde740912,8b0b80d923d3dfcf982caf27b17bd14d3fa9ff01,apps/speed.c,"('6567', '')",2018-06-24T20:26:37+02:00,2016-03-07T16:27:24+00:00
b6ff436fcb597663ffcfe6d724d207cf120e7250,0aeddcfa61250a6c474c4f8b3533772a63192f1b,ssl/statem/statem_srvr.c,"('6574', '')",2018-07-02T14:42:13+01:00,2016-04-09T10:10:55+01:00
c9ecb13191fe902c1e78e3bca7c36c293bba4bc6,f763e0b5ae74c67795d096c9029b5c61e891e68a,crypto/conf/conf_lib.c,"('6632', '')",2018-07-11T09:03:22+10:00,2005-04-07T22:53:35+00:00
c9ecb13191fe902c1e78e3bca7c36c293bba4bc6,c36b39b5cd685fc5eae84ece247e7873a27d8834,crypto/conf/conf_lib.c,"('6632', '')",2018-07-11T09:03:22+10:00,2018-07-03T13:14:17+10:00
c9ecb13191fe902c1e78e3bca7c36c293bba4bc6,0f113f3ee4d629ef9a4a30911b22b224772085e5,crypto/conf/conf_lib.c,"('6632', '')",2018-07-11T09:03:22+10:00,2015-01-22T09:20:09+00:00
c9ecb13191fe902c1e78e3bca7c36c293bba4bc6,c6f1787bbd8012b372158c15ac84abf75261be3e,crypto/conf/conf_lib.c,"('6632', '')",2018-07-11T09:03:22+10:00,2000-10-19T08:03:14+00:00
9abce88b4b0055d6238a838aa00360152e185f02,7c0e1aa6e2b24d76169573703b1455ef178667d9,Configurations/windows-makefile.tmpl,"('6670', '')",2018-07-11T14:49:02+02:00,2016-03-09T11:22:07+01:00
9abce88b4b0055d6238a838aa00360152e185f02,18d1588268f0fbec249d3386113df4452234573d,Configurations/windows-makefile.tmpl,"('6670', '')",2018-07-11T14:49:02+02:00,2018-04-12T14:58:53+02:00
9abce88b4b0055d6238a838aa00360152e185f02,d90a6beb0e8b519e345204cc533597a2e563dab5,Configurations/windows-makefile.tmpl,"('6670', '')",2018-07-11T14:49:02+02:00,2016-04-14T16:41:03+01:00
9abce88b4b0055d6238a838aa00360152e185f02,4813ad2d245cbf7fed2898d173eaa9e2a00e3e23,Configurations/windows-makefile.tmpl,"('6670', '')",2018-07-11T14:49:02+02:00,2016-06-17T16:06:31+02:00
9abce88b4b0055d6238a838aa00360152e185f02,8c16829ebd8de96334818b2bc5a5e314b001d18c,Configurations/windows-makefile.tmpl,"('6670', '')",2018-07-11T14:49:02+02:00,2016-03-17T21:06:14+01:00
5f26ddff7ee2914782e312621023e10af356de18,6cc0b3c2171e26379e898574cb6d42b8d8dcc113,ssl/statem/extensions_srvr.c,"('6654', '')",2018-07-17T10:12:10+01:00,2018-06-26T18:09:46+01:00
ddbe700e93e34694519d303e1b4e4525184c9dad,e80381e1a3309f5d4a783bcaa508a90187a48882,Configure,"('6755', '')",2018-07-22T11:05:51+02:00,2016-02-22T15:42:15+01:00
ddbe700e93e34694519d303e1b4e4525184c9dad,98186eb4e4aef6262ed6b0f499348defa2c26893,Configure,"('6755', '')",2018-07-22T11:05:51+02:00,2016-01-07T20:53:18-05:00
ddbe700e93e34694519d303e1b4e4525184c9dad,107b5792b24ae701df442cd36bda785cbaf1bfdc,Configure,"('6755', '')",2018-07-22T11:05:51+02:00,2016-01-25T19:07:11+01:00
ddbe700e93e34694519d303e1b4e4525184c9dad,489eb74090a6327454f4a53213480eaa6659704b,Configure,"('6755', '')",2018-07-22T11:05:51+02:00,2015-10-22T17:37:10+02:00
d8356e1b0f3635f6bd71814272c1d067fc9381bb,b8a9af68819f1cc51155cdeabe8bbf8242e8b3ee,Configurations/unix-Makefile.tmpl,"('3254', '')",2018-07-23T18:33:48+02:00,2016-06-01T11:29:57-04:00
d8356e1b0f3635f6bd71814272c1d067fc9381bb,5407338a8828292f5c724844f8a1e4a2214391c4,Configurations/unix-Makefile.tmpl,"('3254', '')",2018-07-23T18:33:48+02:00,2017-06-30T09:27:30-04:00
d8356e1b0f3635f6bd71814272c1d067fc9381bb,4813ad2d245cbf7fed2898d173eaa9e2a00e3e23,Configurations/unix-Makefile.tmpl,"('3254', '')",2018-07-23T18:33:48+02:00,2016-06-17T16:06:31+02:00
d8356e1b0f3635f6bd71814272c1d067fc9381bb,34f5d44f6a4eb09f4d41041091a20c2bf4bf9bf7,apps/build.info,"('3254', '')",2018-07-23T18:33:48+02:00,2016-05-23T21:48:42+02:00
d8356e1b0f3635f6bd71814272c1d067fc9381bb,6a74806ed741db24df3a7155e4bc11fb4ba9bc2a,apps/build.info,"('3254', '')",2018-07-23T18:33:48+02:00,2017-06-15T19:49:21+02:00
d8356e1b0f3635f6bd71814272c1d067fc9381bb,0483f5865267bb479d667dda84a7c8bbfadfbdeb,apps/build.info,"('3254', '')",2018-07-23T18:33:48+02:00,2016-07-01T18:36:08+02:00
9e4c97774861949f6f987772c0b579fe8a9c7d5a,3d328a445c2ad0eff2e9e843c384711be58a7c2f,crypto/sm2/sm2_sign.c,"('6787', '')",2018-07-26T07:09:22+02:00,2018-03-19T14:33:25+01:00
b9e54e98066c1ff8adab5d68b6c114b14d2f74e5,feac7a1c8be49fbcb76fcb721ec9f02fdd91030e,doc/man3/BN_generate_prime.pod,"('6794', '')",2018-07-26T11:25:04+02:00,2018-07-26T06:27:23+02:00
43a0f2733a943799060ea275516fcce00d89eb38,ef6c191bceb7f09918cfd39e780759c32afb2396,ssl/tls13_enc.c,"('6804', '')",2018-07-31T09:31:50+01:00,2017-03-16T14:20:38+00:00
43a0f2733a943799060ea275516fcce00d89eb38,9f48bbacd8cac8d08dff146db438ab3e19908a7a,test/ssl-tests/04-client_auth.conf,"('6804', '')",2018-07-31T09:31:50+01:00,2016-08-08T12:06:26+02:00
43a0f2733a943799060ea275516fcce00d89eb38,9f48bbacd8cac8d08dff146db438ab3e19908a7a,test/ssl-tests/04-client_auth.conf.in,"('6804', '')",2018-07-31T09:31:50+01:00,2016-08-08T12:06:26+02:00
43a0f2733a943799060ea275516fcce00d89eb38,9d75dce3e1f94be6006500089491cb3284f70d06,test/ssl-tests/26-tls13_client_auth.conf,"('6804', '')",2018-07-31T09:31:50+01:00,2018-02-01T17:07:56+00:00
43a0f2733a943799060ea275516fcce00d89eb38,9d75dce3e1f94be6006500089491cb3284f70d06,test/ssl-tests/26-tls13_client_auth.conf.in,"('6804', '')",2018-07-31T09:31:50+01:00,2018-02-01T17:07:56+00:00
d8a4f8ffd04e157d3591044cde8d7a56f605742c,fb853fa245a98b3451818e43a6664219725fd43a,Configurations/windows-makefile.tmpl,"('6826', '')",2018-08-02T19:33:47+02:00,2018-07-09T19:18:27+02:00
28c5b7d482dda8597bbf93890463d7eb0f9f2355,7876dbffcee9a53ac8a75e90c0443c1193edb580,crypto/ec/curve448/eddsa.c,"('5418', '');('6800', '')",2018-08-03T12:02:14+02:00,2018-02-21T11:13:14+00:00
cba024dc685d13dbcbd0577bed028ee6b295b56a,d02b48c63a58ea4367a0e905979f140b7d090f86,crypto/asn1/a_object.c,"('6914', '')",2018-08-11T12:27:02+02:00,1998-12-21T10:52:47+00:00
572fa0249d1b863f180986369735b8048ef5f57a,d8bc139978ee86efe1039a1f783a30b63b89f665,ssl/statem/statem_lib.c,"('5138', '')",2018-08-14T08:01:14-04:00,2017-01-10T23:02:50+00:00
bc420ebea2c5ad813779ac3395f1c5a1083d49c5,c7504aeb640a88949dfe3146f7e0f275f517464c,crypto/rand/rand_lib.c,"('6432', '');('7022', '')",2018-08-22T10:53:49+02:00,2018-06-27T07:15:36+10:00
67afcfd35b9b429493947594becf4e269bcd1a5b,7e1b7485706c2b11091b5fa897fe496a2faa56cc,apps/s_server.c,"('7061', '')",2018-08-30T09:50:29+08:00,2015-04-24T15:26:15-04:00
d6c46adf180aa3e29d5dac075fb673bbc273ae08,06312c47698c9ba9a11bfb46ab76749741adc442,ssl/t1_trce.c,"('6994', '')",2018-09-01T08:58:42+08:00,2017-09-10T23:33:37-04:00
d6c46adf180aa3e29d5dac075fb673bbc273ae08,0f113f3ee4d629ef9a4a30911b22b224772085e5,ssl/t1_trce.c,"('6994', '')",2018-09-01T08:58:42+08:00,2015-01-22T09:20:09+00:00
d6c46adf180aa3e29d5dac075fb673bbc273ae08,93ab9e421e4517b81d11ca741d55e6bb6f696c40,ssl/t1_trce.c,"('6994', '')",2018-09-01T08:58:42+08:00,2012-06-15T12:46:09+00:00
59701e6363531cddef5b2114c0127b8453deb1f3,dfeab0689f69c0b4bd3480ffd37a9cacc2f17d9c,crypto/pkcs7/pk7_lib.c,"('6977', '')",2018-09-03T07:19:54+10:00,1998-12-21T11:00:56+00:00
0c5d725ebf31ce7b6db9d638aab508da3263444d,cb78486d97328121add07df466b7578076650a90,crypto/dh/dh_lib.c,"('7102', '')",2018-09-05T15:22:35+03:00,2001-09-25T20:23:40+00:00
0c5d725ebf31ce7b6db9d638aab508da3263444d,cb78486d97328121add07df466b7578076650a90,crypto/dsa/dsa_lib.c,"('7102', '')",2018-09-05T15:22:35+03:00,2001-09-25T20:23:40+00:00
0c5d725ebf31ce7b6db9d638aab508da3263444d,91e7bcc26494f1c0060964c90db2660a9e23e37a,crypto/ec/ec_key.c,"('7102', '')",2018-09-05T15:22:35+03:00,2015-12-09T22:09:20+00:00
0c5d725ebf31ce7b6db9d638aab508da3263444d,cb78486d97328121add07df466b7578076650a90,crypto/rsa/rsa_lib.c,"('7102', '')",2018-09-05T15:22:35+03:00,2001-09-25T20:23:40+00:00
d3a9fb10eefeeb67b0899d830370e1599cd67b8f,64daf14d9cc54a61f0392fdd6e1b71e475fb7a96,apps/speed.c,"('6922', '')",2018-09-07T14:39:19+08:00,2017-12-04T14:54:40+01:00
d3a9fb10eefeeb67b0899d830370e1599cd67b8f,5c6a69f539a5eb66a1afa4e2904d8a27e9b534c3,apps/speed.c,"('6922', '')",2018-09-07T14:39:19+08:00,2018-05-12T20:16:40+02:00
6839a7a7f4973a3fc2f87b12664c26d524bef1f4,f9f674eb76a7c00e3f158f673a7ec01286b02907,ssl/statem/statem.c,"('7161', '')",2018-09-12T14:43:13+02:00,2017-12-04T13:31:48+00:00
6839a7a7f4973a3fc2f87b12664c26d524bef1f4,1f359471f9eebab29fe2b0e8bf0e0f7b93f3bc26,ssl/statem/statem.c,"('7161', '')",2018-09-12T14:43:13+02:00,2017-12-04T13:31:48+00:00
d97ce8d9a0619c1d9d1222dc1b44dbebb58dd966,c911e5da3c8e09a9531149c95aa92c65ecdf4b99,crypto/bio/bio_lib.c,"('7343', '')",2018-10-04T14:16:16+01:00,2018-03-19T14:20:53+01:00
990fe909949a58398b3a0cbbdc52b9bbb9cefaa0,f488976ccff9cc811cf69f1923695bee3e0fdf58,include/openssl/rsa.h,"('7385', '')",2018-10-12T09:45:53+01:00,2017-01-08T01:42:51+00:00
3064b55134434a0b2850f07eff57120f35bb269a,c16de9d8329d41a2433d0f273c080d9d06ad7a87,crypto/rand/drbg_ctr.c,"('4328', '');('7381', '')",2018-10-16T22:15:43+02:00,2017-10-18T08:39:20-05:00
3064b55134434a0b2850f07eff57120f35bb269a,8bf366519661e12fd894dc5420f5b64dccfd7ecd,crypto/rand/drbg_hash.c,"('4328', '');('7381', '')",2018-10-16T22:15:43+02:00,2018-09-28T07:22:13+10:00
3064b55134434a0b2850f07eff57120f35bb269a,8bf366519661e12fd894dc5420f5b64dccfd7ecd,crypto/rand/drbg_hmac.c,"('4328', '');('7381', '')",2018-10-16T22:15:43+02:00,2018-09-28T07:22:13+10:00
3064b55134434a0b2850f07eff57120f35bb269a,6decf9436f77ff65ed8ed773268663a9273cfbc8,crypto/rand/drbg_lib.c,"('4328', '');('7381', '')",2018-10-16T22:15:43+02:00,2018-03-15T18:58:38+01:00
3064b55134434a0b2850f07eff57120f35bb269a,c16de9d8329d41a2433d0f273c080d9d06ad7a87,crypto/rand/drbg_lib.c,"('4328', '');('7381', '')",2018-10-16T22:15:43+02:00,2017-10-18T08:39:20-05:00
3064b55134434a0b2850f07eff57120f35bb269a,2a70d65b99e1f2376be705d18bca88703b7e774a,crypto/rand/rand_lcl.h,"('4328', '');('7381', '')",2018-10-16T22:15:43+02:00,2018-04-01T21:11:26+02:00
3064b55134434a0b2850f07eff57120f35bb269a,5bc6bcf82d2adce982e04837b0810b1a6cd55a19,crypto/rand/rand_lib.c,"('4328', '');('7381', '')",2018-10-16T22:15:43+02:00,2018-04-13T20:49:28+02:00
3064b55134434a0b2850f07eff57120f35bb269a,6decf9436f77ff65ed8ed773268663a9273cfbc8,crypto/rand/rand_lib.c,"('4328', '');('7381', '')",2018-10-16T22:15:43+02:00,2018-03-15T18:58:38+01:00
3064b55134434a0b2850f07eff57120f35bb269a,c16de9d8329d41a2433d0f273c080d9d06ad7a87,crypto/rand/rand_lib.c,"('4328', '');('7381', '')",2018-10-16T22:15:43+02:00,2017-10-18T08:39:20-05:00
3064b55134434a0b2850f07eff57120f35bb269a,2a70d65b99e1f2376be705d18bca88703b7e774a,test/drbgtest.c,"('4328', '');('7381', '')",2018-10-16T22:15:43+02:00,2018-04-01T21:11:26+02:00
aeec793b4bee929cef8ae35ec4b5a783a6e1d7ed,68d39f3ce6ff4f65170d94f7310b3f485f33328d,apps/ca.c,"('7412', '')",2018-10-17T12:02:29+02:00,2015-01-22T09:20:09+00:00
aeec793b4bee929cef8ae35ec4b5a783a6e1d7ed,7e1b7485706c2b11091b5fa897fe496a2faa56cc,apps/ca.c,"('7412', '')",2018-10-17T12:02:29+02:00,2015-04-24T15:26:15-04:00
aeec793b4bee929cef8ae35ec4b5a783a6e1d7ed,ffb46830e2dfd3203044e6190f50a20fec50162d,apps/ca.c,"('7412', '')",2018-10-17T12:02:29+02:00,2017-08-22T09:00:04-04:00
aeec793b4bee929cef8ae35ec4b5a783a6e1d7ed,fd4ef699133e445e8224f68d39cc155ea4a26c1a,apps/ca.c,"('7412', '')",2018-10-17T12:02:29+02:00,2003-06-19T17:40:16+00:00
aeec793b4bee929cef8ae35ec4b5a783a6e1d7ed,0f113f3ee4d629ef9a4a30911b22b224772085e5,apps/ca.c,"('7412', '')",2018-10-17T12:02:29+02:00,2015-01-22T09:20:09+00:00
01666a8c1db3ecfb999e1a8f2c5436d114f95681,6b1bb98fad044a6f6b1aec9daee95d6cb450210e,ssl/statem/statem_srvr.c,"('7428', '')",2018-10-19T14:12:51+01:00,2017-02-23T19:40:26+01:00
8817215d5c52a76f2b184b624bde4df8556dee6d,3064b55134434a0b2850f07eff57120f35bb269a,crypto/rand/drbg_lib.c,"('7382', '');('7449', '')",2018-10-26T08:38:19+02:00,2018-10-16T22:15:43+02:00
8817215d5c52a76f2b184b624bde4df8556dee6d,c16de9d8329d41a2433d0f273c080d9d06ad7a87,crypto/rand/drbg_lib.c,"('7382', '');('7449', '')",2018-10-26T08:38:19+02:00,2017-10-18T08:39:20-05:00
8817215d5c52a76f2b184b624bde4df8556dee6d,2a70d65b99e1f2376be705d18bca88703b7e774a,test/drbgtest.c,"('7382', '');('7449', '')",2018-10-26T08:38:19+02:00,2018-04-01T21:11:26+02:00
8817215d5c52a76f2b184b624bde4df8556dee6d,8bf366519661e12fd894dc5420f5b64dccfd7ecd,test/drbgtest.c,"('7382', '');('7449', '')",2018-10-26T08:38:19+02:00,2018-09-28T07:22:13+10:00
8817215d5c52a76f2b184b624bde4df8556dee6d,a93ba405b0327db9106f8f224112a2b64fb264e7,test/drbgtest.c,"('7382', '');('7449', '')",2018-10-26T08:38:19+02:00,2017-12-17T23:12:10+01:00
a83dc59afa2e0207180d7218efed19b20d48de95,8bf366519661e12fd894dc5420f5b64dccfd7ecd,crypto/rand/drbg_lib.c,"('7394', '')",2018-10-26T15:33:37+02:00,2018-09-28T07:22:13+10:00
a83dc59afa2e0207180d7218efed19b20d48de95,75e2c877650444fb829547bdb58d46eb1297bc1a,crypto/rand/drbg_lib.c,"('7394', '')",2018-10-26T15:33:37+02:00,2017-08-03T09:23:28-04:00
a83dc59afa2e0207180d7218efed19b20d48de95,a93ba405b0327db9106f8f224112a2b64fb264e7,crypto/rand/drbg_lib.c,"('7394', '')",2018-10-26T15:33:37+02:00,2017-12-17T23:12:10+01:00
a83dc59afa2e0207180d7218efed19b20d48de95,8bf366519661e12fd894dc5420f5b64dccfd7ecd,crypto/rand/rand_lcl.h,"('7394', '')",2018-10-26T15:33:37+02:00,2018-09-28T07:22:13+10:00
8cfc19716c22dac737ec8cfc5f7d085e7c37f4d8,c7504aeb640a88949dfe3146f7e0f275f517464c,crypto/rand/rand_unix.c,"('6432', '');('7419', '')",2018-11-08T16:38:26+01:00,2018-06-27T07:15:36+10:00
e2d227bb4a25bb75354a40816439630a8162f073,bc420ebea2c5ad813779ac3395f1c5a1083d49c5,crypto/rand/rand_lib.c,"('7022', '')",2018-11-09T13:34:48+01:00,2018-08-22T10:53:49+02:00
e2d227bb4a25bb75354a40816439630a8162f073,c7504aeb640a88949dfe3146f7e0f275f517464c,crypto/rand/rand_lib.c,"('7022', '')",2018-11-09T13:34:48+01:00,2018-06-27T07:15:36+10:00
4fea7005c3d08ed0d575bdea5082b7b0ce355237,294d1e36c2495ff00e697c9ff622856d3114f14f,crypto/rsa/rsa_pk1.c,"('7117', '')",2018-12-13T09:43:07+00:00,2014-09-24T12:45:42+02:00
5aa2a7ea41d7137640cb0914807fd1202b920543,8f85aa6bd3737547634bbbe1e141f728674fb594,apps/s_client.c,"('7722', '')",2018-12-17T18:01:53+01:00,2017-02-03T09:49:54-05:00
39fc4c17c49d248e0757bac9aa8863d205c7ad12,c20a76f695922f409c316399f7290530f7728f19,apps/ocsp.c,"('1', '')",2018-12-22T18:11:35+01:00,2018-10-02T10:52:57+01:00
da84249be6492ccfc5ecad32ac367fd06e9bdbef,83b4049ab75e9da1815e9c854a9297bca3d4af6b,crypto/asn1/a_digest.c,"('1', '')",2018-12-22T18:11:42+01:00,2017-02-03T20:39:52+01:00
da84249be6492ccfc5ecad32ac367fd06e9bdbef,b196e7d936fb377d9c5b305748ac25ff0e53ef6d,crypto/asn1/a_digest.c,"('1', '')",2018-12-22T18:11:42+01:00,2015-04-28T15:28:14-04:00
da84249be6492ccfc5ecad32ac367fd06e9bdbef,d02b48c63a58ea4367a0e905979f140b7d090f86,crypto/asn1/a_digest.c,"('1', '')",2018-12-22T18:11:42+01:00,1998-12-21T10:52:47+00:00
da84249be6492ccfc5ecad32ac367fd06e9bdbef,ee1d9ec019a7584482bd95891404f1cad66a4a0a,crypto/asn1/a_sign.c,"('1', '')",2018-12-22T18:11:42+01:00,2006-04-19T17:05:59+00:00
da84249be6492ccfc5ecad32ac367fd06e9bdbef,d02b48c63a58ea4367a0e905979f140b7d090f86,crypto/asn1/a_sign.c,"('1', '')",2018-12-22T18:11:42+01:00,1998-12-21T10:52:47+00:00
da84249be6492ccfc5ecad32ac367fd06e9bdbef,09ab755c555a96df23b78fb188578b2fba5faae2,crypto/asn1/a_sign.c,"('1', '')",2018-12-22T18:11:42+01:00,2000-12-28T19:18:48+00:00
da84249be6492ccfc5ecad32ac367fd06e9bdbef,b196e7d936fb377d9c5b305748ac25ff0e53ef6d,crypto/asn1/a_sign.c,"('1', '')",2018-12-22T18:11:42+01:00,2015-04-28T15:28:14-04:00
da84249be6492ccfc5ecad32ac367fd06e9bdbef,4b45c6e52b208deff7da333d1c7f84bcd3986609,crypto/asn1/a_sign.c,"('1', '')",2018-12-22T18:11:42+01:00,2015-04-30T17:57:32-04:00
da84249be6492ccfc5ecad32ac367fd06e9bdbef,85522a074c38b57f48f768067cd7eddaa98faac0,crypto/asn1/a_sign.c,"('1', '')",2018-12-22T18:11:42+01:00,2010-03-11T13:32:38+00:00
da84249be6492ccfc5ecad32ac367fd06e9bdbef,0f113f3ee4d629ef9a4a30911b22b224772085e5,crypto/asn1/a_sign.c,"('1', '')",2018-12-22T18:11:42+01:00,2015-01-22T09:20:09+00:00
da84249be6492ccfc5ecad32ac367fd06e9bdbef,ee1d9ec019a7584482bd95891404f1cad66a4a0a,crypto/asn1/a_verify.c,"('1', '')",2018-12-22T18:11:42+01:00,2006-04-19T17:05:59+00:00
da84249be6492ccfc5ecad32ac367fd06e9bdbef,31904ecdf3f1c613d1377dfe79c0413672de7762,crypto/asn1/a_verify.c,"('1', '')",2018-12-22T18:11:42+01:00,2010-03-08T18:10:35+00:00
da84249be6492ccfc5ecad32ac367fd06e9bdbef,7539418981c140648a620d72edd7398564878b5c,crypto/asn1/a_verify.c,"('1', '')",2018-12-22T18:11:42+01:00,2017-05-11T12:59:25+01:00
c79a022da973140c141eeebff9170ca5702be0f9,458c7dad9e3f59490fb0908c1a27ca39e4cf38dd,crypto/engine/eng_devcrypto.c,"('7885', '')",2018-12-23T00:07:13+01:00,2018-11-02T20:21:59+01:00
3afd537a3c2319f68280804004e9bf2e798a43f7,71883868ea5b33416ae8283bcc38dd2d97e5006b,crypto/bn/bn_exp.c,"('', '1761')",2019-01-17T08:17:59+10:00,2018-07-12T14:52:57+02:00
3afd537a3c2319f68280804004e9bf2e798a43f7,ca48ace5c52feb0082954fff00a44e1914b9e7e9,crypto/bn/bn_exp.c,"('', '1761')",2019-01-17T08:17:59+10:00,2013-07-05T21:39:47+02:00
3afd537a3c2319f68280804004e9bf2e798a43f7,f3f620e1e0fa3553116f0b3e8c8d68b070fcdb79,crypto/bn/bn_exp.c,"('', '1761')",2019-01-17T08:17:59+10:00,2014-06-27T00:07:15+02:00
3afd537a3c2319f68280804004e9bf2e798a43f7,c1ec4db33d0a0d95b1d7ff1cf0536df768e7c790,crypto/bn/bn_exp.c,"('', '1761')",2019-01-17T08:17:59+10:00,2017-11-17T12:12:19+01:00
3afd537a3c2319f68280804004e9bf2e798a43f7,0f113f3ee4d629ef9a4a30911b22b224772085e5,crypto/bn/bn_exp.c,"('', '1761')",2019-01-17T08:17:59+10:00,2015-01-22T09:20:09+00:00
0b53fe1cdc24a3dce450e77db6895a0243ddcb26,69738dadcda1b242a0b5e41d5d2fe4be3f55a448,apps/s_client.c,"('8050', '')",2019-01-24T13:54:52+00:00,2019-01-18T10:50:33+00:00
fa6b1ee1115c1e5e3a8286d833dcbaa2c1ce2b77,6b691a5c85ddc4e407e32781841fee5c029506cd,crypto/err/err.c,"('8085', '')",2019-01-29T11:08:18+00:00,1999-04-19T21:31:43+00:00
fa6b1ee1115c1e5e3a8286d833dcbaa2c1ce2b77,4fc426b78964b3d234cb7b1b6112c9b80e16a13a,crypto/err/err.c,"('8085', '')",2019-01-29T11:08:18+00:00,2017-06-13T21:48:29-04:00
fa6b1ee1115c1e5e3a8286d833dcbaa2c1ce2b77,58964a492275ca9a59a0cd9c8155cb2491b4b909,crypto/err/err.c,"('8085', '')",2019-01-29T11:08:18+00:00,1998-12-21T10:56:39+00:00
a97faad76a1be22eadd6c1a39972ad5e095d9e80,357d5de5b9c3a84f170ce91abeafa71c26fefdd9,crypto/dsa/dsa_pmeth.c,"('1319', '')",2019-01-30T10:04:47-06:00,2007-02-03T14:41:12+00:00
a97faad76a1be22eadd6c1a39972ad5e095d9e80,06d3b485db8b6bfd5437c9998d92e882a3cdfa1f,crypto/dsa/dsa_pmeth.c,"('1319', '')",2019-01-30T10:04:47-06:00,2018-04-05T15:44:24+01:00
a97faad76a1be22eadd6c1a39972ad5e095d9e80,0f113f3ee4d629ef9a4a30911b22b224772085e5,crypto/dsa/dsa_pmeth.c,"('1319', '')",2019-01-30T10:04:47-06:00,2015-01-22T09:20:09+00:00
a97faad76a1be22eadd6c1a39972ad5e095d9e80,90ccf05f8276a6e289d8b49002d7ed470bf5d517,doc/man3/EVP_PKEY_CTX_ctrl.pod,"('1319', '')",2019-01-30T10:04:47-06:00,2006-07-09T10:51:03+00:00
09d62b336d9e2a11b330d45d4f0f3f37cbb0d674,bafe9cf5e34e194f299762c270843781003a84ca,apps/s_server.c,"('7956', '')",2019-02-01T11:57:19+00:00,2018-07-06T09:26:39+01:00
09d62b336d9e2a11b330d45d4f0f3f37cbb0d674,a2c2e000509131b629b5cde0ce121ea6436bc23e,ssl/statem/statem_clnt.c,"('7956', '')",2019-02-01T11:57:19+00:00,2017-12-04T13:31:48+00:00
09d62b336d9e2a11b330d45d4f0f3f37cbb0d674,f63a17d66dec01c123630682e0b20450b34c086a,ssl/statem/statem_clnt.c,"('7956', '')",2019-02-01T11:57:19+00:00,2017-12-04T13:31:48+00:00
09d62b336d9e2a11b330d45d4f0f3f37cbb0d674,a230b26e0959dc5f072fbbdadcc9ed45e904c50c,ssl/statem/statem_srvr.c,"('7956', '')",2019-02-01T11:57:19+00:00,2016-08-18T14:02:29+02:00
09d62b336d9e2a11b330d45d4f0f3f37cbb0d674,83964ca0dac18df510a315ff486ecc346521e15d,test/handshake_helper.c,"('7956', '')",2019-02-01T11:57:19+00:00,2017-04-25T11:13:39+01:00
09d62b336d9e2a11b330d45d4f0f3f37cbb0d674,75b68c9e4e8591a4ebe083cb207aeb121baf549f,test/recipes/80-test_ssl_new.t,"('7956', '')",2019-02-01T11:57:19+00:00,2018-11-10T21:29:36+01:00
1039c7825535d8219b88372b7ad4a3b94c42605d,77adb75e16142cd4da2af8814090a4f2c2bd5aea,crypto/rc4/build.info,"('8155', '')",2019-02-04T21:34:32+01:00,2019-01-31T16:19:49+01:00
66a60003719240399f6596e58c239df0465a4f70,de5b3a8645a3b2dd22fa8866e64488eb2b69777d,util/perl/TLSProxy/Proxy.pm,"('7732', '')",2019-02-04T21:50:23+01:00,2018-04-14T19:59:02+02:00
78021171dbcb05ddab1b5daffbfc62504ea709a4,acc00492130d53d2d6a25bbe5409240aeba98420,apps/s_cb.c,"('8079', '')",2019-02-14T17:07:57+00:00,2016-08-04T17:07:58+02:00
c0e8e5007ba5234d4d448e82a1567e0c4467e629,b84460ad3a3e4fcb22efaa0a8365b826f4264ecf,crypto/aes/asm/aes-x86_64.pl,"('8109', '')",2019-02-17T23:39:51+01:00,2017-02-13T21:17:29+01:00
925795995018bddb053e863db8b5c52d2a9005d9,f219a1b0485309b6814f00985f7bbb45e72ee374,ms/uplink.c,"('2489', '')",2019-02-22T21:03:45+01:00,2016-06-16T17:37:37+01:00
38023b87f037f4b832c236dfce2a76272be08763,9b5f1c8fd81c01bbaa0aeca0f97e65fee4ab9745,crypto/rand/rand_unix.c,"('8215', '')",2019-03-01T18:28:11+01:00,2018-08-19T12:44:05+02:00
d7f5e5ae6d53f1387a42d210806cf5e9ed0882d6,75f5e944be97f28867e7c489823c889d89d0bd06,crypto/rsa/rsa_oaep.c,"('8357', '');('8364', '')",2019-03-07T22:45:51+01:00,2018-11-30T12:32:25+00:00
d7f5e5ae6d53f1387a42d210806cf5e9ed0882d6,582ad5d4d9b7703eb089016935133e3a18ea8205,crypto/rsa/rsa_oaep.c,"('8357', '');('8364', '')",2019-03-07T22:45:51+01:00,2018-07-14T13:38:21+02:00
d7f5e5ae6d53f1387a42d210806cf5e9ed0882d6,582ad5d4d9b7703eb089016935133e3a18ea8205,crypto/rsa/rsa_pk1.c,"('8357', '');('8364', '')",2019-03-07T22:45:51+01:00,2018-07-14T13:38:21+02:00
d7f5e5ae6d53f1387a42d210806cf5e9ed0882d6,e875b0cf2f10bf2adf73e0c2ec81428290f4660c,crypto/rsa/rsa_pk1.c,"('8357', '');('8364', '')",2019-03-07T22:45:51+01:00,2018-11-30T12:32:25+00:00
d7f5e5ae6d53f1387a42d210806cf5e9ed0882d6,603221407ddc6404f8c417c6beadebf84449074c,crypto/rsa/rsa_ssl.c,"('8357', '');('8364', '')",2019-03-07T22:45:51+01:00,2018-11-30T12:32:25+00:00
d7f5e5ae6d53f1387a42d210806cf5e9ed0882d6,0f113f3ee4d629ef9a4a30911b22b224772085e5,crypto/rsa/rsa_ssl.c,"('8357', '');('8364', '')",2019-03-07T22:45:51+01:00,2015-01-22T09:20:09+00:00
81cd023f1dc5a8c9094f8e91c1e85e3c9b98a551,84b65340e1cf5b0c427d87e89f42382bff2a5b63,demos/pkcs12/pkread.c,"('8456', '')",2019-03-13T09:54:49+00:00,2000-09-07T23:14:26+00:00
81cd023f1dc5a8c9094f8e91c1e85e3c9b98a551,a4cefc86c820d3894ca960857ba4e7cf8e2014b0,demos/pkcs12/pkread.c,"('8456', '')",2019-03-13T09:54:49+00:00,2017-11-30T14:53:46-05:00
81cd023f1dc5a8c9094f8e91c1e85e3c9b98a551,14023fe3521db8c2b984c44eb53ecfe498b1a01e,demos/pkcs12/pkread.c,"('8456', '')",2019-03-13T09:54:49+00:00,2009-04-03T11:45:19+00:00
81cd023f1dc5a8c9094f8e91c1e85e3c9b98a551,3ec5f38b47e425e757e87dbd5ba2725754346eb5,demos/pkcs12/pkread.c,"('8456', '')",2019-03-13T09:54:49+00:00,2010-01-20T14:06:21+00:00
183f52e29af27285ea4ed7c947b71c83618f8702,bc32673869842c7f00ae7016040a612f516ead7e,crypto/evp/e_aria.c,"('8567', '')",2019-03-27T10:26:52+00:00,2017-08-30T12:33:53+02:00
183f52e29af27285ea4ed7c947b71c83618f8702,bc32673869842c7f00ae7016040a612f516ead7e,test/recipes/30-test_evp_data/evpciph.txt,"('8567', '')",2019-03-27T10:26:52+00:00,2017-08-30T12:33:53+02:00
48fdeca01dab31237a711d9fdf4452ebf8443716,9dbc41d7eed7d69da54dc81082794845c50ad482,doc/man3/HMAC.pod,"('8563', '')",2019-03-27T14:32:08+00:00,2000-02-03T18:22:01+00:00
f997e456b9bd43af275aab90c727a52287467e98,85c6749216f47bcefc916d4b0331794dac0a5db7,apps/s_client.c,"('8645', '')",2019-04-08T11:02:40+10:00,2007-02-16T18:12:16+00:00
4f29f3a29b8b416a501c7166dbbca5284b198f81,b548a1f11c06ccdfa4f52a539912d22d77ee309e,apps/asn1pars.c,"('8752', '')",2019-04-18T19:20:55+02:00,2015-05-01T10:02:07-04:00
4f29f3a29b8b416a501c7166dbbca5284b198f81,d012c1a17934d4f5aac0bc9853efcb3f831b5b23,apps/asn1pars.c,"('8752', '')",2019-04-18T19:20:55+02:00,2016-06-18T15:34:03+01:00
4f29f3a29b8b416a501c7166dbbca5284b198f81,0f113f3ee4d629ef9a4a30911b22b224772085e5,apps/asn1pars.c,"('8752', '')",2019-04-18T19:20:55+02:00,2015-01-22T09:20:09+00:00
5b3accde606ffe01466426bd59407ffca0690d23,75ebbd9aa411c5b8b19ded6ace2b34181566b56a,crypto/ocsp/ocsp_ext.c,"('8949', '')",2019-05-27T08:11:50+10:00,2015-05-11T10:06:38-04:00
5b3accde606ffe01466426bd59407ffca0690d23,0f113f3ee4d629ef9a4a30911b22b224772085e5,crypto/ocsp/ocsp_ext.c,"('8949', '')",2019-05-27T08:11:50+10:00,2015-01-22T09:20:09+00:00
878dc8dd9572a719d3b481e7f68af8bf17f4c68e,9654924f587bd9cd72046607f54a76c679161d26,crypto/build.info,"('8919', '')",2019-05-29T09:32:50+02:00,2018-11-05T09:27:36+01:00
878dc8dd9572a719d3b481e7f68af8bf17f4c68e,dee502be89e78e2979e3bd1d7724cf79daa6ef61,crypto/err/openssl.ec,"('8919', '')",2019-05-29T09:32:50+02:00,2015-03-31T20:16:01+02:00
878dc8dd9572a719d3b481e7f68af8bf17f4c68e,91829e456c998eb9c2e565307b8f1022481049ce,crypto/x509/build.info,"('8919', '')",2019-05-29T09:32:50+02:00,2016-03-22T15:28:11+00:00
878dc8dd9572a719d3b481e7f68af8bf17f4c68e,777a288270cb4c3671f9095630415207d867396b,crypto/x509v3/build.info,"('8919', '')",2019-05-29T09:32:50+02:00,2016-02-01T12:46:58+01:00
878dc8dd9572a719d3b481e7f68af8bf17f4c68e,0c9d6818c85ad185ac7a8904c70486724473420b,crypto/x509v3/build.info,"('8919', '')",2019-05-29T09:32:50+02:00,2017-06-20T09:25:30-04:00
e6071f29c24cd22ac7857bf88917598265cc90a9,37659ea43053f5db951962bd1100b490bd4f7e5e,include/openssl/ssl.h,"('9092', '')",2019-06-06T13:28:31+02:00,2017-04-27T11:31:09+01:00
7f02a0932c8c182bc2f6320748d81e86d650c1a6,a9bb7e9270d26416cc387bc0777c18f9690e2302,crypto/modes/build.info,"('9173', '')",2019-06-18T16:29:54+02:00,2019-06-17T16:08:53+02:00
6f34d7bc7d0c7fcd86c6f2772f26e42c925d8505,6b1bb98fad044a6f6b1aec9daee95d6cb450210e,ssl/statem/statem_srvr.c,"('7244', '')",2019-06-26T12:20:55-05:00,2017-02-23T19:40:26+01:00
6f34d7bc7d0c7fcd86c6f2772f26e42c925d8505,0ebc965b9ca4352e407bb7cfa65ac235942117f6,ssl/statem/statem_srvr.c,"('7244', '')",2019-06-26T12:20:55-05:00,2014-01-26T02:44:34+00:00
6f34d7bc7d0c7fcd86c6f2772f26e42c925d8505,524006dd1b80c1a86a20119ad988666a80d8d8f5,ssl/statem/statem_srvr.c,"('7244', '')",2019-06-26T12:20:55-05:00,2018-09-21T17:38:58+01:00
6f34d7bc7d0c7fcd86c6f2772f26e42c925d8505,f63a17d66dec01c123630682e0b20450b34c086a,ssl/statem/statem_srvr.c,"('7244', '')",2019-06-26T12:20:55-05:00,2017-12-04T13:31:48+00:00
6f34d7bc7d0c7fcd86c6f2772f26e42c925d8505,a230b26e0959dc5f072fbbdadcc9ed45e904c50c,ssl/statem/statem_srvr.c,"('7244', '')",2019-06-26T12:20:55-05:00,2016-08-18T14:02:29+02:00
6f34d7bc7d0c7fcd86c6f2772f26e42c925d8505,18d7158809c9722f4c6d2a8af7513577274f9b56,ssl/statem/statem_srvr.c,"('7244', '')",2019-06-26T12:20:55-05:00,2012-06-29T14:24:42+00:00
6f34d7bc7d0c7fcd86c6f2772f26e42c925d8505,0f113f3ee4d629ef9a4a30911b22b224772085e5,ssl/statem/statem_srvr.c,"('7244', '')",2019-06-26T12:20:55-05:00,2015-01-22T09:20:09+00:00
743694a6c29e5a6387819523fad5e3b7e613f1ee,b1ceb439f234a998db84f27a3a245dab95d322ab,include/openssl/modes.h,"('9095', '')",2019-06-27T09:47:23+01:00,2018-12-12T08:16:10+10:00
743694a6c29e5a6387819523fad5e3b7e613f1ee,b1ceb439f234a998db84f27a3a245dab95d322ab,util/libcrypto.num,"('9095', '')",2019-06-27T09:47:23+01:00,2018-12-12T08:16:10+10:00
6335f837cfa7eaf1202f2557bf2ba148987226e7,716b2079dc8f998a842bd668faaecc89cde45a4d,crypto/asn1/a_type.c,"('9276', '')",2019-07-02T16:22:02+02:00,2002-12-04T00:49:46+00:00
6335f837cfa7eaf1202f2557bf2ba148987226e7,0f113f3ee4d629ef9a4a30911b22b224772085e5,crypto/asn1/a_type.c,"('9276', '')",2019-07-02T16:22:02+02:00,2015-01-22T09:20:09+00:00
9fd6f7d1cd2a3c8e2bc69dcb8bde8406eb6c2623,b5c4209be9162d4ceafb9aef833ca94ffa1cc5c9,apps/req.c,"('9043', '')",2019-07-08T20:14:50+10:00,2017-04-25T12:37:17-04:00
f5b7f99e690b1875e6d047acc435f0029642bfeb,10c25644e362381844e0089504f0db42f029d855,test/ectest.c,"('8615', '');('9251', '')",2019-07-31T14:41:44+03:00,2019-06-25T12:00:25+10:00
8bbf63e48f27c5edaa03e6d87d969c9b6a207f3c,3ef477c69f2fd39549123d7b0b869029b46cf989,ssl/record/rec_layer_s3.c,"('9490', '')",2019-08-05T17:12:21+01:00,2014-02-05T13:57:10+01:00
bbda79976b5c5095c5e6557311c86c623ba335f1,bb9ad09e8ec91d1c3e9c571b4b5ba98980b5fa93,doc/man3/ECDSA_SIG_new.pod,"('9517', '')",2019-08-06T11:31:47+01:00,2016-06-06T10:09:39-04:00
bbda79976b5c5095c5e6557311c86c623ba335f1,580b557b1398e0ad15dec2c833129ea965b2e3de,doc/man3/ECDSA_SIG_new.pod,"('9517', '')",2019-08-06T11:31:47+01:00,2016-03-14T20:59:23+01:00
bbda79976b5c5095c5e6557311c86c623ba335f1,5075521e75c99e5cc7f4cab4f3fccc0421e525ce,doc/man3/ECDSA_SIG_new.pod,"('9517', '')",2019-08-06T11:31:47+01:00,2004-02-27T23:03:23+00:00
7f616a00e9232392927099dca1eca70d0d058665,28a0841bf58e3813b2e07ad22f19484308e2f70a,crypto/bio/b_addr.c,"('9053', '')",2019-08-13T11:40:55+02:00,2016-02-03T19:37:07+01:00
7f616a00e9232392927099dca1eca70d0d058665,3f91ede9aea70774d9b5d509bc76d484ebaff6aa,crypto/bio/b_addr.c,"('9053', '')",2019-08-13T11:40:55+02:00,2019-06-10T16:28:11+02:00
2a17758940657cc3a97b032104a92f0aa304f863,367c55279016527515b237aeaae71bddb82ed316,crypto/sha/asm/keccak1600-armv4.pl,"('9518', '')",2019-08-15T14:22:16+02:00,2017-06-06T19:54:29+02:00
faee6b21048623a422d537cdbad24f50c5c21937,91da5e7710ba9cd36c5aef0a8056d5a0eb8bf524,doc/man3/BN_new.pod,"('9622', '')",2019-08-19T07:19:56+02:00,2016-07-08T12:55:45-04:00
faee6b21048623a422d537cdbad24f50c5c21937,9e183d2271653cbba2d9cf56d40c1356705207aa,doc/man3/BN_new.pod,"('9622', '')",2019-08-19T07:19:56+02:00,2017-03-11T08:56:44-05:00
d32d304836caaca475c21a82b94e494898cb60c5,3c93fbacf6f5abd63e1d1763e7da537ed87f2a5d,include/internal/param_build.h,"('9649', '')",2019-08-21T11:18:58+02:00,2019-07-17T16:59:09+10:00
8ed7bbb411d2a9e0edef928958ad955e0be3d6dd,0f113f3ee4d629ef9a4a30911b22b224772085e5,apps/dgst.c,"('9355', '')",2019-08-22T14:47:22+02:00,2015-01-22T09:20:09+00:00
8ed7bbb411d2a9e0edef928958ad955e0be3d6dd,0f113f3ee4d629ef9a4a30911b22b224772085e5,apps/enc.c,"('9355', '')",2019-08-22T14:47:22+02:00,2015-01-22T09:20:09+00:00
37a830e729f56cfc7b893f321880ac52f1b35cdb,3bfe9005e5ae0b513bf5f449d6cf558f9b4d9e1f,providers/common/ciphers/cipher_ccm.c,"('9691', '')",2019-08-25T17:10:55+10:00,2019-08-20T08:54:41+10:00
770de3462c0d655a6543a6c1a2c0bda7b57178f9,1aedc35fd6c2f40f269c88b2f7d5a617172b47c5,crypto/context.c,"('9454', '')",2019-08-29T10:50:47+01:00,2019-05-02T22:42:09+01:00
770de3462c0d655a6543a6c1a2c0bda7b57178f9,d64b62998beceef8a8b8e1558862eb1c671d677a,crypto/context.c,"('9454', '')",2019-08-29T10:50:47+01:00,2019-02-16T00:29:42+01:00
5ffc33244cd4d66e47dfa66ce89cb38d0f3074cc,a0abb6a10f4c5fc6dd20c487aa0db085fbfb3562,apps/pkeyutl.c,"('9658', '')",2019-08-30T09:42:17+01:00,2018-05-24T17:26:03+01:00
3ca9d210c94b9b88b89b224797aa403dfe97ccce,c540f00f383754fa490be76c2c3398ccd4d2a869,crypto/evp/digest.c,"('9592', '')",2019-09-03T10:36:49+02:00,2019-07-23T06:34:09+02:00
3ca9d210c94b9b88b89b224797aa403dfe97ccce,3653d0c224593ef55830c2fb17941aba9ea26ea8,crypto/evp/digest.c,"('9592', '')",2019-09-03T10:36:49+02:00,2019-03-21T09:23:38+00:00
3ca9d210c94b9b88b89b224797aa403dfe97ccce,70c35fd1f6467da5563c6cab3ea373e6359cf080,crypto/evp/digest.c,"('9592', '')",2019-09-03T10:36:49+02:00,2019-06-28T10:02:09+01:00
3ca9d210c94b9b88b89b224797aa403dfe97ccce,c540f00f383754fa490be76c2c3398ccd4d2a869,crypto/evp/evp_enc.c,"('9592', '')",2019-09-03T10:36:49+02:00,2019-07-23T06:34:09+02:00
3ca9d210c94b9b88b89b224797aa403dfe97ccce,df05f2ce6d496232f3c86acb299a128d0eb3ef42,crypto/evp/evp_enc.c,"('9592', '')",2019-09-03T10:36:49+02:00,2019-04-19T09:31:54+01:00
3ca9d210c94b9b88b89b224797aa403dfe97ccce,70c35fd1f6467da5563c6cab3ea373e6359cf080,crypto/evp/evp_enc.c,"('9592', '')",2019-09-03T10:36:49+02:00,2019-06-28T10:02:09+01:00
3ca9d210c94b9b88b89b224797aa403dfe97ccce,c13d2ab439a9dcbbf22ef85a00603142b0a37779,crypto/evp/evp_fetch.c,"('9592', '')",2019-09-03T10:36:49+02:00,2019-03-18T14:27:02+01:00
3ca9d210c94b9b88b89b224797aa403dfe97ccce,6b9e37246d5fd8e701b825c71fa1a018916af33c,crypto/evp/evp_fetch.c,"('9592', '')",2019-09-03T10:36:49+02:00,2019-07-23T06:34:09+02:00
3ca9d210c94b9b88b89b224797aa403dfe97ccce,3d96a51c09296cb5c283efb5681105a7691e6fbc,crypto/evp/evp_fetch.c,"('9592', '')",2019-09-03T10:36:49+02:00,2019-07-23T06:34:09+02:00
3ca9d210c94b9b88b89b224797aa403dfe97ccce,c13d2ab439a9dcbbf22ef85a00603142b0a37779,crypto/evp/evp_locl.h,"('9592', '')",2019-09-03T10:36:49+02:00,2019-03-18T14:27:02+01:00
3ca9d210c94b9b88b89b224797aa403dfe97ccce,3d96a51c09296cb5c283efb5681105a7691e6fbc,crypto/evp/evp_locl.h,"('9592', '')",2019-09-03T10:36:49+02:00,2019-07-23T06:34:09+02:00
3ca9d210c94b9b88b89b224797aa403dfe97ccce,6b9e37246d5fd8e701b825c71fa1a018916af33c,crypto/evp/exchange.c,"('9592', '')",2019-09-03T10:36:49+02:00,2019-07-23T06:34:09+02:00
3ca9d210c94b9b88b89b224797aa403dfe97ccce,ff64702b3d83d4c77756e0fd7b624e2165dbbdf0,crypto/evp/exchange.c,"('9592', '')",2019-09-03T10:36:49+02:00,2019-07-16T10:16:32+01:00
3ca9d210c94b9b88b89b224797aa403dfe97ccce,8b84b075ff065554c0cdd1086950f1a8614d93a4,crypto/evp/exchange.c,"('9592', '')",2019-09-03T10:36:49+02:00,2019-07-23T19:43:09+02:00
3ca9d210c94b9b88b89b224797aa403dfe97ccce,a94a3e0d91378b5c478f687a0dbc51914d4ed497,crypto/evp/keymgmt_meth.c,"('9592', '')",2019-09-03T10:36:49+02:00,2019-07-22T06:17:38+02:00
3ca9d210c94b9b88b89b224797aa403dfe97ccce,e74bd29053a543ab4908ae8545b46f2e38c98bab,crypto/evp/mac_meth.c,"('9592', '')",2019-09-03T10:36:49+02:00,2019-08-15T22:12:25+02:00
3ca9d210c94b9b88b89b224797aa403dfe97ccce,d1cafb083d0cb84b2081dd5ca4ba6bed05b8c6ac,crypto/evp/mac_meth.c,"('9592', '')",2019-09-03T10:36:49+02:00,2019-08-15T22:12:25+02:00
3ca9d210c94b9b88b89b224797aa403dfe97ccce,c13d2ab439a9dcbbf22ef85a00603142b0a37779,doc/internal/man3/evp_generic_fetch.pod,"('9592', '')",2019-09-03T10:36:49+02:00,2019-03-18T14:27:02+01:00
3ca9d210c94b9b88b89b224797aa403dfe97ccce,0211740fcc47a954be19cceb65fb57a6f7deb797,doc/internal/man3/evp_generic_fetch.pod,"('9592', '')",2019-09-03T10:36:49+02:00,2019-05-12T13:43:38-07:00
5840ed0cd1e6487d247efbc1a04136a41d7b3a37,0f113f3ee4d629ef9a4a30911b22b224772085e5,crypto/cms/cms_env.c,"('1', '')",2019-09-10T11:31:25+01:00,2015-01-22T09:20:09+00:00
5840ed0cd1e6487d247efbc1a04136a41d7b3a37,146b52edd122f55e2b2bfeb486dae8dbe96f739e,crypto/pkcs7/pk7_doit.c,"('1', '')",2019-09-10T11:31:25+01:00,2012-03-12T16:31:39+00:00
5840ed0cd1e6487d247efbc1a04136a41d7b3a37,0f113f3ee4d629ef9a4a30911b22b224772085e5,crypto/pkcs7/pk7_doit.c,"('1', '')",2019-09-10T11:31:25+01:00,2015-01-22T09:20:09+00:00
5840ed0cd1e6487d247efbc1a04136a41d7b3a37,7144c4212a18e01bf805169ad1f3fdd885975759,crypto/pkcs7/pk7_doit.c,"('1', '')",2019-09-10T11:31:25+01:00,2006-05-08T16:38:19+00:00
06ff79bd773d0b4214e4b6a8a1332a3355b17742,586dd674f57e0df08b76388f2680dc1b2c8c81f5,include/openssl/err.h,"('9756', '')",2019-09-12T17:59:52+02:00,2019-09-02T11:01:25+02:00
06ff79bd773d0b4214e4b6a8a1332a3355b17742,add8c8e9647a71cc755dea22490e2075e342624b,include/openssl/err.h,"('9756', '')",2019-09-12T17:59:52+02:00,2019-07-31T06:44:45+02:00
b13342e933c507c4ce0eda0a0193339a111f27a5,aac96e2797c34a6b2a839eb58c30ab3328a0cee8,crypto/err/err.c,"('9756', '')",2019-09-12T17:59:52+02:00,2019-07-16T05:26:28+02:00
b13342e933c507c4ce0eda0a0193339a111f27a5,c2e4e5d248567d4eea5bf6d525bdbcc09099ba6e,crypto/err/err.c,"('9756', '')",2019-09-12T17:59:52+02:00,2016-07-19T23:49:54+02:00
b13342e933c507c4ce0eda0a0193339a111f27a5,26a7d938c9bf932a55cb5e4e02abb48fe395c5cd,crypto/err/err.c,"('9756', '')",2019-09-12T17:59:52+02:00,2017-10-18T16:05:06+01:00
b13342e933c507c4ce0eda0a0193339a111f27a5,0f113f3ee4d629ef9a4a30911b22b224772085e5,crypto/err/err.c,"('9756', '')",2019-09-12T17:59:52+02:00,2015-01-22T09:20:09+00:00
b13342e933c507c4ce0eda0a0193339a111f27a5,388f2f56f213dfada0370d48cb9bcc3c7e980b32,doc/man3/ERR_get_error.pod,"('9756', '')",2019-09-12T17:59:52+02:00,2000-02-01T01:37:00+00:00
b13342e933c507c4ce0eda0a0193339a111f27a5,30ea570f0fb2717b1faca5d611a3ab200c8eac83,doc/man3/ERR_get_error.pod,"('9756', '')",2019-09-12T17:59:52+02:00,2014-01-29T01:01:52+00:00
b13342e933c507c4ce0eda0a0193339a111f27a5,a14e2d9dfe0bc17800a5ab6b0439a3db50702586,doc/man3/ERR_get_error.pod,"('9756', '')",2019-09-12T17:59:52+02:00,2002-01-24T16:16:43+00:00
b13342e933c507c4ce0eda0a0193339a111f27a5,5cc99c6cf5e908df6b00b04af7f08e99c0698c7b,doc/man3/ERR_get_error.pod,"('9756', '')",2019-09-12T17:59:52+02:00,2014-07-02T03:43:42+01:00
b13342e933c507c4ce0eda0a0193339a111f27a5,5e4a75e79f530600cf71e1c6d7f6bfd0feb7ad0b,doc/man3/ERR_get_error.pod,"('9756', '')",2019-09-12T17:59:52+02:00,2002-11-29T14:21:54+00:00
b13342e933c507c4ce0eda0a0193339a111f27a5,a14e2d9dfe0bc17800a5ab6b0439a3db50702586,include/openssl/err.h,"('9756', '')",2019-09-12T17:59:52+02:00,2002-01-24T16:16:43+00:00
b13342e933c507c4ce0eda0a0193339a111f27a5,e778802f53c8d47e96a6e4cbc776eb6e1d4c461a,include/openssl/err.h,"('9756', '')",2019-09-12T17:59:52+02:00,1999-04-17T21:25:43+00:00
b13342e933c507c4ce0eda0a0193339a111f27a5,8908d18cb1020f225170dd9090206842dbb6bbe6,test/errtest.c,"('9756', '')",2019-09-12T17:59:52+02:00,2019-06-18T23:21:38+02:00
b13342e933c507c4ce0eda0a0193339a111f27a5,56c3a135b239f4c8ccfdbbb1668880d4c39d5b87,test/errtest.c,"('9756', '')",2019-09-12T17:59:52+02:00,2019-07-22T16:24:56+02:00
b13342e933c507c4ce0eda0a0193339a111f27a5,c49e0b04150e7cd8e8a92cd9f46be98422ce2fc8,test/evp_test.c,"('9756', '')",2019-09-12T17:59:52+02:00,2017-05-23T11:33:11-04:00
b13342e933c507c4ce0eda0a0193339a111f27a5,3b39185880a996787daf67bb74cb2a89e91e38cf,util/libcrypto.num,"('9756', '')",2019-09-12T17:59:52+02:00,2018-12-07T16:02:17+01:00
b579014d574375b57ef1f52d3e40988ebdba911c,e778802f53c8d47e96a6e4cbc776eb6e1d4c461a,crypto/err/err_prn.c,"('9756', '')",2019-09-12T17:59:52+02:00,1999-04-17T21:25:43+00:00
b579014d574375b57ef1f52d3e40988ebdba911c,2d905f6715453034d1f942a0237b0d2b9d57326c,crypto/err/err_prn.c,"('9756', '')",2019-09-12T17:59:52+02:00,2019-06-21T08:29:44+10:00
b579014d574375b57ef1f52d3e40988ebdba911c,8ada6e7705685be0d97987d31f23e6cf543ef544,crypto/err/err_prn.c,"('9756', '')",2019-09-12T17:59:52+02:00,2001-06-23T15:06:17+00:00
b579014d574375b57ef1f52d3e40988ebdba911c,cbe2964821bb063f61ed2544cfce196ec1c0d62b,crypto/err/err_prn.c,"('9756', '')",2019-09-12T17:59:52+02:00,2017-12-07T19:11:49-05:00
b579014d574375b57ef1f52d3e40988ebdba911c,0f113f3ee4d629ef9a4a30911b22b224772085e5,crypto/err/err_prn.c,"('9756', '')",2019-09-12T17:59:52+02:00,2015-01-22T09:20:09+00:00
b579014d574375b57ef1f52d3e40988ebdba911c,19674b5a1d10bbd4bf0537d891e8908c1d572832,crypto/err/err_prn.c,"('9756', '')",2019-09-12T17:59:52+02:00,2010-05-15T00:34:06+00:00
7c2a981ff7ca721a85687dcd972d54361434806f,25191fffb9f858b29b7029c7df944f25a4dc723f,doc/man3/EVP_DigestInit.pod,"('9993', '')",2019-09-24T14:42:14+02:00,2015-12-07T17:40:20+01:00
99435164ac55fda18922e278316ad76305f338ad,2c5dfdc357046a4d6f40afb3311f7c3f06c58ebe,ssl/statem/statem_lib.c,"('9869', '')",2019-10-10T16:28:44+02:00,2017-01-10T23:02:50+00:00
99435164ac55fda18922e278316ad76305f338ad,48102247ff513d4c57b40b19c1d432f37b9e4b02,ssl/statem/statem_lib.c,"('9869', '')",2019-10-10T16:28:44+02:00,2019-08-14T10:41:41+01:00
6a36f209bcfbc958e30d544c3031ed002dbfe582,6a3b7c6887346d37c5771fc1fa755a59add44d0b,crypto/evp/digest.c,"('10106', '')",2019-10-17T09:14:01+02:00,2019-08-12T13:35:18+02:00
6a36f209bcfbc958e30d544c3031ed002dbfe582,459b15d451194ee90834ea58bfb8c91479e9ef9b,crypto/evp/evp_enc.c,"('10106', '')",2019-10-17T09:14:01+02:00,2019-07-16T09:46:14+10:00
6a36f209bcfbc958e30d544c3031ed002dbfe582,e870791a4d6aea3a0275396bd01da629cb6f4ac8,crypto/evp/evp_enc.c,"('10106', '')",2019-10-17T09:14:01+02:00,2019-07-31T20:34:26+10:00
6a36f209bcfbc958e30d544c3031ed002dbfe582,552be00d429dc3d6c95bb2d9573b09e67485afb3,crypto/evp/evp_enc.c,"('10106', '')",2019-10-17T09:14:01+02:00,2019-10-06T12:09:03+02:00
6e4618a0d7e84e70703d546a194df887fd624727,c13d2ab439a9dcbbf22ef85a00603142b0a37779,doc/internal/man3/evp_generic_fetch.pod,"('10226', '')",2019-10-31T14:26:34+01:00,2019-03-18T14:27:02+01:00
6e4618a0d7e84e70703d546a194df887fd624727,3c93fbacf6f5abd63e1d1763e7da537ed87f2a5d,doc/internal/man3/ossl_param_bld_init.pod,"('10226', '')",2019-10-31T14:26:34+01:00,2019-07-17T16:59:09+10:00
6e4618a0d7e84e70703d546a194df887fd624727,40866074c29dddd87a1436f2c7435f37dac425a7,doc/man1/openssl-ciphers.pod,"('10226', '')",2019-10-31T14:26:34+01:00,2017-12-05T10:53:45-05:00
6e4618a0d7e84e70703d546a194df887fd624727,35a810bb1d6af5a71170c5c4b506f7665d573a3e,doc/man1/tsget.pod,"('10226', '')",2019-10-31T14:26:34+01:00,2019-10-09T10:44:32+02:00
6e4618a0d7e84e70703d546a194df887fd624727,0503f08d6f6b94c5a985b47671acb124915c82f9,doc/man1/tsget.pod,"('10226', '')",2019-10-31T14:26:34+01:00,2019-10-09T10:45:10+02:00
6e4618a0d7e84e70703d546a194df887fd624727,c7235be6e36c4bef84594aa3b2f0561db84b63d8,doc/man1/tsget.pod,"('10226', '')",2019-10-31T14:26:34+01:00,2006-02-12T23:11:56+00:00
6e4618a0d7e84e70703d546a194df887fd624727,85556b4dec97b1402e1edeaef6ffc0e9cd931457,doc/man3/BIO_get_data.pod,"('10226', '')",2019-10-31T14:26:34+01:00,2016-03-29T17:40:54+01:00
6e4618a0d7e84e70703d546a194df887fd624727,b055fceb9bd8f613f39dab9df4d77b2a95231755,doc/man3/BIO_meth_new.pod,"('10226', '')",2019-10-31T14:26:34+01:00,2016-10-28T09:48:54+01:00
6e4618a0d7e84e70703d546a194df887fd624727,85556b4dec97b1402e1edeaef6ffc0e9cd931457,doc/man3/BIO_meth_new.pod,"('10226', '')",2019-10-31T14:26:34+01:00,2016-03-29T17:40:54+01:00
6e4618a0d7e84e70703d546a194df887fd624727,85556b4dec97b1402e1edeaef6ffc0e9cd931457,doc/man3/BIO_push.pod,"('10226', '')",2019-10-31T14:26:34+01:00,2016-03-29T17:40:54+01:00
6e4618a0d7e84e70703d546a194df887fd624727,85556b4dec97b1402e1edeaef6ffc0e9cd931457,doc/man3/BIO_should_retry.pod,"('10226', '')",2019-10-31T14:26:34+01:00,2016-03-29T17:40:54+01:00
6e4618a0d7e84e70703d546a194df887fd624727,61e033308b1c004bd808352fb1d786547dcdf62b,doc/man3/CMS_get0_type.pod,"('10226', '')",2019-10-31T14:26:34+01:00,2019-01-27T12:25:24+00:00
6e4618a0d7e84e70703d546a194df887fd624727,4a388d1e05530fd922d8dce2d04d976468523106,doc/man3/CTLOG_STORE_new.pod,"('10226', '')",2019-10-31T14:26:34+01:00,2016-08-24T13:58:19+01:00
6e4618a0d7e84e70703d546a194df887fd624727,fbaedfdd4748bec057a39141faff6b396e25eac7,doc/man3/DSA_meth_new.pod,"('10226', '')",2019-10-31T14:26:34+01:00,2016-04-03T00:23:56+01:00
6e4618a0d7e84e70703d546a194df887fd624727,fbaedfdd4748bec057a39141faff6b396e25eac7,doc/man3/DSA_set_method.pod,"('10226', '')",2019-10-31T14:26:34+01:00,2016-04-03T00:23:56+01:00
6e4618a0d7e84e70703d546a194df887fd624727,05fdb8d355e6f018627084410cefeb3202cd7f98,doc/man3/EVP_CIPHER_meth_new.pod,"('10226', '')",2019-10-31T14:26:34+01:00,2016-01-12T13:56:43+01:00
6e4618a0d7e84e70703d546a194df887fd624727,8fa4d95e8e2c95a61748313b33d3493cfb67a027,doc/man3/EVP_EncryptInit.pod,"('10226', '')",2019-10-31T14:26:34+01:00,2017-10-31T16:28:42+01:00
6e4618a0d7e84e70703d546a194df887fd624727,edb77a4d0f6032e983c91c1a5fbd4136f9757b1c,doc/man3/EVP_PKEY_new.pod,"('10226', '')",2019-10-31T14:26:34+01:00,2018-06-08T10:04:09+01:00
6e4618a0d7e84e70703d546a194df887fd624727,cb92964563a053d5d9c0810912fa6d3ff35c1e16,doc/man3/EVP_set_default_properties.pod,"('10226', '')",2019-10-31T14:26:34+01:00,2019-04-05T15:43:37+02:00
6e4618a0d7e84e70703d546a194df887fd624727,7960dbec6801c1c98c848b81ca00e73625e8970b,doc/man3/OSSL_CMP_CTX_new.pod,"('10226', '')",2019-10-31T14:26:34+01:00,2019-09-27T10:53:11+01:00
6e4618a0d7e84e70703d546a194df887fd624727,c2969ff6e70b10f71fbd97c1d0b0cffc92bd69df,doc/man3/OSSL_STORE_expect.pod,"('10226', '')",2019-10-31T14:26:34+01:00,2019-07-02T14:22:29+02:00
6e4618a0d7e84e70703d546a194df887fd624727,cd35e6c06db9bd412f0ac629c264e11171bf21b9,doc/man3/RSA_meth_new.pod,"('10226', '')",2019-10-31T14:26:34+01:00,2016-04-06T16:19:20+02:00
6e4618a0d7e84e70703d546a194df887fd624727,8b12a3e75b5f41d5dee3613ce083b0acd0944124,doc/man3/SCT_print.pod,"('10226', '')",2019-10-31T14:26:34+01:00,2016-08-24T13:58:19+01:00
6e4618a0d7e84e70703d546a194df887fd624727,a9c0d8beeae98355a2ef6ae1f0a9ba624be8bd54,doc/man3/SSL_CTX_set_client_hello_cb.pod,"('10226', '')",2019-10-31T14:26:34+01:00,2017-09-08T13:58:59-05:00
6e4618a0d7e84e70703d546a194df887fd624727,56f3f714ef3f347898706826daae56eb4b2682ed,doc/man3/SSL_CTX_set_ctlog_list_file.pod,"('10226', '')",2019-10-31T14:26:34+01:00,2016-08-24T13:58:19+01:00
6e4618a0d7e84e70703d546a194df887fd624727,61fb59238dad6452a37ec14513fae617a4faef29,doc/man3/SSL_CTX_set_session_ticket_cb.pod,"('10226', '')",2019-10-31T14:26:34+01:00,2018-05-11T14:51:09+01:00
6e4618a0d7e84e70703d546a194df887fd624727,a58eb06d527c86492d4205feeb0e20bf19a1181d,doc/man3/SSL_alloc_buffers.pod,"('10226', '')",2019-10-31T14:26:34+01:00,2017-07-26T11:42:17-04:00
6e4618a0d7e84e70703d546a194df887fd624727,d2d67a4cda39dc149cb9e11fd335f72c3b963976,doc/man3/SSL_read_early_data.pod,"('10226', '')",2019-10-31T14:26:34+01:00,2018-03-19T12:21:42+00:00
6e4618a0d7e84e70703d546a194df887fd624727,76bfd2ccc37e65d33e6c14aac9c1174bc43059eb,doc/man3/o2i_SCT_LIST.pod,"('10226', '')",2019-10-31T14:26:34+01:00,2016-08-24T13:58:19+01:00
6e4618a0d7e84e70703d546a194df887fd624727,0e74d7ca440a3a7fbb7ddd6873e2f494d87f8d0e,doc/man3/o2i_SCT_LIST.pod,"('10226', '')",2019-10-31T14:26:34+01:00,2016-08-24T13:58:19+01:00
6e4618a0d7e84e70703d546a194df887fd624727,2932ad5677c72c6ca55ce41344338cc09cfdb7fd,doc/man5/x509v3_config.pod,"('10226', '')",2019-10-31T14:26:34+01:00,2006-03-05T01:19:48+00:00
6e4618a0d7e84e70703d546a194df887fd624727,33f54da3dda8ef95c2a8d8580fde312c6fe4d3fb,doc/man7/EVP_KDF-KRB5KDF.pod,"('10226', '')",2019-10-31T14:26:34+01:00,2019-10-23T08:32:48+02:00
6e4618a0d7e84e70703d546a194df887fd624727,ccd7115a4158a34008975ae83c3a733ba0be9911,doc/man7/EVP_KDF-SSHKDF.pod,"('10226', '')",2019-10-31T14:26:34+01:00,2019-09-06T19:27:57+10:00
fefe3169bb12865732a3395ce43995fc661ff10b,70a1f7b4d7a0611508f45ef884472b9d84cbe108,crypto/evp/keymgmt_lib.c,"('10283', '')",2019-11-01T16:13:15+01:00,2019-07-22T06:18:58+02:00
287e1a7eac1330f0e0e4fc443f9f762835246e9e,0f113f3ee4d629ef9a4a30911b22b224772085e5,crypto/bio/bss_dgram.c,"('9538', '')",2019-11-10T00:30:13+01:00,2015-01-22T09:20:09+00:00
287e1a7eac1330f0e0e4fc443f9f762835246e9e,7e159e0133d28bec9148446e8f4dd86c0216d819,crypto/bio/bss_dgram.c,"('9538', '')",2019-11-10T00:30:13+01:00,2011-12-25T14:45:15+00:00
7c6a0d909abda7c854b44831ef43ebdda49ed42e,37ed62107112d95f7b7c9bf75602a6ac40883a89,crypto/build.info,"('10340', '')",2019-11-12T13:30:34+01:00,2019-09-06T19:27:57+10:00
d47c10875656790d146f62ac3c437db54c58dbf7,0f113f3ee4d629ef9a4a30911b22b224772085e5,crypto/ec/ec_print.c,"('10258', '')",2019-11-13T18:02:51+02:00,2015-01-22T09:20:09+00:00
f75abcc0f073b1c3e2d81df3fcde8fe45dd1e61f,e1178600cc5d40b1e21c4a01d224afd2d8c7498a,providers/implementations/ciphers/cipher_aes_hw.c,"('10438', '')",2019-11-18T13:13:05+10:00,2019-08-22T11:42:54+10:00
f75abcc0f073b1c3e2d81df3fcde8fe45dd1e61f,e1178600cc5d40b1e21c4a01d224afd2d8c7498a,providers/implementations/ciphers/cipher_aes_hw_aesni.inc,"('10438', '')",2019-11-18T13:13:05+10:00,2019-08-22T11:42:54+10:00
f75abcc0f073b1c3e2d81df3fcde8fe45dd1e61f,e1178600cc5d40b1e21c4a01d224afd2d8c7498a,providers/implementations/ciphers/cipher_aes_hw_t4.inc,"('10438', '')",2019-11-18T13:13:05+10:00,2019-08-22T11:42:54+10:00
f75abcc0f073b1c3e2d81df3fcde8fe45dd1e61f,3837c202b5e91f009d1508a8f3608c94515ca776,providers/implementations/ciphers/cipher_aes_ocb.c,"('10438', '')",2019-11-18T13:13:05+10:00,2019-09-19T20:10:25+10:00
f75abcc0f073b1c3e2d81df3fcde8fe45dd1e61f,3a9f26f3308c5b3e59ec0e589310fd137b0399f6,providers/implementations/ciphers/cipher_aes_xts_hw.c,"('10438', '')",2019-11-18T13:13:05+10:00,2019-09-14T09:27:49+10:00
f75abcc0f073b1c3e2d81df3fcde8fe45dd1e61f,e1178600cc5d40b1e21c4a01d224afd2d8c7498a,providers/implementations/ciphers/cipher_aria_hw.c,"('10438', '')",2019-11-18T13:13:05+10:00,2019-08-22T11:42:54+10:00
f75abcc0f073b1c3e2d81df3fcde8fe45dd1e61f,e1178600cc5d40b1e21c4a01d224afd2d8c7498a,providers/implementations/ciphers/cipher_camellia_hw.c,"('10438', '')",2019-11-18T13:13:05+10:00,2019-08-22T11:42:54+10:00
f75abcc0f073b1c3e2d81df3fcde8fe45dd1e61f,e1178600cc5d40b1e21c4a01d224afd2d8c7498a,providers/implementations/ciphers/cipher_camellia_hw_t4.inc,"('10438', '')",2019-11-18T13:13:05+10:00,2019-08-22T11:42:54+10:00
f75abcc0f073b1c3e2d81df3fcde8fe45dd1e61f,105dde2528d64b4af25c241288a985fdfc27afbc,providers/implementations/ciphers/cipher_sm4_hw.c,"('10438', '')",2019-11-18T13:13:05+10:00,2019-09-19T15:38:51+10:00
f75abcc0f073b1c3e2d81df3fcde8fe45dd1e61f,6a41156c20cbccc56c46bf6a5f7d2ac45cc1679a,test/evp_test.c,"('10438', '')",2019-11-18T13:13:05+10:00,2019-10-03T16:05:49+10:00
f75abcc0f073b1c3e2d81df3fcde8fe45dd1e61f,f816aa47ac140c3d083416aa9c1c396096d9a92c,test/evp_test.c,"('10438', '')",2019-11-18T13:13:05+10:00,2019-10-08T16:42:28+10:00
f75abcc0f073b1c3e2d81df3fcde8fe45dd1e61f,307e3978b973ff4566b69f631096deba117b51ea,test/evp_test.c,"('10438', '')",2019-11-18T13:13:05+10:00,2015-02-10T16:18:05+00:00
f75abcc0f073b1c3e2d81df3fcde8fe45dd1e61f,48ebde226d4bd66556f25d0c4b3679478890974d,test/evp_test.c,"('10438', '')",2019-11-18T13:13:05+10:00,2019-07-11T07:27:02+02:00
f75abcc0f073b1c3e2d81df3fcde8fe45dd1e61f,2207ba7b449583631e939ee3f603287dd6d61307,test/evp_test.c,"('10438', '')",2019-11-18T13:13:05+10:00,2015-02-27T02:48:19+00:00
f75abcc0f073b1c3e2d81df3fcde8fe45dd1e61f,e3d378bcf1324fb6958366f21539e1e0533225f1,test/evp_test.c,"('10438', '')",2019-11-18T13:13:05+10:00,2017-05-26T11:01:50+02:00
3f8907e459313f0b3df3b328f0a16db565fbcea0,eb173822b2c02122844f4ffe89e38fe8e6d04697,providers/implementations/ciphers/cipher_aes_siv.c,"('10416', '')",2019-11-19T09:31:04+10:00,2019-11-08T12:14:44+10:00
92de469fbd62a77a36dad5fde3a0ac7034071a59,7e1b7485706c2b11091b5fa897fe496a2faa56cc,apps/cms.c,"('10313', '')",2019-11-20T09:49:52+01:00,2015-04-24T15:26:15-04:00
92de469fbd62a77a36dad5fde3a0ac7034071a59,7e1b7485706c2b11091b5fa897fe496a2faa56cc,apps/dgst.c,"('10313', '')",2019-11-20T09:49:52+01:00,2015-04-24T15:26:15-04:00
92de469fbd62a77a36dad5fde3a0ac7034071a59,7e1b7485706c2b11091b5fa897fe496a2faa56cc,apps/dhparam.c,"('10313', '')",2019-11-20T09:49:52+01:00,2015-04-24T15:26:15-04:00
92de469fbd62a77a36dad5fde3a0ac7034071a59,0d1e003f8493504945dabff4384cfafba49f5369,apps/engine.c,"('10313', '')",2019-11-20T09:49:52+01:00,2016-02-06T09:19:04-05:00
92de469fbd62a77a36dad5fde3a0ac7034071a59,7e1b7485706c2b11091b5fa897fe496a2faa56cc,apps/errstr.c,"('10313', '')",2019-11-20T09:49:52+01:00,2015-04-24T15:26:15-04:00
92de469fbd62a77a36dad5fde3a0ac7034071a59,95214b434fe969e9508b6b9f38d0ea931d7e6415,apps/fipsinstall.c,"('10313', '')",2019-11-20T09:49:52+01:00,2019-08-24T18:56:34+10:00
92de469fbd62a77a36dad5fde3a0ac7034071a59,7e1b7485706c2b11091b5fa897fe496a2faa56cc,apps/gendsa.c,"('10313', '')",2019-11-20T09:49:52+01:00,2015-04-24T15:26:15-04:00
92de469fbd62a77a36dad5fde3a0ac7034071a59,4ed838915be263b3ebf847b6ada2ab2d3debec4c,apps/include/opt.h,"('10313', '')",2019-11-20T09:49:52+01:00,2019-09-19T21:14:21+10:00
92de469fbd62a77a36dad5fde3a0ac7034071a59,c54492ecf8331fd87f6ac163f9fc5b576af128e8,apps/kdf.c,"('10313', '')",2019-11-20T09:49:52+01:00,2019-04-24T11:56:47+02:00
92de469fbd62a77a36dad5fde3a0ac7034071a59,5388f9862d9aaf3c7cf7a70c1e36e7e983c26cfc,apps/kdf.c,"('10313', '')",2019-11-20T09:49:52+01:00,2019-11-08T06:08:30+10:00
92de469fbd62a77a36dad5fde3a0ac7034071a59,4ed838915be263b3ebf847b6ada2ab2d3debec4c,apps/lib/opt.c,"('10313', '')",2019-11-20T09:49:52+01:00,2019-09-19T21:14:21+10:00
92de469fbd62a77a36dad5fde3a0ac7034071a59,7e1b7485706c2b11091b5fa897fe496a2faa56cc,apps/lib/opt.c,"('10313', '')",2019-11-20T09:49:52+01:00,2015-04-24T15:26:15-04:00
92de469fbd62a77a36dad5fde3a0ac7034071a59,4d768e966ff9a9777b2b4a79f85a737ab2ded666,apps/mac.c,"('10313', '')",2019-11-20T09:49:52+01:00,2019-03-11T12:44:56+00:00
92de469fbd62a77a36dad5fde3a0ac7034071a59,95214b434fe969e9508b6b9f38d0ea931d7e6415,apps/mac.c,"('10313', '')",2019-11-20T09:49:52+01:00,2019-08-24T18:56:34+10:00
92de469fbd62a77a36dad5fde3a0ac7034071a59,da6be198f7ab690b8ace83f35502bca8dd9218e5,apps/openssl.c,"('10313', '')",2019-11-20T09:49:52+01:00,2018-01-06T19:27:57+01:00
92de469fbd62a77a36dad5fde3a0ac7034071a59,7e1b7485706c2b11091b5fa897fe496a2faa56cc,apps/prime.c,"('10313', '')",2019-11-20T09:49:52+01:00,2015-04-24T15:26:15-04:00
92de469fbd62a77a36dad5fde3a0ac7034071a59,e61434b427f00504859e9e01461fd8dc39700837,apps/prime.c,"('10313', '')",2019-11-20T09:49:52+01:00,2015-11-21T14:37:24+01:00
92de469fbd62a77a36dad5fde3a0ac7034071a59,18d307e98ebfe6d376ab039a73dc285190b717a0,apps/provider.c,"('10313', '')",2019-11-20T09:49:52+01:00,2019-08-28T10:33:45+02:00
92de469fbd62a77a36dad5fde3a0ac7034071a59,7e1b7485706c2b11091b5fa897fe496a2faa56cc,apps/rand.c,"('10313', '')",2019-11-20T09:49:52+01:00,2015-04-24T15:26:15-04:00
92de469fbd62a77a36dad5fde3a0ac7034071a59,8f6f1441a368b984b739658778f53db1bf71a543,apps/rehash.c,"('10313', '')",2019-11-20T09:49:52+01:00,2015-09-06T18:03:54-04:00
92de469fbd62a77a36dad5fde3a0ac7034071a59,7e1b7485706c2b11091b5fa897fe496a2faa56cc,apps/smime.c,"('10313', '')",2019-11-20T09:49:52+01:00,2015-04-24T15:26:15-04:00
92de469fbd62a77a36dad5fde3a0ac7034071a59,7e1b7485706c2b11091b5fa897fe496a2faa56cc,apps/speed.c,"('10313', '')",2019-11-20T09:49:52+01:00,2015-04-24T15:26:15-04:00
92de469fbd62a77a36dad5fde3a0ac7034071a59,7e1b7485706c2b11091b5fa897fe496a2faa56cc,apps/verify.c,"('10313', '')",2019-11-20T09:49:52+01:00,2015-04-24T15:26:15-04:00
92de469fbd62a77a36dad5fde3a0ac7034071a59,aba3e65f2c8b02e6c458681db56dc1594266cba9,doc/man1/openssl-ca.pod.in,"('10313', '')",2019-11-20T09:49:52+01:00,1999-11-10T02:52:17+00:00
92de469fbd62a77a36dad5fde3a0ac7034071a59,ad86060357a590405f459f58bf9cdf4999264f4f,doc/man1/openssl-passwd.pod.in,"('10313', '')",2019-11-20T09:49:52+01:00,2000-02-18T11:51:58+00:00
9ce91035bcf7d74fe15c94650f3bc1f89b7c0f07,c4558efbf3a44a1b5e68dce46347dd3888db4760,crypto/sha/asm/sha512-x86_64.pl,"('8853', '')",2019-11-20T14:06:23+01:00,2013-02-14T15:39:42+01:00
07a470729c4ace678fba6aeeeaf506436aa856e2,1fdcef75b06cb17e046bf62cda9ace3e943a5661,crypto/chacha/asm/chacha-armv8.pl,"('10470', '')",2019-11-28T16:40:43+01:00,2016-02-13T12:07:45+01:00
22c22369bc09988eb8c6fdf4f543581a78fd3eb1,5d322036b4afbd16afa2714539cf3f85eb7669c2,.travis.yml,"('8322', '')",2019-12-10T14:16:12+01:00,2018-03-29T09:24:56+02:00
20c09f00346aec3a20ceacc9c9d44c5f050e13dd,b5283535d52002f892ef17c890a3e1840640a60b,util/missingcrypto.txt,"('9300', '')",2019-12-11T19:17:59+01:00,2019-06-12T10:12:14+01:00
0402c90ff9caac4c680e3cb6db7729e00d3fc20b,0b14a5b7ccd1618fe47d74a51c4873144c57ac83,crypto/rand/rand_lib.c,"('10480', '')",2019-12-12T07:41:00+10:00,2017-08-28T23:15:52+02:00
0402c90ff9caac4c680e3cb6db7729e00d3fc20b,da8fc25a989cf4f4d26d626a85477e8a9282da12,crypto/rand/rand_lib.c,"('10480', '')",2019-12-12T07:41:00+10:00,2017-07-15T01:51:34-04:00
0402c90ff9caac4c680e3cb6db7729e00d3fc20b,ddc6a5c8f5900959bdbdfee79e1625a3f7808acd,crypto/rand/rand_lib.c,"('10480', '')",2019-12-12T07:41:00+10:00,2017-08-03T10:45:17-04:00
0402c90ff9caac4c680e3cb6db7729e00d3fc20b,6694e51dbaecc7b331a6f0fa484d77008367c59c,crypto/rand/rand_lib.c,"('10480', '')",2019-12-12T07:41:00+10:00,2019-07-02T16:49:18+01:00
0402c90ff9caac4c680e3cb6db7729e00d3fc20b,2139145b72d084a3f974a94accd7d9812de286e4,crypto/rand/rand_lib.c,"('10480', '')",2019-12-12T07:41:00+10:00,2017-10-18T08:39:20-05:00
0402c90ff9caac4c680e3cb6db7729e00d3fc20b,f61f62ea13470a00ae8be691d62abec97f94f0ee,crypto/rand/rand_lib.c,"('10480', '')",2019-12-12T07:41:00+10:00,2018-02-05T20:05:14+01:00
742ccab318b13a8779d9f9164d479b4a428a6da8,6d4bc8a3d2c2f7701588bbfdea80a1f7a3973f26,Configurations/descrip.mms.tmpl,"('8322', '')",2019-12-14T20:57:35+01:00,2016-11-03T17:08:10+01:00
742ccab318b13a8779d9f9164d479b4a428a6da8,6d4bc8a3d2c2f7701588bbfdea80a1f7a3973f26,Configurations/unix-Makefile.tmpl,"('8322', '')",2019-12-14T20:57:35+01:00,2016-11-03T17:08:10+01:00
742ccab318b13a8779d9f9164d479b4a428a6da8,567a9e6fe0ff3badfa22cf018d87c94ed5a8aeb3,Configurations/unix-Makefile.tmpl,"('8322', '')",2019-12-14T20:57:35+01:00,2016-02-10T14:36:04+01:00
742ccab318b13a8779d9f9164d479b4a428a6da8,6d4bc8a3d2c2f7701588bbfdea80a1f7a3973f26,Configurations/windows-makefile.tmpl,"('8322', '')",2019-12-14T20:57:35+01:00,2016-11-03T17:08:10+01:00
742ccab318b13a8779d9f9164d479b4a428a6da8,69495e3df57335ad43bc66fa2477636f66afed85,Configure,"('8322', '')",2019-12-14T20:57:35+01:00,2018-12-07T11:25:45+00:00
742ccab318b13a8779d9f9164d479b4a428a6da8,ef8ca6bd544e4baea67f9a193ae896b8629944d0,Configure,"('8322', '')",2019-12-14T20:57:35+01:00,2016-02-14T17:22:42+01:00
742ccab318b13a8779d9f9164d479b4a428a6da8,a1d3f3d1d0711eeece52f132e73b533d814770ac,Configure,"('8322', '')",2019-12-14T20:57:35+01:00,2015-12-02T19:20:45+01:00
742ccab318b13a8779d9f9164d479b4a428a6da8,5b18235a186dd28ec7a37ed95e29f4ab61f2bcbe,Configure,"('8322', '')",2019-12-14T20:57:35+01:00,2018-01-28T07:26:11+01:00
742ccab318b13a8779d9f9164d479b4a428a6da8,28cbe2ab4a06058066f6328c6d8654954217c744,Configure,"('8322', '')",2019-12-14T20:57:35+01:00,2015-12-09T13:37:30+00:00
742ccab318b13a8779d9f9164d479b4a428a6da8,ecabf05e5bddb8afcffe02c9c93736ff6e9888f8,INSTALL,"('8322', '')",2019-12-14T20:57:35+01:00,2016-04-13T21:25:24+01:00
742ccab318b13a8779d9f9164d479b4a428a6da8,8d054a5530defa35ad9a337c23968f8bdef9a6c7,INSTALL,"('8322', '')",2019-12-14T20:57:35+01:00,2016-06-02T13:00:31+02:00
742ccab318b13a8779d9f9164d479b4a428a6da8,7e1b7485706c2b11091b5fa897fe496a2faa56cc,apps/openssl.c,"('8322', '')",2019-12-14T20:57:35+01:00,2015-04-24T15:26:15-04:00
742ccab318b13a8779d9f9164d479b4a428a6da8,4fd2ead09dfc35b5eaae1fb1ff449ebd1e54d08e,apps/openssl.c,"('8322', '')",2019-12-14T20:57:35+01:00,2000-01-15T03:08:52+00:00
742ccab318b13a8779d9f9164d479b4a428a6da8,541e9565bb5b860e9e0b5faeb5d474deeaef743b,apps/openssl.c,"('8322', '')",2019-12-14T20:57:35+01:00,2016-02-05T16:02:21+00:00
742ccab318b13a8779d9f9164d479b4a428a6da8,bbd86bf5424a611cb6b77a3a17fc522931c4dcb8,apps/openssl.c,"('8322', '')",2019-12-14T20:57:35+01:00,2016-01-07T15:14:18-05:00
742ccab318b13a8779d9f9164d479b4a428a6da8,037439c46addc62130617bbba8c5e58e1548bfd8,crypto/build.info,"('8322', '')",2019-12-14T20:57:35+01:00,2019-07-23T10:20:15+01:00
742ccab318b13a8779d9f9164d479b4a428a6da8,d02b48c63a58ea4367a0e905979f140b7d090f86,crypto/mem.c,"('8322', '')",2019-12-14T20:57:35+01:00,1998-12-21T10:52:47+00:00
742ccab318b13a8779d9f9164d479b4a428a6da8,74924dcb3802640d7e2ae2e80ca6515d0a53de7a,crypto/mem.c,"('8322', '')",2019-12-14T20:57:35+01:00,2015-06-23T17:09:35-04:00
742ccab318b13a8779d9f9164d479b4a428a6da8,05c7b1631b4f6884b9ef5f0943a3d16d36383f52,crypto/mem.c,"('8322', '')",2019-12-14T20:57:35+01:00,2016-02-17T10:12:49+01:00
742ccab318b13a8779d9f9164d479b4a428a6da8,bbd86bf5424a611cb6b77a3a17fc522931c4dcb8,crypto/mem.c,"('8322', '')",2019-12-14T20:57:35+01:00,2016-01-07T15:14:18-05:00
742ccab318b13a8779d9f9164d479b4a428a6da8,9ac42ed8fc915c7447a88c200eda8e2e62fbabb4,crypto/mem.c,"('8322', '')",2019-12-14T20:57:35+01:00,1999-12-17T12:56:24+00:00
742ccab318b13a8779d9f9164d479b4a428a6da8,0cd08cce17f665fe57b650d0d2f983f41c84b273,crypto/mem.c,"('8322', '')",2019-12-14T20:57:35+01:00,1999-12-18T05:22:50+00:00
742ccab318b13a8779d9f9164d479b4a428a6da8,4e482ae6ff62dd992354cad61dd3d81d55b6e204,crypto/mem_dbg.c,"('8322', '')",2019-12-14T20:57:35+01:00,2016-01-11T02:41:16+00:00
742ccab318b13a8779d9f9164d479b4a428a6da8,c2e4e5d248567d4eea5bf6d525bdbcc09099ba6e,crypto/mem_dbg.c,"('8322', '')",2019-12-14T20:57:35+01:00,2016-07-19T23:49:54+02:00
742ccab318b13a8779d9f9164d479b4a428a6da8,e6b5c341b94d357b0158ad74b12edd51399a4b87,crypto/mem_dbg.c,"('8322', '')",2019-12-14T20:57:35+01:00,2016-01-11T17:50:27+00:00
742ccab318b13a8779d9f9164d479b4a428a6da8,b4df712acad6514efc8753d9aa8b5fe3a721c811,crypto/mem_dbg.c,"('8322', '')",2019-12-14T20:57:35+01:00,2017-07-07T13:37:06+10:00
742ccab318b13a8779d9f9164d479b4a428a6da8,934397ec661daeb63ea9d9f1e464ca50de8072cf,crypto/mem_dbg.c,"('8322', '')",2019-12-14T20:57:35+01:00,2001-02-19T10:32:53+00:00
742ccab318b13a8779d9f9164d479b4a428a6da8,63ab5ea13b671cb60dd4b7cfde2bcae9d14c5a60,crypto/mem_dbg.c,"('8322', '')",2019-12-14T20:57:35+01:00,2018-01-31T12:25:28-06:00
742ccab318b13a8779d9f9164d479b4a428a6da8,6e22639f4640b702d9d8636265c685448ca64145,crypto/mem_dbg.c,"('8322', '')",2019-12-14T20:57:35+01:00,2000-03-18T15:18:27+00:00
742ccab318b13a8779d9f9164d479b4a428a6da8,9471f7760dcc81fe6995f016fc7120db0c678818,crypto/mem_dbg.c,"('8322', '')",2019-12-14T20:57:35+01:00,2016-03-08T21:06:04+00:00
742ccab318b13a8779d9f9164d479b4a428a6da8,2d905f6715453034d1f942a0237b0d2b9d57326c,crypto/mem_dbg.c,"('8322', '')",2019-12-14T20:57:35+01:00,2019-06-21T08:29:44+10:00
742ccab318b13a8779d9f9164d479b4a428a6da8,0e598a3d185e9bbfe1a513c05063970a1c532e23,crypto/mem_dbg.c,"('8322', '')",2019-12-14T20:57:35+01:00,2017-10-12T22:04:12-04:00
742ccab318b13a8779d9f9164d479b4a428a6da8,2a056de832a62f9c6da67779f3764f004df6fdb0,crypto/mem_dbg.c,"('8322', '')",2019-12-14T20:57:35+01:00,2016-01-11T17:50:27+00:00
742ccab318b13a8779d9f9164d479b4a428a6da8,0cd08cce17f665fe57b650d0d2f983f41c84b273,crypto/mem_dbg.c,"('8322', '')",2019-12-14T20:57:35+01:00,1999-12-18T05:22:50+00:00
742ccab318b13a8779d9f9164d479b4a428a6da8,65962686758eda5e4eea9852306d91d17502bd1e,crypto/mem_dbg.c,"('8322', '')",2019-12-14T20:57:35+01:00,2000-05-02T13:36:50+00:00
742ccab318b13a8779d9f9164d479b4a428a6da8,0f113f3ee4d629ef9a4a30911b22b224772085e5,crypto/mem_dbg.c,"('8322', '')",2019-12-14T20:57:35+01:00,2015-01-22T09:20:09+00:00
742ccab318b13a8779d9f9164d479b4a428a6da8,23dd0c9f8dc6f7edf4b872d13e5644dfbbee585b,crypto/mem_dbg.c,"('8322', '')",2019-12-14T20:57:35+01:00,2016-07-20T12:41:31+01:00
742ccab318b13a8779d9f9164d479b4a428a6da8,17197a2f61d04314b465b71a4ce164b5e219f15c,crypto/mem_dbg.c,"('8322', '')",2019-12-14T20:57:35+01:00,2019-11-29T14:21:55+00:00
742ccab318b13a8779d9f9164d479b4a428a6da8,86ba26c80a49aee3c588d286d91eb3843529f7e2,crypto/mem_dbg.c,"('8322', '')",2019-12-14T20:57:35+01:00,2017-07-07T13:37:06+10:00
742ccab318b13a8779d9f9164d479b4a428a6da8,a060574458752ad1f914221be4627598efff62df,crypto/mem_dbg.c,"('8322', '')",2019-12-14T20:57:35+01:00,2016-03-09T01:20:53+00:00
742ccab318b13a8779d9f9164d479b4a428a6da8,26a3a48d65c7464b400ec1de439994d7f0d25fed,crypto/mem_dbg.c,"('8322', '')",2019-12-14T20:57:35+01:00,2000-06-01T22:19:21+00:00
742ccab318b13a8779d9f9164d479b4a428a6da8,d4cdbab99b8ead6ae2462d6b452f8b2462ca8733,crypto/mem_dbg.c,"('8322', '')",2019-12-14T20:57:35+01:00,2008-07-04T23:12:52+00:00
742ccab318b13a8779d9f9164d479b4a428a6da8,3c1d6bbc9242900af0e5db927fdcda38539bd54a,crypto/mem_dbg.c,"('8322', '')",2019-12-14T20:57:35+01:00,2008-05-26T11:24:29+00:00
742ccab318b13a8779d9f9164d479b4a428a6da8,5f0580ccf126a4834a406423e15da5b8a8bdf993,crypto/mem_dbg.c,"('8322', '')",2019-12-14T20:57:35+01:00,2015-10-05T09:26:19+02:00
742ccab318b13a8779d9f9164d479b4a428a6da8,62d0577e0d5e3703436d0fba362d516481291810,crypto/mem_dbg.c,"('8322', '')",2019-12-14T20:57:35+01:00,2016-01-11T17:50:27+00:00
742ccab318b13a8779d9f9164d479b4a428a6da8,e7aa7c11c71e84b2d6c06b1c81d130e8c1fba296,crypto/mem_dbg.c,"('8322', '')",2019-12-14T20:57:35+01:00,2019-07-17T14:48:06+02:00
742ccab318b13a8779d9f9164d479b4a428a6da8,20626cfd5870e80838010cddf99dd6297eceaa26,crypto/mem_dbg.c,"('8322', '')",2019-12-14T20:57:35+01:00,2017-04-24T18:09:01+02:00
742ccab318b13a8779d9f9164d479b4a428a6da8,5f834ab123af6444b7cffe21849e434ad6479f8a,crypto/mem_dbg.c,"('8322', '')",2019-12-14T20:57:35+01:00,2008-07-03T19:59:25+00:00
742ccab318b13a8779d9f9164d479b4a428a6da8,90945fa31a42dcf3beb90540c618e4d627c595ea,crypto/mem_dbg.c,"('8322', '')",2019-12-14T20:57:35+01:00,2015-11-09T22:48:41+00:00
742ccab318b13a8779d9f9164d479b4a428a6da8,05c7b1631b4f6884b9ef5f0943a3d16d36383f52,crypto/mem_dbg.c,"('8322', '')",2019-12-14T20:57:35+01:00,2016-02-17T10:12:49+01:00
742ccab318b13a8779d9f9164d479b4a428a6da8,f672aee49450e03e7b1a26c8701d0be720e9ae0e,crypto/mem_dbg.c,"('8322', '')",2019-12-14T20:57:35+01:00,2016-02-10T09:37:03-05:00
742ccab318b13a8779d9f9164d479b4a428a6da8,bbd86bf5424a611cb6b77a3a17fc522931c4dcb8,crypto/mem_dbg.c,"('8322', '')",2019-12-14T20:57:35+01:00,2016-01-07T15:14:18-05:00
742ccab318b13a8779d9f9164d479b4a428a6da8,9ac42ed8fc915c7447a88c200eda8e2e62fbabb4,crypto/mem_dbg.c,"('8322', '')",2019-12-14T20:57:35+01:00,1999-12-17T12:56:24+00:00
742ccab318b13a8779d9f9164d479b4a428a6da8,012c5408507b0c85e0af14efbda51d906d620508,crypto/mem_dbg.c,"('8322', '')",2019-12-14T20:57:35+01:00,2015-12-02T16:49:08+01:00
742ccab318b13a8779d9f9164d479b4a428a6da8,4fae386cb0563a0c05c2817a5ccb3c18e6d62d8d,crypto/mem_dbg.c,"('8322', '')",2019-12-14T20:57:35+01:00,2015-12-22T09:11:07-05:00
742ccab318b13a8779d9f9164d479b4a428a6da8,3ae34e3a8c2e8902eb42b61a9554f4e988553fbb,crypto/mem_dbg.c,"('8322', '')",2019-12-14T20:57:35+01:00,2001-08-28T15:54:57+00:00
742ccab318b13a8779d9f9164d479b4a428a6da8,3ac82faae5eb02140f347610be0726f549a0aa0a,crypto/mem_dbg.c,"('8322', '')",2019-12-14T20:57:35+01:00,2000-12-15T16:40:35+00:00
742ccab318b13a8779d9f9164d479b4a428a6da8,dfeab0689f69c0b4bd3480ffd37a9cacc2f17d9c,crypto/objects/o_names.c,"('8322', '')",2019-12-14T20:57:35+01:00,1998-12-21T11:00:56+00:00
742ccab318b13a8779d9f9164d479b4a428a6da8,0f113f3ee4d629ef9a4a30911b22b224772085e5,crypto/objects/o_names.c,"('8322', '')",2019-12-14T20:57:35+01:00,2015-01-22T09:20:09+00:00
742ccab318b13a8779d9f9164d479b4a428a6da8,bbd86bf5424a611cb6b77a3a17fc522931c4dcb8,crypto/objects/o_names.c,"('8322', '')",2019-12-14T20:57:35+01:00,2016-01-07T15:14:18-05:00
742ccab318b13a8779d9f9164d479b4a428a6da8,cc38e643cbfb6da84fb2bb6a188698d0bc082a20,crypto/provider_core.c,"('8322', '')",2019-12-14T20:57:35+01:00,2019-11-29T16:14:44+00:00
742ccab318b13a8779d9f9164d479b4a428a6da8,4e482ae6ff62dd992354cad61dd3d81d55b6e204,doc/man3/OPENSSL_malloc.pod,"('8322', '')",2019-12-14T20:57:35+01:00,2016-01-11T02:41:16+00:00
742ccab318b13a8779d9f9164d479b4a428a6da8,fa9bb6201e1d16ba8ccab938833d140ef81a7f73,doc/man3/OPENSSL_malloc.pod,"('8322', '')",2019-12-14T20:57:35+01:00,2016-02-17T10:12:49+01:00
742ccab318b13a8779d9f9164d479b4a428a6da8,c2e27310c790c0dd2f87dd420e65e0cca522ddb2,doc/man3/OPENSSL_malloc.pod,"('8322', '')",2019-12-14T20:57:35+01:00,2016-01-11T02:41:16+00:00
742ccab318b13a8779d9f9164d479b4a428a6da8,29f484d00d732ea4c19a7fd3dc0440045653e79e,doc/man3/OPENSSL_malloc.pod,"('8322', '')",2019-12-14T20:57:35+01:00,2018-04-03T16:17:34+01:00
742ccab318b13a8779d9f9164d479b4a428a6da8,6025001707fd65679d758c877200469d4e72ea88,doc/man3/OPENSSL_malloc.pod,"('8322', '')",2019-12-14T20:57:35+01:00,2016-08-05T19:07:30-04:00
742ccab318b13a8779d9f9164d479b4a428a6da8,bbd86bf5424a611cb6b77a3a17fc522931c4dcb8,doc/man3/OPENSSL_malloc.pod,"('8322', '')",2019-12-14T20:57:35+01:00,2016-01-07T15:14:18-05:00
742ccab318b13a8779d9f9164d479b4a428a6da8,0a5228543cc9535b6a20d496df2c7894a4446ad0,doc/man3/OPENSSL_malloc.pod,"('8322', '')",2019-12-14T20:57:35+01:00,2016-07-19T23:49:54+02:00
742ccab318b13a8779d9f9164d479b4a428a6da8,00bb5504cc62693e05ff4e699f379011c55ecc84,doc/man3/OPENSSL_malloc.pod,"('8322', '')",2019-12-14T20:57:35+01:00,2016-11-03T15:25:00-04:00
742ccab318b13a8779d9f9164d479b4a428a6da8,20626cfd5870e80838010cddf99dd6297eceaa26,doc/man3/OPENSSL_malloc.pod,"('8322', '')",2019-12-14T20:57:35+01:00,2017-04-24T18:09:01+02:00
742ccab318b13a8779d9f9164d479b4a428a6da8,e7aa7c11c71e84b2d6c06b1c81d130e8c1fba296,doc/man3/OPENSSL_malloc.pod,"('8322', '')",2019-12-14T20:57:35+01:00,2019-07-17T14:48:06+02:00
742ccab318b13a8779d9f9164d479b4a428a6da8,cc38e643cbfb6da84fb2bb6a188698d0bc082a20,doc/man7/provider-base.pod,"('8322', '')",2019-12-14T20:57:35+01:00,2019-11-29T16:14:44+00:00
742ccab318b13a8779d9f9164d479b4a428a6da8,cc38e643cbfb6da84fb2bb6a188698d0bc082a20,include/openssl/core_numbers.h,"('8322', '')",2019-12-14T20:57:35+01:00,2019-11-29T16:14:44+00:00
742ccab318b13a8779d9f9164d479b4a428a6da8,4e482ae6ff62dd992354cad61dd3d81d55b6e204,include/openssl/crypto.h,"('8322', '')",2019-12-14T20:57:35+01:00,2016-01-11T02:41:16+00:00
742ccab318b13a8779d9f9164d479b4a428a6da8,3b7a71b2f026702877d8cf4240996f71ae2ff55a,include/openssl/crypto.h,"('8322', '')",2019-12-14T20:57:35+01:00,2016-04-29T16:42:44+01:00
742ccab318b13a8779d9f9164d479b4a428a6da8,05c7b1631b4f6884b9ef5f0943a3d16d36383f52,include/openssl/crypto.h,"('8322', '')",2019-12-14T20:57:35+01:00,2016-02-17T10:12:49+01:00
742ccab318b13a8779d9f9164d479b4a428a6da8,bbd86bf5424a611cb6b77a3a17fc522931c4dcb8,include/openssl/crypto.h,"('8322', '')",2019-12-14T20:57:35+01:00,2016-01-07T15:14:18-05:00
742ccab318b13a8779d9f9164d479b4a428a6da8,0e598a3d185e9bbfe1a513c05063970a1c532e23,include/openssl/crypto.h,"('8322', '')",2019-12-14T20:57:35+01:00,2017-10-12T22:04:12-04:00
742ccab318b13a8779d9f9164d479b4a428a6da8,0cd08cce17f665fe57b650d0d2f983f41c84b273,include/openssl/crypto.h,"('8322', '')",2019-12-14T20:57:35+01:00,1999-12-18T05:22:50+00:00
742ccab318b13a8779d9f9164d479b4a428a6da8,20626cfd5870e80838010cddf99dd6297eceaa26,include/openssl/crypto.h,"('8322', '')",2019-12-14T20:57:35+01:00,2017-04-24T18:09:01+02:00
742ccab318b13a8779d9f9164d479b4a428a6da8,cc38e643cbfb6da84fb2bb6a188698d0bc082a20,providers/fips/fipsprov.c,"('8322', '')",2019-12-14T20:57:35+01:00,2019-11-29T16:14:44+00:00
742ccab318b13a8779d9f9164d479b4a428a6da8,cc38e643cbfb6da84fb2bb6a188698d0bc082a20,providers/fips/selftest.c,"('8322', '')",2019-12-14T20:57:35+01:00,2019-11-29T16:14:44+00:00
742ccab318b13a8779d9f9164d479b4a428a6da8,bbd86bf5424a611cb6b77a3a17fc522931c4dcb8,ssl/ssl_ciph.c,"('8322', '')",2019-12-14T20:57:35+01:00,2016-01-07T15:14:18-05:00
742ccab318b13a8779d9f9164d479b4a428a6da8,5705e05037938623f701092ec84dae90d191091c,test/asynctest.c,"('8322', '')",2019-12-14T20:57:35+01:00,2015-11-20T23:34:35+00:00
742ccab318b13a8779d9f9164d479b4a428a6da8,7b9f8f7f03eda2faa1cdd42ed29a0b70e60eaf59,test/asynctest.c,"('8322', '')",2019-12-14T20:57:35+01:00,2016-02-09T15:11:38+00:00
742ccab318b13a8779d9f9164d479b4a428a6da8,bbd86bf5424a611cb6b77a3a17fc522931c4dcb8,test/asynctest.c,"('8322', '')",2019-12-14T20:57:35+01:00,2016-01-07T15:14:18-05:00
742ccab318b13a8779d9f9164d479b4a428a6da8,c6048af23c577bcf85f15122dd03b65f959c9ecb,test/bio_memleak_test.c,"('8322', '')",2019-12-14T20:57:35+01:00,2019-01-21T17:47:02+10:00
742ccab318b13a8779d9f9164d479b4a428a6da8,43405889f47648ee70c1b412b8b71570e8aaa24a,test/sslbuffertest.c,"('8322', '')",2019-12-14T20:57:35+01:00,2017-07-27T08:08:36+10:00
742ccab318b13a8779d9f9164d479b4a428a6da8,a58eb06d527c86492d4205feeb0e20bf19a1181d,test/sslbuffertest.c,"('8322', '')",2019-12-14T20:57:35+01:00,2017-07-26T11:42:17-04:00
742ccab318b13a8779d9f9164d479b4a428a6da8,c2500f658bbf378a94a76420ea7ef3d2bff17f9c,test/ssltest_old.c,"('8322', '')",2019-12-14T20:57:35+01:00,2017-07-14T07:35:17+10:00
742ccab318b13a8779d9f9164d479b4a428a6da8,798757762a2b1a952147b602fd37fd6fe317e26f,test/ssltest_old.c,"('8322', '')",2019-12-14T20:57:35+01:00,1999-10-25T19:36:01+00:00
742ccab318b13a8779d9f9164d479b4a428a6da8,541e9565bb5b860e9e0b5faeb5d474deeaef743b,test/ssltest_old.c,"('8322', '')",2019-12-14T20:57:35+01:00,2016-02-05T16:02:21+00:00
742ccab318b13a8779d9f9164d479b4a428a6da8,bbd86bf5424a611cb6b77a3a17fc522931c4dcb8,test/ssltest_old.c,"('8322', '')",2019-12-14T20:57:35+01:00,2016-01-07T15:14:18-05:00
742ccab318b13a8779d9f9164d479b4a428a6da8,68e49bf22384c33494886eb95d78f1f69f433781,test/testutil/driver.c,"('8322', '')",2019-12-14T20:57:35+01:00,2017-04-28T15:59:46+02:00
742ccab318b13a8779d9f9164d479b4a428a6da8,12bd4e141eac30543a790156154deca195ace1b7,test/testutil/driver.c,"('8322', '')",2019-12-14T20:57:35+01:00,2018-06-22T01:04:34+02:00
742ccab318b13a8779d9f9164d479b4a428a6da8,4db40c94c38ee94fbef820a9816ac2d68f65506e,test/testutil/driver.c,"('8322', '')",2019-12-14T20:57:35+01:00,2017-04-24T18:09:01+02:00
742ccab318b13a8779d9f9164d479b4a428a6da8,3b39185880a996787daf67bb74cb2a89e91e38cf,util/libcrypto.num,"('8322', '')",2019-12-14T20:57:35+01:00,2018-12-07T16:02:17+01:00
0ab6fc79a9a63370be1a615729dc2a6ed0d6c89b,7e1b7485706c2b11091b5fa897fe496a2faa56cc,apps/x509.c,"('', '4366')",2019-12-19T09:58:51+01:00,2015-04-24T15:26:15-04:00
0ab6fc79a9a63370be1a615729dc2a6ed0d6c89b,e8769719c9bbe53d7af088111b7625671660d4db,doc/man1/openssl-x509.pod.in,"('', '4366')",2019-12-19T09:58:51+01:00,2019-10-01T08:36:58+02:00
2de5a5fbdd14f514e962cccfe90482c37786c183,34574f193bf9961256d5b8bdb6950dcc890e0336,ssl/tls13_enc.c,"('10675', '')",2020-01-02T13:49:41+01:00,2016-11-09T14:08:14+00:00
26583f6aa8dc28e3598e61db66e54e2fdf8b195f,a200a817add039d0515e6ecf94237b634819687d,crypto/ec/ecdsa_vrf.c,"('8766', '')",2020-01-05T15:50:11+02:00,2015-12-09T22:09:19+00:00
26583f6aa8dc28e3598e61db66e54e2fdf8b195f,14a7cfb32a0347a4bc620ae1b552b21c4c1e270b,crypto/ec/ecdsa_vrf.c,"('8766', '')",2020-01-05T15:50:11+02:00,2002-08-07T10:49:54+00:00
60a3399721a48931b137ae4d966a9ef4b6a85d11,982efd7765f42ba0329e5db6e3434b072d90842c,crypto/evp/pmeth_lib.c,"('10704', '')",2020-01-06T13:34:38+03:00,2019-12-17T08:13:13+01:00
1cf20ca31bed31c0bd16c6ed1eeaa1b9580939b7,7e1b7485706c2b11091b5fa897fe496a2faa56cc,apps/ocsp.c,"('10682', '')",2020-01-06T17:11:47+01:00,2015-04-24T15:26:15-04:00
a9e4e3c39eb361ddfb438edb27c754947009eed6,b0940b33a60cbfab03153287181372d0066410a6,Configurations/windows-makefile.tmpl,"('10648', '');('10749', '')",2020-01-08T18:01:02+01:00,2019-11-29T09:51:17+01:00
7671420d9ebd18242f571866c6adca6f8bcb2f90,d73458d17ac7e44270a2bcbace45ab99334754b4,test/testutil/testutil_init.c,"('10731', '')",2020-01-10T13:28:48+10:00,2019-06-19T12:43:05+02:00
e0e68f9e34585084038fba768fb2eecb5dd1ddf3,a43ce58f5569a160272c492c680f2e42d38ec769,apps/lib/opt.c,"('10773', '')",2020-01-11T00:21:29+01:00,2019-02-11T15:31:51+01:00
ed086e2318fb97ebafcd724fbfd1834e17d581d9,e683582bf37de45a9512aea7ff33b9a3ebdf07f4,crypto/evp/pmeth_lib.c,"('10758', '')",2020-01-15T11:50:10+03:00,2020-01-12T11:32:12+10:00
fadb57e554cb0b9b7678902a3572740f31bcc279,185ec4be6d3beac8cb262415c48e78b129f7efd2,Configurations/unix-Makefile.tmpl,"('10109', '')",2020-01-22T18:06:49+01:00,2019-10-03T15:52:00+02:00
fadb57e554cb0b9b7678902a3572740f31bcc279,4dde554c6ae2375ce53b24cc535124355c339462,doc/internal/man3/ossl_cmp_statusinfo_new.pod,"('10109', '')",2020-01-22T18:06:49+01:00,2019-10-29T14:17:39+00:00
fadb57e554cb0b9b7678902a3572740f31bcc279,d2b194d78f16493d2eb12bcce285537fcb538bfb,doc/man1/openssl-cmds.pod,"('10109', '')",2020-01-22T18:06:49+01:00,2019-12-12T16:55:02+01:00
fadb57e554cb0b9b7678902a3572740f31bcc279,ef7eaa4cb0cf07c79cb0d294c7d24c2f74e1bdcf,doc/man1/openssl-dhparam.pod.in,"('10109', '')",2020-01-22T18:06:49+01:00,2000-01-08T13:36:17+00:00
fadb57e554cb0b9b7678902a3572740f31bcc279,35a810bb1d6af5a71170c5c4b506f7665d573a3e,doc/man1/openssl-dhparam.pod.in,"('10109', '')",2020-01-22T18:06:49+01:00,2019-10-09T10:44:32+02:00
fadb57e554cb0b9b7678902a3572740f31bcc279,09483c58e3b21841d2761ce90b1f12b24f814881,doc/man1/openssl-dhparam.pod.in,"('10109', '')",2020-01-22T18:06:49+01:00,2000-01-22T13:58:29+00:00
fadb57e554cb0b9b7678902a3572740f31bcc279,b6b66573bdeb369636be66104687f211dfad03aa,doc/man1/openssl-ts.pod.in,"('10109', '')",2020-01-22T18:06:49+01:00,2019-08-22T18:58:40+02:00
fadb57e554cb0b9b7678902a3572740f31bcc279,bb82531f6592f0e9af28d3502346191a465374a3,doc/man1/openssl-ts.pod.in,"('10109', '')",2020-01-22T18:06:49+01:00,2019-10-11T15:30:57+02:00
fadb57e554cb0b9b7678902a3572740f31bcc279,bb82531f6592f0e9af28d3502346191a465374a3,doc/man1/tsget.pod,"('10109', '')",2020-01-22T18:06:49+01:00,2019-10-11T15:30:57+02:00
fadb57e554cb0b9b7678902a3572740f31bcc279,9c45222ddc36124b8826d98dc0794f3eef1e5f0b,doc/man3/EVP_PKEY_CTX_ctrl.pod,"('10109', '')",2020-01-22T18:06:49+01:00,2019-09-09T14:00:00+01:00
fadb57e554cb0b9b7678902a3572740f31bcc279,3cb45a55853db05d5af1b564a55491a22f592305,doc/man3/EVP_PKEY_CTX_set_scrypt_N.pod,"('10109', '')",2020-01-22T18:06:49+01:00,2019-07-19T20:16:30+02:00
fadb57e554cb0b9b7678902a3572740f31bcc279,12df11bdf11fb6a3410483b0097f032e329b4623,doc/man3/EVP_PKEY_derive.pod,"('10109', '')",2020-01-22T18:06:49+01:00,2019-07-16T10:16:32+01:00
fadb57e554cb0b9b7678902a3572740f31bcc279,11031468c38c801b6acefe9bba9d531d92653da3,doc/man3/EVP_PKEY_sign.pod,"('10109', '')",2020-01-22T18:06:49+01:00,2019-09-09T14:00:00+01:00
fadb57e554cb0b9b7678902a3572740f31bcc279,11031468c38c801b6acefe9bba9d531d92653da3,doc/man3/EVP_PKEY_verify.pod,"('10109', '')",2020-01-22T18:06:49+01:00,2019-09-09T14:00:00+01:00
fadb57e554cb0b9b7678902a3572740f31bcc279,bb82531f6592f0e9af28d3502346191a465374a3,doc/man3/OSSL_trace_set_channel.pod,"('10109', '')",2020-01-22T18:06:49+01:00,2019-10-11T15:30:57+02:00
fadb57e554cb0b9b7678902a3572740f31bcc279,eb389a75c0e893a3a9951ddc804459713dbf5d3d,doc/man3/PKCS12_SAFEBAG_get0_attrs.pod,"('10109', '')",2020-01-22T18:06:49+01:00,2019-11-12T18:14:31+01:00
fadb57e554cb0b9b7678902a3572740f31bcc279,b97fdb57a269656fa20024a4404d3f543f06ac61,doc/man3/SMIME_read_CMS.pod,"('10109', '')",2020-01-22T18:06:49+01:00,2016-11-11T13:06:43+01:00
fadb57e554cb0b9b7678902a3572740f31bcc279,849d91a62cede6787769389f40fc912db439bedb,doc/man3/X509_LOOKUP_hash_dir.pod,"('10109', '')",2020-01-22T18:06:49+01:00,2019-11-03T18:38:23+01:00
fadb57e554cb0b9b7678902a3572740f31bcc279,33f54da3dda8ef95c2a8d8580fde312c6fe4d3fb,doc/man7/EVP_KDF-KRB5KDF.pod,"('10109', '')",2020-01-22T18:06:49+01:00,2019-10-23T08:32:48+02:00
fadb57e554cb0b9b7678902a3572740f31bcc279,36fc5fc6bd5ca53fb30aabc38e3fefbab0005b2c,doc/man7/OSSL_PROVIDER-FIPS.pod,"('10109', '')",2020-01-22T18:06:49+01:00,2020-01-15T10:48:01+10:00
fadb57e554cb0b9b7678902a3572740f31bcc279,22bb8c254555036725aacb64c056bd8b3379fc4c,doc/man7/openssl-env.pod,"('10109', '')",2020-01-22T18:06:49+01:00,2019-11-28T13:58:51+01:00
fadb57e554cb0b9b7678902a3572740f31bcc279,11d876df50d90ec4b26364c4b7d317ea19139e13,doc/man7/provider-asym_cipher.pod,"('10109', '')",2020-01-22T18:06:49+01:00,2019-11-14T09:29:46+00:00
fadb57e554cb0b9b7678902a3572740f31bcc279,59972370e391d6f6314cee26529cbda41eb0a198,doc/man7/provider-keyexch.pod,"('10109', '')",2020-01-22T18:06:49+01:00,2019-08-05T14:32:48+01:00
fadb57e554cb0b9b7678902a3572740f31bcc279,4f62f5d9af4fb4c7765859967ee39252e34ceeb9,doc/man7/provider-signature.pod,"('10109', '')",2020-01-22T18:06:49+01:00,2019-09-09T14:00:00+01:00
fadb57e554cb0b9b7678902a3572740f31bcc279,e4c0ec6278f1fbfc50fcdd09769f65ca80866f6b,doc/man7/provider.pod,"('10109', '')",2020-01-22T18:06:49+01:00,2019-07-22T16:42:19+02:00
fadb57e554cb0b9b7678902a3572740f31bcc279,d2b194d78f16493d2eb12bcce285537fcb538bfb,doc/man7/provider.pod,"('10109', '')",2020-01-22T18:06:49+01:00,2019-12-12T16:55:02+01:00
fadb57e554cb0b9b7678902a3572740f31bcc279,bc5a80910dccbc1e417f96bb7f0a3814d3ad5a4d,util/find-doc-nits,"('10109', '')",2020-01-22T18:06:49+01:00,2019-09-04T17:35:51+02:00
fadb57e554cb0b9b7678902a3572740f31bcc279,e75138abea25659d304feb880cf54d760245e2f3,util/find-doc-nits,"('10109', '')",2020-01-22T18:06:49+01:00,2017-08-14T09:32:07-04:00
fadb57e554cb0b9b7678902a3572740f31bcc279,b5283535d52002f892ef17c890a3e1840640a60b,util/find-doc-nits,"('10109', '')",2020-01-22T18:06:49+01:00,2019-06-12T10:12:14+01:00
fadb57e554cb0b9b7678902a3572740f31bcc279,a6dd3a3aa2577fa6c3586b96fe0b46be336cff54,util/find-doc-nits,"('10109', '')",2020-01-22T18:06:49+01:00,2019-09-26T08:10:47+02:00
fadb57e554cb0b9b7678902a3572740f31bcc279,a397aca43598ef20c84e69f6d6e5d95652aa0325,util/find-doc-nits,"('10109', '')",2020-01-22T18:06:49+01:00,2019-10-15T13:47:17+02:00
fadb57e554cb0b9b7678902a3572740f31bcc279,9e183d2271653cbba2d9cf56d40c1356705207aa,util/find-doc-nits,"('10109', '')",2020-01-22T18:06:49+01:00,2017-03-11T08:56:44-05:00
fadb57e554cb0b9b7678902a3572740f31bcc279,b4350db5a7ac501e652b75bef21ed3f82d2f6d1b,util/find-doc-nits,"('10109', '')",2020-01-22T18:06:49+01:00,2019-12-21T22:53:54+01:00
fadb57e554cb0b9b7678902a3572740f31bcc279,9a2dfc0febaf89403cdbd4bfdb2417fd3d055e95,util/find-doc-nits,"('10109', '')",2020-01-22T18:06:49+01:00,2017-06-08T17:23:21-04:00
fadb57e554cb0b9b7678902a3572740f31bcc279,5d61758ee70aebb479d6f7a43483af405c0031a2,util/libcrypto.num,"('10109', '')",2020-01-22T18:06:49+01:00,2019-11-05T22:44:21+01:00
fadb57e554cb0b9b7678902a3572740f31bcc279,ccfce835e07210064450a58ce189d0e622a1fccf,util/missingcrypto.txt,"('10109', '')",2020-01-22T18:06:49+01:00,2019-12-21T22:53:54+01:00
fadb57e554cb0b9b7678902a3572740f31bcc279,567db2c17d4ea8a0164d7abd8aed65b7a634bb40,util/other.syms,"('10109', '')",2020-01-22T18:06:49+01:00,2018-10-29T13:35:19+01:00
fadb57e554cb0b9b7678902a3572740f31bcc279,d2ba812343a62b1f86a15ae09bdeafec6d82f43a,util/other.syms,"('10109', '')",2020-01-22T18:06:49+01:00,2019-05-03T17:52:50+02:00
612539e8a678c6099131dfd0e5e4b85fa774eb1a,42e0ccdfe851c9a153d3e90746a2b8561dc9b1e3,util/perl/OpenSSL/Test.pm,"('10628', '')",2020-01-27T08:48:31+01:00,2016-02-09T11:43:20+01:00
612539e8a678c6099131dfd0e5e4b85fa774eb1a,7a2027240e1d01f7f5b209998d1de36af221b34b,util/perl/OpenSSL/Test.pm,"('10628', '')",2020-01-27T08:48:31+01:00,2019-07-02T20:10:57+02:00
7955c1f16e72dc944677fd1dbf4b1300e75f1c84,aff8c126fd8db84fa4ef623997a8c4200a14a44f,ssl/ssl_lib.c,"('8822', '')",2020-01-30T16:01:25+00:00,2017-01-09T22:26:47-05:00
7955c1f16e72dc944677fd1dbf4b1300e75f1c84,a75be9fd34b5d66f349186f21cd8d063d2fa87a4,ssl/ssl_lib.c,"('8822', '')",2020-01-30T16:01:25+00:00,2018-07-26T15:06:53-05:00
7955c1f16e72dc944677fd1dbf4b1300e75f1c84,0f113f3ee4d629ef9a4a30911b22b224772085e5,ssl/ssl_lib.c,"('8822', '')",2020-01-30T16:01:25+00:00,2015-01-22T09:20:09+00:00
7955c1f16e72dc944677fd1dbf4b1300e75f1c84,1c4aa31d79821dee9be98e915159d52cc30d8403,ssl/statem/extensions_srvr.c,"('8822', '')",2020-01-30T16:01:25+00:00,2018-07-20T07:12:24-05:00
7955c1f16e72dc944677fd1dbf4b1300e75f1c84,630369d9ce4f6bf67c4a055790362cd27b32229e,ssl/statem/extensions_srvr.c,"('8822', '')",2020-01-30T16:01:25+00:00,2017-08-31T15:03:35+01:00
7955c1f16e72dc944677fd1dbf4b1300e75f1c84,7da160b0f46d832dbf285cb0b48ae56d4a8b884d,ssl/statem/extensions_srvr.c,"('8822', '')",2020-01-30T16:01:25+00:00,2016-12-08T17:18:12+00:00
8d242823ed2270e2907914fb09004ae30263fb00,ad887416f1e59c3294a7d8f83a0ca77120523b4a,test/evp_test.c,"('6975', '')",2020-02-03T11:41:56+00:00,2017-07-27T07:53:08+10:00
8d242823ed2270e2907914fb09004ae30263fb00,9830e7ea42b9c0f95ea1f4b09aa2e60fa7d3115f,test/params_conversion_test.c,"('6975', '')",2020-02-03T11:41:56+00:00,2019-05-21T07:42:54+10:00
8d242823ed2270e2907914fb09004ae30263fb00,ad887416f1e59c3294a7d8f83a0ca77120523b4a,test/x509_dup_cert_test.c,"('6975', '')",2020-02-03T11:41:56+00:00,2017-07-27T07:53:08+10:00
8d242823ed2270e2907914fb09004ae30263fb00,ad887416f1e59c3294a7d8f83a0ca77120523b4a,test/x509aux.c,"('6975', '')",2020-02-03T11:41:56+00:00,2017-07-27T07:53:08+10:00
7fa8bcfe4342df41919f5564b315f9c85d0a02d6,bd990e2535ca387def9a01218a813dc3fa547e3c,CHANGES,"('10998', '')",2020-02-06T17:01:00+01:00,2017-05-17T10:40:04+01:00
7fa8bcfe4342df41919f5564b315f9c85d0a02d6,a9831305d8a907fa4465b90189a60ff026481e69,CHANGES,"('10998', '')",2020-02-06T17:01:00+01:00,2000-04-10T15:48:16+00:00
7fa8bcfe4342df41919f5564b315f9c85d0a02d6,116e315303d87c1974500a89dc3ff2fe7f88e59d,CHANGES,"('10998', '')",2020-02-06T17:01:00+01:00,1999-03-06T16:07:47+00:00
7fa8bcfe4342df41919f5564b315f9c85d0a02d6,381a146dc6e4c35e06546926fe7c48328aeb103d,CHANGES,"('10998', '')",2020-02-06T17:01:00+01:00,2002-04-10T19:52:40+00:00
7fa8bcfe4342df41919f5564b315f9c85d0a02d6,5782ceb2983b9e998b858474224fc011d6f0bd39,CHANGES,"('10998', '')",2020-02-06T17:01:00+01:00,2001-01-13T01:48:38+00:00
7fa8bcfe4342df41919f5564b315f9c85d0a02d6,6d31193858f176c276fe5f27d36408977933c1d6,CHANGES,"('10998', '')",2020-02-06T17:01:00+01:00,1999-04-24T00:15:18+00:00
7fa8bcfe4342df41919f5564b315f9c85d0a02d6,029c11c21fdd018ec51badaafd34118223055274,CONTRIBUTING,"('10998', '')",2020-02-06T17:01:00+01:00,2018-05-17T13:51:11+02:00
7fa8bcfe4342df41919f5564b315f9c85d0a02d6,bd30091c9725bdad1c82bce10839f33ceaa5623b,crypto/aes/asm/aesni-x86_64.pl,"('10998', '')",2020-02-06T17:01:00+01:00,2015-12-10T13:11:26+01:00
7fa8bcfe4342df41919f5564b315f9c85d0a02d6,23f6eec71dbd472044db7dc854599f1de14a1f48,crypto/aes/asm/aesni-x86_64.pl,"('10998', '')",2020-02-06T17:01:00+01:00,2015-04-20T15:43:05+02:00
7fa8bcfe4342df41919f5564b315f9c85d0a02d6,f8501464cc8fd8b7b4983462944a1894b157d735,crypto/aes/asm/aesni-x86_64.pl,"('10998', '')",2020-02-06T17:01:00+01:00,2011-05-22T18:38:00+00:00
7fa8bcfe4342df41919f5564b315f9c85d0a02d6,dfeab0689f69c0b4bd3480ffd37a9cacc2f17d9c,crypto/bn/asm/co-586.pl,"('10998', '')",2020-02-06T17:01:00+01:00,1998-12-21T11:00:56+00:00
7fa8bcfe4342df41919f5564b315f9c85d0a02d6,58964a492275ca9a59a0cd9c8155cb2491b4b909,crypto/perlasm/README,"('10998', '')",2020-02-06T17:01:00+01:00,1998-12-21T10:56:39+00:00
7fa8bcfe4342df41919f5564b315f9c85d0a02d6,d1593e6b15a6cb39a306b41669cda170c1d0da99,crypto/whrlpool/asm/wp-mmx.pl,"('10998', '')",2020-02-06T17:01:00+01:00,2005-11-28T20:09:58+00:00
7fa8bcfe4342df41919f5564b315f9c85d0a02d6,cddd424a5bda94e238e4ff06c0efc80cff3b07d1,doc/man1/openssl-s_client.pod.in,"('10998', '')",2020-02-06T17:01:00+01:00,2016-01-07T20:01:32-05:00
7fa8bcfe4342df41919f5564b315f9c85d0a02d6,cc8709a090b9664ab77ed6d89decb0c0fa4c6e09,doc/man1/openssl-sess_id.pod,"('10998', '')",2020-02-06T17:01:00+01:00,2000-01-21T22:38:52+00:00
7fa8bcfe4342df41919f5564b315f9c85d0a02d6,dd14f911714da77876a3c17e0168b6afef923be8,doc/man3/ASN1_TYPE_get.pod,"('10998', '')",2020-02-06T17:01:00+01:00,2015-03-26T21:59:17+00:00
7fa8bcfe4342df41919f5564b315f9c85d0a02d6,797a89a15aff6af1a3bb458987cce7fbddef1ff0,doc/man3/OCSP_request_add1_nonce.pod,"('10998', '')",2020-02-06T17:01:00+01:00,2015-07-28T16:56:04+01:00
7fa8bcfe4342df41919f5564b315f9c85d0a02d6,491c35324c9f4392ec3d59bb260bf9b7e588f881,doc/man7/passphrase-encoding.pod,"('10998', '')",2020-02-06T17:01:00+01:00,2018-05-14T15:56:59+02:00
0618b62ca2a9c5fb7bf8421deabaee240c709040,c8f6c28a938fc887ee3d2337f09db453e7fb0369,ssl/ssl_lib.c,"('11064', '')",2020-02-13T14:25:32+00:00,2020-02-06T11:59:07+00:00
51994e505dbb1cd0dd76869ec962e2948b77b585,b2b43d1b698235ee674e588c224db38d9b78d1ea,crypto/perlasm/x86_64-xlate.pl,"('10896', '')",2020-02-13T17:14:00+01:00,2020-01-18T05:33:19+01:00
1f2235ea4e48a48f0c06406c22c8ae31a6ccaae6,a146ae55ba479a5c7aa2a6afba1b2b93102a152c,crypto/evp/bio_b64.c,"('', '10958')",2020-02-20T18:53:50+10:00,2016-03-29T17:40:54+01:00
1f2235ea4e48a48f0c06406c22c8ae31a6ccaae6,d3442bc780473f0cd4f378bc31130d4579da640b,crypto/evp/bio_b64.c,"('', '10958')",2020-02-20T18:53:50+10:00,2000-02-20T23:43:02+00:00
1f2235ea4e48a48f0c06406c22c8ae31a6ccaae6,26a7d938c9bf932a55cb5e4e02abb48fe395c5cd,crypto/evp/bio_b64.c,"('', '10958')",2020-02-20T18:53:50+10:00,2017-10-18T16:05:06+01:00
1f2235ea4e48a48f0c06406c22c8ae31a6ccaae6,0f113f3ee4d629ef9a4a30911b22b224772085e5,crypto/evp/bio_b64.c,"('', '10958')",2020-02-20T18:53:50+10:00,2015-01-22T09:20:09+00:00
1f2235ea4e48a48f0c06406c22c8ae31a6ccaae6,a146ae55ba479a5c7aa2a6afba1b2b93102a152c,crypto/evp/bio_enc.c,"('', '10958')",2020-02-20T18:53:50+10:00,2016-03-29T17:40:54+01:00
1f2235ea4e48a48f0c06406c22c8ae31a6ccaae6,d3442bc780473f0cd4f378bc31130d4579da640b,crypto/evp/bio_enc.c,"('', '10958')",2020-02-20T18:53:50+10:00,2000-02-20T23:43:02+00:00
1f2235ea4e48a48f0c06406c22c8ae31a6ccaae6,26a7d938c9bf932a55cb5e4e02abb48fe395c5cd,crypto/evp/bio_enc.c,"('', '10958')",2020-02-20T18:53:50+10:00,2017-10-18T16:05:06+01:00
1f2235ea4e48a48f0c06406c22c8ae31a6ccaae6,0f113f3ee4d629ef9a4a30911b22b224772085e5,crypto/evp/bio_enc.c,"('', '10958')",2020-02-20T18:53:50+10:00,2015-01-22T09:20:09+00:00
1f2235ea4e48a48f0c06406c22c8ae31a6ccaae6,a146ae55ba479a5c7aa2a6afba1b2b93102a152c,crypto/evp/bio_md.c,"('', '10958')",2020-02-20T18:53:50+10:00,2016-03-29T17:40:54+01:00
1f2235ea4e48a48f0c06406c22c8ae31a6ccaae6,d3442bc780473f0cd4f378bc31130d4579da640b,crypto/evp/bio_md.c,"('', '10958')",2020-02-20T18:53:50+10:00,2000-02-20T23:43:02+00:00
1f2235ea4e48a48f0c06406c22c8ae31a6ccaae6,26a7d938c9bf932a55cb5e4e02abb48fe395c5cd,crypto/evp/bio_md.c,"('', '10958')",2020-02-20T18:53:50+10:00,2017-10-18T16:05:06+01:00
1f2235ea4e48a48f0c06406c22c8ae31a6ccaae6,0f113f3ee4d629ef9a4a30911b22b224772085e5,crypto/evp/bio_md.c,"('', '10958')",2020-02-20T18:53:50+10:00,2015-01-22T09:20:09+00:00
1f2235ea4e48a48f0c06406c22c8ae31a6ccaae6,a146ae55ba479a5c7aa2a6afba1b2b93102a152c,crypto/evp/bio_ok.c,"('', '10958')",2020-02-20T18:53:50+10:00,2016-03-29T17:40:54+01:00
1f2235ea4e48a48f0c06406c22c8ae31a6ccaae6,d3442bc780473f0cd4f378bc31130d4579da640b,crypto/evp/bio_ok.c,"('', '10958')",2020-02-20T18:53:50+10:00,2000-02-20T23:43:02+00:00
1f2235ea4e48a48f0c06406c22c8ae31a6ccaae6,0f113f3ee4d629ef9a4a30911b22b224772085e5,crypto/evp/bio_ok.c,"('', '10958')",2020-02-20T18:53:50+10:00,2015-01-22T09:20:09+00:00
5c33a6ba65e4ae4ddac34e3372c962dd49fb6e43,285e2991af23974761b9497f1e2a3396aa4bc440,util/wrap.pl,"('11255', '')",2020-03-09T10:45:42+01:00,2020-02-27T08:49:14+01:00
ca50d69cfe51f742ca052201fe4c5d851b28ae6c,ebea0f3014c5f19573afc7a8746278b557e5a1f5,Configurations/15-android.conf,"('11237', '')",2020-03-14T04:30:21+01:00,2018-03-13T19:32:00+01:00
629b507eaedde95c7b6195a1f210df56395efb8b,99b9aa95c435058bd35fb3b83b885894e2247c82,doc/man3/OSSL_PARAM_allocate_from_text.pod,"('11276', '')",2020-03-14T19:18:17+01:00,2020-02-12T19:45:42+10:00
629b507eaedde95c7b6195a1f210df56395efb8b,246a1f3dfafc4a377bc7d7da65d9f8981a696abd,doc/man3/OSSL_PARAM_allocate_from_text.pod,"('11276', '')",2020-03-14T19:18:17+01:00,2019-08-12T12:50:41+02:00
629b507eaedde95c7b6195a1f210df56395efb8b,2ee0dfa684d5fbda5758136807e2732bd4f85139,doc/man3/OSSL_PARAM_allocate_from_text.pod,"('11276', '')",2020-03-14T19:18:17+01:00,2020-02-21T13:04:25+01:00
0437435a960123be1ced766d18d715f939698345,417be660e1cd21a2ee085569ff98b0c4249b5416,crypto/bio/bss_acpt.c,"('7717', '')",2020-04-14T11:51:41+02:00,2016-02-03T19:40:32+01:00
d0ddf9b409495e8e2adab8a6b5bc38b34273341a,1a5632e0dcc5cdc2b3440694cb50e04994bb1391,crypto/evp/keymgmt_meth.c,"('11549', '')",2020-04-17T19:50:03+10:00,2020-03-12T10:43:58+01:00
d0ddf9b409495e8e2adab8a6b5bc38b34273341a,6292475573367434f91f7526301388d50c6d0d67,crypto/evp/pmeth_gn.c,"('11549', '')",2020-04-17T19:50:03+10:00,2020-03-12T10:44:01+01:00
d0ddf9b409495e8e2adab8a6b5bc38b34273341a,f6aa57741254723b0c32f0dfe1ed8ad886b43c80,crypto/evp/signature.c,"('11549', '')",2020-04-17T19:50:03+10:00,2020-01-18T05:27:50+01:00
d0ddf9b409495e8e2adab8a6b5bc38b34273341a,e33b132a1ae744614bb7cf568d197574dbafe1bb,doc/internal/man3/evp_pkey_export_to_provider.pod,"('11549', '')",2020-04-17T19:50:03+10:00,2020-02-29T05:39:43+01:00
031c9bd3f3e9a02fa126c7dbc47f3d934678a195,a56f68adb7aaada4848d422125bee87ea6c3f483,apps/speed.c,"('11523', '')",2020-04-18T11:47:50+08:00,2019-10-07T06:32:18+08:00
4c627d86351996d63d607960a0569248b96e63a8,eea1e780a1c2c6952af7b9e00129f5aaefb7207e,crypto/evp/m_sigver.c,"('11571', '')",2020-04-23T10:44:37+01:00,2020-03-09T07:59:05+00:00
4c627d86351996d63d607960a0569248b96e63a8,ead0d2347a348f0916d6d25818d16d702f1d1156,crypto/evp/m_sigver.c,"('11571', '')",2020-04-23T10:44:37+01:00,2020-01-23T17:59:12+01:00
70411a50d4b207e6d0352c12588e93c0c206ca39,4114964865435edc475c9ba49a7fa2b78956ab76,Configurations/windows-makefile.tmpl,"('11623', '')",2020-04-25T22:54:47+02:00,2020-04-19T23:36:51+02:00
036ee3706352970a15300b5cd4bf0b2cb370e12a,adc9f7312665f14ec5c73b60090a4df933e6556d,crypto/evp/keymgmt_lib.c,"('1462553', '')",2020-04-29T15:35:02+02:00,2020-03-25T17:00:39+01:00
95cf64404cabac96f32e72b5673e2702627e6b4c,d23adad1133c5445cd834cab0e598d7817effc6b,providers/implementations/ciphers/cipher_cast5.c,"('11459', '')",2020-05-05T09:38:08+10:00,2019-11-19T13:33:54+00:00
95cf64404cabac96f32e72b5673e2702627e6b4c,18b0042731c739855cddf1f296b0b5a536ef88a3,providers/implementations/include/prov/implementations.h,"('11459', '')",2020-05-05T09:38:08+10:00,2019-09-18T18:55:11+10:00
95cf64404cabac96f32e72b5673e2702627e6b4c,f5056577ba08b3694aab2722eae1c97bf00acc80,providers/legacyprov.c,"('11459', '')",2020-05-05T09:38:08+10:00,2020-04-09T12:47:46+10:00
35774d5594af9beeb73792742b7ed901d202be70,3bfacb5fd4679812a7b9ec61d296b1add64669c0,ssl/ssl_lib.c,"('11416', '')",2020-05-05T17:21:51-07:00,2020-05-01T15:10:11-07:00
35774d5594af9beeb73792742b7ed901d202be70,3bfacb5fd4679812a7b9ec61d296b1add64669c0,ssl/ssl_local.h,"('11416', '')",2020-05-05T17:21:51-07:00,2020-05-01T15:10:11-07:00
0324ffc5d5d393111288eca2c9d67f2141ed65f5,204afd81b12c71d625e89599c0eef33588afc1f0,crypto/pem/pem_lib.c,"('', '9187')",2020-05-08T13:27:47-07:00,2017-05-08T21:17:28+02:00
0324ffc5d5d393111288eca2c9d67f2141ed65f5,0f113f3ee4d629ef9a4a30911b22b224772085e5,crypto/pem/pem_lib.c,"('', '9187')",2020-05-08T13:27:47-07:00,2015-01-22T09:20:09+00:00
f523ca66612e6712f287aa4b4ed722a5f2d4d960,204afd81b12c71d625e89599c0eef33588afc1f0,crypto/pem/pem_lib.c,"('8815', '')",2020-05-12T19:23:49+02:00,2017-05-08T21:17:28+02:00
7ef43790617cb08b4bb4141df716dfb37385fe5c,d02b48c63a58ea4367a0e905979f140b7d090f86,apps/rsa8192.pem,"('11776', '')",2020-05-13T06:28:36+02:00,1998-12-21T10:52:47+00:00
e9e7b5df865c0bcd0a99d8146ec05378892a36e1,f55838f34dd5c65420662f7eacf6c6ffd7f261a2,crypto/err/openssl.txt,"('11278', '')",2020-05-18T17:16:16+02:00,2020-05-13T18:51:15+02:00
e9e7b5df865c0bcd0a99d8146ec05378892a36e1,52df25cf2e656146cb3b206d8220124f0417d03f,crypto/x509/x509_err.c,"('11278', '')",2020-05-18T17:16:16+02:00,2017-06-07T15:12:03-04:00
e9e7b5df865c0bcd0a99d8146ec05378892a36e1,0f113f3ee4d629ef9a4a30911b22b224772085e5,crypto/x509/x509_err.c,"('11278', '')",2020-05-18T17:16:16+02:00,2015-01-22T09:20:09+00:00
e9e7b5df865c0bcd0a99d8146ec05378892a36e1,2dabd822366df7b2608b55d5ca5f31d5d484cbaf,crypto/x509/x509_vfy.c,"('11278', '')",2020-05-18T17:16:16+02:00,2012-12-21T18:31:32+00:00
e9e7b5df865c0bcd0a99d8146ec05378892a36e1,2f043896d14f5b1ced08bcc8bec3e38e7a18d96f,crypto/x509/x509_vfy.c,"('11278', '')",2020-05-18T17:16:16+02:00,2000-09-05T17:53:58+00:00
e9e7b5df865c0bcd0a99d8146ec05378892a36e1,7e258a56da59ba5436523e36293d6c5421e1478b,crypto/x509/x509_vfy.c,"('11278', '')",2020-05-18T17:16:16+02:00,1999-05-30T22:25:19+00:00
e9e7b5df865c0bcd0a99d8146ec05378892a36e1,05f0fb9f6acc34c82a082d7668572828925694e7,crypto/x509/x509_vfy.c,"('11278', '')",2020-05-18T17:16:16+02:00,2015-08-31T23:18:55+01:00
e9e7b5df865c0bcd0a99d8146ec05378892a36e1,c864e7611f7bf0011fd0cb64b3fdfc42eb15e807,crypto/x509/x509_vfy.c,"('11278', '')",2020-05-18T17:16:16+02:00,2016-01-15T22:37:18+00:00
e9e7b5df865c0bcd0a99d8146ec05378892a36e1,82aec1cc35788bbd714e7fdfaae29500f3ba052d,crypto/x509/x509_vfy.c,"('11278', '')",2020-05-18T17:16:16+02:00,2000-09-06T13:24:10+00:00
e9e7b5df865c0bcd0a99d8146ec05378892a36e1,fbb82a60dcbe820714a246ab3e7617eaf3a7b656,crypto/x509/x509_vfy.c,"('11278', '')",2020-05-18T17:16:16+02:00,2016-04-03T11:35:35-04:00
e9e7b5df865c0bcd0a99d8146ec05378892a36e1,0f113f3ee4d629ef9a4a30911b22b224772085e5,crypto/x509/x509_vfy.c,"('11278', '')",2020-05-18T17:16:16+02:00,2015-01-22T09:20:09+00:00
e9e7b5df865c0bcd0a99d8146ec05378892a36e1,c01ff880d47392b82cce2f93ac4a9bb8c68f8cc7,crypto/x509/x_pubkey.c,"('11278', '')",2020-05-18T17:16:16+02:00,2015-12-14T23:06:14+00:00
09b90e0ed7915809fcd4ee1e250d881b77d06d45,7e1b7485706c2b11091b5fa897fe496a2faa56cc,apps/s_client.c,"('11209', '')",2020-05-19T19:04:11+03:00,2015-04-24T15:26:15-04:00
09b90e0ed7915809fcd4ee1e250d881b77d06d45,90fc2c26df23811be080093772b2161850385863,apps/s_server.c,"('11209', '')",2020-05-19T19:04:11+03:00,2020-05-07T16:14:47+03:00
09b90e0ed7915809fcd4ee1e250d881b77d06d45,4674aaf4f2217540690489fee22edefe4a463293,doc/man3/SSL_CTX_set_options.pod,"('11209', '')",2020-05-19T19:04:11+03:00,2019-07-15T15:13:41+02:00
09b90e0ed7915809fcd4ee1e250d881b77d06d45,b97fdb57a269656fa20024a4404d3f543f06ac61,doc/man3/SSL_CTX_set_options.pod,"('11209', '')",2020-05-19T19:04:11+03:00,2016-11-11T13:06:43+01:00
09b90e0ed7915809fcd4ee1e250d881b77d06d45,9b86974e0c705ea321ddbc9a9d8562c894809e5b,doc/man3/SSL_shutdown.pod,"('11209', '')",2020-05-19T19:04:11+03:00,2015-08-21T15:11:50-04:00
09b90e0ed7915809fcd4ee1e250d881b77d06d45,e307e616f25a6b7b0f343fc1e62a35b2cba888f3,doc/man3/SSL_shutdown.pod,"('11209', '')",2020-05-19T19:04:11+03:00,2020-05-05T06:31:27+02:00
09b90e0ed7915809fcd4ee1e250d881b77d06d45,d924dbf4ae127c68463bcbece04b6e06abc58928,ssl/record/rec_layer_s3.c,"('11209', '')",2020-05-19T19:04:11+03:00,2020-02-04T14:39:29+00:00
e637d47c9122d74d4f3a40a8cbe867de29468ba3,271fef0ef39a1c0cb5233a5adf3ff8733abb375e,crypto/rsa/rsa_oaep.c,"('11865', '')",2020-05-20T21:10:10+02:00,2013-06-12T18:48:17+01:00
9c47a3386d6733512b72f5fab43bffba6a1fe72b,4fcd15c18ad6b5523a389863d3e5628d44db6eb4,crypto/ec/ec_lib.c,"('11807', '')",2020-05-24T20:13:31+03:00,2020-05-16T17:20:37+01:00
f7201301ef001b70109d7007a37525e233d30907,2234212c3dde887e0b7fa08277d035cd132e2cce,apps/s_client.c,"('', '11879')",2020-05-25T08:17:12+02:00,2017-06-12T16:11:05-04:00
f7201301ef001b70109d7007a37525e233d30907,552bf8ec5e64d1a169069111850ebc5d250e0499,apps/s_client.c,"('', '11879')",2020-05-25T08:17:12+02:00,2015-05-22T16:56:59-04:00
f7201301ef001b70109d7007a37525e233d30907,d6073e27ebdbab63bf0add13fa0f66dcaa6e39e8,apps/s_client.c,"('', '11879')",2020-05-25T08:17:12+02:00,2016-08-17T17:09:19+01:00
f7201301ef001b70109d7007a37525e233d30907,29f178bddfdbd11218fbcba0b8060297696968e3,apps/s_client.c,"('', '11879')",2020-05-25T08:17:12+02:00,2020-02-10T16:49:37+01:00
f7201301ef001b70109d7007a37525e233d30907,ab69ac00f3c7a04151662813794ac82bc591a89b,apps/s_client.c,"('', '11879')",2020-05-25T08:17:12+02:00,2016-02-03T20:36:49+01:00
f7201301ef001b70109d7007a37525e233d30907,729ef85611d2490da8f10ea546279c961e6de4a6,apps/s_client.c,"('', '11879')",2020-05-25T08:17:12+02:00,2017-06-19T08:42:10+01:00
f32af93c924dca25728d8e7b85b8e4b660154e12,2d905f6715453034d1f942a0237b0d2b9d57326c,crypto/err/err_prn.c,"('11743', '')",2020-05-26T12:44:36+10:00,2019-06-21T08:29:44+10:00
f32af93c924dca25728d8e7b85b8e4b660154e12,b579014d574375b57ef1f52d3e40988ebdba911c,crypto/err/err_prn.c,"('11743', '')",2020-05-26T12:44:36+10:00,2019-09-12T17:59:52+02:00
f32af93c924dca25728d8e7b85b8e4b660154e12,82bd7c2cbd3a4b38321fb9053b8aa0f5d100cf54,crypto/o_str.c,"('11743', '')",2020-05-26T12:44:36+10:00,2019-08-12T12:50:41+02:00
f32af93c924dca25728d8e7b85b8e4b660154e12,7644a9aef8932ed4d1c3f25ed776c997702982be,crypto/o_str.c,"('11743', '')",2020-05-26T12:44:36+10:00,2015-12-16T16:14:49-05:00
f32af93c924dca25728d8e7b85b8e4b660154e12,037439c46addc62130617bbba8c5e58e1548bfd8,crypto/o_str.c,"('11743', '')",2020-05-26T12:44:36+10:00,2019-07-23T10:20:15+01:00
f32af93c924dca25728d8e7b85b8e4b660154e12,5a02d13d3e274748c695bfe19238f885489e021e,test/build.info,"('11743', '')",2020-05-26T12:44:36+10:00,2019-10-17T18:07:45+02:00
93f99b681ab5a1cf7062053323e09b0cad5ff854,62dcd2aa17b27b7892ad62540f9034c9192f6530,crypto/crmf/crmf_lib.c,"('11870', '')",2020-05-26T09:35:32+02:00,2020-03-10T16:09:44+01:00
93f99b681ab5a1cf7062053323e09b0cad5ff854,a61b7f2fa6de3bf8d5b1436e66c52d6bf7150ae4,crypto/crmf/crmf_lib.c,"('11870', '')",2020-05-26T09:35:32+02:00,2019-03-12T12:26:06+00:00
93f99b681ab5a1cf7062053323e09b0cad5ff854,bb9ad09e8ec91d1c3e9c571b4b5ba98980b5fa93,doc/man3/X509_PUBKEY_new.pod,"('11870', '')",2020-05-26T09:35:32+02:00,2016-06-06T10:09:39-04:00
93f99b681ab5a1cf7062053323e09b0cad5ff854,01d358a3ab09b0a4e79a5a492169aedcfbe8ddb3,doc/man3/X509_PUBKEY_new.pod,"('11870', '')",2020-05-26T09:35:32+02:00,2016-04-13T02:18:30+01:00
42fa3e66697baa121220b4eacf03607280e4ff89,28bdbe1aaa474ae8cd83e520d02e463e46ce89d9,crypto/rand/drbg_ctr.c,"('12012', '')",2020-06-03T13:15:36+02:00,2020-03-11T12:14:10+01:00
8bf37709a471bb31d2e1f5b4b3796fb3e6dce4df,7e1b7485706c2b11091b5fa897fe496a2faa56cc,apps/genrsa.c,"('11742', '');('11764', '')",2020-06-10T08:59:56+10:00,2015-04-24T15:26:15-04:00
8bf37709a471bb31d2e1f5b4b3796fb3e6dce4df,700b4a4ae7c2a89ca99bfe64baef1eabfa316136,apps/genrsa.c,"('11742', '');('11764', '')",2020-06-10T08:59:56+10:00,2016-01-06T12:07:26-05:00
8bf37709a471bb31d2e1f5b4b3796fb3e6dce4df,8240d5fa6535fb20e24fbe7eadbb3d6452a8d305,crypto/rsa/rsa_gen.c,"('11742', '');('11764', '')",2020-06-10T08:59:56+10:00,2019-03-12T12:00:52+00:00
8bf37709a471bb31d2e1f5b4b3796fb3e6dce4df,47c239c6b8d6e5d66a6ceef3a2c543b6ea338759,crypto/rsa/rsa_gen.c,"('11742', '');('11764', '')",2020-06-10T08:59:56+10:00,2020-03-03T14:02:36+10:00
8bf37709a471bb31d2e1f5b4b3796fb3e6dce4df,8240d5fa6535fb20e24fbe7eadbb3d6452a8d305,crypto/rsa/rsa_sp800_56b_check.c,"('11742', '');('11764', '')",2020-06-10T08:59:56+10:00,2019-03-12T12:00:52+00:00
8bf37709a471bb31d2e1f5b4b3796fb3e6dce4df,8240d5fa6535fb20e24fbe7eadbb3d6452a8d305,crypto/rsa/rsa_sp800_56b_gen.c,"('11742', '');('11764', '')",2020-06-10T08:59:56+10:00,2019-03-12T12:00:52+00:00
8bf37709a471bb31d2e1f5b4b3796fb3e6dce4df,9f3c076b6d5b265d026ff7ed763d406a7e5a2170,doc/man1/openssl-genrsa.pod.in,"('11742', '');('11764', '')",2020-06-10T08:59:56+10:00,2019-10-14T17:00:30+02:00
8bf37709a471bb31d2e1f5b4b3796fb3e6dce4df,c5f8713443c8d606ff149b12c478cd6162f2a7ac,test/recipes/15-test_genrsa.t,"('11742', '');('11764', '')",2020-06-10T08:59:56+10:00,2020-02-20T18:58:40+10:00
154ea425e647de4a497aa28c91d279aa93b3bf60,846ec07d904f9cc81d486db0db14fb84f61ff6e5,crypto/cmac/cmac.c,"('11957', '')",2020-06-10T12:58:26+01:00,2016-01-12T13:52:22+01:00
75e35c9ad1a0075d443202866fb1760d2e889d4e,9e3c510bde91350c5a40b7ba4e9e0945895e9368,crypto/ess/build.info,"('12155', '')",2020-06-21T10:09:48+02:00,2020-05-27T13:16:30+02:00
96786ad12308215621142f7cb2ef21a9aca30665,eca471391378139f76a7d1229b6a5a1dcc4b5603,apps/openssl.c,"('12069', '')",2020-06-23T12:23:02+02:00,2020-06-05T10:01:33+02:00
526f1f1acab4fe96f618ab785a5f2ecabf0035d5,b0031e5dc2c8c99a6c04bc7625aa00d3d20a59a5,test/recipes/70-test_sslsigalgs.t,"('10787', '')",2020-06-27T08:41:18+02:00,2020-01-25T14:10:40+01:00
0e7b1383e138ce3fa66c5bd0ea4a9cb35487436c,ade08735f9d0ac85d611c5abee8a1df651bbca13,crypto/x509/v3_purp.c,"('1418', '')",2020-07-01T11:14:54+02:00,2020-07-01T11:14:54+02:00
0e7b1383e138ce3fa66c5bd0ea4a9cb35487436c,2b3936e8825efa15eceaa41ba6d3486dfc6ee2c0,crypto/x509/x509_vfy.c,"('1418', '')",2020-07-01T11:14:54+02:00,2010-12-25T20:45:59+00:00
0e7b1383e138ce3fa66c5bd0ea4a9cb35487436c,465f34ed27d54b36b47f98b8ce4b5ec9e33c4f02,crypto/x509/x509_vfy.c,"('1418', '')",2020-07-01T11:14:54+02:00,2020-04-16T14:19:52+01:00
0e7b1383e138ce3fa66c5bd0ea4a9cb35487436c,023697870bcd4372a142a606546253d719a81024,crypto/x509/x509_vfy.c,"('1418', '')",2020-07-01T11:14:54+02:00,2020-07-01T11:14:54+02:00
0e7b1383e138ce3fa66c5bd0ea4a9cb35487436c,d895f7f0601f2cfc4e539425decafa0283e3f709,crypto/x509/x509_vfy.c,"('1418', '')",2020-07-01T11:14:54+02:00,2012-03-05T15:48:13+00:00
0e7b1383e138ce3fa66c5bd0ea4a9cb35487436c,0f113f3ee4d629ef9a4a30911b22b224772085e5,crypto/x509/x509_vfy.c,"('1418', '')",2020-07-01T11:14:54+02:00,2015-01-22T09:20:09+00:00
0e7b1383e138ce3fa66c5bd0ea4a9cb35487436c,2f043896d14f5b1ced08bcc8bec3e38e7a18d96f,crypto/x509/x509_vfy.c,"('1418', '')",2020-07-01T11:14:54+02:00,2000-09-05T17:53:58+00:00
0e7b1383e138ce3fa66c5bd0ea4a9cb35487436c,d33def662443c4b534c6b261a3b01f3960339c78,crypto/x509/x509_vfy.c,"('1418', '')",2020-07-01T11:14:54+02:00,2016-02-10T12:34:06-05:00
0e7b1383e138ce3fa66c5bd0ea4a9cb35487436c,0c56a64829b9fca0a4031dc97f4fadff3291b227,crypto/x509/x509_vfy.c,"('1418', '')",2020-07-01T11:14:54+02:00,2020-04-09T00:00:20+01:00
0e7b1383e138ce3fa66c5bd0ea4a9cb35487436c,ade08735f9d0ac85d611c5abee8a1df651bbca13,doc/man1/openssl.pod,"('1418', '')",2020-07-01T11:14:54+02:00,2020-07-01T11:14:54+02:00
0e7b1383e138ce3fa66c5bd0ea4a9cb35487436c,0e82e0e1d0dcbf1f014f1d36d0626d2a0b699a0d,doc/man3/X509_STORE_set_verify_cb_func.pod,"('1418', '')",2020-07-01T11:14:54+02:00,2016-07-25T17:20:58+02:00
0e7b1383e138ce3fa66c5bd0ea4a9cb35487436c,ade08735f9d0ac85d611c5abee8a1df651bbca13,doc/man3/X509_check_issued.pod,"('1418', '')",2020-07-01T11:14:54+02:00,2020-07-01T11:14:54+02:00
0e7b1383e138ce3fa66c5bd0ea4a9cb35487436c,c03726ca4153fca8d66185837008aa078969d386,doc/man3/X509_check_issued.pod,"('1418', '')",2020-07-01T11:14:54+02:00,2015-08-27T14:27:28-04:00
0e7b1383e138ce3fa66c5bd0ea4a9cb35487436c,da1f88bf53f1bb03cc9f198cfe71ef6157549eff,test/recipes/25-test_verify.t,"('1418', '')",2020-07-01T11:14:54+02:00,2020-07-01T11:14:54+02:00
587e4e53f886cd4d7a8b0eb063b823409e2ed4b9,90cf3099df43a5419d59e6a66e75970cbb50a28a,crypto/serializer/serializer_pkey.c,"('12303', '')",2020-07-02T16:45:14+03:00,2020-06-23T19:46:57+10:00
587e4e53f886cd4d7a8b0eb063b823409e2ed4b9,b305452f69fc97c586f2f9310014e332ae1d5cd5,crypto/serializer/serializer_pkey.c,"('12303', '')",2020-07-02T16:45:14+03:00,2020-02-07T09:37:56+01:00
ea4ee152a7aa022dd87f193cc6e16a7ffbfb455a,285daccdc0e20fa70ddda9ddcd1f22191425de8a,Configure,"('12341', '')",2020-07-03T09:12:07+02:00,2019-10-10T14:12:15+02:00
1cafbb799a373f0d6ba55843fd51692e14c0fe09,e39795af0a871a0bd560838ce54610a34c92fb49,util/perl/OpenSSL/config.pm,"('12332', '')",2020-07-04T10:34:58+02:00,2020-06-28T18:34:35+02:00
3a19f1a9dd16f5855a7e2a42cd3e7f136f849bd3,7b97581b90822a8c3027686234fb56ea5346db15,Configurations/10-main.conf,"('12356', '')",2020-07-04T10:38:46+02:00,2019-11-10T04:58:08+01:00
dd76b90ef6cf9bd344c9a6cd0de536a734d1b6a3,827f04d5105e9bec0af214c42b8ad799fba5bb0d,crypto/core_algorithm.c,"('12293', '')",2020-07-05T14:07:14+02:00,2020-05-16T12:08:32+02:00
dd76b90ef6cf9bd344c9a6cd0de536a734d1b6a3,695d195bbb81f8ed4027468fe1c480f958e846c8,crypto/core_algorithm.c,"('12293', '')",2020-07-05T14:07:14+02:00,2019-10-03T15:47:25+02:00
dd76b90ef6cf9bd344c9a6cd0de536a734d1b6a3,a883c02faa2549c98256577fd881af17b95444cf,crypto/core_algorithm.c,"('12293', '')",2020-07-05T14:07:14+02:00,2019-07-23T06:34:09+02:00
17b7f8968481aa99c622080ac73879f42fb8c4ae,f32af93c924dca25728d8e7b85b8e4b660154e12,test/errtest.c,"('12217', '');('12276', '');('12354', '')",2020-07-05T21:13:25+02:00,2020-05-26T12:44:36+10:00
17b7f8968481aa99c622080ac73879f42fb8c4ae,ff988500c2f39ae61b2836167b6e0e7b2021220c,test/errtest.c,"('12217', '');('12276', '');('12354', '')",2020-07-05T21:13:25+02:00,2019-08-02T11:41:54+02:00
17b7f8968481aa99c622080ac73879f42fb8c4ae,3d518d3d813da40195ff9fe5f4567ab9f09ddcc9,test/errtest.c,"('12217', '');('12276', '');('12354', '')",2020-07-05T21:13:25+02:00,2020-05-28T14:18:13+10:00
e0137ca92b4abf65acde15b255ae58d7e76af22f,012c86ab74ae45873ea51eef7ca3c1d04d1441f1,crypto/ec/ec_asn1.c,"('12306', '')",2020-07-06T19:15:36+03:00,2002-06-10T12:41:18+00:00
e0137ca92b4abf65acde15b255ae58d7e76af22f,0f113f3ee4d629ef9a4a30911b22b224772085e5,crypto/pem/pem_lib.c,"('12306', '')",2020-07-06T19:15:36+03:00,2015-01-22T09:20:09+00:00
08a1c9f2e6e28a81936e51019b89e842a1a90b31,82ec09ec6d4e35ef359a7cb22c0cb46662f18155,crypto/provider_core.c,"('12286', '')",2020-07-08T08:55:56+01:00,2020-06-19T10:19:31+01:00
84ba665d72906c36b158071035896f50a9aad808,1bdbdaffdc66be457a40f33640b523aaf21138c6,crypto/property/property.c,"('1465216', '')",2020-07-08T11:19:08+03:00,2019-02-18T13:28:14+10:00
63794b048cbe46ac9abb883df4dd703f522e4643,4f2271d58a36b2aee125062ffb9626c6208fa394,crypto/ffc/ffc_params_generate.c,"('11864', '')",2020-07-09T13:43:10+10:00,2020-06-17T11:33:16+10:00
63794b048cbe46ac9abb883df4dd703f522e4643,9ee77767b2186a4f0933ebfe2ba5caa83d814f4c,test/build.info,"('11864', '')",2020-07-09T13:43:10+10:00,2020-06-19T10:34:58+01:00
63794b048cbe46ac9abb883df4dd703f522e4643,4f2271d58a36b2aee125062ffb9626c6208fa394,test/ffc_internal_test.c,"('11864', '')",2020-07-09T13:43:10+10:00,2020-06-17T11:33:16+10:00
63794b048cbe46ac9abb883df4dd703f522e4643,8083fd3a183d4c881d6b15727cbc6cb7faeb3280,test/ffc_internal_test.c,"('11864', '')",2020-07-09T13:43:10+10:00,2020-02-16T13:03:46+10:00
f6f159e7a133d1b2f82a82fab3f8c357a07b574f,b0940b33a60cbfab03153287181372d0066410a6,Configurations/unix-Makefile.tmpl,"('11937', '')",2020-07-09T06:56:44+02:00,2019-11-29T09:51:17+01:00
8e78da06660b269fbdf8faba6bc3a356ee3fda5e,4b801fdcf4c25f44374eb18cb18f36d904975edd,test/recipes/02-test_errstr.t,"('12449', '')",2020-07-17T13:51:15+10:00,2018-11-23T12:34:45+01:00
77174598920a05826a28d8a0bd87a3af43d3f4d8,869e978c9856c3a1faf0c289bfef3048b2af867c,doc/man3/SSL_CONF_cmd.pod,"('12394', '');('12472', '')",2020-07-21T16:40:07-02:00,2016-01-10T13:04:55+01:00
77174598920a05826a28d8a0bd87a3af43d3f4d8,8b3efb53027dd4f7d51b7ca9dd9658f02d6f1b1a,doc/man3/SSL_CONF_cmd.pod,"('12394', '');('12472', '')",2020-07-21T16:40:07-02:00,2020-01-31T16:33:53+01:00
77174598920a05826a28d8a0bd87a3af43d3f4d8,2b9bafe607421e394265dcbaad6234b4efee19e8,doc/man5/config.pod,"('12394', '');('12472', '')",2020-07-21T16:40:07-02:00,2020-04-24T13:29:16+02:00
77174598920a05826a28d8a0bd87a3af43d3f4d8,4fa52141b08fca89250805afcf2f112a2e0d3500,ssl/statem/statem_lib.c,"('12394', '');('12472', '')",2020-07-21T16:40:07-02:00,2016-01-02T10:49:06-05:00
77174598920a05826a28d8a0bd87a3af43d3f4d8,032924c4b4104654ff8659b4701e4ab25872a12e,ssl/statem/statem_lib.c,"('12394', '');('12472', '')",2020-07-21T16:40:07-02:00,2016-08-04T20:56:24+01:00
77174598920a05826a28d8a0bd87a3af43d3f4d8,5c587fb6b996d47771bcaecd71489e4849103f56,ssl/statem/statem_lib.c,"('12394', '');('12472', '')",2020-07-21T16:40:07-02:00,2018-12-15T12:52:02+01:00
90409da6a520812b0266fcb1303175406dea81fe,b1ceb439f234a998db84f27a3a245dab95d322ab,crypto/evp/e_aes.c,"('12377', '');('12405', '')",2020-07-22T10:40:55+10:00,2018-12-12T08:16:10+10:00
90409da6a520812b0266fcb1303175406dea81fe,81ff9eebbcf15ce04b52cc4257b265617ba412eb,crypto/modes/siv128.c,"('12377', '');('12405', '')",2020-07-22T10:40:55+10:00,2019-08-19T08:10:16+02:00
90409da6a520812b0266fcb1303175406dea81fe,b1ceb439f234a998db84f27a3a245dab95d322ab,crypto/modes/siv128.c,"('12377', '');('12405', '')",2020-07-22T10:40:55+10:00,2018-12-12T08:16:10+10:00
90409da6a520812b0266fcb1303175406dea81fe,459b15d451194ee90834ea58bfb8c91479e9ef9b,include/crypto/siv.h,"('12377', '');('12405', '')",2020-07-22T10:40:55+10:00,2019-07-16T09:46:14+10:00
90409da6a520812b0266fcb1303175406dea81fe,eb173822b2c02122844f4ffe89e38fe8e6d04697,providers/implementations/ciphers/cipher_aes_siv_hw.c,"('12377', '');('12405', '')",2020-07-22T10:40:55+10:00,2019-11-08T12:14:44+10:00
90409da6a520812b0266fcb1303175406dea81fe,63794b048cbe46ac9abb883df4dd703f522e4643,test/recipes/30-test_evp_libctx.t,"('12377', '');('12405', '')",2020-07-22T10:40:55+10:00,2020-07-09T13:43:10+10:00
0f9fdefeb05768b86f4364a8e976c87ee197638e,6725682d77510bf6d499957897d7be124d603f40,crypto/asn1/a_digest.c,"('12558', '')",2020-08-01T11:55:34+10:00,2020-07-24T22:53:27+10:00
19b4e6f8feba9aeec5d4e0d0aacb11d143b59340,c72e59349f50ee00a1bf8605ada17dfccb8b3b1a,crypto/asn1/x_algor.c,"('12531', '')",2020-08-04T12:34:22+10:00,2020-04-21T16:52:50+02:00
19b4e6f8feba9aeec5d4e0d0aacb11d143b59340,8931b30d8478b0bd24af251fac64e7b0bf121369,crypto/cms/cms_lib.c,"('12531', '')",2020-08-04T12:34:22+10:00,2008-03-12T21:14:28+00:00
aff8c0a411824f29687a54a3aa82f7e770faff48,11baa470a21b514ab247071e80273ddc0a80c504,apps/cmp.c,"('12268', '')",2020-08-04T09:17:47+02:00,2020-06-22T16:39:26+02:00
7c9a7cf12715ac3e906b8d55466f19285fc59e78,7e1b7485706c2b11091b5fa897fe496a2faa56cc,apps/dgst.c,"('11863', '')",2020-08-12T09:25:49+10:00,2015-04-24T15:26:15-04:00
7c9a7cf12715ac3e906b8d55466f19285fc59e78,b3c6a331853c125985cdf0d3ae60e1894974c3eb,apps/genpkey.c,"('11863', '')",2020-08-12T09:25:49+10:00,2006-07-12T18:00:20+00:00
7c9a7cf12715ac3e906b8d55466f19285fc59e78,7e1b7485706c2b11091b5fa897fe496a2faa56cc,apps/genpkey.c,"('11863', '')",2020-08-12T09:25:49+10:00,2015-04-24T15:26:15-04:00
7c9a7cf12715ac3e906b8d55466f19285fc59e78,f5cda4cbb17c908ceef33f4f52d94e8e04b7c1ab,apps/genpkey.c,"('11863', '')",2020-08-12T09:25:49+10:00,2006-04-11T13:28:52+00:00
7c9a7cf12715ac3e906b8d55466f19285fc59e78,01b8b3c7d2d8f835257ac1cb2512273aa27bfba8,apps/genpkey.c,"('11863', '')",2020-08-12T09:25:49+10:00,2006-06-05T11:52:46+00:00
7c9a7cf12715ac3e906b8d55466f19285fc59e78,0f113f3ee4d629ef9a4a30911b22b224772085e5,apps/genpkey.c,"('11863', '')",2020-08-12T09:25:49+10:00,2015-01-22T09:20:09+00:00
7c9a7cf12715ac3e906b8d55466f19285fc59e78,8f7e1f68ccf875d1f10067dc951d5aa697b820be,apps/genrsa.c,"('11863', '')",2020-08-12T09:25:49+10:00,2020-04-19T10:37:39+10:00
7c9a7cf12715ac3e906b8d55466f19285fc59e78,2022cfe07e331dc4b69829ca4dd45c295190d471,apps/include/apps.h,"('11863', '')",2020-08-12T09:25:49+10:00,2007-04-11T17:20:40+00:00
7c9a7cf12715ac3e906b8d55466f19285fc59e78,8240d5fa6535fb20e24fbe7eadbb3d6452a8d305,crypto/bn/bn_rsa_fips186_4.c,"('11863', '')",2020-08-12T09:25:49+10:00,2019-03-12T12:00:52+00:00
7c9a7cf12715ac3e906b8d55466f19285fc59e78,8bf37709a471bb31d2e1f5b4b3796fb3e6dce4df,test/recipes/15-test_genrsa.t,"('11863', '')",2020-08-12T09:25:49+10:00,2020-06-10T08:59:56+10:00
7c9a7cf12715ac3e906b8d55466f19285fc59e78,697958313ba48c8ebc832ab8f9f2b845fb7acfd4,test/recipes/15-test_genrsa.t,"('11863', '')",2020-08-12T09:25:49+10:00,2017-03-06T09:54:17-05:00
38145fba0a5f6163743f007dd6c9ba1a1e07e4f4,63794b048cbe46ac9abb883df4dd703f522e4643,crypto/ffc/ffc_params_validate.c,"('12589', '')",2020-08-17T23:40:20+10:00,2020-07-09T13:43:10+10:00
38145fba0a5f6163743f007dd6c9ba1a1e07e4f4,8083fd3a183d4c881d6b15727cbc6cb7faeb3280,crypto/ffc/ffc_params_validate.c,"('12589', '')",2020-08-17T23:40:20+10:00,2020-02-16T13:03:46+10:00
38145fba0a5f6163743f007dd6c9ba1a1e07e4f4,b03ec3b5d62ee26bf8437556b9040d4141d5bdd8,test/recipes/15-test_gendsa.t,"('12589', '')",2020-08-17T23:40:20+10:00,2020-04-15T21:02:52+10:00
7fe32ef68855d727c55186bda99b3e2500afa2c2,e968561d5e762e6c05e74541137916b4f20a144b,crypto/dh/dh_pmeth.c,"('12640', '')",2020-08-19T13:27:31+10:00,2015-09-03T14:45:15-04:00
7fe32ef68855d727c55186bda99b3e2500afa2c2,ada66e78ef535fe80e422bbbadffe8e7863d457c,util/libcrypto.num,"('12640', '')",2020-08-19T13:27:31+10:00,2020-02-20T19:04:57+10:00
fc0aae737eb1cb2d2554caa8bffea80b8cbd38f9,0f113f3ee4d629ef9a4a30911b22b224772085e5,crypto/pkcs12/p12_kiss.c,"('6698', '')",2020-08-19T09:50:21+02:00,2015-01-22T09:20:09+00:00
ed4faae00cdab23244704660c099e41ec64f5dc0,0eab41fb78cf4d7c76e563fd677ab6c32fc28bb0,crypto/pkcs12/p12_key.c,"('12', '')",2020-08-20T14:28:24+02:00,2008-12-29T16:11:58+00:00
ed4faae00cdab23244704660c099e41ec64f5dc0,8d8c7266d4de9887fb0190a0770df9dc254a16a3,crypto/pkcs12/p12_key.c,"('12', '')",2020-08-20T14:28:24+02:00,1999-03-28T23:17:34+00:00
ed4faae00cdab23244704660c099e41ec64f5dc0,9e6b2f54e449009c6dc11e8860d125d967f3a3ed,crypto/pkcs12/p12_key.c,"('12', '')",2020-08-20T14:28:24+02:00,2016-08-22T13:50:04+02:00
be63e58732cedc0bbc39777d1cf7556e55f146ef,f552d900459cbacd82433b688b237cd6870663cd,providers/implementations/serializers/serializer_ec_priv.c,"('12630', '')",2020-08-21T10:01:55+10:00,2020-03-04T07:48:45+10:00
be63e58732cedc0bbc39777d1cf7556e55f146ef,f552d900459cbacd82433b688b237cd6870663cd,providers/implementations/serializers/serializer_ec_pub.c,"('12630', '')",2020-08-21T10:01:55+10:00,2020-03-04T07:48:45+10:00
1acb2e6f3540727c4cc9f8388cc0da265e6fe8ab,320bfc1be79513f2a782f9ee8894cf7a7b9ffe2d,crypto/cms/cms_enc.c,"('12633', '')",2020-08-22T11:07:14+03:00,2008-03-14T19:37:56+00:00
1acb2e6f3540727c4cc9f8388cc0da265e6fe8ab,0f113f3ee4d629ef9a4a30911b22b224772085e5,crypto/cms/cms_enc.c,"('12633', '')",2020-08-22T11:07:14+03:00,2015-01-22T09:20:09+00:00
1acb2e6f3540727c4cc9f8388cc0da265e6fe8ab,c1669f41eab0e2d9a8c2498718d06b4cd48a9890,crypto/cms/cms_enc.c,"('12633', '')",2020-08-22T11:07:14+03:00,2020-08-09T17:34:52+10:00
1acb2e6f3540727c4cc9f8388cc0da265e6fe8ab,5840ed0cd1e6487d247efbc1a04136a41d7b3a37,crypto/cms/cms_env.c,"('12633', '')",2020-08-22T11:07:14+03:00,2019-09-10T11:31:25+01:00
1acb2e6f3540727c4cc9f8388cc0da265e6fe8ab,c1669f41eab0e2d9a8c2498718d06b4cd48a9890,crypto/cms/cms_env.c,"('12633', '')",2020-08-22T11:07:14+03:00,2020-08-09T17:34:52+10:00
1acb2e6f3540727c4cc9f8388cc0da265e6fe8ab,c1669f41eab0e2d9a8c2498718d06b4cd48a9890,crypto/cms/cms_lib.c,"('12633', '')",2020-08-22T11:07:14+03:00,2020-08-09T17:34:52+10:00
1acb2e6f3540727c4cc9f8388cc0da265e6fe8ab,8931b30d8478b0bd24af251fac64e7b0bf121369,crypto/cms/cms_sd.c,"('12633', '')",2020-08-22T11:07:14+03:00,2008-03-12T21:14:28+00:00
1acb2e6f3540727c4cc9f8388cc0da265e6fe8ab,c1669f41eab0e2d9a8c2498718d06b4cd48a9890,crypto/cms/cms_sd.c,"('12633', '')",2020-08-22T11:07:14+03:00,2020-08-09T17:34:52+10:00
f2bfc53b02fd4cf328cf6200452b86adfdc15489,892a9e4c99f13e295f6146b41e72b92b91899a12,ssl/ssl_lib.c,"('1465795', '')",2020-08-24T11:19:28+10:00,2020-08-03T17:15:36+02:00
61d61c5fd227903bb34562fc06531e91e9453f64,1aec7716c1c5fccf605a46252a46ea468e684454,providers/implementations/kdfs/x942kdf.c,"('1465794', '')",2020-08-24T11:19:28+10:00,2019-07-09T09:33:18+10:00
ab7f4a3d2b86ef564081df7219301f7874c4d8af,e3d378bcf1324fb6958366f21539e1e0533225f1,test/evp_test.c,"('1465790', '')",2020-08-24T11:19:28+10:00,2017-05-26T11:01:50+02:00
ab7f4a3d2b86ef564081df7219301f7874c4d8af,5ccada09aae0cf846d3381a161d3eb20d4d9abfd,test/evp_test.c,"('1465790', '')",2020-08-24T11:19:28+10:00,2020-08-07T14:29:00+10:00
e499a64befa50bc2e7b9cb3173e8ac9b402fe1f9,6725682d77510bf6d499957897d7be124d603f40,crypto/asn1/a_digest.c,"('1465531', '')",2020-08-24T11:19:28+10:00,2020-07-24T22:53:27+10:00
75348bb29820a10c0afbe754fdd03ceacc91979e,ece9304c96f71277ca95696d9bc49fdec51e9f17,crypto/encode_decode/decoder_pkey.c,"('1465525', '')",2020-08-24T11:19:28+10:00,2020-08-21T09:23:58+02:00
75348bb29820a10c0afbe754fdd03ceacc91979e,072a9fde7d67a621ebd2c8d1ba22ab6e17da5a88,crypto/encode_decode/decoder_pkey.c,"('1465525', '')",2020-08-24T11:19:28+10:00,2020-07-24T16:32:01+02:00
26c5ea8f6168bba5c0879ac7b9bc62ed4e8d469c,6f4b7663150e2ee264836dbc5b338bd979828312,providers/implementations/signature/rsa.c,"('1458648', '')",2020-08-24T11:19:28+10:00,2020-02-22T01:07:15+01:00
fdf6118b1552bc723aeba726174b14ca07b5170a,6f4b7663150e2ee264836dbc5b338bd979828312,providers/implementations/signature/rsa.c,"('1458647', '')",2020-08-24T11:19:28+10:00,2020-02-22T01:07:15+01:00
51bba73e9361d19a0827e4459c01a7b3f6712415,6f4b7663150e2ee264836dbc5b338bd979828312,providers/implementations/signature/rsa.c,"('1458645', '')",2020-08-24T11:19:28+10:00,2020-02-22T01:07:15+01:00
fa519461c96c8d5c4652cd0decc5dd62d7d13629,dc1ce3bc64845d16314af1f11acf5384e4ae9b34,crypto/ec/ec_ameth.c,"('1458644', '')",2020-08-24T11:19:28+10:00,2013-08-05T15:45:01+01:00
db1319b706b8f3b0d8d05d766da720812afc28c6,6f4b7663150e2ee264836dbc5b338bd979828312,providers/implementations/signature/rsa.c,"('1458641', '')",2020-08-24T11:19:28+10:00,2020-02-22T01:07:15+01:00
10ead93897ab48233d66cc40bfdc146d6c95c4a7,e683582bf37de45a9512aea7ff33b9a3ebdf07f4,crypto/evp/pmeth_gn.c,"('1455335', '')",2020-08-24T11:19:28+10:00,2020-01-12T11:32:12+10:00
825ccf515528f289ae3dfe3b34d6252c4764069a,e6879a31ef597f1b9608c7897087203d829d47c2,crypto/evp/digest.c,"('1454638', '')",2020-08-24T11:19:28+10:00,2019-09-25T12:06:21+01:00
1f9ad4f953fb178137dbcd625da5ee2440b5449d,1c3ace6898032b7b45d8106ba4e0d21d75b0997e,crypto/evp/evp_lib.c,"('1452772', '');('1452775', '')",2020-08-24T11:19:28+10:00,2019-09-05T11:23:57+10:00
4bec3f6d5103c8244aa50d5d5a5b0374c91e7dfb,8c8cf0d96240663749897b44898b3964fa3363e0,crypto/evp/digest.c,"('1452773', '')",2020-08-24T11:19:28+10:00,2019-03-21T09:23:38+00:00
4bec3f6d5103c8244aa50d5d5a5b0374c91e7dfb,2dc769a1c17e1e0c7aef6e11496c8ba2c1db2e28,crypto/evp/digest.c,"('1452773', '')",2020-08-24T11:19:28+10:00,2001-03-08T14:04:22+00:00
4bec3f6d5103c8244aa50d5d5a5b0374c91e7dfb,0ad50b4dee36d4b576473ccbf744284d66fbffd6,crypto/evp/digest.c,"('1452773', '')",2020-08-24T11:19:28+10:00,2019-04-15T10:46:09+02:00
bc8c3e1cd8691e6c8e6fe208377ee0d0e408af73,703170d4b9da1b3adc0e4d87719a5156080b2dca,crypto/modes/siv128.c,"('1452770', '')",2020-08-24T11:19:28+10:00,2019-08-24T13:01:15+02:00
bc8c3e1cd8691e6c8e6fe208377ee0d0e408af73,7f588d20cd9ed2bb0ee2577a4523453964f532b0,crypto/modes/siv128.c,"('1452770', '')",2020-08-24T11:19:28+10:00,2019-09-04T19:41:22+10:00
bc8c3e1cd8691e6c8e6fe208377ee0d0e408af73,776796e81895fc66994a90bb62da4c7f50d34368,crypto/modes/siv128.c,"('1452770', '')",2020-08-24T11:19:28+10:00,2019-08-15T22:12:25+02:00
bc8c3e1cd8691e6c8e6fe208377ee0d0e408af73,b1ceb439f234a998db84f27a3a245dab95d322ab,crypto/modes/siv128.c,"('1452770', '')",2020-08-24T11:19:28+10:00,2018-12-12T08:16:10+10:00
eb800ef5533947b8583d42a8f767f6ff385d2c17,278260bfa238aefef5a1abe2043d2f812c3a4bd5,crypto/x509/v3_utl.c,"('12695', '')",2020-08-26T07:11:17+02:00,2020-05-05T10:27:28+02:00
bd1bbbfe516de5d0a6f2a2494c0dd386f2f178da,0f113f3ee4d629ef9a4a30911b22b224772085e5,crypto/pkcs7/pk7_doit.c,"('12684', '');('12697', '');('7', '')",2020-08-29T19:36:27+03:00,2015-01-22T09:20:09+00:00
bd1bbbfe516de5d0a6f2a2494c0dd386f2f178da,90a1f2d76f53effefafbae31e2f425a3508bda45,crypto/pkcs7/pk7_doit.c,"('12684', '');('12697', '');('7', '')",2020-08-29T19:36:27+03:00,2020-08-09T17:34:52+10:00
bd1bbbfe516de5d0a6f2a2494c0dd386f2f178da,dfeab0689f69c0b4bd3480ffd37a9cacc2f17d9c,crypto/pkcs7/pk7_doit.c,"('12684', '');('12697', '');('7', '')",2020-08-29T19:36:27+03:00,1998-12-21T11:00:56+00:00
835b2900168bfd1cc471bf1d798d3b5b7219cd4d,5840ed0cd1e6487d247efbc1a04136a41d7b3a37,crypto/pkcs7/pk7_doit.c,"('12697', '');('7', '')",2020-08-29T19:36:36+03:00,2019-09-10T11:31:25+01:00
835b2900168bfd1cc471bf1d798d3b5b7219cd4d,216659eb87485402a8e861a6de77233d1f5d7425,crypto/pkcs7/pk7_doit.c,"('12697', '');('7', '')",2020-08-29T19:36:36+03:00,2004-03-28T17:38:00+00:00
835b2900168bfd1cc471bf1d798d3b5b7219cd4d,0f113f3ee4d629ef9a4a30911b22b224772085e5,crypto/pkcs7/pk7_doit.c,"('12697', '');('7', '')",2020-08-29T19:36:36+03:00,2015-01-22T09:20:09+00:00
835b2900168bfd1cc471bf1d798d3b5b7219cd4d,90a1f2d76f53effefafbae31e2f425a3508bda45,crypto/pkcs7/pk7_doit.c,"('12697', '');('7', '')",2020-08-29T19:36:36+03:00,2020-08-09T17:34:52+10:00
ea478697927798ff2850ea94b4938bb0c76da48b,c0f39ded68ba0929698a8773e63e9806ec9e5c74,crypto/ec/ec_backend.c,"('1466378', '')",2020-09-05T15:41:29+10:00,2020-08-22T14:55:41+10:00
7ce49eeaca2081ccd881fc1b22fac2d08d3bb69a,aa45c4a9d35a8082c7ba326c19b97200001c9d82,providers/implementations/keymgmt/ec_kmgmt.c,"('1466377', '')",2020-09-05T15:41:30+10:00,2020-04-23T10:44:37+01:00
7ce49eeaca2081ccd881fc1b22fac2d08d3bb69a,4fe54d674f14e7964f982285d1aeb86698a33c3c,providers/implementations/keymgmt/ec_kmgmt.c,"('1466377', '')",2020-09-05T15:41:30+10:00,2020-02-18T19:11:10+02:00
0e540f231cbdc8e24e1496cf8ac265b62a983692,c0f39ded68ba0929698a8773e63e9806ec9e5c74,providers/implementations/encode_decode/encoder_ec.c,"('1466375', '')",2020-09-05T15:41:30+10:00,2020-08-22T14:55:41+10:00
33200269110f0ed4a9c96be03b32cd8913f9e426,c0f39ded68ba0929698a8773e63e9806ec9e5c74,providers/implementations/keymgmt/ec_kmgmt.c,"('1466371', '')",2020-09-05T15:41:30+10:00,2020-08-22T14:55:41+10:00
33200269110f0ed4a9c96be03b32cd8913f9e426,6d4e6009d27712a405e1e3a4c33fb8a8566f134a,providers/implementations/keymgmt/ec_kmgmt.c,"('1466371', '')",2020-09-05T15:41:30+10:00,2020-03-28T12:27:22+10:00
d135774e7d4304df90eab0ed37e93ecdfb1b99a9,31d2daecb384475da13c4bf7c76a2dde0077b2f2,crypto/dh/dh_ameth.c,"('1465967', '');('1465968', '')",2020-09-05T15:41:31+10:00,2020-08-11T20:39:19+10:00
776cf98b493768de02f798f71f6b30c40deb3506,dc8de3e6f1eed18617dc42d41dec6c6566c2ac0c,crypto/ffc/ffc_params.c,"('1457935', '')",2020-09-05T15:41:31+10:00,2020-01-24T14:09:33+10:00
5340c8ea2a25d17ee2ce1f35d1fb545b8487e84b,e85d19c68e7fb3302410bd72d434793e5c0c23a0,crypto/cms/cms_ess.c,"('1452769', '');('1452771', '')",2020-09-05T15:41:31+10:00,2019-01-27T23:59:21+01:00
59ed73398920a9ad663da03a08cfd290995f55af,6913f5fe05a38fa72213b5b5d1f41ef10ca908bd,crypto/initthread.c,"('1454815', '')",2020-09-05T15:41:31+10:00,2019-06-19T11:54:34+01:00
09e76c5dd34515f9df42b2f1deed5166ba6b31fa,8817215d5c52a76f2b184b624bde4df8556dee6d,test/drbgtest.c,"('', '12377');('12377', '');('12405', '');('12413', '')",2020-09-05T11:07:55+02:00,2018-10-26T08:38:19+02:00
09e76c5dd34515f9df42b2f1deed5166ba6b31fa,a93ba405b0327db9106f8f224112a2b64fb264e7,test/drbgtest.c,"('', '12377');('12377', '');('12405', '');('12413', '')",2020-09-05T11:07:55+02:00,2017-12-17T23:12:10+01:00
09e76c5dd34515f9df42b2f1deed5166ba6b31fa,849529257c9979c7ca0d28e8b80a47bc4a36d4f2,test/drbgtest.c,"('', '12377');('12377', '');('12405', '');('12413', '')",2020-09-05T11:07:55+02:00,2019-09-11T11:22:18+02:00
09e76c5dd34515f9df42b2f1deed5166ba6b31fa,7d615e2178fbffa53f05a67f68e5741374340308,test/drbgtest.c,"('', '12377');('12377', '');('12405', '');('12413', '')",2020-09-05T11:07:55+02:00,2020-08-07T14:16:47+10:00
09e76c5dd34515f9df42b2f1deed5166ba6b31fa,ce3080e931d77fda3bb4f2d923fcc6cec967d1a3,test/drbgtest.c,"('', '12377');('12377', '');('12405', '');('12413', '')",2020-09-05T11:07:55+02:00,2020-07-14T19:20:11+10:00
09e76c5dd34515f9df42b2f1deed5166ba6b31fa,65175163247fe0f56c894c9ac7baf93f4386cebe,test/drbgtest.c,"('', '12377');('12377', '');('12405', '');('12413', '')",2020-09-05T11:07:55+02:00,2019-04-12T18:16:20+10:00
9f604ca13ddc99e17ba37fed9281fbd1b71149a9,34b80d0622924d112b145fd36bfaad18616f2546,crypto/store/store_lib.c,"('12830', '')",2020-09-10T13:39:30+02:00,2020-08-24T10:02:26+02:00
08073700cc50bcd0df5c0ee68c100e300a320d03,7a4ec19a5f01f416d4070b6a106490bdc3fd3ea0,crypto/dso/dso_dlfcn.c,"('5087', '')",2020-09-12T20:32:11+02:00,2011-02-02T15:07:13+00:00
08073700cc50bcd0df5c0ee68c100e300a320d03,2accf3f7e013c3d02312afc27cc2edbd1f149db3,crypto/threads_pthread.c,"('5087', '')",2020-09-12T20:32:11+02:00,2017-02-03T13:48:44+01:00
6ac1cd10ba8a1d92d3858e53a7aea2cf444adf26,852c2ed260860b6b85c84f9fe96fb4d23d49c9f2,apps/ciphers.c,"('12707', '');('8102', '')",2020-09-13T11:09:45+01:00,2020-04-24T16:42:46+02:00
6ac1cd10ba8a1d92d3858e53a7aea2cf444adf26,852c2ed260860b6b85c84f9fe96fb4d23d49c9f2,apps/s_server.c,"('12707', '');('8102', '')",2020-09-13T11:09:45+01:00,2020-04-24T16:42:46+02:00
6ac1cd10ba8a1d92d3858e53a7aea2cf444adf26,852c2ed260860b6b85c84f9fe96fb4d23d49c9f2,fuzz/client.c,"('12707', '');('8102', '')",2020-09-13T11:09:45+01:00,2020-04-24T16:42:46+02:00
6ac1cd10ba8a1d92d3858e53a7aea2cf444adf26,852c2ed260860b6b85c84f9fe96fb4d23d49c9f2,fuzz/server.c,"('12707', '');('8102', '')",2020-09-13T11:09:45+01:00,2020-04-24T16:42:46+02:00
6ac1cd10ba8a1d92d3858e53a7aea2cf444adf26,01659135a1d8e042c6777886a74b682b32b28161,include/openssl/ssl.h.in,"('12707', '');('8102', '')",2020-09-13T11:09:45+01:00,2020-04-29T06:37:10+02:00
6ac1cd10ba8a1d92d3858e53a7aea2cf444adf26,852c2ed260860b6b85c84f9fe96fb4d23d49c9f2,ssl/d1_srtp.c,"('12707', '');('8102', '')",2020-09-13T11:09:45+01:00,2020-04-24T16:42:46+02:00
6ac1cd10ba8a1d92d3858e53a7aea2cf444adf26,852c2ed260860b6b85c84f9fe96fb4d23d49c9f2,ssl/s3_lib.c,"('12707', '');('8102', '')",2020-09-13T11:09:45+01:00,2020-04-24T16:42:46+02:00
6ac1cd10ba8a1d92d3858e53a7aea2cf444adf26,852c2ed260860b6b85c84f9fe96fb4d23d49c9f2,ssl/ssl_ciph.c,"('12707', '');('8102', '')",2020-09-13T11:09:45+01:00,2020-04-24T16:42:46+02:00
6ac1cd10ba8a1d92d3858e53a7aea2cf444adf26,852c2ed260860b6b85c84f9fe96fb4d23d49c9f2,ssl/ssl_lib.c,"('12707', '');('8102', '')",2020-09-13T11:09:45+01:00,2020-04-24T16:42:46+02:00
6ac1cd10ba8a1d92d3858e53a7aea2cf444adf26,852c2ed260860b6b85c84f9fe96fb4d23d49c9f2,ssl/statem/extensions_clnt.c,"('12707', '');('8102', '')",2020-09-13T11:09:45+01:00,2020-04-24T16:42:46+02:00
6ac1cd10ba8a1d92d3858e53a7aea2cf444adf26,852c2ed260860b6b85c84f9fe96fb4d23d49c9f2,ssl/statem/extensions_srvr.c,"('12707', '');('8102', '')",2020-09-13T11:09:45+01:00,2020-04-24T16:42:46+02:00
6ac1cd10ba8a1d92d3858e53a7aea2cf444adf26,852c2ed260860b6b85c84f9fe96fb4d23d49c9f2,ssl/statem/statem_clnt.c,"('12707', '');('8102', '')",2020-09-13T11:09:45+01:00,2020-04-24T16:42:46+02:00
6ac1cd10ba8a1d92d3858e53a7aea2cf444adf26,852c2ed260860b6b85c84f9fe96fb4d23d49c9f2,ssl/statem/statem_lib.c,"('12707', '');('8102', '')",2020-09-13T11:09:45+01:00,2020-04-24T16:42:46+02:00
6ac1cd10ba8a1d92d3858e53a7aea2cf444adf26,852c2ed260860b6b85c84f9fe96fb4d23d49c9f2,ssl/statem/statem_srvr.c,"('12707', '');('8102', '')",2020-09-13T11:09:45+01:00,2020-04-24T16:42:46+02:00
6ac1cd10ba8a1d92d3858e53a7aea2cf444adf26,852c2ed260860b6b85c84f9fe96fb4d23d49c9f2,ssl/t1_lib.c,"('12707', '');('8102', '')",2020-09-13T11:09:45+01:00,2020-04-24T16:42:46+02:00
6ac1cd10ba8a1d92d3858e53a7aea2cf444adf26,852c2ed260860b6b85c84f9fe96fb4d23d49c9f2,test/cipherbytes_test.c,"('12707', '');('8102', '')",2020-09-13T11:09:45+01:00,2020-04-24T16:42:46+02:00
6ac1cd10ba8a1d92d3858e53a7aea2cf444adf26,852c2ed260860b6b85c84f9fe96fb4d23d49c9f2,test/cipherlist_test.c,"('12707', '');('8102', '')",2020-09-13T11:09:45+01:00,2020-04-24T16:42:46+02:00
6ac1cd10ba8a1d92d3858e53a7aea2cf444adf26,852c2ed260860b6b85c84f9fe96fb4d23d49c9f2,test/ciphername_test.c,"('12707', '');('8102', '')",2020-09-13T11:09:45+01:00,2020-04-24T16:42:46+02:00
6ac1cd10ba8a1d92d3858e53a7aea2cf444adf26,852c2ed260860b6b85c84f9fe96fb4d23d49c9f2,test/dtls_mtu_test.c,"('12707', '');('8102', '')",2020-09-13T11:09:45+01:00,2020-04-24T16:42:46+02:00
6ac1cd10ba8a1d92d3858e53a7aea2cf444adf26,852c2ed260860b6b85c84f9fe96fb4d23d49c9f2,test/sslcorrupttest.c,"('12707', '');('8102', '')",2020-09-13T11:09:45+01:00,2020-04-24T16:42:46+02:00
6ac1cd10ba8a1d92d3858e53a7aea2cf444adf26,852c2ed260860b6b85c84f9fe96fb4d23d49c9f2,test/ssltest_old.c,"('12707', '');('8102', '')",2020-09-13T11:09:45+01:00,2020-04-24T16:42:46+02:00
e2d66c0d007ad8bcf80890dadf681135d24d86cd,a6eb1ce6a989d01bb00e9749789b690744be506c,crypto/pkcs12/p12_npas.c,"('8', '')",2020-09-16T07:22:43+10:00,2016-03-11T17:40:47+00:00
b8e5622809d3b3f61c4a615e51f5a8fd492ee23f,2022cfe07e331dc4b69829ca4dd45c295190d471,apps/dgst.c,"('12837', '')",2020-09-17T11:12:08+03:00,2007-04-11T17:20:40+00:00
ebcae87f6b62ed9b79a1255dbb3c69c635cea4d8,6e477a60e42978f63623ad64d8e28e7a3e5f2e28,apps/cmp.c,"('12872', '')",2020-09-17T14:19:09+02:00,2020-09-08T15:36:24+02:00
4b51903d8681c7fd429c566548529d5753e24f47,3a9f26f3308c5b3e59ec0e589310fd137b0399f6,providers/implementations/ciphers/cipher_aes_xts_hw.c,"('11622', '');('12378', '')",2020-09-18T06:15:50+10:00,2019-09-14T09:27:49+10:00
b5f82567afa820bac55b7dd7eb9dd510c32c3ef6,1c5bc7b85abf831beb58375ab2652cdcdf31a0fc,crypto/ec/asm/ecp_nistz256-armv4.pl,"('12848', '');('12854', '')",2020-09-20T14:21:15+02:00,2020-01-05T10:20:58+02:00
3eb99601b148e0019905b660d344508cccfc6943,8c209eeef426ded66ce99048f535f35d08b88462,util/mktar.sh,"('', '12364');('12364', '')",2020-09-24T08:03:00+02:00,2018-11-23T12:40:32+01:00
29844ea5b3d2b7240d99b043a0d82cb177f0762d,75ebbd9aa411c5b8b19ded6ace2b34181566b56a,crypto/dh/dh_ameth.c,"('12840', '')",2020-09-24T14:34:56+02:00,2015-05-11T10:06:38-04:00
29844ea5b3d2b7240d99b043a0d82cb177f0762d,3e4585c8fd0b23f884d775462736502599146af6,crypto/dh/dh_ameth.c,"('12840', '')",2020-09-24T14:34:56+02:00,2006-03-28T14:35:32+00:00
29844ea5b3d2b7240d99b043a0d82cb177f0762d,75ebbd9aa411c5b8b19ded6ace2b34181566b56a,crypto/ec/ec_ameth.c,"('12840', '')",2020-09-24T14:34:56+02:00,2015-05-11T10:06:38-04:00
29844ea5b3d2b7240d99b043a0d82cb177f0762d,3e4585c8fd0b23f884d775462736502599146af6,crypto/ec/ec_ameth.c,"('12840', '')",2020-09-24T14:34:56+02:00,2006-03-28T14:35:32+00:00
29844ea5b3d2b7240d99b043a0d82cb177f0762d,a46c9789ce2aecedceef119e9883513c7a49f1ca,crypto/ec/ec_asn1.c,"('12840', '')",2020-09-24T14:34:56+02:00,2015-09-14T23:53:03+02:00
29844ea5b3d2b7240d99b043a0d82cb177f0762d,14a7cfb32a0347a4bc620ae1b552b21c4c1e270b,crypto/ec/ec_asn1.c,"('12840', '')",2020-09-24T14:34:56+02:00,2002-08-07T10:49:54+00:00
29844ea5b3d2b7240d99b043a0d82cb177f0762d,37af03d3117cc1db061594019f351fcec5b08a8a,crypto/ec/ec_asn1.c,"('12840', '')",2020-09-24T14:34:56+02:00,2003-11-10T18:09:18+00:00
29844ea5b3d2b7240d99b043a0d82cb177f0762d,012c86ab74ae45873ea51eef7ca3c1d04d1441f1,crypto/ec/ec_asn1.c,"('12840', '')",2020-09-24T14:34:56+02:00,2002-06-10T12:41:18+00:00
29844ea5b3d2b7240d99b043a0d82cb177f0762d,52df25cf2e656146cb3b206d8220124f0417d03f,crypto/ec/ec_err.c,"('12840', '')",2020-09-24T14:34:56+02:00,2017-06-07T15:12:03-04:00
29844ea5b3d2b7240d99b043a0d82cb177f0762d,0f113f3ee4d629ef9a4a30911b22b224772085e5,crypto/ec/ec_err.c,"('12840', '')",2020-09-24T14:34:56+02:00,2015-01-22T09:20:09+00:00
29844ea5b3d2b7240d99b043a0d82cb177f0762d,5816586ba45bba05f6d9f0432a408063a42e1012,crypto/err/openssl.txt,"('12840', '')",2020-09-24T14:34:56+02:00,2017-06-12T15:03:40-04:00
29844ea5b3d2b7240d99b043a0d82cb177f0762d,52df25cf2e656146cb3b206d8220124f0417d03f,crypto/evp/evp_err.c,"('12840', '')",2020-09-24T14:34:56+02:00,2017-06-07T15:12:03-04:00
29844ea5b3d2b7240d99b043a0d82cb177f0762d,cfcefcbe2aff81c1735c788ca6ae26b7c16cc453,crypto/evp/evp_pbe.c,"('12840', '')",2020-09-24T14:34:56+02:00,1999-03-28T17:46:10+00:00
29844ea5b3d2b7240d99b043a0d82cb177f0762d,0f113f3ee4d629ef9a4a30911b22b224772085e5,crypto/evp/evp_pbe.c,"('12840', '')",2020-09-24T14:34:56+02:00,2015-01-22T09:20:09+00:00
29844ea5b3d2b7240d99b043a0d82cb177f0762d,846ec07d904f9cc81d486db0db14fb84f61ff6e5,crypto/pkcs12/p12_decr.c,"('12840', '')",2020-09-24T14:34:56+02:00,2016-01-12T13:52:22+01:00
29844ea5b3d2b7240d99b043a0d82cb177f0762d,8d8c7266d4de9887fb0190a0770df9dc254a16a3,crypto/pkcs12/p12_decr.c,"('12840', '')",2020-09-24T14:34:56+02:00,1999-03-28T23:17:34+00:00
29844ea5b3d2b7240d99b043a0d82cb177f0762d,0f113f3ee4d629ef9a4a30911b22b224772085e5,crypto/pkcs12/p12_decr.c,"('12840', '')",2020-09-24T14:34:56+02:00,2015-01-22T09:20:09+00:00
29844ea5b3d2b7240d99b043a0d82cb177f0762d,8d8c7266d4de9887fb0190a0770df9dc254a16a3,crypto/pkcs12/p12_kiss.c,"('12840', '')",2020-09-24T14:34:56+02:00,1999-03-28T23:17:34+00:00
29844ea5b3d2b7240d99b043a0d82cb177f0762d,52df25cf2e656146cb3b206d8220124f0417d03f,crypto/pkcs12/pk12err.c,"('12840', '')",2020-09-24T14:34:56+02:00,2017-06-07T15:12:03-04:00
29844ea5b3d2b7240d99b043a0d82cb177f0762d,0f113f3ee4d629ef9a4a30911b22b224772085e5,crypto/pkcs12/pk12err.c,"('12840', '')",2020-09-24T14:34:56+02:00,2015-01-22T09:20:09+00:00
29844ea5b3d2b7240d99b043a0d82cb177f0762d,75ebbd9aa411c5b8b19ded6ace2b34181566b56a,crypto/rsa/rsa_ameth.c,"('12840', '')",2020-09-24T14:34:56+02:00,2015-05-11T10:06:38-04:00
29844ea5b3d2b7240d99b043a0d82cb177f0762d,5c95c2ac23dd30f3c458e2738598383d2ca58181,crypto/rsa/rsa_ameth.c,"('12840', '')",2020-09-24T14:34:56+02:00,2006-07-17T16:33:31+00:00
29844ea5b3d2b7240d99b043a0d82cb177f0762d,448be743350791d32764fac38f5d3c8ffda481b2,crypto/rsa/rsa_ameth.c,"('12840', '')",2020-09-24T14:34:56+02:00,2006-03-20T12:22:24+00:00
29844ea5b3d2b7240d99b043a0d82cb177f0762d,c2150f73571fbcf150d0a7e5eaef537fd43857fa,crypto/store/store_result.c,"('12840', '')",2020-09-24T14:34:56+02:00,2020-09-03T17:48:32+02:00
29844ea5b3d2b7240d99b043a0d82cb177f0762d,7c664b1f1b5f60bf896f5fdea5c08c401c541dfe,providers/implementations/encode_decode/decode_der2key.c,"('12840', '')",2020-09-24T14:34:56+02:00,2020-08-01T11:51:19+10:00
29844ea5b3d2b7240d99b043a0d82cb177f0762d,63f187cfedd21550094b5d69a52f7f617545b209,providers/implementations/storemgmt/file_store_der2obj.c,"('12840', '')",2020-09-24T14:34:56+02:00,2020-09-03T17:48:32+02:00
29844ea5b3d2b7240d99b043a0d82cb177f0762d,2a33470b4f23bcf1cd66bbf645c855142efa0ed9,test/recipes/25-test_x509.t,"('12840', '')",2020-09-24T14:34:56+02:00,2020-08-20T14:55:52+02:00
3786d74868fe440250f902ce1a78974136ca9304,8f7e1f68ccf875d1f10067dc951d5aa697b820be,apps/genrsa.c,"('12635', '')",2020-09-26T07:31:59+10:00,2020-04-19T10:37:39+10:00
3786d74868fe440250f902ce1a78974136ca9304,2972af109e10c5ce30e548190e3eee28327d6043,crypto/rsa/rsa_lib.c,"('12635', '')",2020-09-26T07:31:59+10:00,2020-03-12T10:44:02+01:00
3786d74868fe440250f902ce1a78974136ca9304,54d853ebc380d06502bbb517a7ce116af52c123c,crypto/rsa/rsa_pmeth.c,"('12635', '')",2020-09-26T07:31:59+10:00,2006-04-11T17:28:37+00:00
3786d74868fe440250f902ce1a78974136ca9304,ffd89124bdfc9e69349492c3f15383bb35520a11,doc/man3/EVP_PKEY_CTX_ctrl.pod,"('12635', '')",2020-09-26T07:31:59+10:00,2018-10-17T13:22:14+03:00
3786d74868fe440250f902ce1a78974136ca9304,e72467d3a4d0b83f478bbd60fee3e788a615238e,doc/man3/EVP_PKEY_CTX_ctrl.pod,"('12635', '')",2020-09-26T07:31:59+10:00,2020-02-22T01:08:06+01:00
3786d74868fe440250f902ce1a78974136ca9304,90ccf05f8276a6e289d8b49002d7ed470bf5d517,doc/man3/EVP_PKEY_CTX_ctrl.pod,"('12635', '')",2020-09-26T07:31:59+10:00,2006-07-09T10:51:03+00:00
3786d74868fe440250f902ce1a78974136ca9304,96bb4ff9b8473d01d9ac9301ec0f796898c8f459,doc/man3/EVP_PKEY_CTX_ctrl.pod,"('12635', '')",2020-09-26T07:31:59+10:00,2020-09-12T20:24:38+02:00
3786d74868fe440250f902ce1a78974136ca9304,2972af109e10c5ce30e548190e3eee28327d6043,include/openssl/rsa.h,"('12635', '')",2020-09-26T07:31:59+10:00,2020-03-12T10:44:02+01:00
3786d74868fe440250f902ce1a78974136ca9304,4f2271d58a36b2aee125062ffb9626c6208fa394,test/acvp_test.c,"('12635', '')",2020-09-26T07:31:59+10:00,2020-06-17T11:33:16+10:00
3786d74868fe440250f902ce1a78974136ca9304,2972af109e10c5ce30e548190e3eee28327d6043,util/libcrypto.num,"('12635', '')",2020-09-26T07:31:59+10:00,2020-03-12T10:44:02+01:00
02a2567173a451d8d00c276e6d8c1d1cb171234d,70dd3c6593d87e4cbb56b485717cb2cfff730f3e,crypto/x509/x509_vfy.c,"('11297', '')",2020-10-08T16:49:29+02:00,2016-04-03T11:35:19-04:00
13c5ec569ea9286ff18e019fb2d53be64829c62c,8931b30d8478b0bd24af251fac64e7b0bf121369,crypto/cms/cms_smime.c,"('13082', '')",2020-10-08T18:17:44+03:00,2008-03-12T21:14:28+00:00
13c5ec569ea9286ff18e019fb2d53be64829c62c,fcd5cca418c1efcd420cfbdcd56182e0524698c1,crypto/pkcs7/pk7_smime.c,"('13082', '')",2020-10-08T18:17:44+03:00,2005-01-14T17:52:24+00:00
d00bd4e452e846a610284fe2be3e9358153251e7,3340e8bb186f689df5720352f65a9c0c42b6046b,crypto/asn1/d2i_pr.c,"('', '29817')",2020-10-08T17:53:21+02:00,2016-05-04T12:57:41+01:00
d00bd4e452e846a610284fe2be3e9358153251e7,12a765a5235f181c2f4992b615eb5f892c368e88,crypto/asn1/d2i_pr.c,"('', '29817')",2020-10-08T17:53:21+02:00,2019-10-09T21:32:15+02:00
a8154452e5f5404982a2f6e54d56b1a17b6a5c4d,4ce1025a8ac37d255f569147116dd776f9267cce,crypto/evp/p_lib.c,"('12876', '')",2020-10-13T06:45:58+02:00,2020-09-08T16:45:11+02:00
a8154452e5f5404982a2f6e54d56b1a17b6a5c4d,ff1f7cdeb159e89ce305422b6e2a7e4002d825ab,crypto/evp/p_lib.c,"('12876', '')",2020-10-13T06:45:58+02:00,2020-04-14T17:58:17+03:00
a8154452e5f5404982a2f6e54d56b1a17b6a5c4d,e683582bf37de45a9512aea7ff33b9a3ebdf07f4,crypto/evp/p_lib.c,"('12876', '')",2020-10-13T06:45:58+02:00,2020-01-12T11:32:12+10:00
a135948ddaa4deff369cfaeb768efd603649f4de,1fdcef75b06cb17e046bf62cda9ace3e943a5661,crypto/poly1305/asm/poly1305-armv8.pl,"('10842', '');('11464', '')",2020-10-22T12:16:49+10:00,2016-02-13T12:07:45+01:00
a135948ddaa4deff369cfaeb768efd603649f4de,ddb6b965da0087dadea5488fe11646e3777c66e1,crypto/sha/asm/sha1-armv8.pl,"('10842', '');('11464', '')",2020-10-22T12:16:49+10:00,2014-06-01T18:02:11+02:00
a135948ddaa4deff369cfaeb768efd603649f4de,ddb6b965da0087dadea5488fe11646e3777c66e1,crypto/sha/asm/sha512-armv8.pl,"('10842', '');('11464', '')",2020-10-22T12:16:49+10:00,2014-06-01T18:02:11+02:00
e82f45982cf1660d3287332d3d70bf5b01de1fd1,89d6aa10a24c0d5195e5a4c21f99919c53fe69ac,include/openssl/lhash.h.in,"('12860', '')",2020-10-30T14:24:30+00:00,2016-01-11T17:50:42+00:00
914079d1c33cd775f15801663c36ee31c66554fa,64713cb10de05c2e3ac63300f4073b11f57287ba,test/recipes/80-test_ca.t,"('13330', '')",2020-11-07T12:24:49+01:00,2020-09-11T14:32:27+03:00
07af94416ff740b4346689ee4c20cb26a33708c7,e6c54619d151eeec32055bbd713cda11a9182246,crypto/property/property.c,"('12869', '')",2020-11-08T07:44:28+01:00,2020-08-17T11:27:51+01:00
07af94416ff740b4346689ee4c20cb26a33708c7,29dc6e00f2a1ec93bbacc5127cecf3412e95e57f,crypto/property/property.c,"('12869', '')",2020-11-08T07:44:28+01:00,2019-08-01T09:59:20+01:00
2c90e80dec299c3307a968ec21838aeabd7bb2c9,9d5aca655323d795ad8c28fa6be47250a08c18c7,apps/lib/apps.c,"('13317', '')",2020-11-10T14:04:58+00:00,2020-04-24T18:00:24+02:00
2c90e80dec299c3307a968ec21838aeabd7bb2c9,6d382c74b375f1f8c44f04ec3de95ff781598a3b,apps/lib/apps.c,"('13317', '')",2020-11-10T14:04:58+00:00,2020-05-15T20:20:08+02:00
2c90e80dec299c3307a968ec21838aeabd7bb2c9,4e96633ac754287a17ae399284987916ce480ef0,apps/lib/apps.c,"('13317', '')",2020-11-10T14:04:58+00:00,2010-05-27T14:09:03+00:00
2c90e80dec299c3307a968ec21838aeabd7bb2c9,7e1b7485706c2b11091b5fa897fe496a2faa56cc,apps/lib/apps.c,"('13317', '')",2020-11-10T14:04:58+00:00,2015-04-24T15:26:15-04:00
2c90e80dec299c3307a968ec21838aeabd7bb2c9,01c12100f7d54db29da3fd47dc40c9d0e08c0ab0,apps/lib/apps.c,"('13317', '')",2020-11-10T14:04:58+00:00,2020-04-24T18:00:24+02:00
322d56cd645fa2372aaddc78ea5db9c71f58d28f,7dc6875c5562fce2336b87f59b081e0bf4d7855c,.github/ISSUE_TEMPLATE.md,"('13396', '')",2020-11-14T12:01:28+01:00,2018-11-13T17:01:41+01:00
322d56cd645fa2372aaddc78ea5db9c71f58d28f,7dc6875c5562fce2336b87f59b081e0bf4d7855c,.github/ISSUE_TEMPLATE/bug_report.md,"('13396', '')",2020-11-14T12:01:28+01:00,2018-11-13T17:01:41+01:00
322d56cd645fa2372aaddc78ea5db9c71f58d28f,7dc6875c5562fce2336b87f59b081e0bf4d7855c,.github/ISSUE_TEMPLATE/feature_request.md,"('13396', '')",2020-11-14T12:01:28+01:00,2018-11-13T17:01:41+01:00
4605c5ab4796e99a207ab54d31bb8d2b5e42f1ca,4ef0ddc9d8ee829bf9dceae73f7a48a55f512739,.travis.yml,"('12627', '')",2020-11-16T17:21:57+10:00,2020-05-08T16:22:01+02:00
4605c5ab4796e99a207ab54d31bb8d2b5e42f1ca,7a810fac866c6c1d93015999633ee2a29f17b3d2,providers/common/securitycheck.c,"('12627', '')",2020-11-16T17:21:57+10:00,2020-09-18T14:20:39+01:00
4605c5ab4796e99a207ab54d31bb8d2b5e42f1ca,39d9be390a16d3bc5c2b94ad31b705f8239af779,test/recipes/20-test_cli_fips.t,"('12627', '')",2020-11-16T17:21:57+10:00,2020-08-24T14:49:03+03:00
3800cc6f4d285699210da496a42434bd2b42e065,16bfe6cee0853bd340e270f2deda6000ea6eeaa9,doc/man3/OSSL_PARAM_int.pod,"('11162', '')",2020-11-18T17:12:20+01:00,2019-03-19T07:08:47+01:00
5b1d94c11c680c2b9527c3da55593468bcf65efd,9830e7ea42b9c0f95ea1f4b09aa2e60fa7d3115f,crypto/params.c,"('13365', '');('13366', '')",2020-11-19T21:13:57+10:00,2019-05-21T07:42:54+10:00
223652548d295650ad2dfc7052a0b4abd94c65ae,df65c06b59f0ccd06398c0ff3034371fdefd8e70,crypto/encode_decode/decoder_pkey.c,"('13472', '')",2020-11-24T12:10:40+01:00,2020-11-11T11:42:06+01:00
1950e0e3e796a066a0de95330f67d2da9d2c93e5,34816949460e7131af4de421806845be213354d4,test/recipes/66-test_ossl_store.t,"('13046', '')",2020-11-25T10:02:59+00:00,2020-09-12T15:57:23+10:00
931d5b4b27fcc907e3ff4d4328c59a5f285a44fb,8d9a4d833f12b0669f053a504268d13a46c079ad,apps/cmp.c,"('13494', '')",2020-11-25T13:33:50+01:00,2020-05-13T19:42:00+02:00
931d5b4b27fcc907e3ff4d4328c59a5f285a44fb,a43ce58f5569a160272c492c680f2e42d38ec769,apps/include/apps_ui.h,"('13494', '')",2020-11-25T13:33:50+01:00,2019-02-11T15:31:51+01:00
931d5b4b27fcc907e3ff4d4328c59a5f285a44fb,a43ce58f5569a160272c492c680f2e42d38ec769,apps/lib/apps_ui.c,"('13494', '')",2020-11-25T13:33:50+01:00,2019-02-11T15:31:51+01:00
8dc34b1f579f71f24aa385d33112da4a91db7079,4ce1025a8ac37d255f569147116dd776f9267cce,crypto/evp/p_lib.c,"('', '29817')",2020-11-26T18:06:06+01:00,2020-09-08T16:45:11+02:00
8dc34b1f579f71f24aa385d33112da4a91db7079,9311d0c471ca2eaa259e8c1bbbeb7c46394c7ba2,crypto/evp/p_lib.c,"('', '29817')",2020-11-26T18:06:06+01:00,2020-11-13T09:35:02+01:00
8dc34b1f579f71f24aa385d33112da4a91db7079,a8154452e5f5404982a2f6e54d56b1a17b6a5c4d,crypto/evp/p_lib.c,"('', '29817')",2020-11-26T18:06:06+01:00,2020-10-13T06:45:58+02:00
ee46dfbf2c117a9532f887b478c9c65d8f30d50c,f86c5c9ac7b111aa2cf08d2c89d97e6f1b154162,crypto/asn1/a_dup.c,"('12680', '')",2020-11-27T16:53:32+01:00,2000-12-28T22:41:46+00:00
ee46dfbf2c117a9532f887b478c9c65d8f30d50c,5a7734cd0219faaad336990c9ceebc8efc2776b0,test/cmp_msg_test.c,"('12680', '')",2020-11-27T16:53:32+01:00,2020-08-21T09:04:13+02:00
ee46dfbf2c117a9532f887b478c9c65d8f30d50c,d8652be06e2778e8898453a391deb7253e1a35a2,test/cmp_msg_test.c,"('12680', '')",2020-11-27T16:53:32+01:00,2020-10-01T09:25:20+01:00
cbb85bda0c0849ce962e1cf232689d6351e4a217,ec4d1b8f8ce2d2ed1c378abfeffaabfda3cc7122,providers/fips/self_test_kats.c,"('13536', '')",2020-11-30T10:50:13+00:00,2020-04-03T16:50:36+10:00
cbb85bda0c0849ce962e1cf232689d6351e4a217,555cbb328ee2eaa9356cd23e2194c1600653c500,ssl/ssl_local.h,"('13536', '')",2020-11-30T10:50:13+00:00,2019-04-29T17:26:09+01:00
cbb85bda0c0849ce962e1cf232689d6351e4a217,260009d877bfd6fe75aef08ecf4c366127f1f78e,ssl/t1_lib.c,"('13536', '')",2020-11-30T10:50:13+00:00,2020-06-19T10:19:31+01:00
cbb85bda0c0849ce962e1cf232689d6351e4a217,65dc5c3cc10af7c6f24ecd922adb7b6d17a9fe65,ssl/t1_lib.c,"('13536', '')",2020-11-30T10:50:13+00:00,2019-06-17T10:57:19+01:00
3bed88a3970605a2ff817065f93b08e965d89e5f,6725682d77510bf6d499957897d7be124d603f40,crypto/x509/x509_vfy.c,"('13427', '')",2020-12-03T14:06:49+01:00,2020-07-24T22:53:27+10:00
3bed88a3970605a2ff817065f93b08e965d89e5f,0e7b1383e138ce3fa66c5bd0ea4a9cb35487436c,crypto/x509/x509_vfy.c,"('13427', '')",2020-12-03T14:06:49+01:00,2020-07-01T11:14:54+02:00
3bed88a3970605a2ff817065f93b08e965d89e5f,2b3936e8825efa15eceaa41ba6d3486dfc6ee2c0,crypto/x509/x509_vfy.c,"('13427', '')",2020-12-03T14:06:49+01:00,2010-12-25T20:45:59+00:00
3bed88a3970605a2ff817065f93b08e965d89e5f,2f043896d14f5b1ced08bcc8bec3e38e7a18d96f,crypto/x509/x509_vfy.c,"('13427', '')",2020-12-03T14:06:49+01:00,2000-09-05T17:53:58+00:00
3bed88a3970605a2ff817065f93b08e965d89e5f,d18c7ad66aaaebe10c86127d966f5401bc414d2a,crypto/x509/x509_vfy.c,"('13427', '')",2020-12-03T14:06:49+01:00,2020-07-01T11:14:54+02:00
3bed88a3970605a2ff817065f93b08e965d89e5f,0b670a2101c6cdcc3f2a4ed168f75243fe082a2b,crypto/x509/x509_vfy.c,"('13427', '')",2020-12-03T14:06:49+01:00,2020-07-16T15:48:53+02:00
3bed88a3970605a2ff817065f93b08e965d89e5f,0f113f3ee4d629ef9a4a30911b22b224772085e5,crypto/x509/x509_vfy.c,"('13427', '')",2020-12-03T14:06:49+01:00,2015-01-22T09:20:09+00:00
3bed88a3970605a2ff817065f93b08e965d89e5f,ade08735f9d0ac85d611c5abee8a1df651bbca13,doc/man1/openssl.pod,"('13427', '')",2020-12-03T14:06:49+01:00,2020-07-01T11:14:54+02:00
3bed88a3970605a2ff817065f93b08e965d89e5f,0e7b1383e138ce3fa66c5bd0ea4a9cb35487436c,doc/man3/X509_STORE_set_verify_cb_func.pod,"('13427', '')",2020-12-03T14:06:49+01:00,2020-07-01T11:14:54+02:00
3bed88a3970605a2ff817065f93b08e965d89e5f,4ff993d7912516a2fd1d5c1e97a6f26a4644c1c6,test/recipes/25-test_verify.t,"('13427', '')",2020-12-03T14:06:49+01:00,2020-09-26T14:03:44+02:00
22b9230f39ff44f434dc671c45fe0bc68c14c0ad,dcc679cd99835560d75a84719ab73a70a952f035,crypto/x509/x_x509.c,"('13486', '')",2020-12-04T08:22:24+10:00,2020-08-09T17:34:52+10:00
22b9230f39ff44f434dc671c45fe0bc68c14c0ad,ee46dfbf2c117a9532f887b478c9c65d8f30d50c,crypto/x509/x_x509.c,"('13486', '')",2020-12-04T08:22:24+10:00,2020-11-27T16:53:32+01:00
22b9230f39ff44f434dc671c45fe0bc68c14c0ad,4cdf44c46b699934b86b9d842cfd4448b7dbe58e,crypto/x509/x_x509.c,"('13486', '')",2020-12-04T08:22:24+10:00,2020-08-21T09:04:09+02:00
22b9230f39ff44f434dc671c45fe0bc68c14c0ad,6725682d77510bf6d499957897d7be124d603f40,include/crypto/x509.h,"('13486', '')",2020-12-04T08:22:24+10:00,2020-07-24T22:53:27+10:00
283320281bda4e1b5cfaedb0db723a96325aabb9,2c6094baca6476d8b024dc7d9f461dae597ae797,providers/implementations/signature/ecdsa.c,"('13422', '')",2020-12-04T08:33:27+10:00,2020-05-14T12:16:35+02:00
283320281bda4e1b5cfaedb0db723a96325aabb9,edd3b7a309f8767fc7d8a5c4f7d350b53e144c1b,providers/implementations/signature/ecdsa.c,"('13422', '')",2020-12-04T08:33:27+10:00,2020-03-15T21:34:29+10:00
283320281bda4e1b5cfaedb0db723a96325aabb9,49ed5ba8f62875074f04417189147fd3dda072ab,providers/implementations/signature/ecdsa.c,"('13422', '')",2020-12-04T08:33:27+10:00,2020-09-18T14:20:39+01:00
283320281bda4e1b5cfaedb0db723a96325aabb9,2d956b320c910a90528e9a3aeb4cf48221dba246,providers/implementations/signature/ecdsa.c,"('13422', '')",2020-12-04T08:33:27+10:00,2020-04-07T11:16:56+02:00
283320281bda4e1b5cfaedb0db723a96325aabb9,a55b00bdbc00b1632e551cf71bce72137e683c12,providers/implementations/signature/ecdsa.c,"('13422', '')",2020-12-04T08:33:27+10:00,2020-10-01T11:25:12+10:00
283320281bda4e1b5cfaedb0db723a96325aabb9,0645110ebdf0192d20831e00e45d308e719ff0f1,providers/implementations/signature/ecdsa.c,"('13422', '')",2020-12-04T08:33:27+10:00,2020-09-18T14:20:38+01:00
283320281bda4e1b5cfaedb0db723a96325aabb9,4f2271d58a36b2aee125062ffb9626c6208fa394,providers/implementations/signature/ecdsa.c,"('13422', '')",2020-12-04T08:33:27+10:00,2020-06-17T11:33:16+10:00
ecfbe2f0461b399b6bf99bdaa95c460ece8e693e,dc8de3e6f1eed18617dc42d41dec6c6566c2ac0c,crypto/dsa/dsa_lib.c,"('13610', '')",2020-12-05T11:06:05+01:00,2020-01-24T14:09:33+10:00
ecfbe2f0461b399b6bf99bdaa95c460ece8e693e,e683582bf37de45a9512aea7ff33b9a3ebdf07f4,crypto/dsa/dsa_sign.c,"('13610', '')",2020-12-05T11:06:05+01:00,2020-01-12T11:32:12+10:00
ecfbe2f0461b399b6bf99bdaa95c460ece8e693e,dc8de3e6f1eed18617dc42d41dec6c6566c2ac0c,crypto/dsa/dsa_sign.c,"('13610', '')",2020-12-05T11:06:05+01:00,2020-01-24T14:09:33+10:00
ecfbe2f0461b399b6bf99bdaa95c460ece8e693e,38e33cef15e7965ad9fd9db4b08fb2f5dc1bc573,doc/man3/DSA_size.pod,"('13610', '')",2020-12-05T11:06:05+01:00,2000-01-27T19:31:26+00:00
ecfbe2f0461b399b6bf99bdaa95c460ece8e693e,5d8d9a8efaad0ece23f6692f1b1318744230fd4d,doc/man3/DSA_size.pod,"('13610', '')",2020-12-05T11:06:05+01:00,2016-08-01T19:37:42+01:00
ecfbe2f0461b399b6bf99bdaa95c460ece8e693e,588d5d01fefde6a3437d6749b4435c41180df868,doc/man3/DSA_size.pod,"('13610', '')",2020-12-05T11:06:05+01:00,2020-04-30T14:51:37+10:00
ecfbe2f0461b399b6bf99bdaa95c460ece8e693e,6a2da30347d81245dd4841833808621d189a9629,doc/man3/DSA_size.pod,"('13610', '')",2020-12-05T11:06:05+01:00,2017-08-09T11:25:19-04:00
198b11683568452282bd48828fcf60d4835bf327,9d6b1ce6441c7cc6aed344f02d9f676ab5e04217,crypto/x509/v3_genn.c,"('6859', '')",2020-12-08T10:16:50+00:00,2000-12-08T19:09:35+00:00
ac7750bb5ec4238c4f6514eb174c1bd584728f05,ff64702b3d83d4c77756e0fd7b624e2165dbbdf0,crypto/evp/pmeth_lib.c,"('12438', '')",2020-12-14T11:30:40+10:00,2019-07-16T10:16:32+01:00
ac7750bb5ec4238c4f6514eb174c1bd584728f05,864b89ce497c57207d04a83e23f96f50dae9d164,crypto/evp/pmeth_lib.c,"('12438', '')",2020-12-14T11:30:40+10:00,2019-09-09T14:00:00+01:00
ac7750bb5ec4238c4f6514eb174c1bd584728f05,80f4fd18f72c0d3faae864da6979b83acc4f89a2,crypto/evp/pmeth_lib.c,"('12438', '')",2020-12-14T11:30:40+10:00,2020-09-19T18:08:46+10:00
ac7750bb5ec4238c4f6514eb174c1bd584728f05,8bdcef40e48f167e0d566fc5a831c05a7d94d7b1,crypto/evp/pmeth_lib.c,"('12438', '')",2020-12-14T11:30:40+10:00,2006-05-24T23:49:30+00:00
ac7750bb5ec4238c4f6514eb174c1bd584728f05,2c938e2ee8b420e3a1260a2446f3f820f01e71d5,crypto/evp/pmeth_lib.c,"('12438', '')",2020-12-14T11:30:40+10:00,2019-11-14T09:29:46+00:00
ac7750bb5ec4238c4f6514eb174c1bd584728f05,5165148f720a62cf72e3fb83bf557f9b141cc3a6,doc/man3/EVP_PKEY_CTX_new.pod,"('12438', '')",2020-12-14T11:30:40+10:00,2006-07-08T10:45:08+00:00
ac7750bb5ec4238c4f6514eb174c1bd584728f05,028687c08b20ecc463afaf2d692542b88ebfe8bc,doc/man3/EVP_PKEY_CTX_new.pod,"('12438', '')",2020-12-14T11:30:40+10:00,2019-10-16T15:02:05+02:00
021410ea3fc3876538830839d16b67e610d12785,7e1b7485706c2b11091b5fa897fe496a2faa56cc,apps/ciphers.c,"('13527', '')",2020-12-15T11:47:17+01:00,2015-04-24T15:26:15-04:00
021410ea3fc3876538830839d16b67e610d12785,8d9a4d833f12b0669f053a504268d13a46c079ad,apps/cmp.c,"('13527', '')",2020-12-15T11:47:17+01:00,2020-05-13T19:42:00+02:00
021410ea3fc3876538830839d16b67e610d12785,2234212c3dde887e0b7fa08277d035cd132e2cce,apps/dhparam.c,"('13527', '')",2020-12-15T11:47:17+01:00,2017-06-12T16:11:05-04:00
021410ea3fc3876538830839d16b67e610d12785,7e1b7485706c2b11091b5fa897fe496a2faa56cc,apps/dhparam.c,"('13527', '')",2020-12-15T11:47:17+01:00,2015-04-24T15:26:15-04:00
021410ea3fc3876538830839d16b67e610d12785,7e1b7485706c2b11091b5fa897fe496a2faa56cc,apps/dsaparam.c,"('13527', '')",2020-12-15T11:47:17+01:00,2015-04-24T15:26:15-04:00
021410ea3fc3876538830839d16b67e610d12785,d02b48c63a58ea4367a0e905979f140b7d090f86,apps/dsaparam.c,"('13527', '')",2020-12-15T11:47:17+01:00,1998-12-21T10:52:47+00:00
021410ea3fc3876538830839d16b67e610d12785,c27363f566274a65067d7559f9669f300f957183,apps/enc.c,"('13527', '')",2020-12-15T11:47:17+01:00,2017-08-21T10:58:49-04:00
021410ea3fc3876538830839d16b67e610d12785,7e1b7485706c2b11091b5fa897fe496a2faa56cc,apps/errstr.c,"('13527', '')",2020-12-15T11:47:17+01:00,2015-04-24T15:26:15-04:00
021410ea3fc3876538830839d16b67e610d12785,302f75887e52bbe0ab7a5806335a0a1264323b07,apps/errstr.c,"('13527', '')",2020-12-15T11:47:17+01:00,2016-02-10T17:40:59+00:00
021410ea3fc3876538830839d16b67e610d12785,95214b434fe969e9508b6b9f38d0ea931d7e6415,apps/fipsinstall.c,"('13527', '')",2020-12-15T11:47:17+01:00,2019-08-24T18:56:34+10:00
021410ea3fc3876538830839d16b67e610d12785,5744dacb3a9d785d587afb61831cb1ff2be6ed0d,apps/fipsinstall.c,"('13527', '')",2020-12-15T11:47:17+01:00,2020-07-15T23:17:29+02:00
021410ea3fc3876538830839d16b67e610d12785,c69e361f1cadf8f196867c46ecc6f74bb21c5614,apps/gendsa.c,"('13527', '')",2020-12-15T11:47:17+01:00,1999-07-14T18:37:51+00:00
021410ea3fc3876538830839d16b67e610d12785,3b061a00e39d2e4ad524ff01cbdc0c53fe8171ee,apps/gendsa.c,"('13527', '')",2020-12-15T11:47:17+01:00,2015-06-15T18:26:56-04:00
021410ea3fc3876538830839d16b67e610d12785,0109e030db9207a47e195b4c3a3b13e9017f0ed2,apps/info.c,"('13527', '')",2020-12-15T11:47:17+01:00,2019-04-23T15:51:39+02:00
021410ea3fc3876538830839d16b67e610d12785,c54492ecf8331fd87f6ac163f9fc5b576af128e8,apps/kdf.c,"('13527', '')",2020-12-15T11:47:17+01:00,2019-04-24T11:56:47+02:00
021410ea3fc3876538830839d16b67e610d12785,753149d97f8474ff8745a66175b8e4a19fe50743,apps/list.c,"('13527', '')",2020-12-15T11:47:17+01:00,2019-07-15T07:00:29+02:00
021410ea3fc3876538830839d16b67e610d12785,4d768e966ff9a9777b2b4a79f85a737ab2ded666,apps/mac.c,"('13527', '')",2020-12-15T11:47:17+01:00,2019-03-11T12:44:56+00:00
021410ea3fc3876538830839d16b67e610d12785,033585175485077bf7f5bbb352fd4f162d0c235f,apps/ocsp.c,"('13527', '')",2020-12-15T11:47:17+01:00,2016-02-20T14:53:53+01:00
021410ea3fc3876538830839d16b67e610d12785,7e1b7485706c2b11091b5fa897fe496a2faa56cc,apps/ocsp.c,"('13527', '')",2020-12-15T11:47:17+01:00,2015-04-24T15:26:15-04:00
021410ea3fc3876538830839d16b67e610d12785,033585175485077bf7f5bbb352fd4f162d0c235f,apps/pkcs12.c,"('13527', '')",2020-12-15T11:47:17+01:00,2016-02-20T14:53:53+01:00
021410ea3fc3876538830839d16b67e610d12785,7e1b7485706c2b11091b5fa897fe496a2faa56cc,apps/prime.c,"('13527', '')",2020-12-15T11:47:17+01:00,2015-04-24T15:26:15-04:00
021410ea3fc3876538830839d16b67e610d12785,c27363f566274a65067d7559f9669f300f957183,apps/prime.c,"('13527', '')",2020-12-15T11:47:17+01:00,2017-08-21T10:58:49-04:00
021410ea3fc3876538830839d16b67e610d12785,c27363f566274a65067d7559f9669f300f957183,apps/rand.c,"('13527', '')",2020-12-15T11:47:17+01:00,2017-08-21T10:58:49-04:00
021410ea3fc3876538830839d16b67e610d12785,033585175485077bf7f5bbb352fd4f162d0c235f,apps/s_client.c,"('13527', '')",2020-12-15T11:47:17+01:00,2016-02-20T14:53:53+01:00
021410ea3fc3876538830839d16b67e610d12785,7e1b7485706c2b11091b5fa897fe496a2faa56cc,apps/s_client.c,"('13527', '')",2020-12-15T11:47:17+01:00,2015-04-24T15:26:15-04:00
021410ea3fc3876538830839d16b67e610d12785,729ef85611d2490da8f10ea546279c961e6de4a6,apps/s_client.c,"('13527', '')",2020-12-15T11:47:17+01:00,2017-06-19T08:42:10+01:00
021410ea3fc3876538830839d16b67e610d12785,222417eb71a91f28381f5b3f93d7db690e8d92bf,apps/s_client.c,"('13527', '')",2020-12-15T11:47:17+01:00,2017-07-07T16:19:03+01:00
021410ea3fc3876538830839d16b67e610d12785,7e1b7485706c2b11091b5fa897fe496a2faa56cc,apps/s_server.c,"('13527', '')",2020-12-15T11:47:17+01:00,2015-04-24T15:26:15-04:00
021410ea3fc3876538830839d16b67e610d12785,2234212c3dde887e0b7fa08277d035cd132e2cce,apps/smime.c,"('13527', '')",2020-12-15T11:47:17+01:00,2017-06-12T16:11:05-04:00
021410ea3fc3876538830839d16b67e610d12785,7e1b7485706c2b11091b5fa897fe496a2faa56cc,apps/smime.c,"('13527', '')",2020-12-15T11:47:17+01:00,2015-04-24T15:26:15-04:00
021410ea3fc3876538830839d16b67e610d12785,c403a1ddff475ae5346ba1b9ee431a5b995a1584,apps/storeutl.c,"('13527', '')",2020-12-15T11:47:17+01:00,2017-06-29T11:55:31+02:00
021410ea3fc3876538830839d16b67e610d12785,5d94e5b65adc7d773068b8eb4b5525d35930f1ae,apps/ts.c,"('13527', '')",2020-12-15T11:47:17+01:00,2016-04-21T10:51:57+01:00
021410ea3fc3876538830839d16b67e610d12785,c27363f566274a65067d7559f9669f300f957183,apps/version.c,"('13527', '')",2020-12-15T11:47:17+01:00,2017-08-21T10:58:49-04:00
021410ea3fc3876538830839d16b67e610d12785,7e1b7485706c2b11091b5fa897fe496a2faa56cc,apps/x509.c,"('13527', '')",2020-12-15T11:47:17+01:00,2015-04-24T15:26:15-04:00
021410ea3fc3876538830839d16b67e610d12785,d02b48c63a58ea4367a0e905979f140b7d090f86,apps/x509.c,"('13527', '')",2020-12-15T11:47:17+01:00,1998-12-21T10:52:47+00:00
74cd923a78b490d46af9c3dc5c8dc7a741c5e576,ff64702b3d83d4c77756e0fd7b624e2165dbbdf0,crypto/evp/pmeth_lib.c,"('13503', '')",2020-12-17T12:02:08+01:00,2019-07-16T10:16:32+01:00
74cd923a78b490d46af9c3dc5c8dc7a741c5e576,864b89ce497c57207d04a83e23f96f50dae9d164,crypto/evp/pmeth_lib.c,"('13503', '')",2020-12-17T12:02:08+01:00,2019-09-09T14:00:00+01:00
74cd923a78b490d46af9c3dc5c8dc7a741c5e576,ac7750bb5ec4238c4f6514eb174c1bd584728f05,crypto/evp/pmeth_lib.c,"('13503', '')",2020-12-17T12:02:08+01:00,2020-12-14T11:30:40+10:00
74cd923a78b490d46af9c3dc5c8dc7a741c5e576,ddfd7182cf2b7e69669cf4fd3471a37d09af4ea1,crypto/evp/pmeth_lib.c,"('13503', '')",2020-12-17T12:02:08+01:00,2020-12-04T08:22:24+10:00
74cd923a78b490d46af9c3dc5c8dc7a741c5e576,8bdcef40e48f167e0d566fc5a831c05a7d94d7b1,crypto/evp/pmeth_lib.c,"('13503', '')",2020-12-17T12:02:08+01:00,2006-05-24T23:49:30+00:00
fdf05eb7611a1fdb283162228985286a09d07940,1a627771634adba9d4f3b5cf7be74d6bab428a5f,doc/man1/openssl-list.pod.in,"('13669', '')",2020-12-23T11:15:12+01:00,2016-07-28T17:00:05-04:00
fdf05eb7611a1fdb283162228985286a09d07940,8ce7579d7dd2060ac43c6c621b018b65af10bff0,doc/man1/openssl-list.pod.in,"('13669', '')",2020-12-23T11:15:12+01:00,2020-12-15T04:39:58+01:00
becbacd705170952725571ae4404846b0ecee86a,e7f8ff43826494896548d054ee8dbb96367f00af,apps/lib/s_cb.c,"('13767', '')",2021-01-08T17:04:46+00:00,2012-03-06T14:28:21+00:00
becbacd705170952725571ae4404846b0ecee86a,2234212c3dde887e0b7fa08277d035cd132e2cce,apps/lib/s_cb.c,"('13767', '')",2021-01-08T17:04:46+00:00,2017-06-12T16:11:05-04:00
becbacd705170952725571ae4404846b0ecee86a,de4d764e3271ce09d28c0d6d7bce3dc9d8b85ab9,apps/lib/s_cb.c,"('13767', '')",2021-01-08T17:04:46+00:00,2016-11-10T15:05:36+00:00
becbacd705170952725571ae4404846b0ecee86a,4a1b42801997f3083211a24592d1a691a0747250,ssl/t1_lib.c,"('13767', '')",2021-01-08T17:04:46+00:00,2017-09-26T13:00:26+01:00
42141197a107ef9cd297a7755fece569b84016b8,3be08e301146fc449315b7061d086edddb186850,ssl/statem/extensions.c,"('13183', '')",2021-01-09T00:55:02+02:00,2017-10-30T10:21:10-05:00
4dd009180a06ad973620c5beec28f2a6839c16ca,3bed88a3970605a2ff817065f93b08e965d89e5f,crypto/x509/x509_vfy.c,"('13739', '');('13749', '')",2021-01-13T09:09:36+01:00,2020-12-03T14:06:49+01:00
4dd009180a06ad973620c5beec28f2a6839c16ca,c53f7355b93885d1f12237f94b363ad747f03dad,crypto/x509/x509_vfy.c,"('13739', '');('13749', '')",2021-01-13T09:09:36+01:00,2016-12-02T19:37:45-05:00
4dd009180a06ad973620c5beec28f2a6839c16ca,7f6dfa19dfbd1d009bf3ab36805b8d132d4ecd56,test/verify_extra_test.c,"('13739', '');('13749', '')",2021-01-13T09:09:36+01:00,2018-04-19T08:53:40+01:00
4dd009180a06ad973620c5beec28f2a6839c16ca,0d8dbb52e3900fdd096ca1765137958340fb8497,test/verify_extra_test.c,"('13739', '');('13749', '')",2021-01-13T09:09:36+01:00,2020-07-01T11:14:54+02:00
48116c2d0fbb1db875e2bc703c08089bf3c5c5c3,d71eb667c403d9781ef919794e29a79eb930ab88,crypto/bn/bn_prime.c,"('13812', '')",2021-01-13T10:35:27+01:00,2016-04-28T13:13:09+01:00
48116c2d0fbb1db875e2bc703c08089bf3c5c5c3,cd2eebfd6497ac1ca4d450960ba843f14643a9b2,crypto/bn/bn_sqrt.c,"('13812', '')",2021-01-13T10:35:27+01:00,2000-11-30T00:18:19+00:00
48116c2d0fbb1db875e2bc703c08089bf3c5c5c3,3f6c7691870d1cd2ad0e0c83638cef3f35a0b548,crypto/bn/bn_x931p.c,"('13812', '')",2021-01-13T10:35:27+01:00,2015-10-23T19:52:08+02:00
48116c2d0fbb1db875e2bc703c08089bf3c5c5c3,3837491174ececd6ff1b0dcdda754443f89a7699,crypto/ec/ec_mult.c,"('13812', '')",2021-01-13T10:35:27+01:00,2001-03-11T12:27:24+00:00
f2a0458731f15fd4d45f5574a221177f4591b1d8,7e06a6758bef584deabc9cb4b0d21b3e664b25c9,crypto/x509/v3_purp.c,"('13698', '')",2021-01-13T11:19:17+01:00,2020-03-21T18:46:36+01:00
f2a0458731f15fd4d45f5574a221177f4591b1d8,de3713d492556e684e71eccf3c20116d00616277,crypto/x509/v3_purp.c,"('13698', '')",2021-01-13T11:19:17+01:00,2020-08-21T09:04:08+02:00
f2a0458731f15fd4d45f5574a221177f4591b1d8,1e41dadfa7b9f792ed0f4714a3d3d36f070cf30e,crypto/x509/v3_purp.c,"('13698', '')",2021-01-13T11:19:17+01:00,2020-09-11T07:42:22+02:00
f2a0458731f15fd4d45f5574a221177f4591b1d8,9311d0c471ca2eaa259e8c1bbbeb7c46394c7ba2,crypto/x509/v3_purp.c,"('13698', '')",2021-01-13T11:19:17+01:00,2020-11-13T09:35:02+01:00
f2a0458731f15fd4d45f5574a221177f4591b1d8,7e06a6758bef584deabc9cb4b0d21b3e664b25c9,crypto/x509/x509_cmp.c,"('13698', '')",2021-01-13T11:19:17+01:00,2020-03-21T18:46:36+01:00
f2a0458731f15fd4d45f5574a221177f4591b1d8,bc64c5a69b95d45c314ec6ac40a865228cf230cd,crypto/x509/x509_cmp.c,"('13698', '')",2021-01-13T11:19:17+01:00,2020-09-10T12:07:33+02:00
f2a0458731f15fd4d45f5574a221177f4591b1d8,ec492c8a5a1491949166c4b37df8666741180f4d,crypto/x509/x509_cmp.c,"('13698', '')",2021-01-13T11:19:17+01:00,2014-01-26T16:29:50+00:00
f2a0458731f15fd4d45f5574a221177f4591b1d8,f6e7d014508b020818707d4b1544379e8b742e32,crypto/x509/x509_lu.c,"('13698', '')",2021-01-13T11:19:17+01:00,2006-07-25T17:39:38+00:00
f2a0458731f15fd4d45f5574a221177f4591b1d8,6725682d77510bf6d499957897d7be124d603f40,crypto/x509/x_all.c,"('13698', '')",2021-01-13T11:19:17+01:00,2020-07-24T22:53:27+10:00
f2a0458731f15fd4d45f5574a221177f4591b1d8,7e06a6758bef584deabc9cb4b0d21b3e664b25c9,crypto/x509/x_all.c,"('13698', '')",2021-01-13T11:19:17+01:00,2020-03-21T18:46:36+01:00
f2a0458731f15fd4d45f5574a221177f4591b1d8,7e06a6758bef584deabc9cb4b0d21b3e664b25c9,crypto/x509/x_crl.c,"('13698', '')",2021-01-13T11:19:17+01:00,2020-03-21T18:46:36+01:00
f2a0458731f15fd4d45f5574a221177f4591b1d8,1e41dadfa7b9f792ed0f4714a3d3d36f070cf30e,doc/internal/man3/x509v3_cache_extensions.pod,"('13698', '')",2021-01-13T11:19:17+01:00,2020-09-11T07:42:22+02:00
f2a0458731f15fd4d45f5574a221177f4591b1d8,4bfe304ea85ed4b2b00dd0857ccf9bdeba4ce7b5,doc/man3/X509_cmp.pod,"('13698', '')",2021-01-13T11:19:17+01:00,2019-06-15T20:31:05+08:00
f2a0458731f15fd4d45f5574a221177f4591b1d8,361136f4b39de26edcc275f8fe1471bcb90feb64,doc/man3/X509_get_extension_flags.pod,"('13698', '')",2021-01-13T11:19:17+01:00,2015-09-01T20:37:45+01:00
f2a0458731f15fd4d45f5574a221177f4591b1d8,fde2257f055f187e8e78542ea6d64ad6c206d10b,test/recipes/80-test_x509aux.t,"('13698', '')",2021-01-13T11:19:17+01:00,2016-05-11T01:46:06-04:00
f2a0458731f15fd4d45f5574a221177f4591b1d8,53649022509129bce8036c8fb4978dbce9432a86,test/x509aux.c,"('13698', '')",2021-01-13T11:19:17+01:00,2019-01-31T19:17:50+01:00
f6b72c7d75658e843ea0864e2f202cdc091020f9,2be8c56a39b0ec2ec5af6ceaf729df154d784a43,crypto/initthread.c,"('13469', '')",2021-01-14T17:30:46+00:00,2019-06-17T16:19:44+01:00
f6b72c7d75658e843ea0864e2f202cdc091020f9,b425001010044adbdbcd98f8682694b30b73bbf4,crypto/initthread.c,"('13469', '')",2021-01-14T17:30:46+00:00,2020-10-15T11:59:53+01:00
b457c8f514130d3b92de574620d38c1058eb7b35,ae95a40e8d453aa9d4f6499568f658ffc88a7d6e,test/threadstest.c,"('13682', '')",2021-01-14T17:30:46+00:00,2021-01-14T17:30:46+00:00
3f6e891d423ed911eb779bfd1401a26ec18cfa41,0e43960e88128bb86031a45c0fe9ca3e3a310c3b,crypto/des/build.info,"('13865', '')",2021-01-15T11:19:25+01:00,2020-02-07T14:54:36+01:00
84af8027c5f2132a9166673e7a47b0f31c7cfe1d,c1669f41eab0e2d9a8c2498718d06b4cd48a9890,crypto/cms/cms_enc.c,"('13624', '')",2021-01-18T15:01:26+01:00,2020-08-09T17:34:52+10:00
84af8027c5f2132a9166673e7a47b0f31c7cfe1d,1acb2e6f3540727c4cc9f8388cc0da265e6fe8ab,crypto/cms/cms_env.c,"('13624', '')",2021-01-18T15:01:26+01:00,2020-08-22T11:07:14+03:00
84af8027c5f2132a9166673e7a47b0f31c7cfe1d,c1669f41eab0e2d9a8c2498718d06b4cd48a9890,crypto/cms/cms_env.c,"('13624', '')",2021-01-18T15:01:26+01:00,2020-08-09T17:34:52+10:00
84af8027c5f2132a9166673e7a47b0f31c7cfe1d,d8652be06e2778e8898453a391deb7253e1a35a2,crypto/cms/cms_ess.c,"('13624', '')",2021-01-18T15:01:26+01:00,2020-10-01T09:25:20+01:00
84af8027c5f2132a9166673e7a47b0f31c7cfe1d,c1669f41eab0e2d9a8c2498718d06b4cd48a9890,crypto/cms/cms_io.c,"('13624', '')",2021-01-18T15:01:26+01:00,2020-08-09T17:34:52+10:00
84af8027c5f2132a9166673e7a47b0f31c7cfe1d,c1669f41eab0e2d9a8c2498718d06b4cd48a9890,crypto/cms/cms_kari.c,"('13624', '')",2021-01-18T15:01:26+01:00,2020-08-09T17:34:52+10:00
84af8027c5f2132a9166673e7a47b0f31c7cfe1d,1acb2e6f3540727c4cc9f8388cc0da265e6fe8ab,crypto/cms/cms_lib.c,"('13624', '')",2021-01-18T15:01:26+01:00,2020-08-22T11:07:14+03:00
84af8027c5f2132a9166673e7a47b0f31c7cfe1d,c1669f41eab0e2d9a8c2498718d06b4cd48a9890,crypto/cms/cms_lib.c,"('13624', '')",2021-01-18T15:01:26+01:00,2020-08-09T17:34:52+10:00
84af8027c5f2132a9166673e7a47b0f31c7cfe1d,c1669f41eab0e2d9a8c2498718d06b4cd48a9890,crypto/cms/cms_pwri.c,"('13624', '')",2021-01-18T15:01:26+01:00,2020-08-09T17:34:52+10:00
84af8027c5f2132a9166673e7a47b0f31c7cfe1d,1acb2e6f3540727c4cc9f8388cc0da265e6fe8ab,crypto/cms/cms_sd.c,"('13624', '')",2021-01-18T15:01:26+01:00,2020-08-22T11:07:14+03:00
84af8027c5f2132a9166673e7a47b0f31c7cfe1d,d8652be06e2778e8898453a391deb7253e1a35a2,crypto/cms/cms_sd.c,"('13624', '')",2021-01-18T15:01:26+01:00,2020-10-01T09:25:20+01:00
84af8027c5f2132a9166673e7a47b0f31c7cfe1d,c1669f41eab0e2d9a8c2498718d06b4cd48a9890,crypto/cms/cms_sd.c,"('13624', '')",2021-01-18T15:01:26+01:00,2020-08-09T17:34:52+10:00
84af8027c5f2132a9166673e7a47b0f31c7cfe1d,d8652be06e2778e8898453a391deb7253e1a35a2,crypto/cms/cms_smime.c,"('13624', '')",2021-01-18T15:01:26+01:00,2020-10-01T09:25:20+01:00
038f4dc68edd16f719ce5cf140eda2fb5b86a62a,90a1f2d76f53effefafbae31e2f425a3508bda45,crypto/pkcs7/pk7_asn1.c,"('13624', '')",2021-01-18T15:01:26+01:00,2020-08-09T17:34:52+10:00
038f4dc68edd16f719ce5cf140eda2fb5b86a62a,d8652be06e2778e8898453a391deb7253e1a35a2,crypto/pkcs7/pk7_doit.c,"('13624', '')",2021-01-18T15:01:26+01:00,2020-10-01T09:25:20+01:00
038f4dc68edd16f719ce5cf140eda2fb5b86a62a,90a1f2d76f53effefafbae31e2f425a3508bda45,crypto/pkcs7/pk7_doit.c,"('13624', '')",2021-01-18T15:01:26+01:00,2020-08-09T17:34:52+10:00
038f4dc68edd16f719ce5cf140eda2fb5b86a62a,90a1f2d76f53effefafbae31e2f425a3508bda45,crypto/pkcs7/pk7_lib.c,"('13624', '')",2021-01-18T15:01:26+01:00,2020-08-09T17:34:52+10:00
038f4dc68edd16f719ce5cf140eda2fb5b86a62a,90a1f2d76f53effefafbae31e2f425a3508bda45,crypto/pkcs7/pk7_mime.c,"('13624', '')",2021-01-18T15:01:26+01:00,2020-08-09T17:34:52+10:00
038f4dc68edd16f719ce5cf140eda2fb5b86a62a,d8652be06e2778e8898453a391deb7253e1a35a2,crypto/pkcs7/pk7_smime.c,"('13624', '')",2021-01-18T15:01:26+01:00,2020-10-01T09:25:20+01:00
038f4dc68edd16f719ce5cf140eda2fb5b86a62a,90a1f2d76f53effefafbae31e2f425a3508bda45,crypto/x509/x_all.c,"('13624', '')",2021-01-18T15:01:26+01:00,2020-08-09T17:34:52+10:00
fee0af0863dff8d13b09cd59af0afbd7e4ae2d57,8d9a4d833f12b0669f053a504268d13a46c079ad,doc/man1/openssl-cmp.pod.in,"('13883', '')",2021-01-19T11:09:03+01:00,2020-05-13T19:42:00+02:00
fee0af0863dff8d13b09cd59af0afbd7e4ae2d57,902161e8ec7b81849f6dc4d449e17fcaee2d49b1,doc/man1/openssl-pkcs12.pod.in,"('13883', '')",2021-01-19T11:09:03+01:00,2020-12-03T12:38:41+01:00
fee0af0863dff8d13b09cd59af0afbd7e4ae2d57,ac093b3fe6ba3f21e874a25ddecc7c1b4dff2765,doc/man1/openssl-pkcs12.pod.in,"('13883', '')",2021-01-19T11:09:03+01:00,2020-12-05T18:05:30+01:00
6857058016e91d3182c2117922dd8001b27f5639,5e76807bbdfc566b21ac1686b1cb307112ae4dc2,doc/man1/openssl-crl2pkcs7.pod.in,"('13910', '')",2021-01-21T15:31:43+01:00,1999-11-12T01:04:39+00:00
f23e4a17a2309793a0ac787725736f1c4474c804,0b3a4ef27a6c2a427dc2d4a87c52677d57c90f4c,crypto/cms/cms_env.c,"('13810', '')",2021-01-21T18:08:02+01:00,2020-10-15T10:00:19+01:00
f23e4a17a2309793a0ac787725736f1c4474c804,9951eaf467f8cc43ffad69222b42340c3b24cd52,crypto/evp/dh_ctrl.c,"('13810', '')",2021-01-21T18:08:02+01:00,2020-09-12T15:57:24+10:00
f23e4a17a2309793a0ac787725736f1c4474c804,924663c36d47066d5307937da77fed7e872730c7,test/recipes/80-test_cms.t,"('13810', '')",2021-01-21T18:08:02+01:00,2020-09-08T15:43:11+02:00
f23e4a17a2309793a0ac787725736f1c4474c804,88b8a5279f452027c193c2de7909dd9f7c9736c6,test/recipes/80-test_cms.t,"('13810', '')",2021-01-21T18:08:02+01:00,2015-09-07T16:10:57+02:00
fc52ae8c4b4a00c7158549510ace0e5beef2306b,5060cd5f3ed14a2dc4764cc1e042f76af6b44664,crypto/evp/p_lib.c,"('13893', '')",2021-01-22T09:30:53+00:00,2021-01-22T09:30:45+00:00
fc52ae8c4b4a00c7158549510ace0e5beef2306b,6849b73ccc38ea95e4b9d50b01e1c94f5ce8bca7,ssl/ssl_rsa.c,"('13893', '')",2021-01-22T09:30:53+00:00,2020-11-11T12:12:11+01:00
fc52ae8c4b4a00c7158549510ace0e5beef2306b,8382fd3a93cb076af5ad954613557152c878172f,ssl/ssl_rsa.c,"('13893', '')",2021-01-22T09:30:53+00:00,2015-12-31T18:44:46+00:00
fc52ae8c4b4a00c7158549510ace0e5beef2306b,d02b48c63a58ea4367a0e905979f140b7d090f86,ssl/ssl_rsa.c,"('13893', '')",2021-01-22T09:30:53+00:00,1998-12-21T10:52:47+00:00
fc52ae8c4b4a00c7158549510ace0e5beef2306b,a8236c8c322101c273d14c62282f264555e147c4,ssl/ssl_rsa.c,"('13893', '')",2021-01-22T09:30:53+00:00,1999-02-15T21:05:21+00:00
fc52ae8c4b4a00c7158549510ace0e5beef2306b,6049399bafac74bd809ffac2108e8d5d284cd720,ssl/ssl_rsa.c,"('13893', '')",2021-01-22T09:30:53+00:00,2005-04-07T23:19:17+00:00
fc52ae8c4b4a00c7158549510ace0e5beef2306b,5f3d93e4a336c590d7b56a889dde4a93b725e058,ssl/ssl_rsa.c,"('13893', '')",2021-01-22T09:30:53+00:00,2015-11-20T15:47:02+00:00
fc52ae8c4b4a00c7158549510ace0e5beef2306b,dfeab0689f69c0b4bd3480ffd37a9cacc2f17d9c,ssl/ssl_rsa.c,"('13893', '')",2021-01-22T09:30:53+00:00,1998-12-21T11:00:56+00:00
fc52ae8c4b4a00c7158549510ace0e5beef2306b,0f113f3ee4d629ef9a4a30911b22b224772085e5,ssl/ssl_rsa.c,"('13893', '')",2021-01-22T09:30:53+00:00,2015-01-22T09:20:09+00:00
c9603dfa42d0643a6c8cac3e14364d9fd63303c4,83b6dc8dc739ce7ca82652461bea92c31e634a57,crypto/ocsp/ocsp_http.c,"('13873', '')",2021-01-23T15:25:05+01:00,2021-01-19T11:13:15+01:00
c9603dfa42d0643a6c8cac3e14364d9fd63303c4,29f178bddfdbd11218fbcba0b8060297696968e3,crypto/ocsp/ocsp_http.c,"('13873', '')",2021-01-23T15:25:05+01:00,2020-02-10T16:49:37+01:00
c9603dfa42d0643a6c8cac3e14364d9fd63303c4,83b6dc8dc739ce7ca82652461bea92c31e634a57,doc/man3/OCSP_sendreq_new.pod,"('13873', '')",2021-01-23T15:25:05+01:00,2021-01-19T11:13:15+01:00
c9603dfa42d0643a6c8cac3e14364d9fd63303c4,ecef17c367a4d11cb08c6d255d857820df26aac0,doc/man3/OCSP_sendreq_new.pod,"('13873', '')",2021-01-23T15:25:05+01:00,2020-12-15T10:36:59+01:00
c9603dfa42d0643a6c8cac3e14364d9fd63303c4,b97fdb57a269656fa20024a4404d3f543f06ac61,doc/man3/OCSP_sendreq_new.pod,"('13873', '')",2021-01-23T15:25:05+01:00,2016-11-11T13:06:43+01:00
c9603dfa42d0643a6c8cac3e14364d9fd63303c4,29f178bddfdbd11218fbcba0b8060297696968e3,doc/man3/OCSP_sendreq_new.pod,"('13873', '')",2021-01-23T15:25:05+01:00,2020-02-10T16:49:37+01:00
c9603dfa42d0643a6c8cac3e14364d9fd63303c4,83b6dc8dc739ce7ca82652461bea92c31e634a57,doc/man3/OSSL_HTTP_REQ_CTX.pod,"('13873', '')",2021-01-23T15:25:05+01:00,2021-01-19T11:13:15+01:00
c9603dfa42d0643a6c8cac3e14364d9fd63303c4,046fba4493d6cb17e0b8b22f43d5ee63c2ff8d50,doc/man3/OSSL_HTTP_REQ_CTX.pod,"('13873', '')",2021-01-23T15:25:05+01:00,2021-01-23T15:25:04+01:00
c9603dfa42d0643a6c8cac3e14364d9fd63303c4,83b6dc8dc739ce7ca82652461bea92c31e634a57,include/openssl/ocsp.h.in,"('13873', '')",2021-01-23T15:25:05+01:00,2021-01-19T11:13:15+01:00
c9603dfa42d0643a6c8cac3e14364d9fd63303c4,cddbcf02f55e443c394f28768a20d0a7458cdb98,include/openssl/ocsp.h.in,"('13873', '')",2021-01-23T15:25:05+01:00,2021-01-23T15:25:04+01:00
c9603dfa42d0643a6c8cac3e14364d9fd63303c4,ecef17c367a4d11cb08c6d255d857820df26aac0,include/openssl/ocsp.h.in,"('13873', '')",2021-01-23T15:25:05+01:00,2020-12-15T10:36:59+01:00
c9603dfa42d0643a6c8cac3e14364d9fd63303c4,ecef17c367a4d11cb08c6d255d857820df26aac0,util/libcrypto.num,"('13873', '')",2021-01-23T15:25:05+01:00,2020-12-15T10:36:59+01:00
d9c22dde295eb3163a168c81688a7425d4db1902,ef161e7b8f61ea588c654c9600bde80b2e07588f,Configurations/unix-Makefile.tmpl,"('13933', '')",2021-01-25T13:38:37+01:00,2021-01-21T19:48:33+01:00
d9c22dde295eb3163a168c81688a7425d4db1902,c8c2b77900f9808fc644d206d8715a78dd9801bd,Configurations/unix-Makefile.tmpl,"('13933', '')",2021-01-25T13:38:37+01:00,2016-02-19T11:52:15+01:00
df7858989350e600b81aeb7178a55ea3ac3ead41,ece9304c96f71277ca95696d9bc49fdec51e9f17,doc/man3/OSSL_DECODER.pod,"('13949', '')",2021-01-26T15:54:07+01:00,2020-08-21T09:23:58+02:00
df7858989350e600b81aeb7178a55ea3ac3ead41,ece9304c96f71277ca95696d9bc49fdec51e9f17,doc/man3/OSSL_ENCODER.pod,"('13949', '')",2021-01-26T15:54:07+01:00,2020-08-21T09:23:58+02:00
b1eae34bbe546062c44d26882092fe9db96306d3,97485aec7f16714f309aeb6637bc4faa2f61f98a,test/recipes/20-test_dhparam.t,"('13557', '')",2021-01-27T15:00:35+00:00,2020-11-23T09:01:07+00:00
199df4a93f74617612abd9419ad6cf00d9c34bc3,023697870bcd4372a142a606546253d719a81024,crypto/x509/v3_purp.c,"('13931', '')",2021-01-28T15:05:04+01:00,2020-07-01T11:14:54+02:00
199df4a93f74617612abd9419ad6cf00d9c34bc3,33cc5dde478ba5ad79f8fd4acd8737f0e60e236e,test/certs/mkcert.sh,"('13931', '')",2021-01-28T15:05:04+01:00,2016-01-31T21:24:12-05:00
199df4a93f74617612abd9419ad6cf00d9c34bc3,9bf45ba4ca0b98d9030bff8b1677804160d88d47,test/certs/setup.sh,"('13931', '')",2021-01-28T15:05:04+01:00,2017-04-25T22:12:34+01:00
199df4a93f74617612abd9419ad6cf00d9c34bc3,33cc5dde478ba5ad79f8fd4acd8737f0e60e236e,test/certs/setup.sh,"('13931', '')",2021-01-28T15:05:04+01:00,2016-01-31T21:24:12-05:00
199df4a93f74617612abd9419ad6cf00d9c34bc3,3bed88a3970605a2ff817065f93b08e965d89e5f,test/recipes/25-test_verify.t,"('13931', '')",2021-01-28T15:05:04+01:00,2020-12-03T14:06:49+01:00
e947a0642db111bb34547b5f7d48e13163492ca5,2972af109e10c5ce30e548190e3eee28327d6043,crypto/rsa/rsa_lib.c,"('12384', '')",2021-01-28T16:25:16+01:00,2020-03-12T10:44:02+01:00
e947a0642db111bb34547b5f7d48e13163492ca5,f488976ccff9cc811cf69f1923695bee3e0fdf58,include/openssl/rsa.h,"('12384', '')",2021-01-28T16:25:16+01:00,2017-01-08T01:42:51+00:00
e947a0642db111bb34547b5f7d48e13163492ca5,37659ea43053f5db951962bd1100b490bd4f7e5e,include/openssl/rsa.h,"('12384', '')",2021-01-28T16:25:16+01:00,2017-04-27T11:31:09+01:00
e947a0642db111bb34547b5f7d48e13163492ca5,990fe909949a58398b3a0cbbdc52b9bbb9cefaa0,include/openssl/rsa.h,"('12384', '')",2021-01-28T16:25:16+01:00,2018-10-12T09:45:53+01:00
a2a5506b9329b978a2a5b11a518b9789446ad310,8a758e96f2865f0aee417025630626f095bb3ae3,providers/implementations/keymgmt/rsa_kmgmt.c,"('13957', '')",2021-01-29T10:47:02+01:00,2020-05-14T12:16:35+02:00
a2a5506b9329b978a2a5b11a518b9789446ad310,b65c5ec8f5f8c9fa082c44bf805beed03d0fee0c,test/recipes/25-test_req.t,"('13957', '')",2021-01-29T10:47:02+01:00,2021-01-13T11:53:15+01:00
604b86d8d360e36fc2fc0d1611d05bf38699d297,246a1f3dfafc4a377bc7d7da65d9f8981a696abd,crypto/params_from_text.c,"('14041', '')",2021-02-09T11:15:55+01:00,2019-08-12T12:50:41+02:00
604b86d8d360e36fc2fc0d1611d05bf38699d297,629b507eaedde95c7b6195a1f210df56395efb8b,doc/man3/OSSL_PARAM_allocate_from_text.pod,"('14041', '')",2021-02-09T11:15:55+01:00,2020-03-14T19:18:17+01:00
72ddea9b817e9b787e58d5b7ca8b7b8e6351f06e,e8fb12957a68c8bf550ae9f5c96c6cc14fa47ee1,Configurations/descrip.mms.tmpl,"('13789', '')",2021-02-12T15:57:25+01:00,2016-07-07T15:07:32+02:00
72ddea9b817e9b787e58d5b7ca8b7b8e6351f06e,6bd1ef90b212554eee3163bd48e5caa4b1f06e92,Configurations/descrip.mms.tmpl,"('13789', '')",2021-02-12T15:57:25+01:00,2016-03-24T00:36:03+01:00
72ddea9b817e9b787e58d5b7ca8b7b8e6351f06e,687237e93dd21e4656f1e166c098da1c67d99485,Configurations/descrip.mms.tmpl,"('13789', '')",2021-02-12T15:57:25+01:00,2016-02-28T09:31:46+01:00
72ddea9b817e9b787e58d5b7ca8b7b8e6351f06e,e78884d79cec20ae61606421188d8540541a58f3,Configurations/descrip.mms.tmpl,"('13789', '')",2021-02-12T15:57:25+01:00,2016-07-07T15:07:32+02:00
99c166a1b0408e6d5c6efdc402fa859652048751,fadb57e554cb0b9b7678902a3572740f31bcc279,util/missingcrypto.txt,"('13192', '')",2021-02-15T11:18:13+10:00,2020-01-22T18:06:49+01:00
99c166a1b0408e6d5c6efdc402fa859652048751,bd2ff9e8674b34a7547a7fa75b81b6b36f60dbb8,util/missingcrypto.txt,"('13192', '')",2021-02-15T11:18:13+10:00,2020-02-07T08:35:31+00:00
99c166a1b0408e6d5c6efdc402fa859652048751,746f3674896845460946ace7e963e52b547fbf35,util/missingcrypto.txt,"('13192', '')",2021-02-15T11:18:13+10:00,2020-10-01T09:25:20+01:00
99c166a1b0408e6d5c6efdc402fa859652048751,ee6e6a4b5aaf37ab556cf42602d26a6aed3da327,util/missingcrypto.txt,"('13192', '')",2021-02-15T11:18:13+10:00,2020-02-07T08:35:31+00:00
0217e53e33a9561c6d911df9ec7e99195be7de62,a7246ea645b5d4c5ca7bde3dad4fcd6e63e11896,test/recipes/20-test_dhparam_check.t,"('14145', '')",2021-02-15T14:17:36+10:00,2021-02-04T09:33:16+01:00
5b888e931b64a132a0cd33b24344dc6cdac74727,a45694a3567ce8de754cffa7b450c22578ebdd6c,crypto/evp/m_sigver.c,"('14183', '')",2021-02-17T11:09:46+10:00,2020-03-23T11:09:49+00:00
e36b3c2f757cc7d68dc24174a00476104428b099,7d6766cb537e5cebc99e200bc537f744878a87a4,providers/implementations/ciphers/cipher_aes_ccm.c,"('12964', '')",2021-02-18T19:32:20+10:00,2020-09-29T16:33:16+10:00
e36b3c2f757cc7d68dc24174a00476104428b099,4a42e2640499ce46d2733c4316c5fe4594a37c54,providers/implementations/ciphers/cipher_aes_ccm_hw.c,"('12964', '')",2021-02-18T19:32:20+10:00,2019-08-26T17:05:08+10:00
e36b3c2f757cc7d68dc24174a00476104428b099,e1178600cc5d40b1e21c4a01d224afd2d8c7498a,providers/implementations/ciphers/cipher_aes_ccm_hw_aesni.inc,"('12964', '')",2021-02-18T19:32:20+10:00,2019-08-22T11:42:54+10:00
e36b3c2f757cc7d68dc24174a00476104428b099,e1178600cc5d40b1e21c4a01d224afd2d8c7498a,providers/implementations/ciphers/cipher_aes_ccm_hw_t4.inc,"('12964', '')",2021-02-18T19:32:20+10:00,2019-08-22T11:42:54+10:00
e36b3c2f757cc7d68dc24174a00476104428b099,7d6766cb537e5cebc99e200bc537f744878a87a4,providers/implementations/ciphers/cipher_aes_gcm.c,"('12964', '')",2021-02-18T19:32:20+10:00,2020-09-29T16:33:16+10:00
e36b3c2f757cc7d68dc24174a00476104428b099,8230710f04ed70fee41ec3ed8f3e4b1af55be05a,providers/implementations/ciphers/cipher_aes_gcm.c,"('12964', '')",2021-02-18T19:32:20+10:00,2020-09-17T12:55:39+10:00
e36b3c2f757cc7d68dc24174a00476104428b099,4a42e2640499ce46d2733c4316c5fe4594a37c54,providers/implementations/ciphers/cipher_aes_gcm_hw.c,"('12964', '')",2021-02-18T19:32:20+10:00,2019-08-26T17:05:08+10:00
e36b3c2f757cc7d68dc24174a00476104428b099,e1178600cc5d40b1e21c4a01d224afd2d8c7498a,providers/implementations/ciphers/cipher_aes_gcm_hw_aesni.inc,"('12964', '')",2021-02-18T19:32:20+10:00,2019-08-22T11:42:54+10:00
e36b3c2f757cc7d68dc24174a00476104428b099,31b59078c8245a4ee7f7fa4e6ea98bba7f9a29a5,providers/implementations/ciphers/cipher_aes_gcm_hw_armv8.inc,"('12964', '')",2021-02-18T19:32:20+10:00,2019-12-19T12:36:07+10:00
e36b3c2f757cc7d68dc24174a00476104428b099,e1178600cc5d40b1e21c4a01d224afd2d8c7498a,providers/implementations/ciphers/cipher_aes_gcm_hw_t4.inc,"('12964', '')",2021-02-18T19:32:20+10:00,2019-08-22T11:42:54+10:00
e36b3c2f757cc7d68dc24174a00476104428b099,c339c702f6043fabd09904044f967e71629bc40f,providers/implementations/ciphers/cipher_aes_ocb.c,"('12964', '')",2021-02-18T19:32:20+10:00,2020-03-08T22:41:38+01:00
e36b3c2f757cc7d68dc24174a00476104428b099,7d6766cb537e5cebc99e200bc537f744878a87a4,providers/implementations/ciphers/cipher_aria_ccm.c,"('12964', '')",2021-02-18T19:32:20+10:00,2020-09-29T16:33:16+10:00
e36b3c2f757cc7d68dc24174a00476104428b099,e1178600cc5d40b1e21c4a01d224afd2d8c7498a,providers/implementations/ciphers/cipher_aria_ccm_hw.c,"('12964', '')",2021-02-18T19:32:20+10:00,2019-08-22T11:42:54+10:00
e36b3c2f757cc7d68dc24174a00476104428b099,7d6766cb537e5cebc99e200bc537f744878a87a4,providers/implementations/ciphers/cipher_aria_gcm.c,"('12964', '')",2021-02-18T19:32:20+10:00,2020-09-29T16:33:16+10:00
e36b3c2f757cc7d68dc24174a00476104428b099,e1178600cc5d40b1e21c4a01d224afd2d8c7498a,providers/implementations/ciphers/cipher_aria_gcm_hw.c,"('12964', '')",2021-02-18T19:32:20+10:00,2019-08-22T11:42:54+10:00
e36b3c2f757cc7d68dc24174a00476104428b099,7c66ad65f959fa05ad7b95b0c84384d6e63e56f1,providers/implementations/ciphers/cipher_aria_gcm_hw.c,"('12964', '')",2021-02-18T19:32:20+10:00,2020-01-14T14:57:05+01:00
e36b3c2f757cc7d68dc24174a00476104428b099,3d5a7578e09a984c6475b1c008f5c76f850328cb,providers/implementations/ciphers/cipher_chacha20.c,"('12964', '')",2021-02-18T19:32:20+10:00,2019-10-16T16:18:42+10:00
e36b3c2f757cc7d68dc24174a00476104428b099,363b1e5daea4a01889e6ff27148018be63d33b9b,providers/implementations/ciphers/cipher_chacha20.h,"('12964', '')",2021-02-18T19:32:20+10:00,2020-06-24T22:01:22+02:00
e36b3c2f757cc7d68dc24174a00476104428b099,3d5a7578e09a984c6475b1c008f5c76f850328cb,providers/implementations/ciphers/cipher_chacha20.h,"('12964', '')",2021-02-18T19:32:20+10:00,2019-10-16T16:18:42+10:00
e36b3c2f757cc7d68dc24174a00476104428b099,3d5a7578e09a984c6475b1c008f5c76f850328cb,providers/implementations/ciphers/cipher_chacha20_poly1305.c,"('12964', '')",2021-02-18T19:32:20+10:00,2019-10-16T16:18:42+10:00
e36b3c2f757cc7d68dc24174a00476104428b099,3d5a7578e09a984c6475b1c008f5c76f850328cb,providers/implementations/ciphers/cipher_chacha20_poly1305_hw.c,"('12964', '')",2021-02-18T19:32:20+10:00,2019-10-16T16:18:42+10:00
e36b3c2f757cc7d68dc24174a00476104428b099,e3f3ee448f6c9d6765efc8739a09def8a04f0dc0,providers/implementations/ciphers/cipher_des.c,"('12964', '')",2021-02-18T19:32:20+10:00,2019-09-23T14:35:16+10:00
e36b3c2f757cc7d68dc24174a00476104428b099,e3f3ee448f6c9d6765efc8739a09def8a04f0dc0,providers/implementations/ciphers/cipher_des.h,"('12964', '')",2021-02-18T19:32:20+10:00,2019-09-23T14:35:16+10:00
e36b3c2f757cc7d68dc24174a00476104428b099,e3f3ee448f6c9d6765efc8739a09def8a04f0dc0,providers/implementations/ciphers/cipher_des_hw.c,"('12964', '')",2021-02-18T19:32:20+10:00,2019-09-23T14:35:16+10:00
e36b3c2f757cc7d68dc24174a00476104428b099,592dcfd3df129235fa94144e866812800e2941e8,providers/implementations/ciphers/cipher_tdes.h,"('12964', '')",2021-02-18T19:32:20+10:00,2020-10-01T10:33:57+10:00
e36b3c2f757cc7d68dc24174a00476104428b099,4a42e2640499ce46d2733c4316c5fe4594a37c54,providers/implementations/ciphers/cipher_tdes.h,"('12964', '')",2021-02-18T19:32:20+10:00,2019-08-26T17:05:08+10:00
e36b3c2f757cc7d68dc24174a00476104428b099,55c7dc79274f7256f573d99353f887263b162b7b,providers/implementations/ciphers/cipher_tdes.h,"('12964', '')",2021-02-18T19:32:20+10:00,2019-09-15T20:06:28+10:00
e36b3c2f757cc7d68dc24174a00476104428b099,363b1e5daea4a01889e6ff27148018be63d33b9b,providers/implementations/ciphers/cipher_tdes.h,"('12964', '')",2021-02-18T19:32:20+10:00,2020-06-24T22:01:22+02:00
e36b3c2f757cc7d68dc24174a00476104428b099,abfc73f374c2b80e15f6c9d0b3a7437b3e94afa8,providers/implementations/ciphers/cipher_tdes.h,"('12964', '')",2021-02-18T19:32:20+10:00,2020-04-11T00:31:57+02:00
e36b3c2f757cc7d68dc24174a00476104428b099,f5056577ba08b3694aab2722eae1c97bf00acc80,providers/implementations/ciphers/cipher_tdes_common.c,"('12964', '')",2021-02-18T19:32:20+10:00,2020-04-09T12:47:46+10:00
e36b3c2f757cc7d68dc24174a00476104428b099,abfc73f374c2b80e15f6c9d0b3a7437b3e94afa8,providers/implementations/ciphers/cipher_tdes_common.c,"('12964', '')",2021-02-18T19:32:20+10:00,2020-04-11T00:31:57+02:00
e36b3c2f757cc7d68dc24174a00476104428b099,592dcfd3df129235fa94144e866812800e2941e8,providers/implementations/ciphers/cipher_tdes_wrap.c,"('12964', '')",2021-02-18T19:32:20+10:00,2020-10-01T10:33:57+10:00
e36b3c2f757cc7d68dc24174a00476104428b099,7d6766cb537e5cebc99e200bc537f744878a87a4,providers/implementations/ciphers/cipher_tdes_wrap.c,"('12964', '')",2021-02-18T19:32:20+10:00,2020-09-29T16:33:16+10:00
e36b3c2f757cc7d68dc24174a00476104428b099,4a42e2640499ce46d2733c4316c5fe4594a37c54,providers/implementations/ciphers/cipher_tdes_wrap.c,"('12964', '')",2021-02-18T19:32:20+10:00,2019-08-26T17:05:08+10:00
e36b3c2f757cc7d68dc24174a00476104428b099,c339c702f6043fabd09904044f967e71629bc40f,providers/implementations/ciphers/ciphercommon.c,"('12964', '')",2021-02-18T19:32:20+10:00,2020-03-08T22:41:38+01:00
e36b3c2f757cc7d68dc24174a00476104428b099,e71fd827bcff720fb47e39c69cc468da9452935d,providers/implementations/ciphers/ciphercommon.c,"('12964', '')",2021-02-18T19:32:20+10:00,2020-07-06T09:26:09+01:00
e36b3c2f757cc7d68dc24174a00476104428b099,4a42e2640499ce46d2733c4316c5fe4594a37c54,providers/implementations/ciphers/ciphercommon.c,"('12964', '')",2021-02-18T19:32:20+10:00,2019-08-26T17:05:08+10:00
e36b3c2f757cc7d68dc24174a00476104428b099,aab26e6f7b437f7d4bace03cd855a33d7a34d927,providers/implementations/ciphers/ciphercommon_block.c,"('12964', '')",2021-02-18T19:32:20+10:00,2019-04-19T09:31:54+01:00
e36b3c2f757cc7d68dc24174a00476104428b099,e71fd827bcff720fb47e39c69cc468da9452935d,providers/implementations/ciphers/ciphercommon_block.c,"('12964', '')",2021-02-18T19:32:20+10:00,2020-07-06T09:26:09+01:00
e36b3c2f757cc7d68dc24174a00476104428b099,b425001010044adbdbcd98f8682694b30b73bbf4,providers/implementations/ciphers/ciphercommon_block.c,"('12964', '')",2021-02-18T19:32:20+10:00,2020-10-15T11:59:53+01:00
e36b3c2f757cc7d68dc24174a00476104428b099,e1178600cc5d40b1e21c4a01d224afd2d8c7498a,providers/implementations/ciphers/ciphercommon_ccm.c,"('12964', '')",2021-02-18T19:32:20+10:00,2019-08-22T11:42:54+10:00
e36b3c2f757cc7d68dc24174a00476104428b099,3bfe9005e5ae0b513bf5f449d6cf558f9b4d9e1f,providers/implementations/ciphers/ciphercommon_ccm.c,"('12964', '')",2021-02-18T19:32:20+10:00,2019-08-20T08:54:41+10:00
e36b3c2f757cc7d68dc24174a00476104428b099,a054d15c22c501d33e1382bb09ba80bac08c2738,providers/implementations/ciphers/ciphercommon_ccm.c,"('12964', '')",2021-02-18T19:32:20+10:00,2021-02-10T12:31:31+10:00
e36b3c2f757cc7d68dc24174a00476104428b099,3bfe9005e5ae0b513bf5f449d6cf558f9b4d9e1f,providers/implementations/ciphers/ciphercommon_ccm_hw.c,"('12964', '')",2021-02-18T19:32:20+10:00,2019-08-20T08:54:41+10:00
e36b3c2f757cc7d68dc24174a00476104428b099,4a42e2640499ce46d2733c4316c5fe4594a37c54,providers/implementations/ciphers/ciphercommon_ccm_hw.c,"('12964', '')",2021-02-18T19:32:20+10:00,2019-08-26T17:05:08+10:00
e36b3c2f757cc7d68dc24174a00476104428b099,e1178600cc5d40b1e21c4a01d224afd2d8c7498a,providers/implementations/ciphers/ciphercommon_gcm.c,"('12964', '')",2021-02-18T19:32:20+10:00,2019-08-22T11:42:54+10:00
e36b3c2f757cc7d68dc24174a00476104428b099,a672a02a6443a29aa368c0d8abeebc809c1a9f28,providers/implementations/ciphers/ciphercommon_gcm.c,"('12964', '')",2021-02-18T19:32:20+10:00,2019-07-31T21:55:16+10:00
e36b3c2f757cc7d68dc24174a00476104428b099,a672a02a6443a29aa368c0d8abeebc809c1a9f28,providers/implementations/ciphers/ciphercommon_gcm_hw.c,"('12964', '')",2021-02-18T19:32:20+10:00,2019-07-31T21:55:16+10:00
e36b3c2f757cc7d68dc24174a00476104428b099,4a42e2640499ce46d2733c4316c5fe4594a37c54,providers/implementations/ciphers/ciphercommon_gcm_hw.c,"('12964', '')",2021-02-18T19:32:20+10:00,2019-08-26T17:05:08+10:00
e36b3c2f757cc7d68dc24174a00476104428b099,e1178600cc5d40b1e21c4a01d224afd2d8c7498a,providers/implementations/ciphers/ciphercommon_local.h,"('12964', '')",2021-02-18T19:32:20+10:00,2019-08-22T11:42:54+10:00
e36b3c2f757cc7d68dc24174a00476104428b099,e71fd827bcff720fb47e39c69cc468da9452935d,providers/implementations/ciphers/ciphercommon_local.h,"('12964', '')",2021-02-18T19:32:20+10:00,2020-07-06T09:26:09+01:00
e36b3c2f757cc7d68dc24174a00476104428b099,b425001010044adbdbcd98f8682694b30b73bbf4,providers/implementations/ciphers/ciphercommon_local.h,"('12964', '')",2021-02-18T19:32:20+10:00,2020-10-15T11:59:53+01:00
e36b3c2f757cc7d68dc24174a00476104428b099,3837c202b5e91f009d1508a8f3608c94515ca776,providers/implementations/include/prov/ciphercommon.h,"('12964', '')",2021-02-18T19:32:20+10:00,2019-09-19T20:10:25+10:00
e36b3c2f757cc7d68dc24174a00476104428b099,4a42e2640499ce46d2733c4316c5fe4594a37c54,providers/implementations/include/prov/ciphercommon_aead.h,"('12964', '')",2021-02-18T19:32:20+10:00,2019-08-26T17:05:08+10:00
e36b3c2f757cc7d68dc24174a00476104428b099,4a42e2640499ce46d2733c4316c5fe4594a37c54,providers/implementations/include/prov/ciphercommon_ccm.h,"('12964', '')",2021-02-18T19:32:20+10:00,2019-08-26T17:05:08+10:00
e36b3c2f757cc7d68dc24174a00476104428b099,e1178600cc5d40b1e21c4a01d224afd2d8c7498a,providers/implementations/include/prov/ciphercommon_ccm.h,"('12964', '')",2021-02-18T19:32:20+10:00,2019-08-22T11:42:54+10:00
e36b3c2f757cc7d68dc24174a00476104428b099,363b1e5daea4a01889e6ff27148018be63d33b9b,providers/implementations/include/prov/ciphercommon_ccm.h,"('12964', '')",2021-02-18T19:32:20+10:00,2020-06-24T22:01:22+02:00
e36b3c2f757cc7d68dc24174a00476104428b099,4a42e2640499ce46d2733c4316c5fe4594a37c54,providers/implementations/include/prov/ciphercommon_gcm.h,"('12964', '')",2021-02-18T19:32:20+10:00,2019-08-26T17:05:08+10:00
e36b3c2f757cc7d68dc24174a00476104428b099,e1178600cc5d40b1e21c4a01d224afd2d8c7498a,providers/implementations/include/prov/ciphercommon_gcm.h,"('12964', '')",2021-02-18T19:32:20+10:00,2019-08-22T11:42:54+10:00
e36b3c2f757cc7d68dc24174a00476104428b099,363b1e5daea4a01889e6ff27148018be63d33b9b,providers/implementations/include/prov/ciphercommon_gcm.h,"('12964', '')",2021-02-18T19:32:20+10:00,2020-06-24T22:01:22+02:00
47c076acfc5debbae386c552bdb423e832042ae7,b2055d67f0d6cc3156ac89dae255e4abc8881b69,crypto/evp/legacy_blake2.c,"('12964', '')",2021-02-18T21:14:32+10:00,2019-12-18T14:46:01+10:00
47c076acfc5debbae386c552bdb423e832042ae7,d5e5e2ffafc7dbc861f7d285508cf129c5e8f5ac,providers/implementations/digests/blake2_prov.c,"('12964', '')",2021-02-18T21:14:32+10:00,2019-06-04T12:09:50+10:00
47c076acfc5debbae386c552bdb423e832042ae7,363b1e5daea4a01889e6ff27148018be63d33b9b,providers/implementations/digests/blake2_prov.c,"('12964', '')",2021-02-18T21:14:32+10:00,2020-06-24T22:01:22+02:00
47c076acfc5debbae386c552bdb423e832042ae7,fc3c0223e8a70bfe8f8aefc98b819f7d852f3594,providers/implementations/digests/blake2b_prov.c,"('12964', '')",2021-02-18T21:14:32+10:00,2019-02-06T09:18:43+00:00
47c076acfc5debbae386c552bdb423e832042ae7,d5e5e2ffafc7dbc861f7d285508cf129c5e8f5ac,providers/implementations/digests/blake2b_prov.c,"('12964', '')",2021-02-18T21:14:32+10:00,2019-06-04T12:09:50+10:00
47c076acfc5debbae386c552bdb423e832042ae7,d5e5e2ffafc7dbc861f7d285508cf129c5e8f5ac,providers/implementations/digests/blake2s_prov.c,"('12964', '')",2021-02-18T21:14:32+10:00,2019-06-04T12:09:50+10:00
47c076acfc5debbae386c552bdb423e832042ae7,33e113b0cbd9a0845f6f8a63e8aad558a897cac6,providers/implementations/digests/blake2s_prov.c,"('12964', '')",2021-02-18T21:14:32+10:00,2019-02-06T09:18:43+00:00
47c076acfc5debbae386c552bdb423e832042ae7,1c3ace6898032b7b45d8106ba4e0d21d75b0997e,providers/implementations/digests/digestcommon.c,"('12964', '')",2021-02-18T21:14:32+10:00,2019-09-05T11:23:57+10:00
47c076acfc5debbae386c552bdb423e832042ae7,af5e1e852d4858860d4b7210cafe7bdf39e73f80,providers/implementations/digests/digestcommon.c,"('12964', '')",2021-02-18T21:14:32+10:00,2020-08-07T08:02:14+10:00
47c076acfc5debbae386c552bdb423e832042ae7,c85d5e025797f4e77c2166150bbf8745e9d00696,providers/implementations/digests/digestcommon.c,"('12964', '')",2021-02-18T21:14:32+10:00,2019-08-20T09:07:12+10:00
47c076acfc5debbae386c552bdb423e832042ae7,fc3c0223e8a70bfe8f8aefc98b819f7d852f3594,providers/implementations/include/prov/blake2.h,"('12964', '')",2021-02-18T21:14:32+10:00,2019-02-06T09:18:43+00:00
47c076acfc5debbae386c552bdb423e832042ae7,d5e5e2ffafc7dbc861f7d285508cf129c5e8f5ac,providers/implementations/include/prov/blake2.h,"('12964', '')",2021-02-18T21:14:32+10:00,2019-06-04T12:09:50+10:00
47c076acfc5debbae386c552bdb423e832042ae7,33e113b0cbd9a0845f6f8a63e8aad558a897cac6,providers/implementations/include/prov/blake2.h,"('12964', '')",2021-02-18T21:14:32+10:00,2019-02-06T09:18:43+00:00
47c076acfc5debbae386c552bdb423e832042ae7,1c3ace6898032b7b45d8106ba4e0d21d75b0997e,providers/implementations/include/prov/digestcommon.h,"('12964', '')",2021-02-18T21:14:32+10:00,2019-09-05T11:23:57+10:00
47c076acfc5debbae386c552bdb423e832042ae7,1c1daab94cdec0a26139fd70e3382ab4a076531e,providers/implementations/include/prov/digestcommon.h,"('12964', '')",2021-02-18T21:14:32+10:00,2020-09-12T16:46:20+10:00
47c076acfc5debbae386c552bdb423e832042ae7,af5e1e852d4858860d4b7210cafe7bdf39e73f80,providers/implementations/include/prov/digestcommon.h,"('12964', '')",2021-02-18T21:14:32+10:00,2020-08-07T08:02:14+10:00
47c076acfc5debbae386c552bdb423e832042ae7,c85d5e025797f4e77c2166150bbf8745e9d00696,providers/implementations/include/prov/digestcommon.h,"('12964', '')",2021-02-18T21:14:32+10:00,2019-08-20T09:07:12+10:00
47c076acfc5debbae386c552bdb423e832042ae7,363b1e5daea4a01889e6ff27148018be63d33b9b,providers/implementations/include/prov/digestcommon.h,"('12964', '')",2021-02-18T21:14:32+10:00,2020-06-24T22:01:22+02:00
7b676cc8c60823570e283fbe325b263670c6ccc2,16fbda848d9fa3a2ca31bc168680f246a8edcc95,providers/common/digest_to_nid.c,"('12964', '')",2021-02-18T21:14:32+10:00,2020-09-18T14:20:38+01:00
7b676cc8c60823570e283fbe325b263670c6ccc2,7a810fac866c6c1d93015999633ee2a29f17b3d2,providers/common/include/prov/securitycheck.h,"('12964', '')",2021-02-18T21:14:32+10:00,2020-09-18T14:20:39+01:00
7b676cc8c60823570e283fbe325b263670c6ccc2,16fbda848d9fa3a2ca31bc168680f246a8edcc95,providers/common/include/prov/securitycheck.h,"('12964', '')",2021-02-18T21:14:32+10:00,2020-09-18T14:20:38+01:00
7b676cc8c60823570e283fbe325b263670c6ccc2,991a6bb58182d4d2077a68eb813c897b7de73462,providers/common/securitycheck.c,"('12964', '')",2021-02-18T21:14:32+10:00,2020-09-18T14:20:50+01:00
7b676cc8c60823570e283fbe325b263670c6ccc2,7a810fac866c6c1d93015999633ee2a29f17b3d2,providers/common/securitycheck.c,"('12964', '')",2021-02-18T21:14:32+10:00,2020-09-18T14:20:39+01:00
7b676cc8c60823570e283fbe325b263670c6ccc2,16fbda848d9fa3a2ca31bc168680f246a8edcc95,providers/common/securitycheck_default.c,"('12964', '')",2021-02-18T21:14:32+10:00,2020-09-18T14:20:38+01:00
7b676cc8c60823570e283fbe325b263670c6ccc2,7a810fac866c6c1d93015999633ee2a29f17b3d2,providers/common/securitycheck_default.c,"('12964', '')",2021-02-18T21:14:32+10:00,2020-09-18T14:20:39+01:00
7b676cc8c60823570e283fbe325b263670c6ccc2,7a810fac866c6c1d93015999633ee2a29f17b3d2,providers/common/securitycheck_fips.c,"('12964', '')",2021-02-18T21:14:32+10:00,2020-09-18T14:20:39+01:00
7b676cc8c60823570e283fbe325b263670c6ccc2,850a485f252e6a6b04734308451e2c64f39b0457,providers/implementations/exchange/dh_exch.c,"('12964', '')",2021-02-18T21:14:32+10:00,2020-09-18T14:20:39+01:00
7b676cc8c60823570e283fbe325b263670c6ccc2,b8237707d483719e527313cc007c09e96ef7d778,providers/implementations/exchange/dh_exch.c,"('12964', '')",2021-02-18T21:14:32+10:00,2020-09-18T14:20:38+01:00
7b676cc8c60823570e283fbe325b263670c6ccc2,850a485f252e6a6b04734308451e2c64f39b0457,providers/implementations/exchange/ecdh_exch.c,"('12964', '')",2021-02-18T21:14:32+10:00,2020-09-18T14:20:39+01:00
7b676cc8c60823570e283fbe325b263670c6ccc2,49ed5ba8f62875074f04417189147fd3dda072ab,providers/implementations/signature/dsa.c,"('12964', '')",2021-02-18T21:14:32+10:00,2020-09-18T14:20:39+01:00
7b676cc8c60823570e283fbe325b263670c6ccc2,283320281bda4e1b5cfaedb0db723a96325aabb9,providers/implementations/signature/ecdsa.c,"('12964', '')",2021-02-18T21:14:32+10:00,2020-12-04T08:33:27+10:00
7b676cc8c60823570e283fbe325b263670c6ccc2,49ed5ba8f62875074f04417189147fd3dda072ab,providers/implementations/signature/ecdsa.c,"('12964', '')",2021-02-18T21:14:32+10:00,2020-09-18T14:20:39+01:00
7b676cc8c60823570e283fbe325b263670c6ccc2,bbde8566191e5851f4418cbb8acb0d50b16170d8,providers/implementations/signature/rsa.c,"('12964', '')",2021-02-18T21:14:32+10:00,2021-02-05T14:04:59+01:00
7b676cc8c60823570e283fbe325b263670c6ccc2,49ed5ba8f62875074f04417189147fd3dda072ab,providers/implementations/signature/rsa.c,"('12964', '')",2021-02-18T21:14:32+10:00,2020-09-18T14:20:39+01:00
576892d78f80cf9a169e7f766319c843e430f378,472a88b79e779342adc3b85b5bea318de038ae14,crypto/asn1/d2i_pr.c,"('13522', '')",2021-02-19T19:19:28+10:00,2020-04-15T11:24:13+01:00
576892d78f80cf9a169e7f766319c843e430f378,d8652be06e2778e8898453a391deb7253e1a35a2,crypto/asn1/d2i_pr.c,"('13522', '')",2021-02-19T19:19:28+10:00,2020-10-01T09:25:20+01:00
576892d78f80cf9a169e7f766319c843e430f378,12a765a5235f181c2f4992b615eb5f892c368e88,crypto/asn1/d2i_pr.c,"('13522', '')",2021-02-19T19:19:28+10:00,2019-10-09T21:32:15+02:00
576892d78f80cf9a169e7f766319c843e430f378,20432eae41e35ea28a4d43c0dfc7acfdd9672812,crypto/asn1/d2i_pr.c,"('13522', '')",2021-02-19T19:19:28+10:00,2000-01-01T16:42:49+00:00
576892d78f80cf9a169e7f766319c843e430f378,14a7cfb32a0347a4bc620ae1b552b21c4c1e270b,crypto/asn1/d2i_pr.c,"('13522', '')",2021-02-19T19:19:28+10:00,2002-08-07T10:49:54+00:00
576892d78f80cf9a169e7f766319c843e430f378,94e6ae7a697486716313062c5c6700c9e0d6423a,crypto/asn1/d2i_pr.c,"('13522', '')",2021-02-19T19:19:28+10:00,2007-11-20T13:37:51+00:00
576892d78f80cf9a169e7f766319c843e430f378,875a644a9047e96dfcce27af876d30460759805e,crypto/asn1/d2i_pr.c,"('13522', '')",2021-02-19T19:19:28+10:00,2004-03-15T23:15:26+00:00
576892d78f80cf9a169e7f766319c843e430f378,a46c9789ce2aecedceef119e9883513c7a49f1ca,crypto/asn1/d2i_pr.c,"('13522', '')",2021-02-19T19:19:28+10:00,2015-09-14T23:53:03+02:00
576892d78f80cf9a169e7f766319c843e430f378,de12116417081f7b834bca4a583f97169040ce52,crypto/asn1/d2i_pr.c,"('13522', '')",2021-02-19T19:19:28+10:00,2006-11-16T00:19:39+00:00
576892d78f80cf9a169e7f766319c843e430f378,b2952366dd0248bf35c83e1736cd203033a22378,crypto/asn1/d2i_pr.c,"('13522', '')",2021-02-19T19:19:28+10:00,2020-05-12T06:48:47+02:00
576892d78f80cf9a169e7f766319c843e430f378,4d94ae00d5614d64d4dd065860c4b00161a81f82,crypto/asn1/d2i_pr.c,"('13522', '')",2021-02-19T19:19:28+10:00,2002-02-13T18:21:51+00:00
576892d78f80cf9a169e7f766319c843e430f378,9311d0c471ca2eaa259e8c1bbbeb7c46394c7ba2,crypto/asn1/d2i_pr.c,"('13522', '')",2021-02-19T19:19:28+10:00,2020-11-13T09:35:02+01:00
576892d78f80cf9a169e7f766319c843e430f378,0f113f3ee4d629ef9a4a30911b22b224772085e5,crypto/asn1/d2i_pr.c,"('13522', '')",2021-02-19T19:19:28+10:00,2015-01-22T09:20:09+00:00
576892d78f80cf9a169e7f766319c843e430f378,605236f6a8fe0743af2f63d93239a74c69dae137,crypto/asn1/d2i_pr.c,"('13522', '')",2021-02-19T19:19:28+10:00,2015-10-03T13:22:52+02:00
576892d78f80cf9a169e7f766319c843e430f378,2c090c1d1b00fe49dd2911674e26c629f123c44f,providers/implementations/encode_decode/decode_der2key.c,"('13522', '')",2021-02-19T19:19:28+10:00,2020-11-11T11:42:06+01:00
576892d78f80cf9a169e7f766319c843e430f378,7c664b1f1b5f60bf896f5fdea5c08c401c541dfe,providers/implementations/encode_decode/decode_der2key.c,"('13522', '')",2021-02-19T19:19:28+10:00,2020-08-01T11:51:19+10:00
576892d78f80cf9a169e7f766319c843e430f378,9ee77767b2186a4f0933ebfe2ba5caa83d814f4c,test/evp_extra_test2.c,"('13522', '')",2021-02-19T19:19:28+10:00,2020-06-19T10:34:58+01:00
53155f1c814be6d8bfdd77333a16ec9cee7fc3bb,0fc4d00a00e5d25ce202e69414432a07c9e74502,crypto/cms/cms_cd.c,"('12964', '')",2021-02-22T09:16:36+10:00,2019-03-08T16:06:26+00:00
53155f1c814be6d8bfdd77333a16ec9cee7fc3bb,c1669f41eab0e2d9a8c2498718d06b4cd48a9890,crypto/cms/cms_cd.c,"('12964', '')",2021-02-22T09:16:36+10:00,2020-08-09T17:34:52+10:00
53155f1c814be6d8bfdd77333a16ec9cee7fc3bb,b425001010044adbdbcd98f8682694b30b73bbf4,crypto/cms/cms_cd.c,"('12964', '')",2021-02-22T09:16:36+10:00,2020-10-15T11:59:53+01:00
53155f1c814be6d8bfdd77333a16ec9cee7fc3bb,9fdcc21fdc9d148f78d9cd5be34030f38cc45812,crypto/cms/cms_dd.c,"('12964', '')",2021-02-22T09:16:36+10:00,2019-03-06T16:10:09+00:00
53155f1c814be6d8bfdd77333a16ec9cee7fc3bb,6e59a892db781658c050e5217127c4147c116ac9,crypto/cms/cms_dd.c,"('12964', '')",2021-02-22T09:16:36+10:00,2015-12-07T17:39:23+01:00
53155f1c814be6d8bfdd77333a16ec9cee7fc3bb,c1669f41eab0e2d9a8c2498718d06b4cd48a9890,crypto/cms/cms_dd.c,"('12964', '')",2021-02-22T09:16:36+10:00,2020-08-09T17:34:52+10:00
53155f1c814be6d8bfdd77333a16ec9cee7fc3bb,b425001010044adbdbcd98f8682694b30b73bbf4,crypto/cms/cms_dd.c,"('12964', '')",2021-02-22T09:16:36+10:00,2020-10-15T11:59:53+01:00
53155f1c814be6d8bfdd77333a16ec9cee7fc3bb,0b3a4ef27a6c2a427dc2d4a87c52677d57c90f4c,crypto/cms/cms_dh.c,"('12964', '')",2021-02-22T09:16:36+10:00,2020-10-15T10:00:19+01:00
53155f1c814be6d8bfdd77333a16ec9cee7fc3bb,0b3a4ef27a6c2a427dc2d4a87c52677d57c90f4c,crypto/cms/cms_ec.c,"('12964', '')",2021-02-22T09:16:36+10:00,2020-10-15T10:00:19+01:00
53155f1c814be6d8bfdd77333a16ec9cee7fc3bb,9ab7fe483629704b09dc43c1998e0e489615390f,crypto/cms/cms_ec.c,"('12964', '')",2021-02-22T09:16:36+10:00,2020-10-15T10:00:28+01:00
53155f1c814be6d8bfdd77333a16ec9cee7fc3bb,9fdcc21fdc9d148f78d9cd5be34030f38cc45812,crypto/cms/cms_enc.c,"('12964', '')",2021-02-22T09:16:36+10:00,2019-03-06T16:10:09+00:00
53155f1c814be6d8bfdd77333a16ec9cee7fc3bb,320bfc1be79513f2a782f9ee8894cf7a7b9ffe2d,crypto/cms/cms_enc.c,"('12964', '')",2021-02-22T09:16:36+10:00,2008-03-14T19:37:56+00:00
53155f1c814be6d8bfdd77333a16ec9cee7fc3bb,84af8027c5f2132a9166673e7a47b0f31c7cfe1d,crypto/cms/cms_enc.c,"('12964', '')",2021-02-22T09:16:36+10:00,2021-01-18T15:01:26+01:00
53155f1c814be6d8bfdd77333a16ec9cee7fc3bb,761ffa729f396dc4b8607a64ad522f6104eaa7bd,crypto/cms/cms_enc.c,"('12964', '')",2021-02-22T09:16:36+10:00,2008-03-17T13:38:51+00:00
53155f1c814be6d8bfdd77333a16ec9cee7fc3bb,c1669f41eab0e2d9a8c2498718d06b4cd48a9890,crypto/cms/cms_enc.c,"('12964', '')",2021-02-22T09:16:36+10:00,2020-08-09T17:34:52+10:00
53155f1c814be6d8bfdd77333a16ec9cee7fc3bb,e1f1d28f34cc5cfc87772e0d8331e00137a4a213,crypto/cms/cms_env.c,"('12964', '')",2021-02-22T09:16:36+10:00,2013-02-26T16:59:56+00:00
53155f1c814be6d8bfdd77333a16ec9cee7fc3bb,0b3a4ef27a6c2a427dc2d4a87c52677d57c90f4c,crypto/cms/cms_env.c,"('12964', '')",2021-02-22T09:16:36+10:00,2020-10-15T10:00:19+01:00
53155f1c814be6d8bfdd77333a16ec9cee7fc3bb,8931b30d8478b0bd24af251fac64e7b0bf121369,crypto/cms/cms_env.c,"('12964', '')",2021-02-22T09:16:36+10:00,2008-03-12T21:14:28+00:00
53155f1c814be6d8bfdd77333a16ec9cee7fc3bb,d2a53c223883be765176d8d461034cc8938eaeb7,crypto/cms/cms_env.c,"('12964', '')",2021-02-22T09:16:36+10:00,2009-11-26T18:57:39+00:00
53155f1c814be6d8bfdd77333a16ec9cee7fc3bb,84af8027c5f2132a9166673e7a47b0f31c7cfe1d,crypto/cms/cms_env.c,"('12964', '')",2021-02-22T09:16:36+10:00,2021-01-18T15:01:26+01:00
53155f1c814be6d8bfdd77333a16ec9cee7fc3bb,0f113f3ee4d629ef9a4a30911b22b224772085e5,crypto/cms/cms_env.c,"('12964', '')",2021-02-22T09:16:36+10:00,2015-01-22T09:20:09+00:00
53155f1c814be6d8bfdd77333a16ec9cee7fc3bb,924663c36d47066d5307937da77fed7e872730c7,crypto/cms/cms_env.c,"('12964', '')",2021-02-22T09:16:36+10:00,2020-09-08T15:43:11+02:00
53155f1c814be6d8bfdd77333a16ec9cee7fc3bb,e365352d6a6368039392fed14a328f8c0bf955c3,crypto/cms/cms_env.c,"('12964', '')",2021-02-22T09:16:36+10:00,2013-06-21T21:33:00+01:00
53155f1c814be6d8bfdd77333a16ec9cee7fc3bb,71434aed0de274abe8f10768c4dd11a5b3b387e4,crypto/cms/cms_env.c,"('12964', '')",2021-02-22T09:16:36+10:00,2020-03-03T16:34:40+03:00
53155f1c814be6d8bfdd77333a16ec9cee7fc3bb,4f1aa191b33f0bbda29c3289d50fee2991b77df0,crypto/cms/cms_env.c,"('12964', '')",2021-02-22T09:16:36+10:00,2008-03-15T23:21:33+00:00
53155f1c814be6d8bfdd77333a16ec9cee7fc3bb,17c2764d2e6fc5a010ad3c12662068689ed2ad17,crypto/cms/cms_env.c,"('12964', '')",2021-02-22T09:16:36+10:00,2013-07-17T21:45:00+01:00
53155f1c814be6d8bfdd77333a16ec9cee7fc3bb,c1669f41eab0e2d9a8c2498718d06b4cd48a9890,crypto/cms/cms_env.c,"('12964', '')",2021-02-22T09:16:36+10:00,2020-08-09T17:34:52+10:00
53155f1c814be6d8bfdd77333a16ec9cee7fc3bb,9e3c510bde91350c5a40b7ba4e9e0945895e9368,crypto/cms/cms_ess.c,"('12964', '')",2021-02-22T09:16:36+10:00,2020-05-27T13:16:30+02:00
53155f1c814be6d8bfdd77333a16ec9cee7fc3bb,8c00f267b8df1a8c70eff8198de40aa561299e48,crypto/cms/cms_ess.c,"('12964', '')",2021-02-22T09:16:36+10:00,2019-07-31T19:14:12+10:00
53155f1c814be6d8bfdd77333a16ec9cee7fc3bb,84af8027c5f2132a9166673e7a47b0f31c7cfe1d,crypto/cms/cms_ess.c,"('12964', '')",2021-02-22T09:16:36+10:00,2021-01-18T15:01:26+01:00
53155f1c814be6d8bfdd77333a16ec9cee7fc3bb,36309aa2be6c80fcb6500d3c189d1d6bc52e11f3,crypto/cms/cms_ess.c,"('12964', '')",2021-02-22T09:16:36+10:00,2008-03-28T19:43:16+00:00
53155f1c814be6d8bfdd77333a16ec9cee7fc3bb,eb9d8d8cd4ef3b1b6e1a14954c5b16438c27abf9,crypto/cms/cms_ess.c,"('12964', '')",2021-02-22T09:16:36+10:00,2008-03-28T13:15:39+00:00
53155f1c814be6d8bfdd77333a16ec9cee7fc3bb,c1669f41eab0e2d9a8c2498718d06b4cd48a9890,crypto/cms/cms_io.c,"('12964', '')",2021-02-22T09:16:36+10:00,2020-08-09T17:34:52+10:00
53155f1c814be6d8bfdd77333a16ec9cee7fc3bb,9fdcc21fdc9d148f78d9cd5be34030f38cc45812,crypto/cms/cms_kari.c,"('12964', '')",2021-02-22T09:16:36+10:00,2019-03-06T16:10:09+00:00
53155f1c814be6d8bfdd77333a16ec9cee7fc3bb,84af8027c5f2132a9166673e7a47b0f31c7cfe1d,crypto/cms/cms_kari.c,"('12964', '')",2021-02-22T09:16:36+10:00,2021-01-18T15:01:26+01:00
53155f1c814be6d8bfdd77333a16ec9cee7fc3bb,0f113f3ee4d629ef9a4a30911b22b224772085e5,crypto/cms/cms_kari.c,"('12964', '')",2021-02-22T09:16:36+10:00,2015-01-22T09:20:09+00:00
53155f1c814be6d8bfdd77333a16ec9cee7fc3bb,924663c36d47066d5307937da77fed7e872730c7,crypto/cms/cms_kari.c,"('12964', '')",2021-02-22T09:16:36+10:00,2020-09-08T15:43:11+02:00
53155f1c814be6d8bfdd77333a16ec9cee7fc3bb,71434aed0de274abe8f10768c4dd11a5b3b387e4,crypto/cms/cms_kari.c,"('12964', '')",2021-02-22T09:16:36+10:00,2020-03-03T16:34:40+03:00
53155f1c814be6d8bfdd77333a16ec9cee7fc3bb,17c2764d2e6fc5a010ad3c12662068689ed2ad17,crypto/cms/cms_kari.c,"('12964', '')",2021-02-22T09:16:36+10:00,2013-07-17T21:45:00+01:00
53155f1c814be6d8bfdd77333a16ec9cee7fc3bb,c1669f41eab0e2d9a8c2498718d06b4cd48a9890,crypto/cms/cms_kari.c,"('12964', '')",2021-02-22T09:16:36+10:00,2020-08-09T17:34:52+10:00
53155f1c814be6d8bfdd77333a16ec9cee7fc3bb,8931b30d8478b0bd24af251fac64e7b0bf121369,crypto/cms/cms_lib.c,"('12964', '')",2021-02-22T09:16:36+10:00,2008-03-12T21:14:28+00:00
53155f1c814be6d8bfdd77333a16ec9cee7fc3bb,320bfc1be79513f2a782f9ee8894cf7a7b9ffe2d,crypto/cms/cms_lib.c,"('12964', '')",2021-02-22T09:16:36+10:00,2008-03-14T19:37:56+00:00
53155f1c814be6d8bfdd77333a16ec9cee7fc3bb,84af8027c5f2132a9166673e7a47b0f31c7cfe1d,crypto/cms/cms_lib.c,"('12964', '')",2021-02-22T09:16:36+10:00,2021-01-18T15:01:26+01:00
53155f1c814be6d8bfdd77333a16ec9cee7fc3bb,924663c36d47066d5307937da77fed7e872730c7,crypto/cms/cms_lib.c,"('12964', '')",2021-02-22T09:16:36+10:00,2020-09-08T15:43:11+02:00
53155f1c814be6d8bfdd77333a16ec9cee7fc3bb,71434aed0de274abe8f10768c4dd11a5b3b387e4,crypto/cms/cms_lib.c,"('12964', '')",2021-02-22T09:16:36+10:00,2020-03-03T16:34:40+03:00
53155f1c814be6d8bfdd77333a16ec9cee7fc3bb,4f1aa191b33f0bbda29c3289d50fee2991b77df0,crypto/cms/cms_lib.c,"('12964', '')",2021-02-22T09:16:36+10:00,2008-03-15T23:21:33+00:00
53155f1c814be6d8bfdd77333a16ec9cee7fc3bb,17c2764d2e6fc5a010ad3c12662068689ed2ad17,crypto/cms/cms_lib.c,"('12964', '')",2021-02-22T09:16:36+10:00,2013-07-17T21:45:00+01:00
53155f1c814be6d8bfdd77333a16ec9cee7fc3bb,c1669f41eab0e2d9a8c2498718d06b4cd48a9890,crypto/cms/cms_lib.c,"('12964', '')",2021-02-22T09:16:36+10:00,2020-08-09T17:34:52+10:00
53155f1c814be6d8bfdd77333a16ec9cee7fc3bb,b425001010044adbdbcd98f8682694b30b73bbf4,crypto/cms/cms_lib.c,"('12964', '')",2021-02-22T09:16:36+10:00,2020-10-15T11:59:53+01:00
53155f1c814be6d8bfdd77333a16ec9cee7fc3bb,9fdcc21fdc9d148f78d9cd5be34030f38cc45812,crypto/cms/cms_local.h,"('12964', '')",2021-02-22T09:16:36+10:00,2019-03-06T16:10:09+00:00
53155f1c814be6d8bfdd77333a16ec9cee7fc3bb,36309aa2be6c80fcb6500d3c189d1d6bc52e11f3,crypto/cms/cms_local.h,"('12964', '')",2021-02-22T09:16:36+10:00,2008-03-28T19:43:16+00:00
53155f1c814be6d8bfdd77333a16ec9cee7fc3bb,9e3c510bde91350c5a40b7ba4e9e0945895e9368,crypto/cms/cms_local.h,"('12964', '')",2021-02-22T09:16:36+10:00,2020-05-27T13:16:30+02:00
53155f1c814be6d8bfdd77333a16ec9cee7fc3bb,8931b30d8478b0bd24af251fac64e7b0bf121369,crypto/cms/cms_local.h,"('12964', '')",2021-02-22T09:16:36+10:00,2008-03-12T21:14:28+00:00
53155f1c814be6d8bfdd77333a16ec9cee7fc3bb,0b3a4ef27a6c2a427dc2d4a87c52677d57c90f4c,crypto/cms/cms_local.h,"('12964', '')",2021-02-22T09:16:36+10:00,2020-10-15T10:00:19+01:00
53155f1c814be6d8bfdd77333a16ec9cee7fc3bb,9ab7fe483629704b09dc43c1998e0e489615390f,crypto/cms/cms_local.h,"('12964', '')",2021-02-22T09:16:36+10:00,2020-10-15T10:00:28+01:00
53155f1c814be6d8bfdd77333a16ec9cee7fc3bb,eb9d8d8cd4ef3b1b6e1a14954c5b16438c27abf9,crypto/cms/cms_local.h,"('12964', '')",2021-02-22T09:16:36+10:00,2008-03-28T13:15:39+00:00
53155f1c814be6d8bfdd77333a16ec9cee7fc3bb,c1669f41eab0e2d9a8c2498718d06b4cd48a9890,crypto/cms/cms_local.h,"('12964', '')",2021-02-22T09:16:36+10:00,2020-08-09T17:34:52+10:00
53155f1c814be6d8bfdd77333a16ec9cee7fc3bb,d2a53c223883be765176d8d461034cc8938eaeb7,crypto/cms/cms_local.h,"('12964', '')",2021-02-22T09:16:36+10:00,2009-11-26T18:57:39+00:00
53155f1c814be6d8bfdd77333a16ec9cee7fc3bb,761ffa729f396dc4b8607a64ad522f6104eaa7bd,crypto/cms/cms_local.h,"('12964', '')",2021-02-22T09:16:36+10:00,2008-03-17T13:38:51+00:00
53155f1c814be6d8bfdd77333a16ec9cee7fc3bb,924663c36d47066d5307937da77fed7e872730c7,crypto/cms/cms_local.h,"('12964', '')",2021-02-22T09:16:36+10:00,2020-09-08T15:43:11+02:00
53155f1c814be6d8bfdd77333a16ec9cee7fc3bb,71434aed0de274abe8f10768c4dd11a5b3b387e4,crypto/cms/cms_local.h,"('12964', '')",2021-02-22T09:16:36+10:00,2020-03-03T16:34:40+03:00
53155f1c814be6d8bfdd77333a16ec9cee7fc3bb,17c2764d2e6fc5a010ad3c12662068689ed2ad17,crypto/cms/cms_local.h,"('12964', '')",2021-02-22T09:16:36+10:00,2013-07-17T21:45:00+01:00
53155f1c814be6d8bfdd77333a16ec9cee7fc3bb,0f113f3ee4d629ef9a4a30911b22b224772085e5,crypto/cms/cms_local.h,"('12964', '')",2021-02-22T09:16:36+10:00,2015-01-22T09:20:09+00:00
53155f1c814be6d8bfdd77333a16ec9cee7fc3bb,b425001010044adbdbcd98f8682694b30b73bbf4,crypto/cms/cms_local.h,"('12964', '')",2021-02-22T09:16:36+10:00,2020-10-15T11:59:53+01:00
53155f1c814be6d8bfdd77333a16ec9cee7fc3bb,924663c36d47066d5307937da77fed7e872730c7,crypto/cms/cms_pwri.c,"('12964', '')",2021-02-22T09:16:36+10:00,2020-09-08T15:43:11+02:00
53155f1c814be6d8bfdd77333a16ec9cee7fc3bb,84af8027c5f2132a9166673e7a47b0f31c7cfe1d,crypto/cms/cms_pwri.c,"('12964', '')",2021-02-22T09:16:36+10:00,2021-01-18T15:01:26+01:00
53155f1c814be6d8bfdd77333a16ec9cee7fc3bb,c1669f41eab0e2d9a8c2498718d06b4cd48a9890,crypto/cms/cms_pwri.c,"('12964', '')",2021-02-22T09:16:36+10:00,2020-08-09T17:34:52+10:00
53155f1c814be6d8bfdd77333a16ec9cee7fc3bb,0b3a4ef27a6c2a427dc2d4a87c52677d57c90f4c,crypto/cms/cms_rsa.c,"('12964', '')",2021-02-22T09:16:36+10:00,2020-10-15T10:00:19+01:00
53155f1c814be6d8bfdd77333a16ec9cee7fc3bb,9ab7fe483629704b09dc43c1998e0e489615390f,crypto/cms/cms_rsa.c,"('12964', '')",2021-02-22T09:16:36+10:00,2020-10-15T10:00:28+01:00
53155f1c814be6d8bfdd77333a16ec9cee7fc3bb,8931b30d8478b0bd24af251fac64e7b0bf121369,crypto/cms/cms_sd.c,"('12964', '')",2021-02-22T09:16:36+10:00,2008-03-12T21:14:28+00:00
53155f1c814be6d8bfdd77333a16ec9cee7fc3bb,9ab7fe483629704b09dc43c1998e0e489615390f,crypto/cms/cms_sd.c,"('12964', '')",2021-02-22T09:16:36+10:00,2020-10-15T10:00:28+01:00
53155f1c814be6d8bfdd77333a16ec9cee7fc3bb,e85d19c68e7fb3302410bd72d434793e5c0c23a0,crypto/cms/cms_sd.c,"('12964', '')",2021-02-22T09:16:36+10:00,2019-01-27T23:59:21+01:00
53155f1c814be6d8bfdd77333a16ec9cee7fc3bb,6e59a892db781658c050e5217127c4147c116ac9,crypto/cms/cms_sd.c,"('12964', '')",2021-02-22T09:16:36+10:00,2015-12-07T17:39:23+01:00
53155f1c814be6d8bfdd77333a16ec9cee7fc3bb,c1669f41eab0e2d9a8c2498718d06b4cd48a9890,crypto/cms/cms_sd.c,"('12964', '')",2021-02-22T09:16:36+10:00,2020-08-09T17:34:52+10:00
53155f1c814be6d8bfdd77333a16ec9cee7fc3bb,8c00f267b8df1a8c70eff8198de40aa561299e48,crypto/cms/cms_sd.c,"('12964', '')",2021-02-22T09:16:36+10:00,2019-07-31T19:14:12+10:00
53155f1c814be6d8bfdd77333a16ec9cee7fc3bb,84af8027c5f2132a9166673e7a47b0f31c7cfe1d,crypto/cms/cms_sd.c,"('12964', '')",2021-02-22T09:16:36+10:00,2021-01-18T15:01:26+01:00
53155f1c814be6d8bfdd77333a16ec9cee7fc3bb,17c2764d2e6fc5a010ad3c12662068689ed2ad17,crypto/cms/cms_sd.c,"('12964', '')",2021-02-22T09:16:36+10:00,2013-07-17T21:45:00+01:00
53155f1c814be6d8bfdd77333a16ec9cee7fc3bb,0f113f3ee4d629ef9a4a30911b22b224772085e5,crypto/cms/cms_sd.c,"('12964', '')",2021-02-22T09:16:36+10:00,2015-01-22T09:20:09+00:00
53155f1c814be6d8bfdd77333a16ec9cee7fc3bb,9e3c510bde91350c5a40b7ba4e9e0945895e9368,crypto/cms/cms_smime.c,"('12964', '')",2021-02-22T09:16:36+10:00,2020-05-27T13:16:30+02:00
53155f1c814be6d8bfdd77333a16ec9cee7fc3bb,8931b30d8478b0bd24af251fac64e7b0bf121369,crypto/cms/cms_smime.c,"('12964', '')",2021-02-22T09:16:36+10:00,2008-03-12T21:14:28+00:00
53155f1c814be6d8bfdd77333a16ec9cee7fc3bb,84af8027c5f2132a9166673e7a47b0f31c7cfe1d,crypto/cms/cms_smime.c,"('12964', '')",2021-02-22T09:16:36+10:00,2021-01-18T15:01:26+01:00
53155f1c814be6d8bfdd77333a16ec9cee7fc3bb,924663c36d47066d5307937da77fed7e872730c7,crypto/cms/cms_smime.c,"('12964', '')",2021-02-22T09:16:36+10:00,2020-09-08T15:43:11+02:00
53155f1c814be6d8bfdd77333a16ec9cee7fc3bb,71434aed0de274abe8f10768c4dd11a5b3b387e4,crypto/cms/cms_smime.c,"('12964', '')",2021-02-22T09:16:36+10:00,2020-03-03T16:34:40+03:00
53155f1c814be6d8bfdd77333a16ec9cee7fc3bb,36309aa2be6c80fcb6500d3c189d1d6bc52e11f3,crypto/cms/cms_smime.c,"('12964', '')",2021-02-22T09:16:36+10:00,2008-03-28T19:43:16+00:00
53155f1c814be6d8bfdd77333a16ec9cee7fc3bb,c1669f41eab0e2d9a8c2498718d06b4cd48a9890,crypto/cms/cms_smime.c,"('12964', '')",2021-02-22T09:16:36+10:00,2020-08-09T17:34:52+10:00
53155f1c814be6d8bfdd77333a16ec9cee7fc3bb,eb9d8d8cd4ef3b1b6e1a14954c5b16438c27abf9,crypto/cms/cms_smime.c,"('12964', '')",2021-02-22T09:16:36+10:00,2008-03-28T13:15:39+00:00
53155f1c814be6d8bfdd77333a16ec9cee7fc3bb,9e3c510bde91350c5a40b7ba4e9e0945895e9368,crypto/ess/ess_asn1.c,"('12964', '')",2021-02-22T09:16:36+10:00,2020-05-27T13:16:30+02:00
53155f1c814be6d8bfdd77333a16ec9cee7fc3bb,e85d19c68e7fb3302410bd72d434793e5c0c23a0,crypto/ess/ess_lib.c,"('12964', '')",2021-02-22T09:16:36+10:00,2019-01-27T23:59:21+01:00
53155f1c814be6d8bfdd77333a16ec9cee7fc3bb,9e3c510bde91350c5a40b7ba4e9e0945895e9368,crypto/ess/ess_lib.c,"('12964', '')",2021-02-22T09:16:36+10:00,2020-05-27T13:16:30+02:00
53155f1c814be6d8bfdd77333a16ec9cee7fc3bb,e85d19c68e7fb3302410bd72d434793e5c0c23a0,crypto/ts/ts_rsp_sign.c,"('12964', '')",2021-02-22T09:16:36+10:00,2019-01-27T23:59:21+01:00
53155f1c814be6d8bfdd77333a16ec9cee7fc3bb,e85d19c68e7fb3302410bd72d434793e5c0c23a0,crypto/ts/ts_rsp_verify.c,"('12964', '')",2021-02-22T09:16:36+10:00,2019-01-27T23:59:21+01:00
53155f1c814be6d8bfdd77333a16ec9cee7fc3bb,9e3c510bde91350c5a40b7ba4e9e0945895e9368,crypto/ts/ts_rsp_verify.c,"('12964', '')",2021-02-22T09:16:36+10:00,2020-05-27T13:16:30+02:00
53155f1c814be6d8bfdd77333a16ec9cee7fc3bb,8c00f267b8df1a8c70eff8198de40aa561299e48,include/crypto/cms.h,"('12964', '')",2021-02-22T09:16:36+10:00,2019-07-31T19:14:12+10:00
53155f1c814be6d8bfdd77333a16ec9cee7fc3bb,9e3c510bde91350c5a40b7ba4e9e0945895e9368,include/crypto/cms.h,"('12964', '')",2021-02-22T09:16:36+10:00,2020-05-27T13:16:30+02:00
53155f1c814be6d8bfdd77333a16ec9cee7fc3bb,9e3c510bde91350c5a40b7ba4e9e0945895e9368,include/crypto/ess.h,"('12964', '')",2021-02-22T09:16:36+10:00,2020-05-27T13:16:30+02:00
53155f1c814be6d8bfdd77333a16ec9cee7fc3bb,e85d19c68e7fb3302410bd72d434793e5c0c23a0,include/crypto/ess.h,"('12964', '')",2021-02-22T09:16:36+10:00,2019-01-27T23:59:21+01:00
53155f1c814be6d8bfdd77333a16ec9cee7fc3bb,8c00f267b8df1a8c70eff8198de40aa561299e48,include/crypto/ess.h,"('12964', '')",2021-02-22T09:16:36+10:00,2019-07-31T19:14:12+10:00
681618cfc18b4f01f2c07e823308d30f6f47504b,90a1f2d76f53effefafbae31e2f425a3508bda45,crypto/pkcs7/pk7_asn1.c,"('12964', '')",2021-02-22T09:16:37+10:00,2020-08-09T17:34:52+10:00
681618cfc18b4f01f2c07e823308d30f6f47504b,90a1f2d76f53effefafbae31e2f425a3508bda45,crypto/pkcs7/pk7_doit.c,"('12964', '')",2021-02-22T09:16:37+10:00,2020-08-09T17:34:52+10:00
681618cfc18b4f01f2c07e823308d30f6f47504b,038f4dc68edd16f719ce5cf140eda2fb5b86a62a,crypto/pkcs7/pk7_doit.c,"('12964', '')",2021-02-22T09:16:37+10:00,2021-01-18T15:01:26+01:00
681618cfc18b4f01f2c07e823308d30f6f47504b,038f4dc68edd16f719ce5cf140eda2fb5b86a62a,crypto/pkcs7/pk7_lib.c,"('12964', '')",2021-02-22T09:16:37+10:00,2021-01-18T15:01:26+01:00
681618cfc18b4f01f2c07e823308d30f6f47504b,90a1f2d76f53effefafbae31e2f425a3508bda45,crypto/pkcs7/pk7_lib.c,"('12964', '')",2021-02-22T09:16:37+10:00,2020-08-09T17:34:52+10:00
681618cfc18b4f01f2c07e823308d30f6f47504b,b425001010044adbdbcd98f8682694b30b73bbf4,crypto/pkcs7/pk7_lib.c,"('12964', '')",2021-02-22T09:16:37+10:00,2020-10-15T11:59:53+01:00
681618cfc18b4f01f2c07e823308d30f6f47504b,90a1f2d76f53effefafbae31e2f425a3508bda45,crypto/pkcs7/pk7_local.h,"('12964', '')",2021-02-22T09:16:37+10:00,2020-08-09T17:34:52+10:00
681618cfc18b4f01f2c07e823308d30f6f47504b,b425001010044adbdbcd98f8682694b30b73bbf4,crypto/pkcs7/pk7_local.h,"('12964', '')",2021-02-22T09:16:37+10:00,2020-10-15T11:59:53+01:00
681618cfc18b4f01f2c07e823308d30f6f47504b,90a1f2d76f53effefafbae31e2f425a3508bda45,crypto/pkcs7/pk7_mime.c,"('12964', '')",2021-02-22T09:16:37+10:00,2020-08-09T17:34:52+10:00
681618cfc18b4f01f2c07e823308d30f6f47504b,038f4dc68edd16f719ce5cf140eda2fb5b86a62a,crypto/pkcs7/pk7_smime.c,"('12964', '')",2021-02-22T09:16:37+10:00,2021-01-18T15:01:26+01:00
681618cfc18b4f01f2c07e823308d30f6f47504b,90a1f2d76f53effefafbae31e2f425a3508bda45,crypto/pkcs7/pk7_smime.c,"('12964', '')",2021-02-22T09:16:37+10:00,2020-08-09T17:34:52+10:00
681618cfc18b4f01f2c07e823308d30f6f47504b,90a1f2d76f53effefafbae31e2f425a3508bda45,crypto/x509/x_all.c,"('12964', '')",2021-02-22T09:16:37+10:00,2020-08-09T17:34:52+10:00
681618cfc18b4f01f2c07e823308d30f6f47504b,90a1f2d76f53effefafbae31e2f425a3508bda45,include/crypto/pkcs7.h,"('12964', '')",2021-02-22T09:16:37+10:00,2020-08-09T17:34:52+10:00
f16f363a85baa6338744e20671c5a227844f2847,9dd4ed28eb5972f62723985429b57f42eefda124,Configurations/unix-Makefile.tmpl,"('14246', '')",2021-02-22T12:21:33+00:00,2019-01-21T19:31:32+01:00
de4a88a979193e1f28c65c1f902828dd91d10ba5,10f8b36874fca928c3f41834babac8ee94dd3f09,crypto/err/err.c,"('13623', '')",2021-02-24T12:13:38+00:00,2019-07-30T07:07:01+02:00
de4a88a979193e1f28c65c1f902828dd91d10ba5,8a4dc425cc73040c55bc01d89c5541e37dab939a,crypto/err/err_local.h,"('13623', '')",2021-02-24T12:13:38+00:00,2019-07-31T06:42:37+02:00
de4a88a979193e1f28c65c1f902828dd91d10ba5,8a4dc425cc73040c55bc01d89c5541e37dab939a,include/openssl/err.h.in,"('13623', '')",2021-02-24T12:13:38+00:00,2019-07-31T06:42:37+02:00
de4a88a979193e1f28c65c1f902828dd91d10ba5,e778802f53c8d47e96a6e4cbc776eb6e1d4c461a,include/openssl/err.h.in,"('13623', '')",2021-02-24T12:13:38+00:00,1999-04-17T21:25:43+00:00
1cba86234aba9925ac01982c7aa8f9bc42f11a23,e947a0642db111bb34547b5f7d48e13163492ca5,test/evp_extra_test.c,"('14070', '')",2021-02-25T17:55:58+01:00,2021-01-28T16:25:16+01:00
94553e85b68af4513a8ee89cd2a0d4e044d75139,ca2bf555cd64bc9624af1259ce3cd27f95a5763e,crypto/bn/bn_const.c,"('12964', '')",2021-02-26T10:32:22+10:00,2020-01-31T08:18:46+10:00
94553e85b68af4513a8ee89cd2a0d4e044d75139,a829b735b645516041b55746e013692babd8cd31,crypto/bn/bn_ctx.c,"('12964', '')",2021-02-26T10:32:22+10:00,2020-10-15T12:00:21+01:00
94553e85b68af4513a8ee89cd2a0d4e044d75139,b6eb9827a6866981c08cc9613ca8b4a648894fb1,crypto/bn/bn_dh.c,"('12964', '')",2021-02-26T10:32:22+10:00,2015-05-03T12:53:08+01:00
94553e85b68af4513a8ee89cd2a0d4e044d75139,829ccf6ab6aab03a3f60f644027b43a5d2035bf8,crypto/bn/bn_dh.c,"('12964', '')",2021-02-26T10:32:22+10:00,2014-12-08T21:40:32+00:00
94553e85b68af4513a8ee89cd2a0d4e044d75139,738ee1819e3bb94723701fb505ce2971afe47a9b,crypto/bn/bn_dh.c,"('12964', '')",2021-02-26T10:32:22+10:00,2020-04-20T11:07:38+10:00
94553e85b68af4513a8ee89cd2a0d4e044d75139,2d2846237364671670c4b9a8415ea957887e1797,crypto/bn/bn_dh.c,"('12964', '')",2021-02-26T10:32:22+10:00,2015-10-06T12:30:47-04:00
94553e85b68af4513a8ee89cd2a0d4e044d75139,8240d5fa6535fb20e24fbe7eadbb3d6452a8d305,crypto/bn/bn_prime.c,"('12964', '')",2021-02-26T10:32:22+10:00,2019-03-12T12:00:52+00:00
94553e85b68af4513a8ee89cd2a0d4e044d75139,a829b735b645516041b55746e013692babd8cd31,crypto/bn/bn_rand.c,"('12964', '')",2021-02-26T10:32:22+10:00,2020-10-15T12:00:21+01:00
94553e85b68af4513a8ee89cd2a0d4e044d75139,fd4a6e7d1e51ad53f70ae75317da36418cae6458,crypto/bn/bn_rsa_fips186_4.c,"('12964', '')",2021-02-26T10:32:22+10:00,2019-11-09T16:01:54+01:00
94553e85b68af4513a8ee89cd2a0d4e044d75139,8240d5fa6535fb20e24fbe7eadbb3d6452a8d305,crypto/bn/bn_rsa_fips186_4.c,"('12964', '')",2021-02-26T10:32:22+10:00,2019-03-12T12:00:52+00:00
94553e85b68af4513a8ee89cd2a0d4e044d75139,dc8de3e6f1eed18617dc42d41dec6c6566c2ac0c,crypto/dh/dh_rfc5114.c,"('12964', '')",2021-02-26T10:32:22+10:00,2020-01-24T14:09:33+10:00
94553e85b68af4513a8ee89cd2a0d4e044d75139,a829b735b645516041b55746e013692babd8cd31,crypto/ec/ec_cvt.c,"('12964', '')",2021-02-26T10:32:22+10:00,2020-10-15T12:00:21+01:00
94553e85b68af4513a8ee89cd2a0d4e044d75139,c829c23b67308ad8e8ab677c78db1d5151106c3c,crypto/ffc/ffc_dh.c,"('12964', '')",2021-02-26T10:32:22+10:00,2020-12-16T11:55:39+01:00
94553e85b68af4513a8ee89cd2a0d4e044d75139,a829b735b645516041b55746e013692babd8cd31,crypto/ffc/ffc_params_generate.c,"('12964', '')",2021-02-26T10:32:22+10:00,2020-10-15T12:00:21+01:00
94553e85b68af4513a8ee89cd2a0d4e044d75139,42619397eb5db1a77d077250b0841b9c9f2b8984,crypto/rsa/rsa_sp800_56b_check.c,"('12964', '')",2021-02-26T10:32:22+10:00,2019-10-14T22:54:02+02:00
94553e85b68af4513a8ee89cd2a0d4e044d75139,fd4a6e7d1e51ad53f70ae75317da36418cae6458,crypto/rsa/rsa_sp800_56b_check.c,"('12964', '')",2021-02-26T10:32:22+10:00,2019-11-09T16:01:54+01:00
94553e85b68af4513a8ee89cd2a0d4e044d75139,8240d5fa6535fb20e24fbe7eadbb3d6452a8d305,crypto/rsa/rsa_sp800_56b_check.c,"('12964', '')",2021-02-26T10:32:22+10:00,2019-03-12T12:00:52+00:00
94553e85b68af4513a8ee89cd2a0d4e044d75139,8240d5fa6535fb20e24fbe7eadbb3d6452a8d305,crypto/rsa/rsa_sp800_56b_gen.c,"('12964', '')",2021-02-26T10:32:22+10:00,2019-03-12T12:00:52+00:00
94553e85b68af4513a8ee89cd2a0d4e044d75139,fd4a6e7d1e51ad53f70ae75317da36418cae6458,include/crypto/bn.h,"('12964', '')",2021-02-26T10:32:22+10:00,2019-11-09T16:01:54+01:00
94553e85b68af4513a8ee89cd2a0d4e044d75139,a829b735b645516041b55746e013692babd8cd31,include/crypto/bn.h,"('12964', '')",2021-02-26T10:32:22+10:00,2020-10-15T12:00:21+01:00
94553e85b68af4513a8ee89cd2a0d4e044d75139,8240d5fa6535fb20e24fbe7eadbb3d6452a8d305,include/crypto/bn.h,"('12964', '')",2021-02-26T10:32:22+10:00,2019-03-12T12:00:52+00:00
94553e85b68af4513a8ee89cd2a0d4e044d75139,ca2bf555cd64bc9624af1259ce3cd27f95a5763e,include/crypto/bn_dh.h,"('12964', '')",2021-02-26T10:32:22+10:00,2020-01-31T08:18:46+10:00
94553e85b68af4513a8ee89cd2a0d4e044d75139,7165593ce5a07a6860d4d408ad640ee707172936,include/crypto/bn_dh.h,"('12964', '')",2021-02-26T10:32:22+10:00,2020-04-16T01:14:00+10:00
94553e85b68af4513a8ee89cd2a0d4e044d75139,738ee1819e3bb94723701fb505ce2971afe47a9b,include/crypto/bn_dh.h,"('12964', '')",2021-02-26T10:32:22+10:00,2020-04-20T11:07:38+10:00
94553e85b68af4513a8ee89cd2a0d4e044d75139,7806a782c87f8ce07bc710f480a1db9511d11506,include/crypto/bn_dh.h,"('12964', '')",2021-02-26T10:32:22+10:00,2017-10-12T02:40:30+01:00
94553e85b68af4513a8ee89cd2a0d4e044d75139,f44903a428cc63ce88bfba26e8e4e2e9b21f058d,include/crypto/bn_dh.h,"('12964', '')",2021-02-26T10:32:22+10:00,2017-05-01T14:23:28-04:00
94553e85b68af4513a8ee89cd2a0d4e044d75139,8240d5fa6535fb20e24fbe7eadbb3d6452a8d305,test/bn_internal_test.c,"('12964', '')",2021-02-26T10:32:22+10:00,2019-03-12T12:00:52+00:00
94553e85b68af4513a8ee89cd2a0d4e044d75139,63794b048cbe46ac9abb883df4dd703f522e4643,test/evp_libctx_test.c,"('12964', '')",2021-02-26T10:32:22+10:00,2020-07-09T13:43:10+10:00
94553e85b68af4513a8ee89cd2a0d4e044d75139,7165593ce5a07a6860d4d408ad640ee707172936,test/evp_pkey_provided_test.c,"('12964', '')",2021-02-26T10:32:22+10:00,2020-04-16T01:14:00+10:00
19dbb742cdf68d8ada6338a025491a3b46b9ebe1,d8652be06e2778e8898453a391deb7253e1a35a2,crypto/dh/dh_ameth.c,"('12964', '')",2021-02-26T10:50:30+10:00,2020-10-01T09:25:20+01:00
19dbb742cdf68d8ada6338a025491a3b46b9ebe1,9aaecbfc98eb89a03f72b35d343e08f377e7803a,crypto/dh/dh_ameth.c,"('12964', '')",2021-02-26T10:50:30+10:00,2019-06-12T10:18:34+01:00
19dbb742cdf68d8ada6338a025491a3b46b9ebe1,0ba71d6a63add7efb244965c0f18502bd786a0f7,crypto/dh/dh_ameth.c,"('12964', '')",2021-02-26T10:50:30+10:00,2020-10-19T12:14:11+02:00
19dbb742cdf68d8ada6338a025491a3b46b9ebe1,0abae1636d7054266dd20724c0d5e06617d9f679,crypto/dh/dh_ameth.c,"('12964', '')",2021-02-26T10:50:30+10:00,2020-03-25T17:01:32+01:00
19dbb742cdf68d8ada6338a025491a3b46b9ebe1,df13defd4fd4c5a7afff69bc9733e7526e07959a,crypto/dh/dh_ameth.c,"('12964', '')",2021-02-26T10:50:30+10:00,2020-03-09T10:54:01+01:00
19dbb742cdf68d8ada6338a025491a3b46b9ebe1,6a9bd9298bd706e3a4a40ecfa1d89f65f8592c65,crypto/dh/dh_ameth.c,"('12964', '')",2021-02-26T10:50:30+10:00,2020-06-05T11:04:11+01:00
19dbb742cdf68d8ada6338a025491a3b46b9ebe1,eabb3014165a1319ceb8a69cc135feb99f288293,crypto/dh/dh_asn1.c,"('12964', '')",2021-02-26T10:50:30+10:00,2021-02-19T19:25:24+10:00
19dbb742cdf68d8ada6338a025491a3b46b9ebe1,0ba71d6a63add7efb244965c0f18502bd786a0f7,crypto/dh/dh_backend.c,"('12964', '')",2021-02-26T10:50:30+10:00,2020-10-19T12:14:11+02:00
19dbb742cdf68d8ada6338a025491a3b46b9ebe1,28e1d588f14404d480cc2bd38827ecd587625643,crypto/dh/dh_backend.c,"('12964', '')",2021-02-26T10:50:30+10:00,2020-10-27T15:13:54+01:00
19dbb742cdf68d8ada6338a025491a3b46b9ebe1,0abae1636d7054266dd20724c0d5e06617d9f679,crypto/dh/dh_backend.c,"('12964', '')",2021-02-26T10:50:30+10:00,2020-03-25T17:01:32+01:00
19dbb742cdf68d8ada6338a025491a3b46b9ebe1,d1fb6b481b1d70932a1435f83eae10cc68edbe36,crypto/dh/dh_check.c,"('12964', '')",2021-02-26T10:50:30+10:00,2020-10-23T17:54:40+03:00
19dbb742cdf68d8ada6338a025491a3b46b9ebe1,8083fd3a183d4c881d6b15727cbc6cb7faeb3280,crypto/dh/dh_check.c,"('12964', '')",2021-02-26T10:50:30+10:00,2020-02-16T13:03:46+10:00
19dbb742cdf68d8ada6338a025491a3b46b9ebe1,7165593ce5a07a6860d4d408ad640ee707172936,crypto/dh/dh_gen.c,"('12964', '')",2021-02-26T10:50:30+10:00,2020-04-16T01:14:00+10:00
19dbb742cdf68d8ada6338a025491a3b46b9ebe1,d8652be06e2778e8898453a391deb7253e1a35a2,crypto/dh/dh_gen.c,"('12964', '')",2021-02-26T10:50:30+10:00,2020-10-01T09:25:20+01:00
19dbb742cdf68d8ada6338a025491a3b46b9ebe1,4f2271d58a36b2aee125062ffb9626c6208fa394,crypto/dh/dh_gen.c,"('12964', '')",2021-02-26T10:50:30+10:00,2020-06-17T11:33:16+10:00
19dbb742cdf68d8ada6338a025491a3b46b9ebe1,738ee1819e3bb94723701fb505ce2971afe47a9b,crypto/dh/dh_group_params.c,"('12964', '')",2021-02-26T10:50:30+10:00,2020-04-20T11:07:38+10:00
19dbb742cdf68d8ada6338a025491a3b46b9ebe1,d8652be06e2778e8898453a391deb7253e1a35a2,crypto/dh/dh_group_params.c,"('12964', '')",2021-02-26T10:50:30+10:00,2020-10-01T09:25:20+01:00
19dbb742cdf68d8ada6338a025491a3b46b9ebe1,c829c23b67308ad8e8ab677c78db1d5151106c3c,crypto/dh/dh_group_params.c,"('12964', '')",2021-02-26T10:50:30+10:00,2020-12-16T11:55:39+01:00
19dbb742cdf68d8ada6338a025491a3b46b9ebe1,dc1ce3bc64845d16314af1f11acf5384e4ae9b34,crypto/dh/dh_kdf.c,"('12964', '')",2021-02-26T10:50:30+10:00,2013-08-05T15:45:01+01:00
19dbb742cdf68d8ada6338a025491a3b46b9ebe1,116d2510f7e95d1e6f4a6b9db2df1ec8d11b61fb,crypto/dh/dh_kdf.c,"('12964', '')",2021-02-26T10:50:30+10:00,2020-08-11T20:39:19+10:00
19dbb742cdf68d8ada6338a025491a3b46b9ebe1,b425001010044adbdbcd98f8682694b30b73bbf4,crypto/dh/dh_kdf.c,"('12964', '')",2021-02-26T10:50:30+10:00,2020-10-15T11:59:53+01:00
19dbb742cdf68d8ada6338a025491a3b46b9ebe1,6a9bd9298bd706e3a4a40ecfa1d89f65f8592c65,crypto/dh/dh_key.c,"('12964', '')",2021-02-26T10:50:30+10:00,2020-06-05T11:04:11+01:00
19dbb742cdf68d8ada6338a025491a3b46b9ebe1,9aaecbfc98eb89a03f72b35d343e08f377e7803a,crypto/dh/dh_key.c,"('12964', '')",2021-02-26T10:50:30+10:00,2019-06-12T10:18:34+01:00
19dbb742cdf68d8ada6338a025491a3b46b9ebe1,d1fb6b481b1d70932a1435f83eae10cc68edbe36,crypto/dh/dh_key.c,"('12964', '')",2021-02-26T10:50:30+10:00,2020-10-23T17:54:40+03:00
19dbb742cdf68d8ada6338a025491a3b46b9ebe1,8083fd3a183d4c881d6b15727cbc6cb7faeb3280,crypto/dh/dh_key.c,"('12964', '')",2021-02-26T10:50:30+10:00,2020-02-16T13:03:46+10:00
19dbb742cdf68d8ada6338a025491a3b46b9ebe1,ca2bf555cd64bc9624af1259ce3cd27f95a5763e,crypto/dh/dh_lib.c,"('12964', '')",2021-02-26T10:50:30+10:00,2020-01-31T08:18:46+10:00
19dbb742cdf68d8ada6338a025491a3b46b9ebe1,738ee1819e3bb94723701fb505ce2971afe47a9b,crypto/dh/dh_lib.c,"('12964', '')",2021-02-26T10:50:30+10:00,2020-04-20T11:07:38+10:00
19dbb742cdf68d8ada6338a025491a3b46b9ebe1,dc8de3e6f1eed18617dc42d41dec6c6566c2ac0c,crypto/dh/dh_lib.c,"('12964', '')",2021-02-26T10:50:30+10:00,2020-01-24T14:09:33+10:00
19dbb742cdf68d8ada6338a025491a3b46b9ebe1,c518117b99bc4aad62990e8a31b7bc1dae06d16c,crypto/dh/dh_lib.c,"('12964', '')",2021-02-26T10:50:30+10:00,2020-03-09T10:54:34+01:00
19dbb742cdf68d8ada6338a025491a3b46b9ebe1,b425001010044adbdbcd98f8682694b30b73bbf4,crypto/dh/dh_lib.c,"('12964', '')",2021-02-26T10:50:30+10:00,2020-10-15T11:59:53+01:00
19dbb742cdf68d8ada6338a025491a3b46b9ebe1,19bd1fa1ef17ff0ac071402cb6b002f1c29e37b9,crypto/dh/dh_pmeth.c,"('12964', '')",2021-02-26T10:50:30+10:00,2019-09-25T15:53:53+02:00
19dbb742cdf68d8ada6338a025491a3b46b9ebe1,5357c10624bedaeed984ef4ff370096911ee2ddf,crypto/dsa/dsa_lib.c,"('12964', '')",2021-02-26T10:50:30+10:00,2020-10-06T09:04:19+10:00
19dbb742cdf68d8ada6338a025491a3b46b9ebe1,c829c23b67308ad8e8ab677c78db1d5151106c3c,crypto/evp/dh_support.c,"('12964', '')",2021-02-26T10:50:30+10:00,2020-12-16T11:55:39+01:00
19dbb742cdf68d8ada6338a025491a3b46b9ebe1,19bd1fa1ef17ff0ac071402cb6b002f1c29e37b9,crypto/evp/pmeth_lib.c,"('12964', '')",2021-02-26T10:50:30+10:00,2019-09-25T15:53:53+02:00
19dbb742cdf68d8ada6338a025491a3b46b9ebe1,ca2bf555cd64bc9624af1259ce3cd27f95a5763e,include/crypto/dh.h,"('12964', '')",2021-02-26T10:50:30+10:00,2020-01-31T08:18:46+10:00
19dbb742cdf68d8ada6338a025491a3b46b9ebe1,7165593ce5a07a6860d4d408ad640ee707172936,include/crypto/dh.h,"('12964', '')",2021-02-26T10:50:30+10:00,2020-04-16T01:14:00+10:00
19dbb742cdf68d8ada6338a025491a3b46b9ebe1,738ee1819e3bb94723701fb505ce2971afe47a9b,include/crypto/dh.h,"('12964', '')",2021-02-26T10:50:30+10:00,2020-04-20T11:07:38+10:00
19dbb742cdf68d8ada6338a025491a3b46b9ebe1,dc8de3e6f1eed18617dc42d41dec6c6566c2ac0c,include/crypto/dh.h,"('12964', '')",2021-02-26T10:50:30+10:00,2020-01-24T14:09:33+10:00
19dbb742cdf68d8ada6338a025491a3b46b9ebe1,b425001010044adbdbcd98f8682694b30b73bbf4,include/crypto/dh.h,"('12964', '')",2021-02-26T10:50:30+10:00,2020-10-15T11:59:53+01:00
19dbb742cdf68d8ada6338a025491a3b46b9ebe1,0ba71d6a63add7efb244965c0f18502bd786a0f7,include/crypto/dh.h,"('12964', '')",2021-02-26T10:50:30+10:00,2020-10-19T12:14:11+02:00
19dbb742cdf68d8ada6338a025491a3b46b9ebe1,c829c23b67308ad8e8ab677c78db1d5151106c3c,include/crypto/dh.h,"('12964', '')",2021-02-26T10:50:30+10:00,2020-12-16T11:55:39+01:00
19dbb742cdf68d8ada6338a025491a3b46b9ebe1,116d2510f7e95d1e6f4a6b9db2df1ec8d11b61fb,include/crypto/dh.h,"('12964', '')",2021-02-26T10:50:30+10:00,2020-08-11T20:39:19+10:00
19dbb742cdf68d8ada6338a025491a3b46b9ebe1,0abae1636d7054266dd20724c0d5e06617d9f679,include/crypto/dh.h,"('12964', '')",2021-02-26T10:50:30+10:00,2020-03-25T17:01:32+01:00
19dbb742cdf68d8ada6338a025491a3b46b9ebe1,8083fd3a183d4c881d6b15727cbc6cb7faeb3280,include/crypto/dh.h,"('12964', '')",2021-02-26T10:50:30+10:00,2020-02-16T13:03:46+10:00
19dbb742cdf68d8ada6338a025491a3b46b9ebe1,6a9bd9298bd706e3a4a40ecfa1d89f65f8592c65,include/crypto/dh.h,"('12964', '')",2021-02-26T10:50:30+10:00,2020-06-05T11:04:11+01:00
19dbb742cdf68d8ada6338a025491a3b46b9ebe1,c518117b99bc4aad62990e8a31b7bc1dae06d16c,include/crypto/dh.h,"('12964', '')",2021-02-26T10:50:30+10:00,2020-03-09T10:54:34+01:00
19dbb742cdf68d8ada6338a025491a3b46b9ebe1,4f2271d58a36b2aee125062ffb9626c6208fa394,include/crypto/dh.h,"('12964', '')",2021-02-26T10:50:30+10:00,2020-06-17T11:33:16+10:00
19dbb742cdf68d8ada6338a025491a3b46b9ebe1,d1fb6b481b1d70932a1435f83eae10cc68edbe36,include/crypto/dh.h,"('12964', '')",2021-02-26T10:50:30+10:00,2020-10-23T17:54:40+03:00
19dbb742cdf68d8ada6338a025491a3b46b9ebe1,19bd1fa1ef17ff0ac071402cb6b002f1c29e37b9,include/crypto/evp.h,"('12964', '')",2021-02-26T10:50:30+10:00,2019-09-25T15:53:53+02:00
19dbb742cdf68d8ada6338a025491a3b46b9ebe1,8ae40cf57d2138af92a3479e23f35037ae8c5c30,providers/implementations/encode_decode/encode_key2text.c,"('12964', '')",2021-02-26T10:50:30+10:00,2020-09-09T16:35:22+02:00
19dbb742cdf68d8ada6338a025491a3b46b9ebe1,116d2510f7e95d1e6f4a6b9db2df1ec8d11b61fb,providers/implementations/exchange/dh_exch.c,"('12964', '')",2021-02-26T10:50:30+10:00,2020-08-11T20:39:19+10:00
19dbb742cdf68d8ada6338a025491a3b46b9ebe1,d8652be06e2778e8898453a391deb7253e1a35a2,providers/implementations/keymgmt/dh_kmgmt.c,"('12964', '')",2021-02-26T10:50:30+10:00,2020-10-01T09:25:20+01:00
19dbb742cdf68d8ada6338a025491a3b46b9ebe1,7165593ce5a07a6860d4d408ad640ee707172936,providers/implementations/keymgmt/dh_kmgmt.c,"('12964', '')",2021-02-26T10:50:30+10:00,2020-04-16T01:14:00+10:00
19dbb742cdf68d8ada6338a025491a3b46b9ebe1,2888fc1590ad31633be7a99e7288dcecd35e800c,providers/implementations/keymgmt/dh_kmgmt.c,"('12964', '')",2021-02-26T10:50:30+10:00,2020-03-02T03:27:03+01:00
19dbb742cdf68d8ada6338a025491a3b46b9ebe1,0ba71d6a63add7efb244965c0f18502bd786a0f7,providers/implementations/keymgmt/dh_kmgmt.c,"('12964', '')",2021-02-26T10:50:30+10:00,2020-10-19T12:14:11+02:00
19dbb742cdf68d8ada6338a025491a3b46b9ebe1,c2bd8d27835186b9fc4c7e4e12a3f6d81bac0544,providers/implementations/keymgmt/dh_kmgmt.c,"('12964', '')",2021-02-26T10:50:30+10:00,2020-11-18T14:54:18+00:00
19dbb742cdf68d8ada6338a025491a3b46b9ebe1,4718326a46ad460fefc5cc240a8599af4b5993c7,providers/implementations/keymgmt/dh_kmgmt.c,"('12964', '')",2021-02-26T10:50:30+10:00,2021-02-22T13:31:31+10:00
19dbb742cdf68d8ada6338a025491a3b46b9ebe1,a54ff473df579dffbf70eec637d54e48370b5bdc,providers/implementations/keymgmt/dh_kmgmt.c,"('12964', '')",2021-02-26T10:50:30+10:00,2020-03-05T08:25:55+10:00
19dbb742cdf68d8ada6338a025491a3b46b9ebe1,4f2271d58a36b2aee125062ffb9626c6208fa394,providers/implementations/keymgmt/dh_kmgmt.c,"('12964', '')",2021-02-26T10:50:30+10:00,2020-06-17T11:33:16+10:00
19dbb742cdf68d8ada6338a025491a3b46b9ebe1,a829b735b645516041b55746e013692babd8cd31,providers/implementations/keymgmt/dh_kmgmt.c,"('12964', '')",2021-02-26T10:50:30+10:00,2020-10-15T12:00:21+01:00
19dbb742cdf68d8ada6338a025491a3b46b9ebe1,6a9bd9298bd706e3a4a40ecfa1d89f65f8592c65,providers/implementations/keymgmt/dh_kmgmt.c,"('12964', '')",2021-02-26T10:50:30+10:00,2020-06-05T11:04:11+01:00
19dbb742cdf68d8ada6338a025491a3b46b9ebe1,c829c23b67308ad8e8ab677c78db1d5151106c3c,providers/implementations/keymgmt/dh_kmgmt.c,"('12964', '')",2021-02-26T10:50:30+10:00,2020-12-16T11:55:39+01:00
19dbb742cdf68d8ada6338a025491a3b46b9ebe1,0abae1636d7054266dd20724c0d5e06617d9f679,providers/implementations/keymgmt/dh_kmgmt.c,"('12964', '')",2021-02-26T10:50:30+10:00,2020-03-25T17:01:32+01:00
19dbb742cdf68d8ada6338a025491a3b46b9ebe1,8083fd3a183d4c881d6b15727cbc6cb7faeb3280,test/ffc_internal_test.c,"('12964', '')",2021-02-26T10:50:30+10:00,2020-02-16T13:03:46+10:00
5af02212a5331cc30389246bb94f97fbcdebc23a,629c72db5f8af3312fd89188298ce464186470d1,crypto/dsa/dsa_ameth.c,"('12964', '')",2021-02-26T10:50:30+10:00,2020-04-17T12:26:56+01:00
5af02212a5331cc30389246bb94f97fbcdebc23a,b03ec3b5d62ee26bf8437556b9040d4141d5bdd8,crypto/dsa/dsa_ameth.c,"('12964', '')",2021-02-26T10:50:30+10:00,2020-04-15T21:02:52+10:00
5af02212a5331cc30389246bb94f97fbcdebc23a,0abae1636d7054266dd20724c0d5e06617d9f679,crypto/dsa/dsa_ameth.c,"('12964', '')",2021-02-26T10:50:30+10:00,2020-03-25T17:01:32+01:00
5af02212a5331cc30389246bb94f97fbcdebc23a,0abae1636d7054266dd20724c0d5e06617d9f679,crypto/dsa/dsa_backend.c,"('12964', '')",2021-02-26T10:50:30+10:00,2020-03-25T17:01:32+01:00
5af02212a5331cc30389246bb94f97fbcdebc23a,ba37b82045b1b2fbcbf7580b317de5e3b52c8035,crypto/dsa/dsa_check.c,"('12964', '')",2021-02-26T10:50:30+10:00,2021-02-18T11:02:26+01:00
5af02212a5331cc30389246bb94f97fbcdebc23a,8083fd3a183d4c881d6b15727cbc6cb7faeb3280,crypto/dsa/dsa_check.c,"('12964', '')",2021-02-26T10:50:30+10:00,2020-02-16T13:03:46+10:00
5af02212a5331cc30389246bb94f97fbcdebc23a,9beffaf695b7ed5a7198496036b9aed87d598e51,crypto/dsa/dsa_gen.c,"('12964', '')",2021-02-26T10:50:30+10:00,2020-06-30T11:52:15+10:00
5af02212a5331cc30389246bb94f97fbcdebc23a,4f2271d58a36b2aee125062ffb9626c6208fa394,crypto/dsa/dsa_gen.c,"('12964', '')",2021-02-26T10:50:30+10:00,2020-06-17T11:33:16+10:00
5af02212a5331cc30389246bb94f97fbcdebc23a,8083fd3a183d4c881d6b15727cbc6cb7faeb3280,crypto/dsa/dsa_gen.c,"('12964', '')",2021-02-26T10:50:30+10:00,2020-02-16T13:03:46+10:00
5af02212a5331cc30389246bb94f97fbcdebc23a,8083fd3a183d4c881d6b15727cbc6cb7faeb3280,crypto/dsa/dsa_key.c,"('12964', '')",2021-02-26T10:50:30+10:00,2020-02-16T13:03:46+10:00
5af02212a5331cc30389246bb94f97fbcdebc23a,b03ec3b5d62ee26bf8437556b9040d4141d5bdd8,crypto/dsa/dsa_lib.c,"('12964', '')",2021-02-26T10:50:30+10:00,2020-04-15T21:02:52+10:00
5af02212a5331cc30389246bb94f97fbcdebc23a,2888fc1590ad31633be7a99e7288dcecd35e800c,crypto/dsa/dsa_lib.c,"('12964', '')",2021-02-26T10:50:30+10:00,2020-03-02T03:27:03+01:00
5af02212a5331cc30389246bb94f97fbcdebc23a,b425001010044adbdbcd98f8682694b30b73bbf4,crypto/dsa/dsa_lib.c,"('12964', '')",2021-02-26T10:50:30+10:00,2020-10-15T11:59:53+01:00
5af02212a5331cc30389246bb94f97fbcdebc23a,8083fd3a183d4c881d6b15727cbc6cb7faeb3280,crypto/dsa/dsa_local.h,"('12964', '')",2021-02-26T10:50:30+10:00,2020-02-16T13:03:46+10:00
5af02212a5331cc30389246bb94f97fbcdebc23a,8083fd3a183d4c881d6b15727cbc6cb7faeb3280,crypto/dsa/dsa_ossl.c,"('12964', '')",2021-02-26T10:50:30+10:00,2020-02-16T13:03:46+10:00
5af02212a5331cc30389246bb94f97fbcdebc23a,19bd1fa1ef17ff0ac071402cb6b002f1c29e37b9,crypto/dsa/dsa_pmeth.c,"('12964', '')",2021-02-26T10:50:30+10:00,2019-09-25T15:53:53+02:00
5af02212a5331cc30389246bb94f97fbcdebc23a,e683582bf37de45a9512aea7ff33b9a3ebdf07f4,crypto/dsa/dsa_sign.c,"('12964', '')",2021-02-26T10:50:30+10:00,2020-01-12T11:32:12+10:00
5af02212a5331cc30389246bb94f97fbcdebc23a,8083fd3a183d4c881d6b15727cbc6cb7faeb3280,crypto/dsa/dsa_sign.c,"('12964', '')",2021-02-26T10:50:30+10:00,2020-02-16T13:03:46+10:00
5af02212a5331cc30389246bb94f97fbcdebc23a,19bd1fa1ef17ff0ac071402cb6b002f1c29e37b9,crypto/evp/pmeth_lib.c,"('12964', '')",2021-02-26T10:50:30+10:00,2019-09-25T15:53:53+02:00
5af02212a5331cc30389246bb94f97fbcdebc23a,2888fc1590ad31633be7a99e7288dcecd35e800c,include/crypto/dsa.h,"('12964', '')",2021-02-26T10:50:30+10:00,2020-03-02T03:27:03+01:00
5af02212a5331cc30389246bb94f97fbcdebc23a,e683582bf37de45a9512aea7ff33b9a3ebdf07f4,include/crypto/dsa.h,"('12964', '')",2021-02-26T10:50:30+10:00,2020-01-12T11:32:12+10:00
5af02212a5331cc30389246bb94f97fbcdebc23a,0abae1636d7054266dd20724c0d5e06617d9f679,include/crypto/dsa.h,"('12964', '')",2021-02-26T10:50:30+10:00,2020-03-25T17:01:32+01:00
5af02212a5331cc30389246bb94f97fbcdebc23a,8083fd3a183d4c881d6b15727cbc6cb7faeb3280,include/crypto/dsa.h,"('12964', '')",2021-02-26T10:50:30+10:00,2020-02-16T13:03:46+10:00
5af02212a5331cc30389246bb94f97fbcdebc23a,ba37b82045b1b2fbcbf7580b317de5e3b52c8035,include/crypto/dsa.h,"('12964', '')",2021-02-26T10:50:30+10:00,2021-02-18T11:02:26+01:00
5af02212a5331cc30389246bb94f97fbcdebc23a,b03ec3b5d62ee26bf8437556b9040d4141d5bdd8,include/crypto/dsa.h,"('12964', '')",2021-02-26T10:50:30+10:00,2020-04-15T21:02:52+10:00
5af02212a5331cc30389246bb94f97fbcdebc23a,4f2271d58a36b2aee125062ffb9626c6208fa394,include/crypto/dsa.h,"('12964', '')",2021-02-26T10:50:30+10:00,2020-06-17T11:33:16+10:00
5af02212a5331cc30389246bb94f97fbcdebc23a,b425001010044adbdbcd98f8682694b30b73bbf4,include/crypto/dsa.h,"('12964', '')",2021-02-26T10:50:30+10:00,2020-10-15T11:59:53+01:00
5af02212a5331cc30389246bb94f97fbcdebc23a,19bd1fa1ef17ff0ac071402cb6b002f1c29e37b9,include/crypto/evp.h,"('12964', '')",2021-02-26T10:50:30+10:00,2019-09-25T15:53:53+02:00
5af02212a5331cc30389246bb94f97fbcdebc23a,8ae40cf57d2138af92a3479e23f35037ae8c5c30,providers/implementations/encode_decode/encode_key2text.c,"('12964', '')",2021-02-26T10:50:30+10:00,2020-09-09T16:35:22+02:00
5af02212a5331cc30389246bb94f97fbcdebc23a,22b858a888c1b4b1d2acdde2548a52c76ec6b97f,providers/implementations/keymgmt/dsa_kmgmt.c,"('12964', '')",2021-02-26T10:50:30+10:00,2020-03-05T08:30:22+10:00
5af02212a5331cc30389246bb94f97fbcdebc23a,2888fc1590ad31633be7a99e7288dcecd35e800c,providers/implementations/keymgmt/dsa_kmgmt.c,"('12964', '')",2021-02-26T10:50:30+10:00,2020-03-02T03:27:03+01:00
5af02212a5331cc30389246bb94f97fbcdebc23a,ba37b82045b1b2fbcbf7580b317de5e3b52c8035,providers/implementations/keymgmt/dsa_kmgmt.c,"('12964', '')",2021-02-26T10:50:30+10:00,2021-02-18T11:02:26+01:00
5af02212a5331cc30389246bb94f97fbcdebc23a,0abae1636d7054266dd20724c0d5e06617d9f679,providers/implementations/keymgmt/dsa_kmgmt.c,"('12964', '')",2021-02-26T10:50:30+10:00,2020-03-25T17:01:32+01:00
5af02212a5331cc30389246bb94f97fbcdebc23a,a829b735b645516041b55746e013692babd8cd31,providers/implementations/keymgmt/dsa_kmgmt.c,"('12964', '')",2021-02-26T10:50:30+10:00,2020-10-15T12:00:21+01:00
5af02212a5331cc30389246bb94f97fbcdebc23a,b03ec3b5d62ee26bf8437556b9040d4141d5bdd8,providers/implementations/keymgmt/dsa_kmgmt.c,"('12964', '')",2021-02-26T10:50:30+10:00,2020-04-15T21:02:52+10:00
5af02212a5331cc30389246bb94f97fbcdebc23a,4f2271d58a36b2aee125062ffb9626c6208fa394,providers/implementations/keymgmt/dsa_kmgmt.c,"('12964', '')",2021-02-26T10:50:30+10:00,2020-06-17T11:33:16+10:00
5af02212a5331cc30389246bb94f97fbcdebc23a,5357c10624bedaeed984ef4ff370096911ee2ddf,providers/implementations/keymgmt/dsa_kmgmt.c,"('12964', '')",2021-02-26T10:50:30+10:00,2020-10-06T09:04:19+10:00
5af02212a5331cc30389246bb94f97fbcdebc23a,8083fd3a183d4c881d6b15727cbc6cb7faeb3280,providers/implementations/signature/dsa.c,"('12964', '')",2021-02-26T10:50:30+10:00,2020-02-16T13:03:46+10:00
32ab57cbb4877ce7e6b4eb3f9b3cfbb0ff7cd10b,84b08eee4b37c6594e43568f637d3aacbfd6105a,crypto/ec/ec2_oct.c,"('12964', '')",2021-02-26T10:53:01+10:00,2011-02-14T16:52:12+00:00
32ab57cbb4877ce7e6b4eb3f9b3cfbb0ff7cd10b,0f113f3ee4d629ef9a4a30911b22b224772085e5,crypto/ec/ec2_oct.c,"('12964', '')",2021-02-26T10:53:01+10:00,2015-01-22T09:20:09+00:00
32ab57cbb4877ce7e6b4eb3f9b3cfbb0ff7cd10b,35b73a1f2069f17c6cde57ff534d5b09a5e4be02,crypto/ec/ec2_smpl.c,"('12964', '')",2021-02-26T10:53:01+10:00,2002-08-02T14:28:37+00:00
32ab57cbb4877ce7e6b4eb3f9b3cfbb0ff7cd10b,01ad66f85d22fd001582b5f2e6e18db8b820c550,crypto/ec/ec2_smpl.c,"('12964', '')",2021-02-26T10:53:01+10:00,2018-07-16T10:17:40+01:00
32ab57cbb4877ce7e6b4eb3f9b3cfbb0ff7cd10b,f45846f50036343778d7575578e7115e92a3fce1,crypto/ec/ec2_smpl.c,"('12964', '')",2021-02-26T10:53:01+10:00,2018-07-16T10:17:40+01:00
32ab57cbb4877ce7e6b4eb3f9b3cfbb0ff7cd10b,7793f30e09c104b209206608a20f2088b1b635fd,crypto/ec/ec2_smpl.c,"('12964', '')",2021-02-26T10:53:01+10:00,2002-08-02T13:42:24+00:00
32ab57cbb4877ce7e6b4eb3f9b3cfbb0ff7cd10b,9bf682f62bd819d2fbceb95eeabd61dd4532240f,crypto/ec/ec2_smpl.c,"('12964', '')",2021-02-26T10:53:01+10:00,2019-08-15T16:27:38+02:00
32ab57cbb4877ce7e6b4eb3f9b3cfbb0ff7cd10b,0f113f3ee4d629ef9a4a30911b22b224772085e5,crypto/ec/ec2_smpl.c,"('12964', '')",2021-02-26T10:53:01+10:00,2015-01-22T09:20:09+00:00
32ab57cbb4877ce7e6b4eb3f9b3cfbb0ff7cd10b,c0f39ded68ba0929698a8773e63e9806ec9e5c74,crypto/ec/ec_ameth.c,"('12964', '')",2021-02-26T10:53:01+10:00,2020-08-22T14:55:41+10:00
32ab57cbb4877ce7e6b4eb3f9b3cfbb0ff7cd10b,0abae1636d7054266dd20724c0d5e06617d9f679,crypto/ec/ec_ameth.c,"('12964', '')",2021-02-26T10:53:01+10:00,2020-03-25T17:01:32+01:00
32ab57cbb4877ce7e6b4eb3f9b3cfbb0ff7cd10b,bacaa618c26411d212015493d0eb82076a3e76a1,crypto/ec/ec_asn1.c,"('12964', '')",2021-02-26T10:53:01+10:00,2019-09-09T14:03:25+03:00
32ab57cbb4877ce7e6b4eb3f9b3cfbb0ff7cd10b,5b5eea4b60b682009d2b15587c9ceeae5e9c73f8,crypto/ec/ec_backend.c,"('12964', '')",2021-02-26T10:53:01+10:00,2021-01-26T15:22:14+01:00
32ab57cbb4877ce7e6b4eb3f9b3cfbb0ff7cd10b,b8086652650c0782bc8d63b620663e04a3c6a3a7,crypto/ec/ec_backend.c,"('12964', '')",2021-02-26T10:53:01+10:00,2020-05-26T13:53:07+10:00
32ab57cbb4877ce7e6b4eb3f9b3cfbb0ff7cd10b,ea478697927798ff2850ea94b4938bb0c76da48b,crypto/ec/ec_backend.c,"('12964', '')",2021-02-26T10:53:01+10:00,2020-09-05T15:41:29+10:00
32ab57cbb4877ce7e6b4eb3f9b3cfbb0ff7cd10b,0abae1636d7054266dd20724c0d5e06617d9f679,crypto/ec/ec_backend.c,"('12964', '')",2021-02-26T10:53:01+10:00,2020-03-25T17:01:32+01:00
32ab57cbb4877ce7e6b4eb3f9b3cfbb0ff7cd10b,c0f39ded68ba0929698a8773e63e9806ec9e5c74,crypto/ec/ec_backend.c,"('12964', '')",2021-02-26T10:53:01+10:00,2020-08-22T14:55:41+10:00
32ab57cbb4877ce7e6b4eb3f9b3cfbb0ff7cd10b,b425001010044adbdbcd98f8682694b30b73bbf4,crypto/ec/ec_backend.c,"('12964', '')",2021-02-26T10:53:01+10:00,2020-10-15T11:59:53+01:00
32ab57cbb4877ce7e6b4eb3f9b3cfbb0ff7cd10b,a9612d6c034f47c4788c67d85651d0cd58c3faf7,crypto/ec/ec_check.c,"('12964', '')",2021-02-26T10:53:01+10:00,2019-08-06T11:19:07+01:00
32ab57cbb4877ce7e6b4eb3f9b3cfbb0ff7cd10b,a9612d6c034f47c4788c67d85651d0cd58c3faf7,crypto/ec/ec_curve.c,"('12964', '')",2021-02-26T10:53:01+10:00,2019-08-06T11:19:07+01:00
32ab57cbb4877ce7e6b4eb3f9b3cfbb0ff7cd10b,d8652be06e2778e8898453a391deb7253e1a35a2,crypto/ec/ec_curve.c,"('12964', '')",2021-02-26T10:53:01+10:00,2020-10-01T09:25:20+01:00
32ab57cbb4877ce7e6b4eb3f9b3cfbb0ff7cd10b,565b33990cc03d757f493616c040addbedfc80f8,crypto/ec/ec_curve.c,"('12964', '')",2021-02-26T10:53:01+10:00,2020-12-16T11:56:38+01:00
32ab57cbb4877ce7e6b4eb3f9b3cfbb0ff7cd10b,94553e85b68af4513a8ee89cd2a0d4e044d75139,crypto/ec/ec_cvt.c,"('12964', '')",2021-02-26T10:53:01+10:00,2021-02-26T10:32:22+10:00
32ab57cbb4877ce7e6b4eb3f9b3cfbb0ff7cd10b,d8652be06e2778e8898453a391deb7253e1a35a2,crypto/ec/ec_key.c,"('12964', '')",2021-02-26T10:53:01+10:00,2020-10-01T09:25:20+01:00
32ab57cbb4877ce7e6b4eb3f9b3cfbb0ff7cd10b,2da8d4eb2812e18cec5c8324a54a4c56b52563ed,crypto/ec/ec_key.c,"('12964', '')",2021-02-26T10:53:01+10:00,2020-06-19T10:34:58+01:00
32ab57cbb4877ce7e6b4eb3f9b3cfbb0ff7cd10b,77470e989cf3c502ee00eb060b197d0241f33a22,crypto/ec/ec_key.c,"('12964', '')",2021-02-26T10:53:01+10:00,2016-03-01T22:04:25+00:00
32ab57cbb4877ce7e6b4eb3f9b3cfbb0ff7cd10b,4718326a46ad460fefc5cc240a8599af4b5993c7,crypto/ec/ec_key.c,"('12964', '')",2021-02-26T10:53:01+10:00,2021-02-22T13:31:31+10:00
32ab57cbb4877ce7e6b4eb3f9b3cfbb0ff7cd10b,25d57dc71b7b2d024588eb3831a73cb32fc069bf,crypto/ec/ec_key.c,"('12964', '')",2021-02-26T10:53:01+10:00,2016-07-25T08:20:00-04:00
32ab57cbb4877ce7e6b4eb3f9b3cfbb0ff7cd10b,a173cc9c388cbe8105f78ba5a8fdfbf20a35be1a,crypto/ec/ec_key.c,"('12964', '')",2021-02-26T10:53:01+10:00,2020-03-12T07:14:32+10:00
32ab57cbb4877ce7e6b4eb3f9b3cfbb0ff7cd10b,6963979f5c0f95b2152ef74645faa7344e33284d,crypto/ec/ec_key.c,"('12964', '')",2021-02-26T10:53:01+10:00,2020-12-17T12:02:08+01:00
32ab57cbb4877ce7e6b4eb3f9b3cfbb0ff7cd10b,47c239c6b8d6e5d66a6ceef3a2c543b6ea338759,crypto/ec/ec_key.c,"('12964', '')",2021-02-26T10:53:01+10:00,2020-03-03T14:02:36+10:00
32ab57cbb4877ce7e6b4eb3f9b3cfbb0ff7cd10b,b425001010044adbdbcd98f8682694b30b73bbf4,crypto/ec/ec_key.c,"('12964', '')",2021-02-26T10:53:01+10:00,2020-10-15T11:59:53+01:00
32ab57cbb4877ce7e6b4eb3f9b3cfbb0ff7cd10b,2da8d4eb2812e18cec5c8324a54a4c56b52563ed,crypto/ec/ec_kmeth.c,"('12964', '')",2021-02-26T10:53:01+10:00,2020-06-19T10:34:58+01:00
32ab57cbb4877ce7e6b4eb3f9b3cfbb0ff7cd10b,b425001010044adbdbcd98f8682694b30b73bbf4,crypto/ec/ec_kmeth.c,"('12964', '')",2021-02-26T10:53:01+10:00,2020-10-15T11:59:53+01:00
32ab57cbb4877ce7e6b4eb3f9b3cfbb0ff7cd10b,f667820c16a44245a4a898a568936c47a9b0ee6e,crypto/ec/ec_lib.c,"('12964', '')",2021-02-26T10:53:01+10:00,2018-06-19T11:43:59+01:00
32ab57cbb4877ce7e6b4eb3f9b3cfbb0ff7cd10b,01ad66f85d22fd001582b5f2e6e18db8b820c550,crypto/ec/ec_lib.c,"('12964', '')",2021-02-26T10:53:01+10:00,2018-07-16T10:17:40+01:00
32ab57cbb4877ce7e6b4eb3f9b3cfbb0ff7cd10b,d8652be06e2778e8898453a391deb7253e1a35a2,crypto/ec/ec_lib.c,"('12964', '')",2021-02-26T10:53:01+10:00,2020-10-01T09:25:20+01:00
32ab57cbb4877ce7e6b4eb3f9b3cfbb0ff7cd10b,2da8d4eb2812e18cec5c8324a54a4c56b52563ed,crypto/ec/ec_lib.c,"('12964', '')",2021-02-26T10:53:01+10:00,2020-06-19T10:34:58+01:00
32ab57cbb4877ce7e6b4eb3f9b3cfbb0ff7cd10b,77470e989cf3c502ee00eb060b197d0241f33a22,crypto/ec/ec_lib.c,"('12964', '')",2021-02-26T10:53:01+10:00,2016-03-01T22:04:25+00:00
32ab57cbb4877ce7e6b4eb3f9b3cfbb0ff7cd10b,9c47a3386d6733512b72f5fab43bffba6a1fe72b,crypto/ec/ec_lib.c,"('12964', '')",2021-02-26T10:53:01+10:00,2020-05-24T20:13:31+03:00
32ab57cbb4877ce7e6b4eb3f9b3cfbb0ff7cd10b,5b5eea4b60b682009d2b15587c9ceeae5e9c73f8,crypto/ec/ec_lib.c,"('12964', '')",2021-02-26T10:53:01+10:00,2021-01-26T15:22:14+01:00
32ab57cbb4877ce7e6b4eb3f9b3cfbb0ff7cd10b,c0f39ded68ba0929698a8773e63e9806ec9e5c74,crypto/ec/ec_lib.c,"('12964', '')",2021-02-26T10:53:01+10:00,2020-08-22T14:55:41+10:00
32ab57cbb4877ce7e6b4eb3f9b3cfbb0ff7cd10b,37c660ff9b22d6f0eb19a9881d3b663ca4f63449,crypto/ec/ec_lib.c,"('12964', '')",2021-02-26T10:53:01+10:00,2003-02-06T19:25:12+00:00
32ab57cbb4877ce7e6b4eb3f9b3cfbb0ff7cd10b,792546eb18c3088d7eca0c1ebeb86695bcae18d8,crypto/ec/ec_lib.c,"('12964', '')",2021-02-26T10:53:01+10:00,2018-06-21T18:08:56+01:00
32ab57cbb4877ce7e6b4eb3f9b3cfbb0ff7cd10b,b425001010044adbdbcd98f8682694b30b73bbf4,crypto/ec/ec_lib.c,"('12964', '')",2021-02-26T10:53:01+10:00,2020-10-15T11:59:53+01:00
32ab57cbb4877ce7e6b4eb3f9b3cfbb0ff7cd10b,07caec83b81859ea9aa2d5075a394aa48c4e5fae,crypto/ec/ec_lib.c,"('12964', '')",2021-02-26T10:53:01+10:00,2020-04-22T02:06:50+03:00
32ab57cbb4877ce7e6b4eb3f9b3cfbb0ff7cd10b,9d91530d2d7da1447b7be8631b269599023430e7,crypto/ec/ec_local.h,"('12964', '')",2021-02-26T10:53:01+10:00,2018-07-26T19:41:16+02:00
32ab57cbb4877ce7e6b4eb3f9b3cfbb0ff7cd10b,a9612d6c034f47c4788c67d85651d0cd58c3faf7,crypto/ec/ec_local.h,"('12964', '')",2021-02-26T10:53:01+10:00,2019-08-06T11:19:07+01:00
32ab57cbb4877ce7e6b4eb3f9b3cfbb0ff7cd10b,3e00b4c9db42818c621f609e70569c7d9ae85717,crypto/ec/ec_local.h,"('12964', '')",2021-02-26T10:53:01+10:00,2011-10-18T19:43:16+00:00
32ab57cbb4877ce7e6b4eb3f9b3cfbb0ff7cd10b,e0033efc30b0f00476bba8f0fa5512be5dc8a3f1,crypto/ec/ec_local.h,"('12964', '')",2021-02-26T10:53:01+10:00,2019-02-17T21:02:36+02:00
32ab57cbb4877ce7e6b4eb3f9b3cfbb0ff7cd10b,04daec862ced4e5e3921724b7a59c432fa9cbab3,crypto/ec/ec_local.h,"('12964', '')",2021-02-26T10:53:01+10:00,2010-08-26T14:29:55+00:00
32ab57cbb4877ce7e6b4eb3f9b3cfbb0ff7cd10b,9bf682f62bd819d2fbceb95eeabd61dd4532240f,crypto/ec/ec_local.h,"('12964', '')",2021-02-26T10:53:01+10:00,2019-08-15T16:27:38+02:00
32ab57cbb4877ce7e6b4eb3f9b3cfbb0ff7cd10b,f1f25544e04ccf917a697b188a70ada5b09fc1a3,crypto/ec/ec_local.h,"('12964', '')",2021-02-26T10:53:01+10:00,2001-03-07T09:53:41+00:00
32ab57cbb4877ce7e6b4eb3f9b3cfbb0ff7cd10b,2e0db07627d6ec226f3bdbeb3ac211dbd619f908,crypto/ec/ec_local.h,"('12964', '')",2021-02-26T10:53:01+10:00,2001-03-07T09:48:38+00:00
32ab57cbb4877ce7e6b4eb3f9b3cfbb0ff7cd10b,e2285d878d28f55bffc731a34389a2ea91de779f,crypto/ec/ec_local.h,"('12964', '')",2021-02-26T10:53:01+10:00,2016-03-02T20:48:12+00:00
32ab57cbb4877ce7e6b4eb3f9b3cfbb0ff7cd10b,58fc62296f9ed6eae19974ae8bdd47b340b1e850,crypto/ec/ec_local.h,"('12964', '')",2021-02-26T10:53:01+10:00,2001-03-07T09:29:45+00:00
32ab57cbb4877ce7e6b4eb3f9b3cfbb0ff7cd10b,0f113f3ee4d629ef9a4a30911b22b224772085e5,crypto/ec/ec_local.h,"('12964', '')",2021-02-26T10:53:01+10:00,2015-01-22T09:20:09+00:00
32ab57cbb4877ce7e6b4eb3f9b3cfbb0ff7cd10b,b425001010044adbdbcd98f8682694b30b73bbf4,crypto/ec/ec_local.h,"('12964', '')",2021-02-26T10:53:01+10:00,2020-10-15T11:59:53+01:00
32ab57cbb4877ce7e6b4eb3f9b3cfbb0ff7cd10b,35b73a1f2069f17c6cde57ff534d5b09a5e4be02,crypto/ec/ec_local.h,"('12964', '')",2021-02-26T10:53:01+10:00,2002-08-02T14:28:37+00:00
32ab57cbb4877ce7e6b4eb3f9b3cfbb0ff7cd10b,f667820c16a44245a4a898a568936c47a9b0ee6e,crypto/ec/ec_local.h,"('12964', '')",2021-02-26T10:53:01+10:00,2018-06-19T11:43:59+01:00
32ab57cbb4877ce7e6b4eb3f9b3cfbb0ff7cd10b,2da8d4eb2812e18cec5c8324a54a4c56b52563ed,crypto/ec/ec_local.h,"('12964', '')",2021-02-26T10:53:01+10:00,2020-06-19T10:34:58+01:00
32ab57cbb4877ce7e6b4eb3f9b3cfbb0ff7cd10b,01ad66f85d22fd001582b5f2e6e18db8b820c550,crypto/ec/ec_local.h,"('12964', '')",2021-02-26T10:53:01+10:00,2018-07-16T10:17:40+01:00
32ab57cbb4877ce7e6b4eb3f9b3cfbb0ff7cd10b,e869d4bd32b896a01106b5195e1f54f1dbdb529e,crypto/ec/ec_local.h,"('12964', '')",2021-02-26T10:53:01+10:00,2001-03-07T20:56:48+00:00
32ab57cbb4877ce7e6b4eb3f9b3cfbb0ff7cd10b,77470e989cf3c502ee00eb060b197d0241f33a22,crypto/ec/ec_local.h,"('12964', '')",2021-02-26T10:53:01+10:00,2016-03-01T22:04:25+00:00
32ab57cbb4877ce7e6b4eb3f9b3cfbb0ff7cd10b,48fe4d6233ac2d60745742a27f820dd88bc6689d,crypto/ec/ec_local.h,"('12964', '')",2021-02-26T10:53:01+10:00,2001-03-10T23:18:35+00:00
32ab57cbb4877ce7e6b4eb3f9b3cfbb0ff7cd10b,37c660ff9b22d6f0eb19a9881d3b663ca4f63449,crypto/ec/ec_local.h,"('12964', '')",2021-02-26T10:53:01+10:00,2003-02-06T19:25:12+00:00
32ab57cbb4877ce7e6b4eb3f9b3cfbb0ff7cd10b,1d5bd6cf71b1e4aedda0264905a9ddc64d8c1d76,crypto/ec/ec_local.h,"('12964', '')",2021-02-26T10:53:01+10:00,2001-03-08T11:16:33+00:00
32ab57cbb4877ce7e6b4eb3f9b3cfbb0ff7cd10b,25d57dc71b7b2d024588eb3831a73cb32fc069bf,crypto/ec/ec_local.h,"('12964', '')",2021-02-26T10:53:01+10:00,2016-07-25T08:20:00-04:00
32ab57cbb4877ce7e6b4eb3f9b3cfbb0ff7cd10b,7793f30e09c104b209206608a20f2088b1b635fd,crypto/ec/ec_local.h,"('12964', '')",2021-02-26T10:53:01+10:00,2002-08-02T13:42:24+00:00
32ab57cbb4877ce7e6b4eb3f9b3cfbb0ff7cd10b,17d6bb815813bab443a29cfd821d876afc9ecfef,crypto/ec/ec_local.h,"('12964', '')",2021-02-26T10:53:01+10:00,2002-03-20T10:18:07+00:00
32ab57cbb4877ce7e6b4eb3f9b3cfbb0ff7cd10b,e2c9c91b5b4b836fef2839c50eca4fe574242a7f,crypto/ec/ec_local.h,"('12964', '')",2021-02-26T10:53:01+10:00,2003-02-08T19:51:37+00:00
32ab57cbb4877ce7e6b4eb3f9b3cfbb0ff7cd10b,60428dbf0aa0dbacb2e18f7cf846af8d5ebafc82,crypto/ec/ec_local.h,"('12964', '')",2021-02-26T10:53:01+10:00,2001-03-07T19:54:35+00:00
32ab57cbb4877ce7e6b4eb3f9b3cfbb0ff7cd10b,226cc7ded421041f561215a8e3f25e48a0574d6c,crypto/ec/ec_local.h,"('12964', '')",2021-02-26T10:53:01+10:00,2001-03-08T01:23:28+00:00
32ab57cbb4877ce7e6b4eb3f9b3cfbb0ff7cd10b,3712436071c04ed831594cf47073788417d1506b,crypto/ec/ec_mult.c,"('12964', '')",2021-02-26T10:53:01+10:00,2018-07-16T10:17:40+01:00
32ab57cbb4877ce7e6b4eb3f9b3cfbb0ff7cd10b,f4675379275c304dbfa593cc573b4e4c4eb54bd4,crypto/ec/ec_mult.c,"('12964', '')",2021-02-26T10:53:01+10:00,2018-04-23T19:14:25+01:00
32ab57cbb4877ce7e6b4eb3f9b3cfbb0ff7cd10b,37c660ff9b22d6f0eb19a9881d3b663ca4f63449,crypto/ec/ec_mult.c,"('12964', '')",2021-02-26T10:53:01+10:00,2003-02-06T19:25:12+00:00
32ab57cbb4877ce7e6b4eb3f9b3cfbb0ff7cd10b,7793f30e09c104b209206608a20f2088b1b635fd,crypto/ec/ec_mult.c,"('12964', '')",2021-02-26T10:53:01+10:00,2002-08-02T13:42:24+00:00
32ab57cbb4877ce7e6b4eb3f9b3cfbb0ff7cd10b,c61ced5ec50fc68707c7cea79f7df1d170f03f13,crypto/ec/ec_mult.c,"('12964', '')",2021-02-26T10:53:01+10:00,2020-04-07T14:17:58+02:00
32ab57cbb4877ce7e6b4eb3f9b3cfbb0ff7cd10b,0f113f3ee4d629ef9a4a30911b22b224772085e5,crypto/ec/ec_mult.c,"('12964', '')",2021-02-26T10:53:01+10:00,2015-01-22T09:20:09+00:00
32ab57cbb4877ce7e6b4eb3f9b3cfbb0ff7cd10b,84b08eee4b37c6594e43568f637d3aacbfd6105a,crypto/ec/ec_oct.c,"('12964', '')",2021-02-26T10:53:01+10:00,2011-02-14T16:52:12+00:00
32ab57cbb4877ce7e6b4eb3f9b3cfbb0ff7cd10b,0f113f3ee4d629ef9a4a30911b22b224772085e5,crypto/ec/ec_oct.c,"('12964', '')",2021-02-26T10:53:01+10:00,2015-01-22T09:20:09+00:00
32ab57cbb4877ce7e6b4eb3f9b3cfbb0ff7cd10b,ffd89124bdfc9e69349492c3f15383bb35520a11,crypto/ec/ec_pmeth.c,"('12964', '')",2021-02-26T10:53:01+10:00,2018-10-17T13:22:14+03:00
32ab57cbb4877ce7e6b4eb3f9b3cfbb0ff7cd10b,5ccada09aae0cf846d3381a161d3eb20d4d9abfd,crypto/ec/ec_pmeth.c,"('12964', '')",2021-02-26T10:53:01+10:00,2020-08-07T14:29:00+10:00
32ab57cbb4877ce7e6b4eb3f9b3cfbb0ff7cd10b,19bd1fa1ef17ff0ac071402cb6b002f1c29e37b9,crypto/ec/ec_pmeth.c,"('12964', '')",2021-02-26T10:53:01+10:00,2019-09-25T15:53:53+02:00
32ab57cbb4877ce7e6b4eb3f9b3cfbb0ff7cd10b,ffd89124bdfc9e69349492c3f15383bb35520a11,crypto/ec/ecdh_kdf.c,"('12964', '')",2021-02-26T10:53:01+10:00,2018-10-17T13:22:14+03:00
32ab57cbb4877ce7e6b4eb3f9b3cfbb0ff7cd10b,5ccada09aae0cf846d3381a161d3eb20d4d9abfd,crypto/ec/ecdh_kdf.c,"('12964', '')",2021-02-26T10:53:01+10:00,2020-08-07T14:29:00+10:00
32ab57cbb4877ce7e6b4eb3f9b3cfbb0ff7cd10b,25af7a5dbc05c7359d1d7f472d50d65a9d876b7e,crypto/ec/ecdh_kdf.c,"('12964', '')",2021-02-26T10:53:01+10:00,2013-07-17T21:45:00+01:00
32ab57cbb4877ce7e6b4eb3f9b3cfbb0ff7cd10b,b425001010044adbdbcd98f8682694b30b73bbf4,crypto/ec/ecdh_kdf.c,"('12964', '')",2021-02-26T10:53:01+10:00,2020-10-15T11:59:53+01:00
32ab57cbb4877ce7e6b4eb3f9b3cfbb0ff7cd10b,e2285d878d28f55bffc731a34389a2ea91de779f,crypto/ec/ecdh_ossl.c,"('12964', '')",2021-02-26T10:53:01+10:00,2016-03-02T20:48:12+00:00
32ab57cbb4877ce7e6b4eb3f9b3cfbb0ff7cd10b,6a47db450201dd7f6418be8177a6cfe5ffde3499,crypto/ec/ecdsa_ossl.c,"('12964', '')",2021-02-26T10:53:01+10:00,2015-12-09T22:09:18+00:00
32ab57cbb4877ce7e6b4eb3f9b3cfbb0ff7cd10b,a0bee97e55132111a93033226a2b5adb8df5db26,crypto/ec/ecdsa_ossl.c,"('12964', '')",2021-02-26T10:53:01+10:00,2005-04-22T21:57:36+00:00
32ab57cbb4877ce7e6b4eb3f9b3cfbb0ff7cd10b,792546eb18c3088d7eca0c1ebeb86695bcae18d8,crypto/ec/ecdsa_ossl.c,"('12964', '')",2021-02-26T10:53:01+10:00,2018-06-21T18:08:56+01:00
32ab57cbb4877ce7e6b4eb3f9b3cfbb0ff7cd10b,9bf682f62bd819d2fbceb95eeabd61dd4532240f,crypto/ec/ecdsa_ossl.c,"('12964', '')",2021-02-26T10:53:01+10:00,2019-08-15T16:27:38+02:00
32ab57cbb4877ce7e6b4eb3f9b3cfbb0ff7cd10b,0f113f3ee4d629ef9a4a30911b22b224772085e5,crypto/ec/ecdsa_ossl.c,"('12964', '')",2021-02-26T10:53:01+10:00,2015-01-22T09:20:09+00:00
32ab57cbb4877ce7e6b4eb3f9b3cfbb0ff7cd10b,9d91530d2d7da1447b7be8631b269599023430e7,crypto/ec/ecp_mont.c,"('12964', '')",2021-02-26T10:53:01+10:00,2018-07-26T19:41:16+02:00
32ab57cbb4877ce7e6b4eb3f9b3cfbb0ff7cd10b,e0033efc30b0f00476bba8f0fa5512be5dc8a3f1,crypto/ec/ecp_mont.c,"('12964', '')",2021-02-26T10:53:01+10:00,2019-02-17T21:02:36+02:00
32ab57cbb4877ce7e6b4eb3f9b3cfbb0ff7cd10b,9bf682f62bd819d2fbceb95eeabd61dd4532240f,crypto/ec/ecp_mont.c,"('12964', '')",2021-02-26T10:53:01+10:00,2019-08-15T16:27:38+02:00
32ab57cbb4877ce7e6b4eb3f9b3cfbb0ff7cd10b,f1f25544e04ccf917a697b188a70ada5b09fc1a3,crypto/ec/ecp_mont.c,"('12964', '')",2021-02-26T10:53:01+10:00,2001-03-07T09:53:41+00:00
32ab57cbb4877ce7e6b4eb3f9b3cfbb0ff7cd10b,2e0db07627d6ec226f3bdbeb3ac211dbd619f908,crypto/ec/ecp_mont.c,"('12964', '')",2021-02-26T10:53:01+10:00,2001-03-07T09:48:38+00:00
32ab57cbb4877ce7e6b4eb3f9b3cfbb0ff7cd10b,9ff9bccc41c385ec2aa8ee2123f083b52b56b7b4,crypto/ec/ecp_mont.c,"('12964', '')",2021-02-26T10:53:01+10:00,2016-03-01T22:04:25+00:00
32ab57cbb4877ce7e6b4eb3f9b3cfbb0ff7cd10b,58fc62296f9ed6eae19974ae8bdd47b340b1e850,crypto/ec/ecp_mont.c,"('12964', '')",2021-02-26T10:53:01+10:00,2001-03-07T09:29:45+00:00
32ab57cbb4877ce7e6b4eb3f9b3cfbb0ff7cd10b,0f113f3ee4d629ef9a4a30911b22b224772085e5,crypto/ec/ecp_mont.c,"('12964', '')",2021-02-26T10:53:01+10:00,2015-01-22T09:20:09+00:00
32ab57cbb4877ce7e6b4eb3f9b3cfbb0ff7cd10b,35b73a1f2069f17c6cde57ff534d5b09a5e4be02,crypto/ec/ecp_mont.c,"('12964', '')",2021-02-26T10:53:01+10:00,2002-08-02T14:28:37+00:00
32ab57cbb4877ce7e6b4eb3f9b3cfbb0ff7cd10b,f667820c16a44245a4a898a568936c47a9b0ee6e,crypto/ec/ecp_mont.c,"('12964', '')",2021-02-26T10:53:01+10:00,2018-06-19T11:43:59+01:00
32ab57cbb4877ce7e6b4eb3f9b3cfbb0ff7cd10b,3712436071c04ed831594cf47073788417d1506b,crypto/ec/ecp_mont.c,"('12964', '')",2021-02-26T10:53:01+10:00,2018-07-16T10:17:40+01:00
32ab57cbb4877ce7e6b4eb3f9b3cfbb0ff7cd10b,48fe4d6233ac2d60745742a27f820dd88bc6689d,crypto/ec/ecp_mont.c,"('12964', '')",2021-02-26T10:53:01+10:00,2001-03-10T23:18:35+00:00
32ab57cbb4877ce7e6b4eb3f9b3cfbb0ff7cd10b,1d5bd6cf71b1e4aedda0264905a9ddc64d8c1d76,crypto/ec/ecp_mont.c,"('12964', '')",2021-02-26T10:53:01+10:00,2001-03-08T11:16:33+00:00
32ab57cbb4877ce7e6b4eb3f9b3cfbb0ff7cd10b,7793f30e09c104b209206608a20f2088b1b635fd,crypto/ec/ecp_mont.c,"('12964', '')",2021-02-26T10:53:01+10:00,2002-08-02T13:42:24+00:00
32ab57cbb4877ce7e6b4eb3f9b3cfbb0ff7cd10b,17d6bb815813bab443a29cfd821d876afc9ecfef,crypto/ec/ecp_mont.c,"('12964', '')",2021-02-26T10:53:01+10:00,2002-03-20T10:18:07+00:00
32ab57cbb4877ce7e6b4eb3f9b3cfbb0ff7cd10b,156e85578d180313c27e51d0bf186aa8650c49e1,crypto/ec/ecp_mont.c,"('12964', '')",2021-02-26T10:53:01+10:00,2001-03-08T20:55:16+00:00
32ab57cbb4877ce7e6b4eb3f9b3cfbb0ff7cd10b,46633554961a5950410ef5690093b56f1f06e752,crypto/ec/ecp_mont.c,"('12964', '')",2021-02-26T10:53:01+10:00,2002-11-18T14:33:39+00:00
32ab57cbb4877ce7e6b4eb3f9b3cfbb0ff7cd10b,60428dbf0aa0dbacb2e18f7cf846af8d5ebafc82,crypto/ec/ecp_mont.c,"('12964', '')",2021-02-26T10:53:01+10:00,2001-03-07T19:54:35+00:00
32ab57cbb4877ce7e6b4eb3f9b3cfbb0ff7cd10b,226cc7ded421041f561215a8e3f25e48a0574d6c,crypto/ec/ecp_mont.c,"('12964', '')",2021-02-26T10:53:01+10:00,2001-03-08T01:23:28+00:00
32ab57cbb4877ce7e6b4eb3f9b3cfbb0ff7cd10b,35b73a1f2069f17c6cde57ff534d5b09a5e4be02,crypto/ec/ecp_nist.c,"('12964', '')",2021-02-26T10:53:01+10:00,2002-08-02T14:28:37+00:00
32ab57cbb4877ce7e6b4eb3f9b3cfbb0ff7cd10b,f667820c16a44245a4a898a568936c47a9b0ee6e,crypto/ec/ecp_nist.c,"('12964', '')",2021-02-26T10:53:01+10:00,2018-06-19T11:43:59+01:00
32ab57cbb4877ce7e6b4eb3f9b3cfbb0ff7cd10b,9d91530d2d7da1447b7be8631b269599023430e7,crypto/ec/ecp_nist.c,"('12964', '')",2021-02-26T10:53:01+10:00,2018-07-26T19:41:16+02:00
32ab57cbb4877ce7e6b4eb3f9b3cfbb0ff7cd10b,48fe4d6233ac2d60745742a27f820dd88bc6689d,crypto/ec/ecp_nist.c,"('12964', '')",2021-02-26T10:53:01+10:00,2001-03-10T23:18:35+00:00
32ab57cbb4877ce7e6b4eb3f9b3cfbb0ff7cd10b,bd1217a1768f15366cd99175c81b5da98e7715fb,crypto/ec/ecp_nist.c,"('12964', '')",2021-02-26T10:53:01+10:00,2003-01-28T13:08:21+00:00
32ab57cbb4877ce7e6b4eb3f9b3cfbb0ff7cd10b,3712436071c04ed831594cf47073788417d1506b,crypto/ec/ecp_nist.c,"('12964', '')",2021-02-26T10:53:01+10:00,2018-07-16T10:17:40+01:00
32ab57cbb4877ce7e6b4eb3f9b3cfbb0ff7cd10b,1d5bd6cf71b1e4aedda0264905a9ddc64d8c1d76,crypto/ec/ecp_nist.c,"('12964', '')",2021-02-26T10:53:01+10:00,2001-03-08T11:16:33+00:00
32ab57cbb4877ce7e6b4eb3f9b3cfbb0ff7cd10b,7793f30e09c104b209206608a20f2088b1b635fd,crypto/ec/ecp_nist.c,"('12964', '')",2021-02-26T10:53:01+10:00,2002-08-02T13:42:24+00:00
32ab57cbb4877ce7e6b4eb3f9b3cfbb0ff7cd10b,17d6bb815813bab443a29cfd821d876afc9ecfef,crypto/ec/ecp_nist.c,"('12964', '')",2021-02-26T10:53:01+10:00,2002-03-20T10:18:07+00:00
32ab57cbb4877ce7e6b4eb3f9b3cfbb0ff7cd10b,9ff9bccc41c385ec2aa8ee2123f083b52b56b7b4,crypto/ec/ecp_nist.c,"('12964', '')",2021-02-26T10:53:01+10:00,2016-03-01T22:04:25+00:00
32ab57cbb4877ce7e6b4eb3f9b3cfbb0ff7cd10b,a2dbcf3644b0e2cd9baeed6c629bbbdfb97ca7d5,crypto/ec/ecp_nist.c,"('12964', '')",2021-02-26T10:53:01+10:00,2002-11-18T14:37:35+00:00
32ab57cbb4877ce7e6b4eb3f9b3cfbb0ff7cd10b,e0033efc30b0f00476bba8f0fa5512be5dc8a3f1,crypto/ec/ecp_nist.c,"('12964', '')",2021-02-26T10:53:01+10:00,2019-02-17T21:02:36+02:00
32ab57cbb4877ce7e6b4eb3f9b3cfbb0ff7cd10b,e2c9c91b5b4b836fef2839c50eca4fe574242a7f,crypto/ec/ecp_nist.c,"('12964', '')",2021-02-26T10:53:01+10:00,2003-02-08T19:51:37+00:00
32ab57cbb4877ce7e6b4eb3f9b3cfbb0ff7cd10b,58fc62296f9ed6eae19974ae8bdd47b340b1e850,crypto/ec/ecp_nist.c,"('12964', '')",2021-02-26T10:53:01+10:00,2001-03-07T09:29:45+00:00
32ab57cbb4877ce7e6b4eb3f9b3cfbb0ff7cd10b,60428dbf0aa0dbacb2e18f7cf846af8d5ebafc82,crypto/ec/ecp_nist.c,"('12964', '')",2021-02-26T10:53:01+10:00,2001-03-07T19:54:35+00:00
32ab57cbb4877ce7e6b4eb3f9b3cfbb0ff7cd10b,226cc7ded421041f561215a8e3f25e48a0574d6c,crypto/ec/ecp_nist.c,"('12964', '')",2021-02-26T10:53:01+10:00,2001-03-08T01:23:28+00:00
32ab57cbb4877ce7e6b4eb3f9b3cfbb0ff7cd10b,9bf682f62bd819d2fbceb95eeabd61dd4532240f,crypto/ec/ecp_nist.c,"('12964', '')",2021-02-26T10:53:01+10:00,2019-08-15T16:27:38+02:00
32ab57cbb4877ce7e6b4eb3f9b3cfbb0ff7cd10b,5c6bf03117a26942327f43d02e9113e9870f7aba,crypto/ec/ecp_nist.c,"('12964', '')",2021-02-26T10:53:01+10:00,2002-10-28T13:23:24+00:00
32ab57cbb4877ce7e6b4eb3f9b3cfbb0ff7cd10b,653b883b97f72a15d35d21246696881aa65311e2,crypto/ec/ecp_nistp224.c,"('12964', '')",2021-02-26T10:53:01+10:00,2019-08-16T12:58:14+02:00
32ab57cbb4877ce7e6b4eb3f9b3cfbb0ff7cd10b,9ff9bccc41c385ec2aa8ee2123f083b52b56b7b4,crypto/ec/ecp_nistp224.c,"('12964', '')",2021-02-26T10:53:01+10:00,2016-03-01T22:04:25+00:00
32ab57cbb4877ce7e6b4eb3f9b3cfbb0ff7cd10b,e0033efc30b0f00476bba8f0fa5512be5dc8a3f1,crypto/ec/ecp_nistp224.c,"('12964', '')",2021-02-26T10:53:01+10:00,2019-02-17T21:02:36+02:00
32ab57cbb4877ce7e6b4eb3f9b3cfbb0ff7cd10b,04daec862ced4e5e3921724b7a59c432fa9cbab3,crypto/ec/ecp_nistp224.c,"('12964', '')",2021-02-26T10:53:01+10:00,2010-08-26T14:29:55+00:00
32ab57cbb4877ce7e6b4eb3f9b3cfbb0ff7cd10b,3e00b4c9db42818c621f609e70569c7d9ae85717,crypto/ec/ecp_nistp224.c,"('12964', '')",2021-02-26T10:53:01+10:00,2011-10-18T19:43:16+00:00
32ab57cbb4877ce7e6b4eb3f9b3cfbb0ff7cd10b,9bf682f62bd819d2fbceb95eeabd61dd4532240f,crypto/ec/ecp_nistp224.c,"('12964', '')",2021-02-26T10:53:01+10:00,2019-08-15T16:27:38+02:00
32ab57cbb4877ce7e6b4eb3f9b3cfbb0ff7cd10b,0f113f3ee4d629ef9a4a30911b22b224772085e5,crypto/ec/ecp_nistp224.c,"('12964', '')",2021-02-26T10:53:01+10:00,2015-01-22T09:20:09+00:00
32ab57cbb4877ce7e6b4eb3f9b3cfbb0ff7cd10b,07caec83b81859ea9aa2d5075a394aa48c4e5fae,crypto/ec/ecp_nistp224.c,"('12964', '')",2021-02-26T10:53:01+10:00,2020-04-22T02:06:50+03:00
32ab57cbb4877ce7e6b4eb3f9b3cfbb0ff7cd10b,3712436071c04ed831594cf47073788417d1506b,crypto/ec/ecp_nistp256.c,"('12964', '')",2021-02-26T10:53:01+10:00,2018-07-16T10:17:40+01:00
32ab57cbb4877ce7e6b4eb3f9b3cfbb0ff7cd10b,3e00b4c9db42818c621f609e70569c7d9ae85717,crypto/ec/ecp_nistp256.c,"('12964', '')",2021-02-26T10:53:01+10:00,2011-10-18T19:43:16+00:00
32ab57cbb4877ce7e6b4eb3f9b3cfbb0ff7cd10b,e0033efc30b0f00476bba8f0fa5512be5dc8a3f1,crypto/ec/ecp_nistp256.c,"('12964', '')",2021-02-26T10:53:01+10:00,2019-02-17T21:02:36+02:00
32ab57cbb4877ce7e6b4eb3f9b3cfbb0ff7cd10b,9ff9bccc41c385ec2aa8ee2123f083b52b56b7b4,crypto/ec/ecp_nistp256.c,"('12964', '')",2021-02-26T10:53:01+10:00,2016-03-01T22:04:25+00:00
32ab57cbb4877ce7e6b4eb3f9b3cfbb0ff7cd10b,9bf682f62bd819d2fbceb95eeabd61dd4532240f,crypto/ec/ecp_nistp256.c,"('12964', '')",2021-02-26T10:53:01+10:00,2019-08-15T16:27:38+02:00
32ab57cbb4877ce7e6b4eb3f9b3cfbb0ff7cd10b,0f113f3ee4d629ef9a4a30911b22b224772085e5,crypto/ec/ecp_nistp256.c,"('12964', '')",2021-02-26T10:53:01+10:00,2015-01-22T09:20:09+00:00
32ab57cbb4877ce7e6b4eb3f9b3cfbb0ff7cd10b,07caec83b81859ea9aa2d5075a394aa48c4e5fae,crypto/ec/ecp_nistp256.c,"('12964', '')",2021-02-26T10:53:01+10:00,2020-04-22T02:06:50+03:00
32ab57cbb4877ce7e6b4eb3f9b3cfbb0ff7cd10b,f667820c16a44245a4a898a568936c47a9b0ee6e,crypto/ec/ecp_nistp521.c,"('12964', '')",2021-02-26T10:53:01+10:00,2018-06-19T11:43:59+01:00
32ab57cbb4877ce7e6b4eb3f9b3cfbb0ff7cd10b,3e00b4c9db42818c621f609e70569c7d9ae85717,crypto/ec/ecp_nistp521.c,"('12964', '')",2021-02-26T10:53:01+10:00,2011-10-18T19:43:16+00:00
32ab57cbb4877ce7e6b4eb3f9b3cfbb0ff7cd10b,e0033efc30b0f00476bba8f0fa5512be5dc8a3f1,crypto/ec/ecp_nistp521.c,"('12964', '')",2021-02-26T10:53:01+10:00,2019-02-17T21:02:36+02:00
32ab57cbb4877ce7e6b4eb3f9b3cfbb0ff7cd10b,9ff9bccc41c385ec2aa8ee2123f083b52b56b7b4,crypto/ec/ecp_nistp521.c,"('12964', '')",2021-02-26T10:53:01+10:00,2016-03-01T22:04:25+00:00
32ab57cbb4877ce7e6b4eb3f9b3cfbb0ff7cd10b,9bf682f62bd819d2fbceb95eeabd61dd4532240f,crypto/ec/ecp_nistp521.c,"('12964', '')",2021-02-26T10:53:01+10:00,2019-08-15T16:27:38+02:00
32ab57cbb4877ce7e6b4eb3f9b3cfbb0ff7cd10b,0f113f3ee4d629ef9a4a30911b22b224772085e5,crypto/ec/ecp_nistp521.c,"('12964', '')",2021-02-26T10:53:01+10:00,2015-01-22T09:20:09+00:00
32ab57cbb4877ce7e6b4eb3f9b3cfbb0ff7cd10b,07caec83b81859ea9aa2d5075a394aa48c4e5fae,crypto/ec/ecp_nistp521.c,"('12964', '')",2021-02-26T10:53:01+10:00,2020-04-22T02:06:50+03:00
32ab57cbb4877ce7e6b4eb3f9b3cfbb0ff7cd10b,3e00b4c9db42818c621f609e70569c7d9ae85717,crypto/ec/ecp_nistputil.c,"('12964', '')",2021-02-26T10:53:01+10:00,2011-10-18T19:43:16+00:00
32ab57cbb4877ce7e6b4eb3f9b3cfbb0ff7cd10b,0f113f3ee4d629ef9a4a30911b22b224772085e5,crypto/ec/ecp_nistputil.c,"('12964', '')",2021-02-26T10:53:01+10:00,2015-01-22T09:20:09+00:00
32ab57cbb4877ce7e6b4eb3f9b3cfbb0ff7cd10b,4d3fa06fce52682bfbc503c7ded2d0289e3f8cde,crypto/ec/ecp_nistz256.c,"('12964', '')",2021-02-26T10:53:01+10:00,2014-09-12T00:37:41+02:00
32ab57cbb4877ce7e6b4eb3f9b3cfbb0ff7cd10b,9ff9bccc41c385ec2aa8ee2123f083b52b56b7b4,crypto/ec/ecp_nistz256.c,"('12964', '')",2021-02-26T10:53:01+10:00,2016-03-01T22:04:25+00:00
32ab57cbb4877ce7e6b4eb3f9b3cfbb0ff7cd10b,e0033efc30b0f00476bba8f0fa5512be5dc8a3f1,crypto/ec/ecp_nistz256.c,"('12964', '')",2021-02-26T10:53:01+10:00,2019-02-17T21:02:36+02:00
32ab57cbb4877ce7e6b4eb3f9b3cfbb0ff7cd10b,eb7916960bf50f436593abe3d5f2e0592d291017,crypto/ec/ecp_nistz256.c,"('12964', '')",2021-02-26T10:53:01+10:00,2018-01-07T21:31:37+01:00
32ab57cbb4877ce7e6b4eb3f9b3cfbb0ff7cd10b,9bf682f62bd819d2fbceb95eeabd61dd4532240f,crypto/ec/ecp_nistz256.c,"('12964', '')",2021-02-26T10:53:01+10:00,2019-08-15T16:27:38+02:00
32ab57cbb4877ce7e6b4eb3f9b3cfbb0ff7cd10b,84b08eee4b37c6594e43568f637d3aacbfd6105a,crypto/ec/ecp_oct.c,"('12964', '')",2021-02-26T10:53:01+10:00,2011-02-14T16:52:12+00:00
32ab57cbb4877ce7e6b4eb3f9b3cfbb0ff7cd10b,0f113f3ee4d629ef9a4a30911b22b224772085e5,crypto/ec/ecp_oct.c,"('12964', '')",2021-02-26T10:53:01+10:00,2015-01-22T09:20:09+00:00
32ab57cbb4877ce7e6b4eb3f9b3cfbb0ff7cd10b,1461e66706f24da657d7322706d1165ae515533f,crypto/ec/ecp_s390x_nistp.c,"('12964', '')",2021-02-26T10:53:01+10:00,2019-08-15T16:27:38+02:00
32ab57cbb4877ce7e6b4eb3f9b3cfbb0ff7cd10b,9bf682f62bd819d2fbceb95eeabd61dd4532240f,crypto/ec/ecp_s390x_nistp.c,"('12964', '')",2021-02-26T10:53:01+10:00,2019-08-15T16:27:38+02:00
32ab57cbb4877ce7e6b4eb3f9b3cfbb0ff7cd10b,58c35587eacba090414522a6506cb86f2d0e91af,crypto/ec/ecp_s390x_nistp.c,"('12964', '')",2021-02-26T10:53:01+10:00,2019-08-15T16:27:38+02:00
32ab57cbb4877ce7e6b4eb3f9b3cfbb0ff7cd10b,35b73a1f2069f17c6cde57ff534d5b09a5e4be02,crypto/ec/ecp_smpl.c,"('12964', '')",2021-02-26T10:53:01+10:00,2002-08-02T14:28:37+00:00
32ab57cbb4877ce7e6b4eb3f9b3cfbb0ff7cd10b,f667820c16a44245a4a898a568936c47a9b0ee6e,crypto/ec/ecp_smpl.c,"('12964', '')",2021-02-26T10:53:01+10:00,2018-06-19T11:43:59+01:00
32ab57cbb4877ce7e6b4eb3f9b3cfbb0ff7cd10b,9d91530d2d7da1447b7be8631b269599023430e7,crypto/ec/ecp_smpl.c,"('12964', '')",2021-02-26T10:53:01+10:00,2018-07-26T19:41:16+02:00
32ab57cbb4877ce7e6b4eb3f9b3cfbb0ff7cd10b,48fe4d6233ac2d60745742a27f820dd88bc6689d,crypto/ec/ecp_smpl.c,"('12964', '')",2021-02-26T10:53:01+10:00,2001-03-10T23:18:35+00:00
32ab57cbb4877ce7e6b4eb3f9b3cfbb0ff7cd10b,3712436071c04ed831594cf47073788417d1506b,crypto/ec/ecp_smpl.c,"('12964', '')",2021-02-26T10:53:01+10:00,2018-07-16T10:17:40+01:00
32ab57cbb4877ce7e6b4eb3f9b3cfbb0ff7cd10b,1d5bd6cf71b1e4aedda0264905a9ddc64d8c1d76,crypto/ec/ecp_smpl.c,"('12964', '')",2021-02-26T10:53:01+10:00,2001-03-08T11:16:33+00:00
32ab57cbb4877ce7e6b4eb3f9b3cfbb0ff7cd10b,7793f30e09c104b209206608a20f2088b1b635fd,crypto/ec/ecp_smpl.c,"('12964', '')",2021-02-26T10:53:01+10:00,2002-08-02T13:42:24+00:00
32ab57cbb4877ce7e6b4eb3f9b3cfbb0ff7cd10b,17d6bb815813bab443a29cfd821d876afc9ecfef,crypto/ec/ecp_smpl.c,"('12964', '')",2021-02-26T10:53:01+10:00,2002-03-20T10:18:07+00:00
32ab57cbb4877ce7e6b4eb3f9b3cfbb0ff7cd10b,9ff9bccc41c385ec2aa8ee2123f083b52b56b7b4,crypto/ec/ecp_smpl.c,"('12964', '')",2021-02-26T10:53:01+10:00,2016-03-01T22:04:25+00:00
32ab57cbb4877ce7e6b4eb3f9b3cfbb0ff7cd10b,e0033efc30b0f00476bba8f0fa5512be5dc8a3f1,crypto/ec/ecp_smpl.c,"('12964', '')",2021-02-26T10:53:01+10:00,2019-02-17T21:02:36+02:00
32ab57cbb4877ce7e6b4eb3f9b3cfbb0ff7cd10b,bb62a8b0c57c88ec189389f07250dee9c87d0681,crypto/ec/ecp_smpl.c,"('12964', '')",2021-02-26T10:53:01+10:00,2001-03-08T19:14:52+00:00
32ab57cbb4877ce7e6b4eb3f9b3cfbb0ff7cd10b,58fc62296f9ed6eae19974ae8bdd47b340b1e850,crypto/ec/ecp_smpl.c,"('12964', '')",2021-02-26T10:53:01+10:00,2001-03-07T09:29:45+00:00
32ab57cbb4877ce7e6b4eb3f9b3cfbb0ff7cd10b,60428dbf0aa0dbacb2e18f7cf846af8d5ebafc82,crypto/ec/ecp_smpl.c,"('12964', '')",2021-02-26T10:53:01+10:00,2001-03-07T19:54:35+00:00
32ab57cbb4877ce7e6b4eb3f9b3cfbb0ff7cd10b,226cc7ded421041f561215a8e3f25e48a0574d6c,crypto/ec/ecp_smpl.c,"('12964', '')",2021-02-26T10:53:01+10:00,2001-03-08T01:23:28+00:00
32ab57cbb4877ce7e6b4eb3f9b3cfbb0ff7cd10b,9bf682f62bd819d2fbceb95eeabd61dd4532240f,crypto/ec/ecp_smpl.c,"('12964', '')",2021-02-26T10:53:01+10:00,2019-08-15T16:27:38+02:00
32ab57cbb4877ce7e6b4eb3f9b3cfbb0ff7cd10b,0f113f3ee4d629ef9a4a30911b22b224772085e5,crypto/ec/ecp_smpl.c,"('12964', '')",2021-02-26T10:53:01+10:00,2015-01-22T09:20:09+00:00
32ab57cbb4877ce7e6b4eb3f9b3cfbb0ff7cd10b,969024b4580172b1cd836550e227d64515c628bc,crypto/ec/ecx_backend.c,"('12964', '')",2021-02-26T10:53:01+10:00,2020-05-04T09:30:55+01:00
32ab57cbb4877ce7e6b4eb3f9b3cfbb0ff7cd10b,0abae1636d7054266dd20724c0d5e06617d9f679,crypto/ec/ecx_backend.c,"('12964', '')",2021-02-26T10:53:01+10:00,2020-03-25T17:01:32+01:00
32ab57cbb4877ce7e6b4eb3f9b3cfbb0ff7cd10b,8dbef010e7e6ecc07a9c8142cf26c8768fd55dc2,crypto/ec/ecx_key.c,"('12964', '')",2021-02-26T10:53:01+10:00,2020-09-23T17:31:40+10:00
32ab57cbb4877ce7e6b4eb3f9b3cfbb0ff7cd10b,6963979f5c0f95b2152ef74645faa7344e33284d,crypto/ec/ecx_key.c,"('12964', '')",2021-02-26T10:53:01+10:00,2020-12-17T12:02:08+01:00
32ab57cbb4877ce7e6b4eb3f9b3cfbb0ff7cd10b,4de88fe6daad0b7bd65b20bc887ff1ac62ae2ce8,crypto/ec/ecx_key.c,"('12964', '')",2021-02-26T10:53:01+10:00,2020-02-11T22:32:47+00:00
32ab57cbb4877ce7e6b4eb3f9b3cfbb0ff7cd10b,b425001010044adbdbcd98f8682694b30b73bbf4,crypto/ec/ecx_key.c,"('12964', '')",2021-02-26T10:53:01+10:00,2020-10-15T11:59:53+01:00
32ab57cbb4877ce7e6b4eb3f9b3cfbb0ff7cd10b,969024b4580172b1cd836550e227d64515c628bc,crypto/ec/ecx_meth.c,"('12964', '')",2021-02-26T10:53:01+10:00,2020-05-04T09:30:55+01:00
32ab57cbb4877ce7e6b4eb3f9b3cfbb0ff7cd10b,19bd1fa1ef17ff0ac071402cb6b002f1c29e37b9,crypto/ec/ecx_meth.c,"('12964', '')",2021-02-26T10:53:01+10:00,2019-09-25T15:53:53+02:00
32ab57cbb4877ce7e6b4eb3f9b3cfbb0ff7cd10b,8dbef010e7e6ecc07a9c8142cf26c8768fd55dc2,crypto/ec/ecx_meth.c,"('12964', '')",2021-02-26T10:53:01+10:00,2020-09-23T17:31:40+10:00
32ab57cbb4877ce7e6b4eb3f9b3cfbb0ff7cd10b,4de88fe6daad0b7bd65b20bc887ff1ac62ae2ce8,crypto/ec/ecx_meth.c,"('12964', '')",2021-02-26T10:53:01+10:00,2020-02-11T22:32:47+00:00
32ab57cbb4877ce7e6b4eb3f9b3cfbb0ff7cd10b,0abae1636d7054266dd20724c0d5e06617d9f679,crypto/ec/ecx_meth.c,"('12964', '')",2021-02-26T10:53:01+10:00,2020-03-25T17:01:32+01:00
32ab57cbb4877ce7e6b4eb3f9b3cfbb0ff7cd10b,9a1c4e41e8d3fd8fe9d1bd8eeb8b1e1df21da37f,crypto/evp/ctrl_params_translate.c,"('12964', '')",2021-02-26T10:53:01+10:00,2021-02-23T13:41:48+01:00
32ab57cbb4877ce7e6b4eb3f9b3cfbb0ff7cd10b,565b33990cc03d757f493616c040addbedfc80f8,crypto/evp/ec_support.c,"('12964', '')",2021-02-26T10:53:01+10:00,2020-12-16T11:56:38+01:00
32ab57cbb4877ce7e6b4eb3f9b3cfbb0ff7cd10b,25b16562d386bfd30c7059366d09864260d9f271,crypto/evp/p_lib.c,"('12964', '')",2021-02-26T10:53:01+10:00,2020-09-25T12:12:22+10:00
32ab57cbb4877ce7e6b4eb3f9b3cfbb0ff7cd10b,7c664b1f1b5f60bf896f5fdea5c08c401c541dfe,crypto/evp/p_lib.c,"('12964', '')",2021-02-26T10:53:01+10:00,2020-08-01T11:51:19+10:00
32ab57cbb4877ce7e6b4eb3f9b3cfbb0ff7cd10b,19dbb742cdf68d8ada6338a025491a3b46b9ebe1,crypto/evp/pmeth_lib.c,"('12964', '')",2021-02-26T10:53:01+10:00,2021-02-26T10:50:30+10:00
32ab57cbb4877ce7e6b4eb3f9b3cfbb0ff7cd10b,19bd1fa1ef17ff0ac071402cb6b002f1c29e37b9,crypto/evp/pmeth_lib.c,"('12964', '')",2021-02-26T10:53:01+10:00,2019-09-25T15:53:53+02:00
32ab57cbb4877ce7e6b4eb3f9b3cfbb0ff7cd10b,2167239abaec5fa44072fa1194505af0b3fced89,crypto/sm2/sm2_crypt.c,"('12964', '')",2021-02-26T10:53:01+10:00,2018-06-04T11:59:56+01:00
32ab57cbb4877ce7e6b4eb3f9b3cfbb0ff7cd10b,e14d6cf691c9d8ad49df280b580b6836a67c6a19,crypto/sm2/sm2_crypt.c,"('12964', '')",2021-02-26T10:53:01+10:00,2018-06-04T11:59:56+01:00
32ab57cbb4877ce7e6b4eb3f9b3cfbb0ff7cd10b,ffd89124bdfc9e69349492c3f15383bb35520a11,crypto/sm2/sm2_crypt.c,"('12964', '')",2021-02-26T10:53:01+10:00,2018-10-17T13:22:14+03:00
32ab57cbb4877ce7e6b4eb3f9b3cfbb0ff7cd10b,3d328a445c2ad0eff2e9e843c384711be58a7c2f,crypto/sm2/sm2_crypt.c,"('12964', '')",2021-02-26T10:53:01+10:00,2018-03-19T14:33:25+01:00
32ab57cbb4877ce7e6b4eb3f9b3cfbb0ff7cd10b,5ccada09aae0cf846d3381a161d3eb20d4d9abfd,crypto/sm2/sm2_crypt.c,"('12964', '')",2021-02-26T10:53:01+10:00,2020-08-07T14:29:00+10:00
32ab57cbb4877ce7e6b4eb3f9b3cfbb0ff7cd10b,b425001010044adbdbcd98f8682694b30b73bbf4,crypto/sm2/sm2_crypt.c,"('12964', '')",2021-02-26T10:53:01+10:00,2020-10-15T11:59:53+01:00
32ab57cbb4877ce7e6b4eb3f9b3cfbb0ff7cd10b,9e49aff2aaac4c42ea6c4078266947c75761276b,crypto/sm2/sm2_key.c,"('12964', '')",2021-02-26T10:53:01+10:00,2021-01-08T23:59:02+02:00
32ab57cbb4877ce7e6b4eb3f9b3cfbb0ff7cd10b,2167239abaec5fa44072fa1194505af0b3fced89,crypto/sm2/sm2_sign.c,"('12964', '')",2021-02-26T10:53:01+10:00,2018-06-04T11:59:56+01:00
32ab57cbb4877ce7e6b4eb3f9b3cfbb0ff7cd10b,00433bad41bfa492f2e204675d42061314028ff2,crypto/sm2/sm2_sign.c,"('12964', '')",2021-02-26T10:53:01+10:00,2018-09-07T18:12:26+08:00
32ab57cbb4877ce7e6b4eb3f9b3cfbb0ff7cd10b,469c2c4a455007ca3465b64e88a1dcfc864e3f0e,crypto/sm2/sm2_sign.c,"('12964', '')",2021-02-26T10:53:01+10:00,2018-06-25T16:40:51+02:00
32ab57cbb4877ce7e6b4eb3f9b3cfbb0ff7cd10b,d0b79f8631c0f522c514175be4e4fbe984cf8f6c,crypto/sm2/sm2_sign.c,"('12964', '')",2021-02-26T10:53:01+10:00,2020-09-22T08:18:09+01:00
32ab57cbb4877ce7e6b4eb3f9b3cfbb0ff7cd10b,3d328a445c2ad0eff2e9e843c384711be58a7c2f,crypto/sm2/sm2_sign.c,"('12964', '')",2021-02-26T10:53:01+10:00,2018-03-19T14:33:25+01:00
32ab57cbb4877ce7e6b4eb3f9b3cfbb0ff7cd10b,5bd0abe7a2f76d8c80f566ae615c10113884d843,crypto/sm2/sm2_sign.c,"('12964', '')",2021-02-26T10:53:01+10:00,2018-09-07T18:12:26+08:00
32ab57cbb4877ce7e6b4eb3f9b3cfbb0ff7cd10b,4803717f5e3bcfba3e3442e1611f421bf1090a47,crypto/sm2/sm2_sign.c,"('12964', '')",2021-02-26T10:53:01+10:00,2018-09-07T18:12:26+08:00
32ab57cbb4877ce7e6b4eb3f9b3cfbb0ff7cd10b,5ccada09aae0cf846d3381a161d3eb20d4d9abfd,crypto/sm2/sm2_sign.c,"('12964', '')",2021-02-26T10:53:01+10:00,2020-08-07T14:29:00+10:00
32ab57cbb4877ce7e6b4eb3f9b3cfbb0ff7cd10b,b425001010044adbdbcd98f8682694b30b73bbf4,crypto/sm2/sm2_sign.c,"('12964', '')",2021-02-26T10:53:01+10:00,2020-10-15T11:59:53+01:00
32ab57cbb4877ce7e6b4eb3f9b3cfbb0ff7cd10b,ffd89124bdfc9e69349492c3f15383bb35520a11,include/crypto/ec.h,"('12964', '')",2021-02-26T10:53:01+10:00,2018-10-17T13:22:14+03:00
32ab57cbb4877ce7e6b4eb3f9b3cfbb0ff7cd10b,2da8d4eb2812e18cec5c8324a54a4c56b52563ed,include/crypto/ec.h,"('12964', '')",2021-02-26T10:53:01+10:00,2020-06-19T10:34:58+01:00
32ab57cbb4877ce7e6b4eb3f9b3cfbb0ff7cd10b,5b5eea4b60b682009d2b15587c9ceeae5e9c73f8,include/crypto/ec.h,"('12964', '')",2021-02-26T10:53:01+10:00,2021-01-26T15:22:14+01:00
32ab57cbb4877ce7e6b4eb3f9b3cfbb0ff7cd10b,b8086652650c0782bc8d63b620663e04a3c6a3a7,include/crypto/ec.h,"('12964', '')",2021-02-26T10:53:01+10:00,2020-05-26T13:53:07+10:00
32ab57cbb4877ce7e6b4eb3f9b3cfbb0ff7cd10b,4718326a46ad460fefc5cc240a8599af4b5993c7,include/crypto/ec.h,"('12964', '')",2021-02-26T10:53:01+10:00,2021-02-22T13:31:31+10:00
32ab57cbb4877ce7e6b4eb3f9b3cfbb0ff7cd10b,565b33990cc03d757f493616c040addbedfc80f8,include/crypto/ec.h,"('12964', '')",2021-02-26T10:53:01+10:00,2020-12-16T11:56:38+01:00
32ab57cbb4877ce7e6b4eb3f9b3cfbb0ff7cd10b,a173cc9c388cbe8105f78ba5a8fdfbf20a35be1a,include/crypto/ec.h,"('12964', '')",2021-02-26T10:53:01+10:00,2020-03-12T07:14:32+10:00
32ab57cbb4877ce7e6b4eb3f9b3cfbb0ff7cd10b,6963979f5c0f95b2152ef74645faa7344e33284d,include/crypto/ec.h,"('12964', '')",2021-02-26T10:53:01+10:00,2020-12-17T12:02:08+01:00
32ab57cbb4877ce7e6b4eb3f9b3cfbb0ff7cd10b,0abae1636d7054266dd20724c0d5e06617d9f679,include/crypto/ec.h,"('12964', '')",2021-02-26T10:53:01+10:00,2020-03-25T17:01:32+01:00
32ab57cbb4877ce7e6b4eb3f9b3cfbb0ff7cd10b,5a2124620cb2893b2d5c40be75579cd9c35c839c,include/crypto/ec.h,"('12964', '')",2021-02-26T10:53:01+10:00,2018-06-25T16:40:00+02:00
32ab57cbb4877ce7e6b4eb3f9b3cfbb0ff7cd10b,c0f39ded68ba0929698a8773e63e9806ec9e5c74,include/crypto/ec.h,"('12964', '')",2021-02-26T10:53:01+10:00,2020-08-22T14:55:41+10:00
32ab57cbb4877ce7e6b4eb3f9b3cfbb0ff7cd10b,b425001010044adbdbcd98f8682694b30b73bbf4,include/crypto/ec.h,"('12964', '')",2021-02-26T10:53:01+10:00,2020-10-15T11:59:53+01:00
32ab57cbb4877ce7e6b4eb3f9b3cfbb0ff7cd10b,25b16562d386bfd30c7059366d09864260d9f271,include/crypto/ecx.h,"('12964', '')",2021-02-26T10:53:01+10:00,2020-09-25T12:12:22+10:00
32ab57cbb4877ce7e6b4eb3f9b3cfbb0ff7cd10b,969024b4580172b1cd836550e227d64515c628bc,include/crypto/ecx.h,"('12964', '')",2021-02-26T10:53:01+10:00,2020-05-04T09:30:55+01:00
32ab57cbb4877ce7e6b4eb3f9b3cfbb0ff7cd10b,6963979f5c0f95b2152ef74645faa7344e33284d,include/crypto/ecx.h,"('12964', '')",2021-02-26T10:53:01+10:00,2020-12-17T12:02:08+01:00
32ab57cbb4877ce7e6b4eb3f9b3cfbb0ff7cd10b,0abae1636d7054266dd20724c0d5e06617d9f679,include/crypto/ecx.h,"('12964', '')",2021-02-26T10:53:01+10:00,2020-03-25T17:01:32+01:00
32ab57cbb4877ce7e6b4eb3f9b3cfbb0ff7cd10b,43cd37014ef4433ae8e82ba64bddc42cf0bd618a,include/crypto/ecx.h,"('12964', '')",2021-02-26T10:53:01+10:00,2020-04-17T19:51:37+10:00
32ab57cbb4877ce7e6b4eb3f9b3cfbb0ff7cd10b,8dbef010e7e6ecc07a9c8142cf26c8768fd55dc2,include/crypto/ecx.h,"('12964', '')",2021-02-26T10:53:01+10:00,2020-09-23T17:31:40+10:00
32ab57cbb4877ce7e6b4eb3f9b3cfbb0ff7cd10b,4de88fe6daad0b7bd65b20bc887ff1ac62ae2ce8,include/crypto/ecx.h,"('12964', '')",2021-02-26T10:53:01+10:00,2020-02-11T22:32:47+00:00
32ab57cbb4877ce7e6b4eb3f9b3cfbb0ff7cd10b,b425001010044adbdbcd98f8682694b30b73bbf4,include/crypto/ecx.h,"('12964', '')",2021-02-26T10:53:01+10:00,2020-10-15T11:59:53+01:00
32ab57cbb4877ce7e6b4eb3f9b3cfbb0ff7cd10b,19bd1fa1ef17ff0ac071402cb6b002f1c29e37b9,include/crypto/evp.h,"('12964', '')",2021-02-26T10:53:01+10:00,2019-09-25T15:53:53+02:00
32ab57cbb4877ce7e6b4eb3f9b3cfbb0ff7cd10b,2167239abaec5fa44072fa1194505af0b3fced89,include/crypto/sm2.h,"('12964', '')",2021-02-26T10:53:01+10:00,2018-06-04T11:59:56+01:00
32ab57cbb4877ce7e6b4eb3f9b3cfbb0ff7cd10b,e14d6cf691c9d8ad49df280b580b6836a67c6a19,include/crypto/sm2.h,"('12964', '')",2021-02-26T10:53:01+10:00,2018-06-04T11:59:56+01:00
32ab57cbb4877ce7e6b4eb3f9b3cfbb0ff7cd10b,00433bad41bfa492f2e204675d42061314028ff2,include/crypto/sm2.h,"('12964', '')",2021-02-26T10:53:01+10:00,2018-09-07T18:12:26+08:00
32ab57cbb4877ce7e6b4eb3f9b3cfbb0ff7cd10b,d0b79f8631c0f522c514175be4e4fbe984cf8f6c,include/crypto/sm2.h,"('12964', '')",2021-02-26T10:53:01+10:00,2020-09-22T08:18:09+01:00
32ab57cbb4877ce7e6b4eb3f9b3cfbb0ff7cd10b,9e49aff2aaac4c42ea6c4078266947c75761276b,include/crypto/sm2.h,"('12964', '')",2021-02-26T10:53:01+10:00,2021-01-08T23:59:02+02:00
32ab57cbb4877ce7e6b4eb3f9b3cfbb0ff7cd10b,3d328a445c2ad0eff2e9e843c384711be58a7c2f,include/crypto/sm2.h,"('12964', '')",2021-02-26T10:53:01+10:00,2018-03-19T14:33:25+01:00
32ab57cbb4877ce7e6b4eb3f9b3cfbb0ff7cd10b,4803717f5e3bcfba3e3442e1611f421bf1090a47,include/crypto/sm2.h,"('12964', '')",2021-02-26T10:53:01+10:00,2018-09-07T18:12:26+08:00
32ab57cbb4877ce7e6b4eb3f9b3cfbb0ff7cd10b,ce64d3eee06a64e78ea5be7e8f0dd7172aa78259,providers/implementations/asymciphers/sm2_enc.c,"('12964', '')",2021-02-26T10:53:01+10:00,2020-09-25T11:13:53+01:00
32ab57cbb4877ce7e6b4eb3f9b3cfbb0ff7cd10b,6963979f5c0f95b2152ef74645faa7344e33284d,providers/implementations/encode_decode/decode_der2key.c,"('12964', '')",2021-02-26T10:53:01+10:00,2020-12-17T12:02:08+01:00
32ab57cbb4877ce7e6b4eb3f9b3cfbb0ff7cd10b,8ae40cf57d2138af92a3479e23f35037ae8c5c30,providers/implementations/encode_decode/encode_key2text.c,"('12964', '')",2021-02-26T10:53:01+10:00,2020-09-09T16:35:22+02:00
32ab57cbb4877ce7e6b4eb3f9b3cfbb0ff7cd10b,5ccada09aae0cf846d3381a161d3eb20d4d9abfd,providers/implementations/exchange/ecdh_exch.c,"('12964', '')",2021-02-26T10:53:01+10:00,2020-08-07T14:29:00+10:00
32ab57cbb4877ce7e6b4eb3f9b3cfbb0ff7cd10b,4fe54d674f14e7964f982285d1aeb86698a33c3c,providers/implementations/exchange/ecdh_exch.c,"('12964', '')",2021-02-26T10:53:01+10:00,2020-02-18T19:11:10+02:00
32ab57cbb4877ce7e6b4eb3f9b3cfbb0ff7cd10b,6f7d213533d9c7c2d810499cfedaa6d2424482c9,providers/implementations/exchange/ecx_exch.c,"('12964', '')",2021-02-26T10:53:01+10:00,2020-02-11T22:32:56+00:00
32ab57cbb4877ce7e6b4eb3f9b3cfbb0ff7cd10b,ced5231b04679dc31ce981d66d08260037fa40d8,providers/implementations/keymgmt/ec_kmgmt.c,"('12964', '')",2021-02-26T10:53:01+10:00,2020-09-23T17:16:39+10:00
32ab57cbb4877ce7e6b4eb3f9b3cfbb0ff7cd10b,6a9bd9298bd706e3a4a40ecfa1d89f65f8592c65,providers/implementations/keymgmt/ec_kmgmt.c,"('12964', '')",2021-02-26T10:53:01+10:00,2020-06-05T11:04:11+01:00
32ab57cbb4877ce7e6b4eb3f9b3cfbb0ff7cd10b,5b5eea4b60b682009d2b15587c9ceeae5e9c73f8,providers/implementations/keymgmt/ec_kmgmt.c,"('12964', '')",2021-02-26T10:53:01+10:00,2021-01-26T15:22:14+01:00
32ab57cbb4877ce7e6b4eb3f9b3cfbb0ff7cd10b,b8086652650c0782bc8d63b620663e04a3c6a3a7,providers/implementations/keymgmt/ec_kmgmt.c,"('12964', '')",2021-02-26T10:53:01+10:00,2020-05-26T13:53:07+10:00
32ab57cbb4877ce7e6b4eb3f9b3cfbb0ff7cd10b,4718326a46ad460fefc5cc240a8599af4b5993c7,providers/implementations/keymgmt/ec_kmgmt.c,"('12964', '')",2021-02-26T10:53:01+10:00,2021-02-22T13:31:31+10:00
32ab57cbb4877ce7e6b4eb3f9b3cfbb0ff7cd10b,a173cc9c388cbe8105f78ba5a8fdfbf20a35be1a,providers/implementations/keymgmt/ec_kmgmt.c,"('12964', '')",2021-02-26T10:53:01+10:00,2020-03-12T07:14:32+10:00
32ab57cbb4877ce7e6b4eb3f9b3cfbb0ff7cd10b,d0b79f8631c0f522c514175be4e4fbe984cf8f6c,providers/implementations/keymgmt/ec_kmgmt.c,"('12964', '')",2021-02-26T10:53:01+10:00,2020-09-22T08:18:09+01:00
32ab57cbb4877ce7e6b4eb3f9b3cfbb0ff7cd10b,9e49aff2aaac4c42ea6c4078266947c75761276b,providers/implementations/keymgmt/ec_kmgmt.c,"('12964', '')",2021-02-26T10:53:01+10:00,2021-01-08T23:59:02+02:00
32ab57cbb4877ce7e6b4eb3f9b3cfbb0ff7cd10b,965d3f36c49e2d0144330271be7c330b572b43df,providers/implementations/keymgmt/ec_kmgmt.c,"('12964', '')",2021-02-26T10:53:01+10:00,2020-09-23T17:16:39+10:00
32ab57cbb4877ce7e6b4eb3f9b3cfbb0ff7cd10b,e395ba223d45ead1bafe05bb8c4e19fdbc201bd0,providers/implementations/keymgmt/ec_kmgmt.c,"('12964', '')",2021-02-26T10:53:01+10:00,2020-04-15T11:31:39+01:00
32ab57cbb4877ce7e6b4eb3f9b3cfbb0ff7cd10b,c0f39ded68ba0929698a8773e63e9806ec9e5c74,providers/implementations/keymgmt/ec_kmgmt.c,"('12964', '')",2021-02-26T10:53:01+10:00,2020-08-22T14:55:41+10:00
32ab57cbb4877ce7e6b4eb3f9b3cfbb0ff7cd10b,0abae1636d7054266dd20724c0d5e06617d9f679,providers/implementations/keymgmt/ec_kmgmt.c,"('12964', '')",2021-02-26T10:53:01+10:00,2020-03-25T17:01:32+01:00
32ab57cbb4877ce7e6b4eb3f9b3cfbb0ff7cd10b,af6d8dd30ff48046f5af7d84095f30356c33264a,providers/implementations/keymgmt/ecx_kmgmt.c,"('12964', '')",2021-02-26T10:53:01+10:00,2020-03-09T07:59:05+00:00
32ab57cbb4877ce7e6b4eb3f9b3cfbb0ff7cd10b,c1e48c5171affd99111fd08e7a0a7e1a76121138,providers/implementations/keymgmt/ecx_kmgmt.c,"('12964', '')",2021-02-26T10:53:01+10:00,2020-04-17T19:51:37+10:00
32ab57cbb4877ce7e6b4eb3f9b3cfbb0ff7cd10b,43cd37014ef4433ae8e82ba64bddc42cf0bd618a,providers/implementations/keymgmt/ecx_kmgmt.c,"('12964', '')",2021-02-26T10:53:01+10:00,2020-04-17T19:51:37+10:00
32ab57cbb4877ce7e6b4eb3f9b3cfbb0ff7cd10b,a829b735b645516041b55746e013692babd8cd31,providers/implementations/keymgmt/ecx_kmgmt.c,"('12964', '')",2021-02-26T10:53:01+10:00,2020-10-15T12:00:21+01:00
32ab57cbb4877ce7e6b4eb3f9b3cfbb0ff7cd10b,8dbef010e7e6ecc07a9c8142cf26c8768fd55dc2,providers/implementations/keymgmt/ecx_kmgmt.c,"('12964', '')",2021-02-26T10:53:01+10:00,2020-09-23T17:31:40+10:00
32ab57cbb4877ce7e6b4eb3f9b3cfbb0ff7cd10b,0abae1636d7054266dd20724c0d5e06617d9f679,providers/implementations/keymgmt/ecx_kmgmt.c,"('12964', '')",2021-02-26T10:53:01+10:00,2020-03-25T17:01:32+01:00
32ab57cbb4877ce7e6b4eb3f9b3cfbb0ff7cd10b,3965480c824c9823db7803cc1a403be863cecc00,providers/implementations/signature/eddsa.c,"('12964', '')",2021-02-26T10:53:01+10:00,2020-03-09T07:59:15+00:00
32ab57cbb4877ce7e6b4eb3f9b3cfbb0ff7cd10b,d0b79f8631c0f522c514175be4e4fbe984cf8f6c,providers/implementations/signature/sm2sig.c,"('12964', '')",2021-02-26T10:53:01+10:00,2020-09-22T08:18:09+01:00
32ab57cbb4877ce7e6b4eb3f9b3cfbb0ff7cd10b,07caec83b81859ea9aa2d5075a394aa48c4e5fae,test/ec_internal_test.c,"('12964', '')",2021-02-26T10:53:01+10:00,2020-04-22T02:06:50+03:00
32ab57cbb4877ce7e6b4eb3f9b3cfbb0ff7cd10b,2167239abaec5fa44072fa1194505af0b3fced89,test/sm2_internal_test.c,"('12964', '')",2021-02-26T10:53:01+10:00,2018-06-04T11:59:56+01:00
32ab57cbb4877ce7e6b4eb3f9b3cfbb0ff7cd10b,00433bad41bfa492f2e204675d42061314028ff2,test/sm2_internal_test.c,"('12964', '')",2021-02-26T10:53:01+10:00,2018-09-07T18:12:26+08:00
32ab57cbb4877ce7e6b4eb3f9b3cfbb0ff7cd10b,09736245b174a37abb87fb7ceb55462d940ff2bb,test/sm2_internal_test.c,"('12964', '')",2021-02-26T10:53:01+10:00,2020-04-01T18:50:20+03:00
1d73e2adae9c80d359d6d85c9f65d97a86add542,4227e504c894db14d06be7180d0b4e7f6fe4ac2c,crypto/asn1/i2d_evp.c,"('14258', '')",2021-02-27T16:14:09+01:00,2020-11-11T12:43:27+01:00
7932982b88f5095f60397fe727d27ddf7234f4d6,6fd8313589b3fd55e31f65097007c3c1fdbe5021,apps/cmp.c,"('14001', '')",2021-03-01T10:30:43+01:00,2020-11-20T13:36:30+01:00
7932982b88f5095f60397fe727d27ddf7234f4d6,d7fcee3b3b5fae674f107c736f8d53610212ce4e,apps/lib/apps.c,"('14001', '')",2021-03-01T10:30:43+01:00,2020-09-08T15:36:24+02:00
7932982b88f5095f60397fe727d27ddf7234f4d6,7e1b7485706c2b11091b5fa897fe496a2faa56cc,apps/ocsp.c,"('14001', '')",2021-03-01T10:30:43+01:00,2015-04-24T15:26:15-04:00
7932982b88f5095f60397fe727d27ddf7234f4d6,d7fcee3b3b5fae674f107c736f8d53610212ce4e,apps/ocsp.c,"('14001', '')",2021-03-01T10:30:43+01:00,2020-09-08T15:36:24+02:00
7932982b88f5095f60397fe727d27ddf7234f4d6,29f178bddfdbd11218fbcba0b8060297696968e3,apps/ocsp.c,"('14001', '')",2021-03-01T10:30:43+01:00,2020-02-10T16:49:37+01:00
7932982b88f5095f60397fe727d27ddf7234f4d6,67c8e7f41486934b6809673b6d836d38eaf2383b,apps/s_server.c,"('14001', '')",2021-03-01T10:30:43+01:00,2007-09-26T21:56:59+00:00
7932982b88f5095f60397fe727d27ddf7234f4d6,0f113f3ee4d629ef9a4a30911b22b224772085e5,apps/s_server.c,"('14001', '')",2021-03-01T10:30:43+01:00,2015-01-22T09:20:09+00:00
7932982b88f5095f60397fe727d27ddf7234f4d6,d7fcee3b3b5fae674f107c736f8d53610212ce4e,apps/s_server.c,"('14001', '')",2021-03-01T10:30:43+01:00,2020-09-08T15:36:24+02:00
7932982b88f5095f60397fe727d27ddf7234f4d6,29f178bddfdbd11218fbcba0b8060297696968e3,apps/s_server.c,"('14001', '')",2021-03-01T10:30:43+01:00,2020-02-10T16:49:37+01:00
7932982b88f5095f60397fe727d27ddf7234f4d6,d7fcee3b3b5fae674f107c736f8d53610212ce4e,crypto/http/http_client.c,"('14001', '')",2021-03-01T10:30:43+01:00,2020-09-08T15:36:24+02:00
7932982b88f5095f60397fe727d27ddf7234f4d6,29f178bddfdbd11218fbcba0b8060297696968e3,crypto/http/http_client.c,"('14001', '')",2021-03-01T10:30:43+01:00,2020-02-10T16:49:37+01:00
7932982b88f5095f60397fe727d27ddf7234f4d6,d7fcee3b3b5fae674f107c736f8d53610212ce4e,crypto/http/http_lib.c,"('14001', '')",2021-03-01T10:30:43+01:00,2020-09-08T15:36:24+02:00
7932982b88f5095f60397fe727d27ddf7234f4d6,29f178bddfdbd11218fbcba0b8060297696968e3,crypto/http/http_lib.c,"('14001', '')",2021-03-01T10:30:43+01:00,2020-02-10T16:49:37+01:00
7932982b88f5095f60397fe727d27ddf7234f4d6,bde4aa8dc1946dff189c89396814a98d1052262d,crypto/http/http_lib.c,"('14001', '')",2021-03-01T10:30:43+01:00,2020-09-17T15:29:46+02:00
7932982b88f5095f60397fe727d27ddf7234f4d6,4b1fe471ac99b9f8692be85dcbcbf6977eb35c78,crypto/http/http_lib.c,"('14001', '')",2021-03-01T10:30:43+01:00,2020-04-02T18:31:06+02:00
7932982b88f5095f60397fe727d27ddf7234f4d6,9311d0c471ca2eaa259e8c1bbbeb7c46394c7ba2,crypto/http/http_lib.c,"('14001', '')",2021-03-01T10:30:43+01:00,2020-11-13T09:35:02+01:00
7932982b88f5095f60397fe727d27ddf7234f4d6,d96486dc809b5d134055785bfa6d707195d95534,doc/man1/openssl-cmp.pod.in,"('14001', '')",2021-03-01T10:30:43+01:00,2020-09-08T15:36:24+02:00
7932982b88f5095f60397fe727d27ddf7234f4d6,8b22c283b800834d605ebddec531139ce8573bcc,doc/man1/openssl-cmp.pod.in,"('14001', '')",2021-03-01T10:30:43+01:00,2020-06-13T15:13:21+02:00
7932982b88f5095f60397fe727d27ddf7234f4d6,8d9a4d833f12b0669f053a504268d13a46c079ad,doc/man1/openssl-cmp.pod.in,"('14001', '')",2021-03-01T10:30:43+01:00,2020-05-13T19:42:00+02:00
7932982b88f5095f60397fe727d27ddf7234f4d6,d99c866774b815d57f6d5db0597a7e3ac37682ea,doc/man1/openssl-cmp.pod.in,"('14001', '')",2021-03-01T10:30:43+01:00,2020-11-10T13:25:45+01:00
7932982b88f5095f60397fe727d27ddf7234f4d6,ad2cc1a08e67207f566e80c6b1f342294364901f,doc/man3/OSSL_HTTP_transfer.pod,"('14001', '')",2021-03-01T10:30:43+01:00,2021-01-13T23:33:16+01:00
7932982b88f5095f60397fe727d27ddf7234f4d6,d7fcee3b3b5fae674f107c736f8d53610212ce4e,doc/man3/OSSL_HTTP_transfer.pod,"('14001', '')",2021-03-01T10:30:43+01:00,2020-09-08T15:36:24+02:00
7932982b88f5095f60397fe727d27ddf7234f4d6,29f178bddfdbd11218fbcba0b8060297696968e3,doc/man3/OSSL_HTTP_transfer.pod,"('14001', '')",2021-03-01T10:30:43+01:00,2020-02-10T16:49:37+01:00
7932982b88f5095f60397fe727d27ddf7234f4d6,83b6dc8dc739ce7ca82652461bea92c31e634a57,include/openssl/http.h,"('14001', '')",2021-03-01T10:30:43+01:00,2021-01-19T11:13:15+01:00
7932982b88f5095f60397fe727d27ddf7234f4d6,d7fcee3b3b5fae674f107c736f8d53610212ce4e,include/openssl/http.h,"('14001', '')",2021-03-01T10:30:43+01:00,2020-09-08T15:36:24+02:00
7932982b88f5095f60397fe727d27ddf7234f4d6,29f178bddfdbd11218fbcba0b8060297696968e3,include/openssl/http.h,"('14001', '')",2021-03-01T10:30:43+01:00,2020-02-10T16:49:37+01:00
7932982b88f5095f60397fe727d27ddf7234f4d6,bdde5b46c74852e38e660a16f64d7d8ba1c7c2e2,include/openssl/ocsp.h.in,"('14001', '')",2021-03-01T10:30:43+01:00,2020-10-07T15:50:44+02:00
7932982b88f5095f60397fe727d27ddf7234f4d6,d7fcee3b3b5fae674f107c736f8d53610212ce4e,test/http_test.c,"('14001', '')",2021-03-01T10:30:43+01:00,2020-09-08T15:36:24+02:00
7932982b88f5095f60397fe727d27ddf7234f4d6,ccfce835e07210064450a58ce189d0e622a1fccf,util/missingcrypto.txt,"('14001', '')",2021-03-01T10:30:43+01:00,2019-12-21T22:53:54+01:00
d7d8e2c894e242f7e4d25f986c5ff15758853b67,81c15ed00bbe5cb4b864ad9b1fab12a26fa91201,test/p_test.c,"('14313', '')",2021-03-02T21:25:00+10:00,2021-02-24T12:13:38+00:00
d36a5dd05ec58dec8a6175a25958f008166c421b,b8a1272d57e144dfac97006477a68f9948ebb595,test/evp_extra_test.c,"('14349', '')",2021-03-02T14:58:40+00:00,2021-02-01T08:59:35+00:00
4e4ae84056133c863860e27ceedae8bd3fb0a402,d8652be06e2778e8898453a391deb7253e1a35a2,ssl/ssl_cert.c,"('14294', '')",2021-03-03T16:16:19+10:00,2020-10-01T09:25:20+01:00
39a61e69b88252dca8aa7d61146b0b2397d1710c,66066e1bba041459c2f879666b79e4a2158f5905,crypto/encode_decode/decoder_lib.c,"('13493', '')",2021-03-04T08:54:09+01:00,2020-09-30T20:49:44+02:00
39a61e69b88252dca8aa7d61146b0b2397d1710c,9311d0c471ca2eaa259e8c1bbbeb7c46394c7ba2,crypto/pkcs12/p12_decr.c,"('13493', '')",2021-03-04T08:54:09+01:00,2020-11-13T09:35:02+01:00
39a61e69b88252dca8aa7d61146b0b2397d1710c,34b80d0622924d112b145fd36bfaad18616f2546,crypto/store/store_result.c,"('13493', '')",2021-03-04T08:54:09+01:00,2020-08-24T10:02:26+02:00
39a61e69b88252dca8aa7d61146b0b2397d1710c,66066e1bba041459c2f879666b79e4a2158f5905,providers/implementations/encode_decode/decode_der2key.c,"('13493', '')",2021-03-04T08:54:09+01:00,2020-09-30T20:49:44+02:00
1ddea35bd418b89c2f8403b41c054ad2f454382b,996d2693e26d98456a2ec4fb1a5dd432ff026225,.github/workflows/ci.yml,"('', '14424');('', '14425')",2021-03-05T14:27:46+01:00,2021-03-05T14:27:46+01:00
2de5d3b87a7980efdb1c1e8350760b60d3d53e1e,7932982b88f5095f60397fe727d27ddf7234f4d6,crypto/http/http_client.c,"('14322', '')",2021-03-06T16:18:18+01:00,2021-03-01T10:30:43+01:00
2de5d3b87a7980efdb1c1e8350760b60d3d53e1e,afe554c2d244b4e7fc8c1b14acef806a2a581a8d,crypto/http/http_client.c,"('14322', '')",2021-03-06T16:18:18+01:00,2020-04-02T18:17:00+02:00
2de5d3b87a7980efdb1c1e8350760b60d3d53e1e,29f178bddfdbd11218fbcba0b8060297696968e3,crypto/http/http_client.c,"('14322', '')",2021-03-06T16:18:18+01:00,2020-02-10T16:49:37+01:00
3d0b56785aeefd2b5a08a0da99d6a09ae6a494b9,4a3dc3c0e34d44590b6565f8a8f5f4f5192df988,apps/lib/apps.c,"('14494', '')",2021-03-12T08:45:48+10:00,2006-04-09T12:42:09+00:00
3d0b56785aeefd2b5a08a0da99d6a09ae6a494b9,a2318e86bdb3dc5fc2d17a12d3875964eedef424,apps/lib/apps.c,"('14494', '')",2021-03-12T08:45:48+10:00,2006-04-09T00:34:00+00:00
3d0b56785aeefd2b5a08a0da99d6a09ae6a494b9,0f113f3ee4d629ef9a4a30911b22b224772085e5,apps/lib/apps.c,"('14494', '')",2021-03-12T08:45:48+10:00,2015-01-22T09:20:09+00:00
234261f3a1a4fc88d51fde2007852c0a45e7ce8a,62f27ab9dcf29876b15cdae704c3a04b4c8a6344,ssl/t1_enc.c,"('14519', '')",2021-03-13T16:08:33+10:00,2020-10-02T08:49:47+02:00
cd3f8c1b11b0b9f4163bc8c62cbae38aec1b4030,f989cd8c0bb3c579d112294bf8e304647b334ee8,crypto/bio/b_addr.c,"('14230', '')",2021-03-14T15:33:34+10:00,2016-03-08T09:07:32-05:00
cd3f8c1b11b0b9f4163bc8c62cbae38aec1b4030,d188a53617de68a707fe9459d4f4245d9a57cd9c,crypto/bn/bn_mont.c,"('14230', '')",2021-03-14T15:33:34+10:00,2016-03-08T09:07:32-05:00
cd3f8c1b11b0b9f4163bc8c62cbae38aec1b4030,04b9435a991585d0f9a775a203cc3986d4872a6e,crypto/context.c,"('14230', '')",2021-03-14T15:33:34+10:00,2021-02-02T12:21:21+00:00
cd3f8c1b11b0b9f4163bc8c62cbae38aec1b4030,770de3462c0d655a6543a6c1a2c0bda7b57178f9,crypto/context.c,"('14230', '')",2021-03-14T15:33:34+10:00,2019-08-29T10:50:47+01:00
cd3f8c1b11b0b9f4163bc8c62cbae38aec1b4030,1aedc35fd6c2f40f269c88b2f7d5a617172b47c5,crypto/context.c,"('14230', '')",2021-03-14T15:33:34+10:00,2019-05-02T22:42:09+01:00
cd3f8c1b11b0b9f4163bc8c62cbae38aec1b4030,d64b62998beceef8a8b8e1558862eb1c671d677a,crypto/context.c,"('14230', '')",2021-03-14T15:33:34+10:00,2019-02-16T00:29:42+01:00
cd3f8c1b11b0b9f4163bc8c62cbae38aec1b4030,2c40421440d260ddb97a807b064033f61ae3b2b3,crypto/context.c,"('14230', '')",2021-03-14T15:33:34+10:00,2021-01-14T17:30:46+00:00
cd3f8c1b11b0b9f4163bc8c62cbae38aec1b4030,79410c5f8b139c423be436810b4fe4de4637fc24,crypto/core_namemap.c,"('14230', '')",2021-03-14T15:33:34+10:00,2020-07-29T17:31:32+10:00
cd3f8c1b11b0b9f4163bc8c62cbae38aec1b4030,437ad983c6ca254cd1d4367fb1d68338c82e8ee3,crypto/core_namemap.c,"('14230', '')",2021-03-14T15:33:34+10:00,2020-01-16T17:29:36+01:00
cd3f8c1b11b0b9f4163bc8c62cbae38aec1b4030,d84f5515faf3fe00ed5eeca7e7b8b041be863e90,crypto/core_namemap.c,"('14230', '')",2021-03-14T15:33:34+10:00,2021-02-25T08:37:22+10:00
cd3f8c1b11b0b9f4163bc8c62cbae38aec1b4030,f2182a4e6fef098014117eb4a4f35ca84cd2cf8e,crypto/core_namemap.c,"('14230', '')",2021-03-14T15:33:34+10:00,2019-05-12T13:43:38-07:00
cd3f8c1b11b0b9f4163bc8c62cbae38aec1b4030,6a835fcfb10ba004498f9e39873db3d2b9011609,crypto/core_namemap.c,"('14230', '')",2021-03-14T15:33:34+10:00,2019-11-20T14:22:35+01:00
cd3f8c1b11b0b9f4163bc8c62cbae38aec1b4030,40e068d50687edbf9b6d6633563151ab59369747,crypto/engine/eng_ctrl.c,"('14230', '')",2021-03-14T15:33:34+10:00,2016-03-09T11:04:01+01:00
cd3f8c1b11b0b9f4163bc8c62cbae38aec1b4030,40e068d50687edbf9b6d6633563151ab59369747,crypto/engine/eng_dyn.c,"('14230', '')",2021-03-14T15:33:34+10:00,2016-03-09T11:04:01+01:00
cd3f8c1b11b0b9f4163bc8c62cbae38aec1b4030,02acf1409edc8e8bed7bfe68cec07da09b5d0912,crypto/engine/eng_dyn.c,"('14230', '')",2021-03-14T15:33:34+10:00,2002-10-11T18:47:51+00:00
cd3f8c1b11b0b9f4163bc8c62cbae38aec1b4030,98637bd30e06529e52b5f83bde32c8bd2d620e06,crypto/engine/eng_dyn.c,"('14230', '')",2021-03-14T15:33:34+10:00,2016-01-24T00:47:41+01:00
cd3f8c1b11b0b9f4163bc8c62cbae38aec1b4030,e5a5e3f3db5832f7ba4eff8016bad00f37dada58,crypto/engine/eng_dyn.c,"('14230', '')",2021-03-14T15:33:34+10:00,2016-05-23T13:43:31+01:00
cd3f8c1b11b0b9f4163bc8c62cbae38aec1b4030,40e068d50687edbf9b6d6633563151ab59369747,crypto/engine/eng_init.c,"('14230', '')",2021-03-14T15:33:34+10:00,2016-03-09T11:04:01+01:00
cd3f8c1b11b0b9f4163bc8c62cbae38aec1b4030,5270e7025e11b2fd1a5bdf8d81feded1167b1c87,crypto/engine/eng_list.c,"('14230', '')",2021-03-14T15:33:34+10:00,2000-10-26T21:07:28+00:00
cd3f8c1b11b0b9f4163bc8c62cbae38aec1b4030,40e068d50687edbf9b6d6633563151ab59369747,crypto/engine/eng_list.c,"('14230', '')",2021-03-14T15:33:34+10:00,2016-03-09T11:04:01+01:00
cd3f8c1b11b0b9f4163bc8c62cbae38aec1b4030,b6d1e52d454bb321153c70cf763945d4b0d4f78e,crypto/engine/eng_pkey.c,"('14230', '')",2021-03-14T15:33:34+10:00,2001-09-25T20:00:51+00:00
cd3f8c1b11b0b9f4163bc8c62cbae38aec1b4030,40e068d50687edbf9b6d6633563151ab59369747,crypto/engine/eng_pkey.c,"('14230', '')",2021-03-14T15:33:34+10:00,2016-03-09T11:04:01+01:00
cd3f8c1b11b0b9f4163bc8c62cbae38aec1b4030,40e068d50687edbf9b6d6633563151ab59369747,crypto/engine/eng_table.c,"('14230', '')",2021-03-14T15:33:34+10:00,2016-03-09T11:04:01+01:00
cd3f8c1b11b0b9f4163bc8c62cbae38aec1b4030,40e068d50687edbf9b6d6633563151ab59369747,crypto/engine/tb_asnmth.c,"('14230', '')",2021-03-14T15:33:34+10:00,2016-03-09T11:04:01+01:00
cd3f8c1b11b0b9f4163bc8c62cbae38aec1b4030,7b8e12d24eea68017ce96b0faf79d12f3c3ba9f1,crypto/err/err.c,"('14230', '')",2021-03-14T15:33:34+10:00,2016-03-08T14:11:59+00:00
cd3f8c1b11b0b9f4163bc8c62cbae38aec1b4030,52df25cf2e656146cb3b206d8220124f0417d03f,crypto/err/err.c,"('14230', '')",2021-03-14T15:33:34+10:00,2017-06-07T15:12:03-04:00
cd3f8c1b11b0b9f4163bc8c62cbae38aec1b4030,0b07db6f56e0240de6cc2ea122eee6431459ef20,crypto/evp/keymgmt_lib.c,"('14230', '')",2021-03-14T15:33:34+10:00,2021-02-02T12:21:33+00:00
cd3f8c1b11b0b9f4163bc8c62cbae38aec1b4030,1aedc35fd6c2f40f269c88b2f7d5a617172b47c5,crypto/ex_data.c,"('14230', '')",2021-03-14T15:33:34+10:00,2019-05-02T22:42:09+01:00
cd3f8c1b11b0b9f4163bc8c62cbae38aec1b4030,c292b105b1d0a627091480d3e4f6122b22a46385,crypto/init.c,"('14230', '')",2021-03-14T15:33:34+10:00,2016-03-07T17:17:21+00:00
cd3f8c1b11b0b9f4163bc8c62cbae38aec1b4030,3d7e7e7c48210b515ef5e05f4acf6dc58377331c,crypto/initthread.c,"('14230', '')",2021-03-14T15:33:34+10:00,2020-11-02T18:03:22+01:00
cd3f8c1b11b0b9f4163bc8c62cbae38aec1b4030,3b438ef95b5b1c45602b1332921209363e4776bd,crypto/initthread.c,"('14230', '')",2021-03-14T15:33:34+10:00,2019-07-18T06:20:55+02:00
cd3f8c1b11b0b9f4163bc8c62cbae38aec1b4030,6913f5fe05a38fa72213b5b5d1f41ef10ca908bd,crypto/initthread.c,"('14230', '')",2021-03-14T15:33:34+10:00,2019-06-19T11:54:34+01:00
cd3f8c1b11b0b9f4163bc8c62cbae38aec1b4030,9471f7760dcc81fe6995f016fc7120db0c678818,crypto/mem_sec.c,"('14230', '')",2021-03-14T15:33:34+10:00,2016-03-08T21:06:04+00:00
cd3f8c1b11b0b9f4163bc8c62cbae38aec1b4030,4dae7cd3f0f074e01b2fe73ffff0dfbf032fa566,crypto/mem_sec.c,"('14230', '')",2021-03-14T15:33:34+10:00,2017-07-29T19:26:06+02:00
cd3f8c1b11b0b9f4163bc8c62cbae38aec1b4030,be606c013d31847718ceb5d97c567988a771c2e5,crypto/objects/o_names.c,"('14230', '')",2021-03-14T15:33:34+10:00,2017-06-07T11:23:37-04:00
cd3f8c1b11b0b9f4163bc8c62cbae38aec1b4030,dfeab0689f69c0b4bd3480ffd37a9cacc2f17d9c,crypto/objects/o_names.c,"('14230', '')",2021-03-14T15:33:34+10:00,1998-12-21T11:00:56+00:00
cd3f8c1b11b0b9f4163bc8c62cbae38aec1b4030,4b8515baa6edef1a771f9e4e3fbc0395b4a629e8,crypto/objects/o_names.c,"('14230', '')",2021-03-14T15:33:34+10:00,2017-06-26T14:29:19-04:00
cd3f8c1b11b0b9f4163bc8c62cbae38aec1b4030,fc196a5eb97dc3a5465c37a6761428ddd81b023d,crypto/objects/o_names.c,"('14230', '')",2021-03-14T15:33:34+10:00,2018-09-04T07:35:45+10:00
cd3f8c1b11b0b9f4163bc8c62cbae38aec1b4030,0f113f3ee4d629ef9a4a30911b22b224772085e5,crypto/objects/o_names.c,"('14230', '')",2021-03-14T15:33:34+10:00,2015-01-22T09:20:09+00:00
cd3f8c1b11b0b9f4163bc8c62cbae38aec1b4030,e55008a9f2ae299374dcf868b660389e84dd2e0b,crypto/provider_core.c,"('14230', '')",2021-03-14T15:33:34+10:00,2019-03-19T14:06:58+01:00
cd3f8c1b11b0b9f4163bc8c62cbae38aec1b4030,c2ec2bb7c146d1e48568f27d11dca02c06c36338,crypto/provider_core.c,"('14230', '')",2021-03-14T15:33:34+10:00,2021-03-04T16:09:02+01:00
cd3f8c1b11b0b9f4163bc8c62cbae38aec1b4030,7dd2cb569358591bb832af66fdabd6a6c580c1d4,crypto/provider_core.c,"('14230', '')",2021-03-14T15:33:34+10:00,2021-01-14T17:30:46+00:00
cd3f8c1b11b0b9f4163bc8c62cbae38aec1b4030,4c2883a9bf59c5ee31e8e2e101b3894a16c06950,crypto/provider_core.c,"('14230', '')",2021-03-14T15:33:34+10:00,2019-03-11T20:40:13+01:00
cd3f8c1b11b0b9f4163bc8c62cbae38aec1b4030,c25a1524aad3a2f3a5d74880d8016de31f59adc8,crypto/provider_core.c,"('14230', '')",2021-03-14T15:33:34+10:00,2021-01-14T17:30:46+00:00
cd3f8c1b11b0b9f4163bc8c62cbae38aec1b4030,d60a8e0a2345205242e21aae35815645708580c4,crypto/provider_core.c,"('14230', '')",2021-03-14T15:33:34+10:00,2021-03-04T16:09:02+01:00
cd3f8c1b11b0b9f4163bc8c62cbae38aec1b4030,87975cfa91c3f06a52f2550ed2ef632644be6dde,crypto/rand/rand_lib.c,"('14230', '')",2021-03-14T15:33:34+10:00,2017-04-07T04:55:16+02:00
cd3f8c1b11b0b9f4163bc8c62cbae38aec1b4030,d188a53617de68a707fe9459d4f4245d9a57cd9c,crypto/rsa/rsa_ossl.c,"('14230', '')",2021-03-14T15:33:34+10:00,2016-03-08T09:07:32-05:00
cd3f8c1b11b0b9f4163bc8c62cbae38aec1b4030,71a5516dcc8a91a9c4fbb724ea7e3658e85f2ad2,crypto/store/store_register.c,"('14230', '')",2021-03-14T15:33:34+10:00,2017-06-29T11:55:31+02:00
cd3f8c1b11b0b9f4163bc8c62cbae38aec1b4030,71a04cfca03bf6d5a93ad3ffd23e0fb9e0da2919,crypto/threads_none.c,"('14230', '')",2021-03-14T15:33:34+10:00,2016-02-26T10:00:36+00:00
cd3f8c1b11b0b9f4163bc8c62cbae38aec1b4030,71a04cfca03bf6d5a93ad3ffd23e0fb9e0da2919,crypto/threads_pthread.c,"('14230', '')",2021-03-14T15:33:34+10:00,2016-02-26T10:00:36+00:00
cd3f8c1b11b0b9f4163bc8c62cbae38aec1b4030,71a04cfca03bf6d5a93ad3ffd23e0fb9e0da2919,crypto/threads_win.c,"('14230', '')",2021-03-14T15:33:34+10:00,2016-02-26T10:00:36+00:00
cd3f8c1b11b0b9f4163bc8c62cbae38aec1b4030,2390c573aa598b715eb592c9b4da50a71453347a,crypto/trace.c,"('14230', '')",2021-03-14T15:33:34+10:00,2019-03-06T11:15:13+01:00
cd3f8c1b11b0b9f4163bc8c62cbae38aec1b4030,41cfbccc99f3ca3c9f656d8c71e2db5bcfcf6817,crypto/ui/ui_openssl.c,"('14230', '')",2021-03-14T15:33:34+10:00,2016-03-08T11:10:34-05:00
cd3f8c1b11b0b9f4163bc8c62cbae38aec1b4030,4fc4faa7a79c71223f326396b79af34d37da6615,crypto/x509/by_dir.c,"('14230', '')",2021-03-14T15:33:34+10:00,2016-03-09T12:41:39+00:00
cd3f8c1b11b0b9f4163bc8c62cbae38aec1b4030,c001ce33137993a0c4ff15060ed1639826bfca0b,crypto/x509/pcy_cache.c,"('14230', '')",2021-03-14T15:33:34+10:00,2016-03-08T11:10:34-05:00
cd3f8c1b11b0b9f4163bc8c62cbae38aec1b4030,bc624bd95554ea218cbc3fad0d794abdfeb21eb6,crypto/x509/v3_purp.c,"('14230', '')",2021-03-14T15:33:34+10:00,2018-05-03T22:22:37+02:00
cd3f8c1b11b0b9f4163bc8c62cbae38aec1b4030,c001ce33137993a0c4ff15060ed1639826bfca0b,crypto/x509/x_crl.c,"('14230', '')",2021-03-14T15:33:34+10:00,2016-03-08T11:10:34-05:00
cd3f8c1b11b0b9f4163bc8c62cbae38aec1b4030,6a835fcfb10ba004498f9e39873db3d2b9011609,doc/internal/man3/ossl_namemap_new.pod,"('14230', '')",2021-03-14T15:33:34+10:00,2019-11-20T14:22:35+01:00
cd3f8c1b11b0b9f4163bc8c62cbae38aec1b4030,71a04cfca03bf6d5a93ad3ffd23e0fb9e0da2919,include/openssl/crypto.h.in,"('14230', '')",2021-03-14T15:33:34+10:00,2016-02-26T10:00:36+00:00
cd3f8c1b11b0b9f4163bc8c62cbae38aec1b4030,14a684bfb091b12aa3094a6097932f76f799990a,providers/fips/self_test.c,"('14230', '')",2021-03-14T15:33:34+10:00,2019-11-29T16:14:44+00:00
cd3f8c1b11b0b9f4163bc8c62cbae38aec1b4030,40994605140b9fcbe98a786dc75bdc1b9e9fee3f,providers/fips/self_test.c,"('14230', '')",2021-03-14T15:33:34+10:00,2021-02-02T12:21:22+00:00
cd3f8c1b11b0b9f4163bc8c62cbae38aec1b4030,16203f7b71bd343550f89f266eaf9fb9693f6148,ssl/ssl_lib.c,"('14230', '')",2021-03-14T15:33:34+10:00,2016-03-08T18:48:38-05:00
cd3f8c1b11b0b9f4163bc8c62cbae38aec1b4030,e2bb9b9bf355792d89e131518cc0fd141d46ca5c,ssl/ssl_lib.c,"('14230', '')",2021-03-14T15:33:34+10:00,2016-06-08T15:22:41+01:00
cd3f8c1b11b0b9f4163bc8c62cbae38aec1b4030,16203f7b71bd343550f89f266eaf9fb9693f6148,ssl/ssl_sess.c,"('14230', '')",2021-03-14T15:33:34+10:00,2016-03-08T18:48:38-05:00
cd3f8c1b11b0b9f4163bc8c62cbae38aec1b4030,d02b48c63a58ea4367a0e905979f140b7d090f86,ssl/ssl_sess.c,"('14230', '')",2021-03-14T15:33:34+10:00,1998-12-21T10:52:47+00:00
cd3f8c1b11b0b9f4163bc8c62cbae38aec1b4030,0f113f3ee4d629ef9a4a30911b22b224772085e5,ssl/ssl_sess.c,"('14230', '')",2021-03-14T15:33:34+10:00,2015-01-22T09:20:09+00:00
cd3f8c1b11b0b9f4163bc8c62cbae38aec1b4030,6cc0b3c2171e26379e898574cb6d42b8d8dcc113,ssl/ssl_sess.c,"('14230', '')",2021-03-14T15:33:34+10:00,2018-06-26T18:09:46+01:00
cd3f8c1b11b0b9f4163bc8c62cbae38aec1b4030,c720fc35f4aa90cdc7cdc424b976c5322fb0098e,test/namemap_internal_test.c,"('14230', '')",2021-03-14T15:33:34+10:00,2020-06-21T16:49:51+10:00
3711f4c3fbb6344eca6c69c28000ecec3b7dbf7b,902161e8ec7b81849f6dc4d449e17fcaee2d49b1,apps/pkcs12.c,"('12', '')",2021-03-14T15:42:29+10:00,2020-12-03T12:38:41+01:00
3a37ddde911fe735c73121a8a561451cc719fc91,ba37b82045b1b2fbcbf7580b317de5e3b52c8035,crypto/ffc/ffc_params_validate.c,"('14480', '')",2021-03-15T09:01:51+10:00,2021-02-18T11:02:26+01:00
3a37ddde911fe735c73121a8a561451cc719fc91,b8086652650c0782bc8d63b620663e04a3c6a3a7,doc/man7/EVP_PKEY-FFC.pod,"('14480', '')",2021-03-15T09:01:51+10:00,2020-05-26T13:53:07+10:00
3a37ddde911fe735c73121a8a561451cc719fc91,f1d6670840b08104646713f464a6ef42e2cf1c2a,providers/implementations/keymgmt/dsa_kmgmt.c,"('14480', '')",2021-03-15T09:01:51+10:00,2020-11-18T14:54:18+00:00
a23deef2812a1ffa816aacb85f3e9b7ffb504ef5,a829b735b645516041b55746e013692babd8cd31,crypto/provider_core.c,"('14377', '')",2021-03-16T11:36:47+01:00,2020-10-15T12:00:21+01:00
5db682733de0afcfece92ac011c1eb1ca775c32a,3f5616d734a92fdf99ab827f21e5b6cab85e7194,crypto/siphash/siphash_local.h,"('14360', '')",2021-03-17T10:16:21+10:00,2017-02-01T14:14:36-05:00
5db682733de0afcfece92ac011c1eb1ca775c32a,ae7d90a1594dabf72123f395f9f2436452ab5d9a,crypto/siphash/siphash_local.h,"('14360', '')",2021-03-17T10:16:21+10:00,2021-02-28T17:25:48+10:00
e4bec869104cf4ba51cbb1effb0f5437e327ecd8,2c40421440d260ddb97a807b064033f61ae3b2b3,crypto/context.c,"('12964', '')",2021-03-18T17:35:10+10:00,2021-01-14T17:30:46+00:00
e4bec869104cf4ba51cbb1effb0f5437e327ecd8,1aedc35fd6c2f40f269c88b2f7d5a617172b47c5,crypto/context.c,"('12964', '')",2021-03-18T17:35:10+10:00,2019-05-02T22:42:09+01:00
e4bec869104cf4ba51cbb1effb0f5437e327ecd8,505f46602043c7c28884e4c13f3cfa9419ae2f15,crypto/context.c,"('12964', '')",2021-03-18T17:35:10+10:00,2019-08-29T10:50:47+01:00
e4bec869104cf4ba51cbb1effb0f5437e327ecd8,b425001010044adbdbcd98f8682694b30b73bbf4,crypto/context.c,"('12964', '')",2021-03-18T17:35:10+10:00,2020-10-15T11:59:53+01:00
e4bec869104cf4ba51cbb1effb0f5437e327ecd8,e683582bf37de45a9512aea7ff33b9a3ebdf07f4,crypto/dsa/dsa_lib.c,"('12964', '')",2021-03-18T17:35:10+10:00,2020-01-12T11:32:12+10:00
e4bec869104cf4ba51cbb1effb0f5437e327ecd8,3a0799977bcb154d044828e96a25a01eb478de51,crypto/ex_data.c,"('12964', '')",2021-03-18T17:35:10+10:00,2001-09-01T19:56:46+00:00
e4bec869104cf4ba51cbb1effb0f5437e327ecd8,1aedc35fd6c2f40f269c88b2f7d5a617172b47c5,crypto/ex_data.c,"('12964', '')",2021-03-18T17:35:10+10:00,2019-05-02T22:42:09+01:00
e4bec869104cf4ba51cbb1effb0f5437e327ecd8,b425001010044adbdbcd98f8682694b30b73bbf4,crypto/ex_data.c,"('12964', '')",2021-03-18T17:35:10+10:00,2020-10-15T11:59:53+01:00
e4bec869104cf4ba51cbb1effb0f5437e327ecd8,1aedc35fd6c2f40f269c88b2f7d5a617172b47c5,include/internal/cryptlib.h,"('12964', '')",2021-03-18T17:35:10+10:00,2019-05-02T22:42:09+01:00
e4bec869104cf4ba51cbb1effb0f5437e327ecd8,b425001010044adbdbcd98f8682694b30b73bbf4,include/internal/cryptlib.h,"('12964', '')",2021-03-18T17:35:10+10:00,2020-10-15T11:59:53+01:00
9500c8234d8e99396717b9e43f10cc518e8bf668,738ee1819e3bb94723701fb505ce2971afe47a9b,crypto/dh/dh_key.c,"('12964', '')",2021-03-18T17:52:37+10:00,2020-04-20T11:07:38+10:00
9500c8234d8e99396717b9e43f10cc518e8bf668,f32af93c924dca25728d8e7b85b8e4b660154e12,crypto/err/err_prn.c,"('12964', '')",2021-03-18T17:52:37+10:00,2020-05-26T12:44:36+10:00
9500c8234d8e99396717b9e43f10cc518e8bf668,7932982b88f5095f60397fe727d27ddf7234f4d6,crypto/http/http_client.c,"('12964', '')",2021-03-18T17:52:37+10:00,2021-03-01T10:30:43+01:00
9500c8234d8e99396717b9e43f10cc518e8bf668,9253f8346acf065d8d52eb03aa87e2c7eb4f7cce,crypto/http/http_client.c,"('12964', '')",2021-03-18T17:52:37+10:00,2020-05-09T16:57:08+02:00
9500c8234d8e99396717b9e43f10cc518e8bf668,4b1fe471ac99b9f8692be85dcbcbf6977eb35c78,crypto/http/http_client.c,"('12964', '')",2021-03-18T17:52:37+10:00,2020-04-02T18:31:06+02:00
9500c8234d8e99396717b9e43f10cc518e8bf668,29f178bddfdbd11218fbcba0b8060297696968e3,crypto/http/http_client.c,"('12964', '')",2021-03-18T17:52:37+10:00,2020-02-10T16:49:37+01:00
9500c8234d8e99396717b9e43f10cc518e8bf668,afe554c2d244b4e7fc8c1b14acef806a2a581a8d,crypto/http/http_lib.c,"('12964', '')",2021-03-18T17:52:37+10:00,2020-04-02T18:17:00+02:00
9500c8234d8e99396717b9e43f10cc518e8bf668,4b1fe471ac99b9f8692be85dcbcbf6977eb35c78,crypto/http/http_lib.c,"('12964', '')",2021-03-18T17:52:37+10:00,2020-04-02T18:31:06+02:00
9500c8234d8e99396717b9e43f10cc518e8bf668,afe554c2d244b4e7fc8c1b14acef806a2a581a8d,crypto/http/http_local.h,"('12964', '')",2021-03-18T17:52:37+10:00,2020-04-02T18:17:00+02:00
9500c8234d8e99396717b9e43f10cc518e8bf668,9253f8346acf065d8d52eb03aa87e2c7eb4f7cce,crypto/http/http_local.h,"('12964', '')",2021-03-18T17:52:37+10:00,2020-05-09T16:57:08+02:00
9500c8234d8e99396717b9e43f10cc518e8bf668,29f178bddfdbd11218fbcba0b8060297696968e3,crypto/http/http_local.h,"('12964', '')",2021-03-18T17:52:37+10:00,2020-02-10T16:49:37+01:00
9500c8234d8e99396717b9e43f10cc518e8bf668,f32af93c924dca25728d8e7b85b8e4b660154e12,crypto/o_str.c,"('12964', '')",2021-03-18T17:52:37+10:00,2020-05-26T12:44:36+10:00
9500c8234d8e99396717b9e43f10cc518e8bf668,55f02cb6849f0366dd8b787dbe8e74b56c15bfd1,crypto/rsa/rsa_lib.c,"('12964', '')",2021-03-18T17:52:37+10:00,2020-03-07T07:47:58+10:00
9500c8234d8e99396717b9e43f10cc518e8bf668,55f02cb6849f0366dd8b787dbe8e74b56c15bfd1,crypto/rsa/rsa_sp800_56b_gen.c,"('12964', '')",2021-03-18T17:52:37+10:00,2020-03-07T07:47:58+10:00
9500c8234d8e99396717b9e43f10cc518e8bf668,278260bfa238aefef5a1abe2043d2f812c3a4bd5,crypto/x509/v3_ncons.c,"('12964', '')",2021-03-18T17:52:37+10:00,2020-05-05T10:27:28+02:00
9500c8234d8e99396717b9e43f10cc518e8bf668,278260bfa238aefef5a1abe2043d2f812c3a4bd5,crypto/x509/v3_san.c,"('12964', '')",2021-03-18T17:52:37+10:00,2020-05-05T10:27:28+02:00
9500c8234d8e99396717b9e43f10cc518e8bf668,278260bfa238aefef5a1abe2043d2f812c3a4bd5,crypto/x509/v3_utl.c,"('12964', '')",2021-03-18T17:52:37+10:00,2020-05-05T10:27:28+02:00
9500c8234d8e99396717b9e43f10cc518e8bf668,278260bfa238aefef5a1abe2043d2f812c3a4bd5,crypto/x509/x509_vpm.c,"('12964', '')",2021-03-18T17:52:37+10:00,2020-05-05T10:27:28+02:00
9500c8234d8e99396717b9e43f10cc518e8bf668,55f02cb6849f0366dd8b787dbe8e74b56c15bfd1,include/crypto/security_bits.h,"('12964', '')",2021-03-18T17:52:37+10:00,2020-03-07T07:47:58+10:00
9500c8234d8e99396717b9e43f10cc518e8bf668,f32af93c924dca25728d8e7b85b8e4b660154e12,include/internal/cryptlib.h,"('12964', '')",2021-03-18T17:52:37+10:00,2020-05-26T12:44:36+10:00
9500c8234d8e99396717b9e43f10cc518e8bf668,278260bfa238aefef5a1abe2043d2f812c3a4bd5,include/internal/cryptlib.h,"('12964', '')",2021-03-18T17:52:37+10:00,2020-05-05T10:27:28+02:00
9500c8234d8e99396717b9e43f10cc518e8bf668,dfc0857d8191d43be320f4ba472b7c782248a35d,providers/baseprov.c,"('12964', '')",2021-03-18T17:52:37+10:00,2020-07-30T20:15:22+10:00
9500c8234d8e99396717b9e43f10cc518e8bf668,d40b42ab4c8a88740a2cc2a20c709fe869c4dd1e,providers/common/bio_prov.c,"('12964', '')",2021-03-18T17:52:37+10:00,2020-05-16T17:10:03+01:00
9500c8234d8e99396717b9e43f10cc518e8bf668,d40b42ab4c8a88740a2cc2a20c709fe869c4dd1e,providers/common/include/prov/bio.h,"('12964', '')",2021-03-18T17:52:37+10:00,2020-05-16T17:10:03+01:00
9500c8234d8e99396717b9e43f10cc518e8bf668,d40b42ab4c8a88740a2cc2a20c709fe869c4dd1e,providers/defltprov.c,"('12964', '')",2021-03-18T17:52:37+10:00,2020-05-16T17:10:03+01:00
9500c8234d8e99396717b9e43f10cc518e8bf668,8ae40cf57d2138af92a3479e23f35037ae8c5c30,providers/implementations/encode_decode/decode_der2key.c,"('12964', '')",2021-03-18T17:52:37+10:00,2020-09-09T16:35:22+02:00
9500c8234d8e99396717b9e43f10cc518e8bf668,8ae40cf57d2138af92a3479e23f35037ae8c5c30,providers/implementations/encode_decode/decode_ms2key.c,"('12964', '')",2021-03-18T17:52:37+10:00,2020-09-09T16:35:22+02:00
9500c8234d8e99396717b9e43f10cc518e8bf668,8ae40cf57d2138af92a3479e23f35037ae8c5c30,providers/implementations/encode_decode/decode_pem2der.c,"('12964', '')",2021-03-18T17:52:37+10:00,2020-09-09T16:35:22+02:00
9500c8234d8e99396717b9e43f10cc518e8bf668,111dc4b0f1e961afd6fc998ef443d9004356c046,providers/implementations/encode_decode/encode_key2any.c,"('12964', '')",2021-03-18T17:52:37+10:00,2020-09-20T17:31:22+02:00
9500c8234d8e99396717b9e43f10cc518e8bf668,c8182743a7764ba8c9e61665722cae06fa8edb62,providers/implementations/encode_decode/encode_key2blob.c,"('12964', '')",2021-03-18T17:52:37+10:00,2021-02-27T16:14:09+01:00
9500c8234d8e99396717b9e43f10cc518e8bf668,0cc0164d193f6071a9d06b2116a410f8139a7e3c,providers/implementations/encode_decode/encode_key2ms.c,"('12964', '')",2021-03-18T17:52:37+10:00,2020-12-15T14:27:37+01:00
9500c8234d8e99396717b9e43f10cc518e8bf668,8ae40cf57d2138af92a3479e23f35037ae8c5c30,providers/implementations/encode_decode/encode_key2text.c,"('12964', '')",2021-03-18T17:52:37+10:00,2020-09-09T16:35:22+02:00
9500c8234d8e99396717b9e43f10cc518e8bf668,ca94057fc3aabdcdd87c6c6cc9b68459bd433fc7,providers/implementations/exchange/kdf_exch.c,"('12964', '')",2021-03-18T17:52:37+10:00,2020-09-12T16:46:20+10:00
9500c8234d8e99396717b9e43f10cc518e8bf668,ac2d58c72b4dc4a8c74eef893000306bf78a30fd,providers/implementations/exchange/kdf_exch.c,"('12964', '')",2021-03-18T17:52:37+10:00,2020-08-10T14:51:57+01:00
9500c8234d8e99396717b9e43f10cc518e8bf668,ac2d58c72b4dc4a8c74eef893000306bf78a30fd,providers/implementations/include/prov/kdfexchange.h,"('12964', '')",2021-03-18T17:52:37+10:00,2020-08-10T14:51:57+01:00
9500c8234d8e99396717b9e43f10cc518e8bf668,dec95d75897125133380c7ce3c6ce58c93c06f10,providers/implementations/kdfs/pbkdf2.c,"('12964', '')",2021-03-18T17:52:37+10:00,2019-10-10T14:12:15+02:00
9500c8234d8e99396717b9e43f10cc518e8bf668,dec95d75897125133380c7ce3c6ce58c93c06f10,providers/implementations/kdfs/pbkdf2.h,"('12964', '')",2021-03-18T17:52:37+10:00,2019-10-10T14:12:15+02:00
9500c8234d8e99396717b9e43f10cc518e8bf668,dec95d75897125133380c7ce3c6ce58c93c06f10,providers/implementations/kdfs/pbkdf2_fips.c,"('12964', '')",2021-03-18T17:52:37+10:00,2019-10-10T14:12:15+02:00
9500c8234d8e99396717b9e43f10cc518e8bf668,ac2d58c72b4dc4a8c74eef893000306bf78a30fd,providers/implementations/keymgmt/kdf_legacy_kmgmt.c,"('12964', '')",2021-03-18T17:52:37+10:00,2020-08-10T14:51:57+01:00
9500c8234d8e99396717b9e43f10cc518e8bf668,63f187cfedd21550094b5d69a52f7f617545b209,providers/implementations/storemgmt/file_store.c,"('12964', '')",2021-03-18T17:52:37+10:00,2020-09-03T17:48:32+02:00
9500c8234d8e99396717b9e43f10cc518e8bf668,141cc94e44db93cded4ce3f0d97b9b5b928f43f2,providers/implementations/storemgmt/file_store_der2obj.c,"('12964', '')",2021-03-18T17:52:37+10:00,2021-03-11T09:25:57+10:00
9500c8234d8e99396717b9e43f10cc518e8bf668,f32af93c924dca25728d8e7b85b8e4b660154e12,test/hexstr_test.c,"('12964', '')",2021-03-18T17:52:37+10:00,2020-05-26T12:44:36+10:00
1335ca4b0799d1714a2f8e21525cb23edf660e93,b3599dbb6af7e28efae5f08ace99cc75f5e90b2f,crypto/init.c,"('12964', '')",2021-03-18T17:52:37+10:00,2016-04-13T08:59:03+01:00
1335ca4b0799d1714a2f8e21525cb23edf660e93,5c64173586386a7c73e6431166c96eb43ae0baa2,crypto/init.c,"('12964', '')",2021-03-18T17:52:37+10:00,2019-03-06T11:15:13+01:00
1335ca4b0799d1714a2f8e21525cb23edf660e93,03bede0cc8418e056d4ac551fbdc2283e0e9491f,crypto/rand/prov_seed.c,"('12964', '')",2021-03-18T17:52:37+10:00,2020-11-20T08:24:21+10:00
1335ca4b0799d1714a2f8e21525cb23edf660e93,7d615e2178fbffa53f05a67f68e5741374340308,crypto/rand/rand_lib.c,"('12964', '')",2021-03-18T17:52:37+10:00,2020-08-07T14:16:47+10:00
1335ca4b0799d1714a2f8e21525cb23edf660e93,e2d227bb4a25bb75354a40816439630a8162f073,crypto/rand/rand_lib.c,"('12964', '')",2021-03-18T17:52:37+10:00,2018-11-09T13:34:48+01:00
1335ca4b0799d1714a2f8e21525cb23edf660e93,da8fc25a989cf4f4d26d626a85477e8a9282da12,crypto/rand/rand_lib.c,"('12964', '')",2021-03-18T17:52:37+10:00,2017-07-15T01:51:34-04:00
1335ca4b0799d1714a2f8e21525cb23edf660e93,bc420ebea2c5ad813779ac3395f1c5a1083d49c5,crypto/rand/rand_lib.c,"('12964', '')",2021-03-18T17:52:37+10:00,2018-08-22T10:53:49+02:00
1335ca4b0799d1714a2f8e21525cb23edf660e93,3064b55134434a0b2850f07eff57120f35bb269a,crypto/rand/rand_lib.c,"('12964', '')",2021-03-18T17:52:37+10:00,2018-10-16T22:15:43+02:00
1335ca4b0799d1714a2f8e21525cb23edf660e93,75e2c877650444fb829547bdb58d46eb1297bc1a,crypto/rand/rand_lib.c,"('12964', '')",2021-03-18T17:52:37+10:00,2017-08-03T09:23:28-04:00
1335ca4b0799d1714a2f8e21525cb23edf660e93,c7504aeb640a88949dfe3146f7e0f275f517464c,crypto/rand/rand_lib.c,"('12964', '')",2021-03-18T17:52:37+10:00,2018-06-27T07:15:36+10:00
1335ca4b0799d1714a2f8e21525cb23edf660e93,6decf9436f77ff65ed8ed773268663a9273cfbc8,crypto/rand/rand_lib.c,"('12964', '')",2021-03-18T17:52:37+10:00,2018-03-15T18:58:38+01:00
1335ca4b0799d1714a2f8e21525cb23edf660e93,b3d113ed2993801ee643126118ccf6592ad18ef7,crypto/rand/rand_lib.c,"('12964', '')",2021-03-18T17:52:37+10:00,2019-03-22T15:21:59+10:00
1335ca4b0799d1714a2f8e21525cb23edf660e93,75e2c877650444fb829547bdb58d46eb1297bc1a,crypto/rand/rand_local.h,"('12964', '')",2021-03-18T17:52:37+10:00,2017-08-03T09:23:28-04:00
1335ca4b0799d1714a2f8e21525cb23edf660e93,7d615e2178fbffa53f05a67f68e5741374340308,crypto/rand/rand_meth.c,"('12964', '')",2021-03-18T17:52:37+10:00,2020-08-07T14:16:47+10:00
1335ca4b0799d1714a2f8e21525cb23edf660e93,bcdea3badfdbcdcd22591c5ea1744a19fb723fcf,crypto/rand/rand_pool.c,"('12964', '')",2021-03-18T17:52:37+10:00,2020-06-24T20:05:41+10:00
1335ca4b0799d1714a2f8e21525cb23edf660e93,b3599dbb6af7e28efae5f08ace99cc75f5e90b2f,include/crypto/rand.h,"('12964', '')",2021-03-18T17:52:37+10:00,2016-04-13T08:59:03+01:00
1335ca4b0799d1714a2f8e21525cb23edf660e93,c7504aeb640a88949dfe3146f7e0f275f517464c,include/crypto/rand.h,"('12964', '')",2021-03-18T17:52:37+10:00,2018-06-27T07:15:36+10:00
1335ca4b0799d1714a2f8e21525cb23edf660e93,bcdea3badfdbcdcd22591c5ea1744a19fb723fcf,include/crypto/rand_pool.h,"('12964', '')",2021-03-18T17:52:37+10:00,2020-06-24T20:05:41+10:00
1335ca4b0799d1714a2f8e21525cb23edf660e93,e1c5b1f6b4b92b819992cab702b6fdfc2960461c,providers/implementations/include/prov/seeding.h,"('12964', '')",2021-03-18T17:52:37+10:00,2020-06-24T20:05:41+10:00
1335ca4b0799d1714a2f8e21525cb23edf660e93,a678506e2fa1826fc3a836b66fe9110f29306a32,providers/implementations/rands/seed_src.c,"('12964', '')",2021-03-18T17:52:37+10:00,2020-12-09T22:28:52+10:00
1335ca4b0799d1714a2f8e21525cb23edf660e93,81aef6ba720971c09ad68f89d418c8d3d3f904f7,providers/implementations/rands/seed_src.c,"('12964', '')",2021-03-18T17:52:37+10:00,2020-12-09T12:20:32+10:00
1335ca4b0799d1714a2f8e21525cb23edf660e93,e1c5b1f6b4b92b819992cab702b6fdfc2960461c,providers/implementations/rands/seeding/rand_cpu_x86.c,"('12964', '')",2021-03-18T17:52:37+10:00,2020-06-24T20:05:41+10:00
1335ca4b0799d1714a2f8e21525cb23edf660e93,e1c5b1f6b4b92b819992cab702b6fdfc2960461c,providers/implementations/rands/seeding/rand_tsc.c,"('12964', '')",2021-03-18T17:52:37+10:00,2020-06-24T20:05:41+10:00
1335ca4b0799d1714a2f8e21525cb23edf660e93,5bc6bcf82d2adce982e04837b0810b1a6cd55a19,providers/implementations/rands/seeding/rand_unix.c,"('12964', '')",2021-03-18T17:52:37+10:00,2018-04-13T20:49:28+02:00
1335ca4b0799d1714a2f8e21525cb23edf660e93,630ce41e836a756423c7d834fa2b4a0f8efec871,providers/implementations/rands/seeding/rand_unix.c,"('12964', '')",2021-03-18T17:52:37+10:00,2018-08-19T12:44:05+02:00
1335ca4b0799d1714a2f8e21525cb23edf660e93,e301c147a763f67dcc5ba63eb7e2ae40d83a68aa,providers/implementations/rands/seeding/rand_unix.c,"('12964', '')",2021-03-18T17:52:37+10:00,2019-09-10T09:57:20+01:00
1335ca4b0799d1714a2f8e21525cb23edf660e93,7f791b25eb092ec78ff62e944ac3096c8d2f9311,providers/implementations/rands/seeding/rand_unix.c,"('12964', '')",2021-03-18T17:52:37+10:00,2020-06-30T09:47:57+10:00
1335ca4b0799d1714a2f8e21525cb23edf660e93,8e2bec9b8aaba602af6fda2523a15238aa49aade,providers/implementations/rands/seeding/rand_unix.c,"('12964', '')",2021-03-18T17:52:37+10:00,2018-04-04T20:14:51+02:00
1335ca4b0799d1714a2f8e21525cb23edf660e93,cca996217802077fe74711310356124a492756a8,providers/implementations/rands/seeding/rand_unix.c,"('12964', '')",2021-03-18T17:52:37+10:00,2018-08-19T12:44:05+02:00
1335ca4b0799d1714a2f8e21525cb23edf660e93,6ebb49f3f9c9333611192561979bb799fa1eb76d,providers/implementations/rands/seeding/rand_unix.c,"('12964', '')",2021-03-18T17:52:37+10:00,2018-05-02T10:18:29+02:00
1335ca4b0799d1714a2f8e21525cb23edf660e93,c7504aeb640a88949dfe3146f7e0f275f517464c,providers/implementations/rands/seeding/rand_unix.c,"('12964', '')",2021-03-18T17:52:37+10:00,2018-06-27T07:15:36+10:00
1335ca4b0799d1714a2f8e21525cb23edf660e93,6decf9436f77ff65ed8ed773268663a9273cfbc8,providers/implementations/rands/seeding/rand_unix.c,"('12964', '')",2021-03-18T17:52:37+10:00,2018-03-15T18:58:38+01:00
1335ca4b0799d1714a2f8e21525cb23edf660e93,3a5777501a97cc3fbf2884f6f3f966661a3f2e41,providers/implementations/rands/seeding/rand_unix.c,"('12964', '')",2021-03-18T17:52:37+10:00,2019-08-20T16:10:49+10:00
1335ca4b0799d1714a2f8e21525cb23edf660e93,5bc6bcf82d2adce982e04837b0810b1a6cd55a19,providers/implementations/rands/seeding/rand_vms.c,"('12964', '')",2021-03-18T17:52:37+10:00,2018-04-13T20:49:28+02:00
1335ca4b0799d1714a2f8e21525cb23edf660e93,463e6ef500ead3fefccc470ce2f82429bb060e70,providers/implementations/rands/seeding/rand_vms.c,"('12964', '')",2021-03-18T17:52:37+10:00,2018-05-03T15:13:15+02:00
1335ca4b0799d1714a2f8e21525cb23edf660e93,fc1d73bb0c4f2977c999031debc7946c9b29fc8b,providers/implementations/rands/seeding/rand_vms.c,"('12964', '')",2021-03-18T17:52:37+10:00,2018-04-03T18:24:41+02:00
1335ca4b0799d1714a2f8e21525cb23edf660e93,8e2bec9b8aaba602af6fda2523a15238aa49aade,providers/implementations/rands/seeding/rand_vms.c,"('12964', '')",2021-03-18T17:52:37+10:00,2018-04-04T20:14:51+02:00
1335ca4b0799d1714a2f8e21525cb23edf660e93,6ebb49f3f9c9333611192561979bb799fa1eb76d,providers/implementations/rands/seeding/rand_vms.c,"('12964', '')",2021-03-18T17:52:37+10:00,2018-05-02T10:18:29+02:00
1335ca4b0799d1714a2f8e21525cb23edf660e93,8b9896eb293a0861f0b8c191b7a278f176b729e6,providers/implementations/rands/seeding/rand_vms.c,"('12964', '')",2021-03-18T17:52:37+10:00,2019-11-02T11:25:21+01:00
1335ca4b0799d1714a2f8e21525cb23edf660e93,c7504aeb640a88949dfe3146f7e0f275f517464c,providers/implementations/rands/seeding/rand_vms.c,"('12964', '')",2021-03-18T17:52:37+10:00,2018-06-27T07:15:36+10:00
1335ca4b0799d1714a2f8e21525cb23edf660e93,61783db5b5c4c5edbdb47d6a7d0393782e72685d,providers/implementations/rands/seeding/rand_vxworks.c,"('12964', '')",2021-03-18T17:52:37+10:00,2019-05-02T23:32:44+02:00
1335ca4b0799d1714a2f8e21525cb23edf660e93,5bc6bcf82d2adce982e04837b0810b1a6cd55a19,providers/implementations/rands/seeding/rand_win.c,"('12964', '')",2021-03-18T17:52:37+10:00,2018-04-13T20:49:28+02:00
1335ca4b0799d1714a2f8e21525cb23edf660e93,7f791b25eb092ec78ff62e944ac3096c8d2f9311,providers/implementations/rands/seeding/rand_win.c,"('12964', '')",2021-03-18T17:52:37+10:00,2020-06-30T09:47:57+10:00
1335ca4b0799d1714a2f8e21525cb23edf660e93,8e2bec9b8aaba602af6fda2523a15238aa49aade,providers/implementations/rands/seeding/rand_win.c,"('12964', '')",2021-03-18T17:52:37+10:00,2018-04-04T20:14:51+02:00
1335ca4b0799d1714a2f8e21525cb23edf660e93,6ebb49f3f9c9333611192561979bb799fa1eb76d,providers/implementations/rands/seeding/rand_win.c,"('12964', '')",2021-03-18T17:52:37+10:00,2018-05-02T10:18:29+02:00
1335ca4b0799d1714a2f8e21525cb23edf660e93,c7504aeb640a88949dfe3146f7e0f275f517464c,providers/implementations/rands/seeding/rand_win.c,"('12964', '')",2021-03-18T17:52:37+10:00,2018-06-27T07:15:36+10:00
1335ca4b0799d1714a2f8e21525cb23edf660e93,6decf9436f77ff65ed8ed773268663a9273cfbc8,providers/implementations/rands/seeding/rand_win.c,"('12964', '')",2021-03-18T17:52:37+10:00,2018-03-15T18:58:38+01:00
adf7e6d1d63890f037625031789ed042187c3947,875a644a9047e96dfcce27af876d30460759805e,crypto/asn1/a_bitstr.c,"('12964', '')",2021-03-18T17:52:37+10:00,2004-03-15T23:15:26+00:00
adf7e6d1d63890f037625031789ed042187c3947,a338e21bd1f1654b9fc90352a45e054be1f947eb,crypto/asn1/a_bitstr.c,"('12964', '')",2021-03-18T17:52:37+10:00,2000-07-07T13:24:36+00:00
adf7e6d1d63890f037625031789ed042187c3947,6343829a391df59e46e513c84b6264ee71ad9518,crypto/asn1/a_bitstr.c,"('12964', '')",2021-03-18T17:52:37+10:00,2008-11-12T03:58:08+00:00
adf7e6d1d63890f037625031789ed042187c3947,d8652be06e2778e8898453a391deb7253e1a35a2,crypto/asn1/a_digest.c,"('12964', '')",2021-03-18T17:52:37+10:00,2020-10-01T09:25:20+01:00
adf7e6d1d63890f037625031789ed042187c3947,b425001010044adbdbcd98f8682694b30b73bbf4,crypto/asn1/a_digest.c,"('12964', '')",2021-03-18T17:52:37+10:00,2020-10-15T11:59:53+01:00
adf7e6d1d63890f037625031789ed042187c3947,cf37aaa335965902c6a022bc3c3e0162f59c0f3a,crypto/asn1/a_gentm.c,"('12964', '')",2021-03-18T17:52:37+10:00,2017-08-04T11:24:03+10:00
adf7e6d1d63890f037625031789ed042187c3947,1c455bc084837cd040f1b4877854c56f39ac70a1,crypto/asn1/a_gentm.c,"('12964', '')",2021-03-18T17:52:37+10:00,2012-11-19T15:12:07+00:00
adf7e6d1d63890f037625031789ed042187c3947,3d0f1cb9fdd630c6c920bc97bf496538717e7705,crypto/asn1/a_gentm.c,"('12964', '')",2021-03-18T17:52:37+10:00,2017-07-24T08:27:27+10:00
adf7e6d1d63890f037625031789ed042187c3947,93f7d6fc10b75814d90d804edb56947cacf8964e,crypto/asn1/a_int.c,"('12964', '')",2021-03-18T17:52:37+10:00,2017-04-04T11:29:23+02:00
adf7e6d1d63890f037625031789ed042187c3947,6c5b6cb035666d46495ccbe4a4f3d5e3a659cd40,crypto/asn1/a_int.c,"('12964', '')",2021-03-18T17:52:37+10:00,2015-05-18T18:38:42+01:00
adf7e6d1d63890f037625031789ed042187c3947,284ef5f35710b9fbff82abc20cced66d2dcff7c1,crypto/asn1/a_object.c,"('12964', '')",2021-03-18T17:52:37+10:00,2000-07-26T01:18:37+00:00
adf7e6d1d63890f037625031789ed042187c3947,875a644a9047e96dfcce27af876d30460759805e,crypto/asn1/a_object.c,"('12964', '')",2021-03-18T17:52:37+10:00,2004-03-15T23:15:26+00:00
adf7e6d1d63890f037625031789ed042187c3947,6343829a391df59e46e513c84b6264ee71ad9518,crypto/asn1/a_object.c,"('12964', '')",2021-03-18T17:52:37+10:00,2008-11-12T03:58:08+00:00
adf7e6d1d63890f037625031789ed042187c3947,cf37aaa335965902c6a022bc3c3e0162f59c0f3a,crypto/asn1/a_time.c,"('12964', '')",2021-03-18T17:52:37+10:00,2017-08-04T11:24:03+10:00
adf7e6d1d63890f037625031789ed042187c3947,48102247ff513d4c57b40b19c1d432f37b9e4b02,crypto/asn1/a_time.c,"('12964', '')",2021-03-18T17:52:37+10:00,2019-08-14T10:41:41+01:00
adf7e6d1d63890f037625031789ed042187c3947,3d0f1cb9fdd630c6c920bc97bf496538717e7705,crypto/asn1/a_time.c,"('12964', '')",2021-03-18T17:52:37+10:00,2017-07-24T08:27:27+10:00
adf7e6d1d63890f037625031789ed042187c3947,63162e3d55e38aff51e243212bc73aa27bed8c4c,crypto/asn1/a_time.c,"('12964', '')",2021-03-18T17:52:37+10:00,2021-01-20T15:55:58+01:00
adf7e6d1d63890f037625031789ed042187c3947,6215f27a83c6b9089a217dd6deab1665e0ced516,crypto/asn1/a_type.c,"('12964', '')",2021-03-18T17:52:37+10:00,2016-10-17T14:34:00+01:00
adf7e6d1d63890f037625031789ed042187c3947,cf37aaa335965902c6a022bc3c3e0162f59c0f3a,crypto/asn1/a_utctm.c,"('12964', '')",2021-03-18T17:52:37+10:00,2017-08-04T11:24:03+10:00
adf7e6d1d63890f037625031789ed042187c3947,1c455bc084837cd040f1b4877854c56f39ac70a1,crypto/asn1/a_utctm.c,"('12964', '')",2021-03-18T17:52:37+10:00,2012-11-19T15:12:07+00:00
adf7e6d1d63890f037625031789ed042187c3947,3d0f1cb9fdd630c6c920bc97bf496538717e7705,crypto/asn1/a_utctm.c,"('12964', '')",2021-03-18T17:52:37+10:00,2017-07-24T08:27:27+10:00
adf7e6d1d63890f037625031789ed042187c3947,46a6cec6998b84d85240dfb99af235c8a0854a31,crypto/asn1/a_utctm.c,"('12964', '')",2021-03-18T17:52:37+10:00,2012-11-21T14:13:20+00:00
adf7e6d1d63890f037625031789ed042187c3947,6215f27a83c6b9089a217dd6deab1665e0ced516,crypto/asn1/asn1_lib.c,"('12964', '')",2021-03-18T17:52:37+10:00,2016-10-17T14:34:00+01:00
adf7e6d1d63890f037625031789ed042187c3947,da42c2a3d752628e15b47aa7511e7044745080cb,crypto/asn1/asn1_lib.c,"('12964', '')",2021-03-18T17:52:37+10:00,2020-03-10T16:09:44+01:00
adf7e6d1d63890f037625031789ed042187c3947,9fdcc21fdc9d148f78d9cd5be34030f38cc45812,crypto/asn1/asn1_local.h,"('12964', '')",2021-03-18T17:52:37+10:00,2019-03-06T16:10:09+00:00
adf7e6d1d63890f037625031789ed042187c3947,cf37aaa335965902c6a022bc3c3e0162f59c0f3a,crypto/asn1/asn1_local.h,"('12964', '')",2021-03-18T17:52:37+10:00,2017-08-04T11:24:03+10:00
adf7e6d1d63890f037625031789ed042187c3947,c315a547e62fc8f1bdc3e9d57138871117dca6f7,crypto/asn1/asn1_local.h,"('12964', '')",2021-03-18T17:52:37+10:00,2015-03-26T00:44:22+00:00
adf7e6d1d63890f037625031789ed042187c3947,1c455bc084837cd040f1b4877854c56f39ac70a1,crypto/asn1/asn1_local.h,"('12964', '')",2021-03-18T17:52:37+10:00,2012-11-19T15:12:07+00:00
adf7e6d1d63890f037625031789ed042187c3947,c1ee50aac26c3b2261d04d61bb4154639e284b0d,crypto/asn1/asn1_local.h,"('12964', '')",2021-03-18T17:52:37+10:00,2015-03-25T15:48:16+00:00
adf7e6d1d63890f037625031789ed042187c3947,6215f27a83c6b9089a217dd6deab1665e0ced516,crypto/asn1/asn1_local.h,"('12964', '')",2021-03-18T17:52:37+10:00,2016-10-17T14:34:00+01:00
adf7e6d1d63890f037625031789ed042187c3947,3d0f1cb9fdd630c6c920bc97bf496538717e7705,crypto/asn1/asn1_local.h,"('12964', '')",2021-03-18T17:52:37+10:00,2017-07-24T08:27:27+10:00
adf7e6d1d63890f037625031789ed042187c3947,93f7d6fc10b75814d90d804edb56947cacf8964e,crypto/asn1/asn1_local.h,"('12964', '')",2021-03-18T17:52:37+10:00,2017-04-04T11:29:23+02:00
adf7e6d1d63890f037625031789ed042187c3947,03996c19c30575c48b254f10625d24f86058605b,crypto/asn1/asn1_local.h,"('12964', '')",2021-03-18T17:52:37+10:00,2017-10-24T20:52:12+02:00
adf7e6d1d63890f037625031789ed042187c3947,924663c36d47066d5307937da77fed7e872730c7,crypto/asn1/evp_asn1.c,"('12964', '')",2021-03-18T17:52:37+10:00,2020-09-08T15:43:11+02:00
adf7e6d1d63890f037625031789ed042187c3947,2c1661714856f75ebd17b2a881c913a08f0103b1,crypto/asn1/standard_methods.h,"('12964', '')",2021-03-18T17:52:37+10:00,2016-11-03T13:13:31+01:00
adf7e6d1d63890f037625031789ed042187c3947,ddb634fe6f9aeea34fe036cf804903b4240d38ac,crypto/asn1/standard_methods.h,"('12964', '')",2021-03-18T17:52:37+10:00,2018-06-19T11:29:44+01:00
adf7e6d1d63890f037625031789ed042187c3947,13735cfef69dfac2d36229810ea0400e2bc6526d,crypto/asn1/standard_methods.h,"('12964', '')",2021-03-18T17:52:37+10:00,2018-03-02T10:14:31+00:00
adf7e6d1d63890f037625031789ed042187c3947,a13727e5df57f77b39ad2b57378e8511aa9dcb37,crypto/asn1/standard_methods.h,"('12964', '')",2021-03-18T17:52:37+10:00,2017-05-30T20:38:19+01:00
adf7e6d1d63890f037625031789ed042187c3947,4e8ba7479df8c5fb23f59742f434ae0e78d1a42f,crypto/asn1/standard_methods.h,"('12964', '')",2021-03-18T17:52:37+10:00,2017-01-08T01:42:46+00:00
adf7e6d1d63890f037625031789ed042187c3947,52ad5b60e3a1fef12a1a5ea01527a90b8f92a34b,crypto/asn1/standard_methods.h,"('12964', '')",2021-03-18T17:52:37+10:00,2017-01-24T15:40:37+01:00
adf7e6d1d63890f037625031789ed042187c3947,9fdcc21fdc9d148f78d9cd5be34030f38cc45812,crypto/asn1/tasn_dec.c,"('12964', '')",2021-03-18T17:52:37+10:00,2019-03-06T16:10:09+00:00
adf7e6d1d63890f037625031789ed042187c3947,f962541d0be200055e508641ddf3a8ec8819e4df,crypto/asn1/tasn_dec.c,"('12964', '')",2021-03-18T17:52:37+10:00,2016-11-10T13:04:11+00:00
adf7e6d1d63890f037625031789ed042187c3947,c315a547e62fc8f1bdc3e9d57138871117dca6f7,crypto/asn1/tasn_dec.c,"('12964', '')",2021-03-18T17:52:37+10:00,2015-03-26T00:44:22+00:00
adf7e6d1d63890f037625031789ed042187c3947,722ca2781c975a419f83b846db0f387939dfc988,crypto/asn1/tasn_dec.c,"('12964', '')",2021-03-18T17:52:37+10:00,2001-04-02T00:59:19+00:00
adf7e6d1d63890f037625031789ed042187c3947,9d6b1ce6441c7cc6aed344f02d9f676ab5e04217,crypto/asn1/tasn_dec.c,"('12964', '')",2021-03-18T17:52:37+10:00,2000-12-08T19:09:35+00:00
adf7e6d1d63890f037625031789ed042187c3947,8106d61c354430d6bbbd7f8e7840a39efc0f5829,crypto/asn1/tasn_dec.c,"('12964', '')",2021-03-18T17:52:37+10:00,2015-03-19T11:11:02+00:00
adf7e6d1d63890f037625031789ed042187c3947,8845420f4e030092f89261510e8b65043d692cce,crypto/asn1/tasn_dec.c,"('12964', '')",2021-03-18T17:52:37+10:00,2004-04-24T17:02:48+00:00
adf7e6d1d63890f037625031789ed042187c3947,9fdcc21fdc9d148f78d9cd5be34030f38cc45812,crypto/asn1/tasn_enc.c,"('12964', '')",2021-03-18T17:52:37+10:00,2019-03-06T16:10:09+00:00
adf7e6d1d63890f037625031789ed042187c3947,9d6b1ce6441c7cc6aed344f02d9f676ab5e04217,crypto/asn1/tasn_enc.c,"('12964', '')",2021-03-18T17:52:37+10:00,2000-12-08T19:09:35+00:00
adf7e6d1d63890f037625031789ed042187c3947,8845420f4e030092f89261510e8b65043d692cce,crypto/asn1/tasn_enc.c,"('12964', '')",2021-03-18T17:52:37+10:00,2004-04-24T17:02:48+00:00
adf7e6d1d63890f037625031789ed042187c3947,0f113f3ee4d629ef9a4a30911b22b224772085e5,crypto/asn1/tasn_enc.c,"('12964', '')",2021-03-18T17:52:37+10:00,2015-01-22T09:20:09+00:00
adf7e6d1d63890f037625031789ed042187c3947,9fdcc21fdc9d148f78d9cd5be34030f38cc45812,crypto/asn1/tasn_fre.c,"('12964', '')",2021-03-18T17:52:37+10:00,2019-03-06T16:10:09+00:00
adf7e6d1d63890f037625031789ed042187c3947,c315a547e62fc8f1bdc3e9d57138871117dca6f7,crypto/asn1/tasn_fre.c,"('12964', '')",2021-03-18T17:52:37+10:00,2015-03-26T00:44:22+00:00
adf7e6d1d63890f037625031789ed042187c3947,de17bd5d7f8286d8b1f0a04a3f8f5782033f5ebd,crypto/asn1/tasn_fre.c,"('12964', '')",2021-03-18T17:52:37+10:00,2015-09-16T22:17:39+01:00
adf7e6d1d63890f037625031789ed042187c3947,6215f27a83c6b9089a217dd6deab1665e0ced516,crypto/asn1/tasn_fre.c,"('12964', '')",2021-03-18T17:52:37+10:00,2016-10-17T14:34:00+01:00
adf7e6d1d63890f037625031789ed042187c3947,687b48685931638ca5fca2a7d5e13516ad40ea4b,crypto/asn1/tasn_fre.c,"('12964', '')",2021-03-18T17:52:37+10:00,2016-06-23T14:00:47+01:00
adf7e6d1d63890f037625031789ed042187c3947,9d6b1ce6441c7cc6aed344f02d9f676ab5e04217,crypto/asn1/tasn_fre.c,"('12964', '')",2021-03-18T17:52:37+10:00,2000-12-08T19:09:35+00:00
adf7e6d1d63890f037625031789ed042187c3947,03996c19c30575c48b254f10625d24f86058605b,crypto/asn1/tasn_fre.c,"('12964', '')",2021-03-18T17:52:37+10:00,2017-10-24T20:52:12+02:00
adf7e6d1d63890f037625031789ed042187c3947,9d6b1ce6441c7cc6aed344f02d9f676ab5e04217,crypto/asn1/tasn_new.c,"('12964', '')",2021-03-18T17:52:37+10:00,2000-12-08T19:09:35+00:00
adf7e6d1d63890f037625031789ed042187c3947,fe6fcd31546db1ab019e55edd15c953c5b358559,crypto/asn1/tasn_new.c,"('12964', '')",2021-03-18T17:52:37+10:00,2017-10-24T20:52:12+02:00
adf7e6d1d63890f037625031789ed042187c3947,03996c19c30575c48b254f10625d24f86058605b,crypto/asn1/tasn_new.c,"('12964', '')",2021-03-18T17:52:37+10:00,2017-10-24T20:52:12+02:00
adf7e6d1d63890f037625031789ed042187c3947,9fdcc21fdc9d148f78d9cd5be34030f38cc45812,crypto/asn1/tasn_prn.c,"('12964', '')",2021-03-18T17:52:37+10:00,2019-03-06T16:10:09+00:00
adf7e6d1d63890f037625031789ed042187c3947,9fdcc21fdc9d148f78d9cd5be34030f38cc45812,crypto/asn1/tasn_utl.c,"('12964', '')",2021-03-18T17:52:37+10:00,2019-03-06T16:10:09+00:00
adf7e6d1d63890f037625031789ed042187c3947,9d6b1ce6441c7cc6aed344f02d9f676ab5e04217,crypto/asn1/tasn_utl.c,"('12964', '')",2021-03-18T17:52:37+10:00,2000-12-08T19:09:35+00:00
adf7e6d1d63890f037625031789ed042187c3947,f3f52d7f45967af4f70045921dfa12e6faedcc92,crypto/asn1/tasn_utl.c,"('12964', '')",2021-03-18T17:52:37+10:00,2004-04-25T12:46:39+00:00
adf7e6d1d63890f037625031789ed042187c3947,0f113f3ee4d629ef9a4a30911b22b224772085e5,crypto/asn1/tasn_utl.c,"('12964', '')",2021-03-18T17:52:37+10:00,2015-01-22T09:20:09+00:00
adf7e6d1d63890f037625031789ed042187c3947,0b3a4ef27a6c2a427dc2d4a87c52677d57c90f4c,crypto/asn1/x_algor.c,"('12964', '')",2021-03-18T17:52:37+10:00,2020-10-15T10:00:19+01:00
adf7e6d1d63890f037625031789ed042187c3947,93f7d6fc10b75814d90d804edb56947cacf8964e,crypto/asn1/x_int64.c,"('12964', '')",2021-03-18T17:52:37+10:00,2017-04-04T11:29:23+02:00
adf7e6d1d63890f037625031789ed042187c3947,7e765f46a6b3a5b2fc48e10657bea7016e5c5e4b,crypto/cmp/cmp_client.c,"('12964', '')",2021-03-18T17:52:37+10:00,2020-03-25T14:10:18+01:00
adf7e6d1d63890f037625031789ed042187c3947,d8652be06e2778e8898453a391deb7253e1a35a2,crypto/cms/cms_ess.c,"('12964', '')",2021-03-18T17:52:37+10:00,2020-10-01T09:25:20+01:00
adf7e6d1d63890f037625031789ed042187c3947,84af8027c5f2132a9166673e7a47b0f31c7cfe1d,crypto/cms/cms_ess.c,"('12964', '')",2021-03-18T17:52:37+10:00,2021-01-18T15:01:26+01:00
adf7e6d1d63890f037625031789ed042187c3947,53155f1c814be6d8bfdd77333a16ec9cee7fc3bb,crypto/cms/cms_ess.c,"('12964', '')",2021-03-18T17:52:37+10:00,2021-02-22T09:16:36+10:00
adf7e6d1d63890f037625031789ed042187c3947,0b3a4ef27a6c2a427dc2d4a87c52677d57c90f4c,crypto/cms/cms_rsa.c,"('12964', '')",2021-03-18T17:52:37+10:00,2020-10-15T10:00:19+01:00
adf7e6d1d63890f037625031789ed042187c3947,48102247ff513d4c57b40b19c1d432f37b9e4b02,crypto/ctype.c,"('12964', '')",2021-03-18T17:52:37+10:00,2019-08-14T10:41:41+01:00
adf7e6d1d63890f037625031789ed042187c3947,dc8de3e6f1eed18617dc42d41dec6c6566c2ac0c,crypto/dh/dh_ameth.c,"('12964', '')",2021-03-18T17:52:37+10:00,2020-01-24T14:09:33+10:00
adf7e6d1d63890f037625031789ed042187c3947,31d2daecb384475da13c4bf7c76a2dde0077b2f2,crypto/dh/dh_ameth.c,"('12964', '')",2021-03-18T17:52:37+10:00,2020-08-11T20:39:19+10:00
adf7e6d1d63890f037625031789ed042187c3947,afb14cda8c70d18b97bbf3419bd308ba5b65f3b9,crypto/dh/dh_ameth.c,"('12964', '')",2021-03-18T17:52:37+10:00,2011-12-07T00:32:34+00:00
adf7e6d1d63890f037625031789ed042187c3947,d3cc91eee2cba07d8908f0fea531c62863ed3ccf,crypto/dh/dh_ameth.c,"('12964', '')",2021-03-18T17:52:37+10:00,2013-08-05T15:45:01+01:00
adf7e6d1d63890f037625031789ed042187c3947,0f113f3ee4d629ef9a4a30911b22b224772085e5,crypto/dh/dh_ameth.c,"('12964', '')",2021-03-18T17:52:37+10:00,2015-01-22T09:20:09+00:00
adf7e6d1d63890f037625031789ed042187c3947,578b55144121b83a96e780f241f614759c75d1b5,crypto/dsa/dsa_ameth.c,"('12964', '')",2021-03-18T17:52:37+10:00,2016-06-04T15:08:32+02:00
adf7e6d1d63890f037625031789ed042187c3947,ddb634fe6f9aeea34fe036cf804903b4240d38ac,crypto/ec/ec_ameth.c,"('12964', '')",2021-03-18T17:52:37+10:00,2018-06-19T11:29:44+01:00
adf7e6d1d63890f037625031789ed042187c3947,0f113f3ee4d629ef9a4a30911b22b224772085e5,crypto/ec/ec_ameth.c,"('12964', '')",2021-03-18T17:52:37+10:00,2015-01-22T09:20:09+00:00
adf7e6d1d63890f037625031789ed042187c3947,13735cfef69dfac2d36229810ea0400e2bc6526d,crypto/ec/ecx_meth.c,"('12964', '')",2021-03-18T17:52:37+10:00,2018-03-02T10:14:31+00:00
adf7e6d1d63890f037625031789ed042187c3947,8ecade8bfb85b1d8a473ac12c1589ddbd5a7a431,crypto/ec/ecx_meth.c,"('12964', '')",2021-03-18T17:52:37+10:00,2017-05-30T20:38:19+01:00
adf7e6d1d63890f037625031789ed042187c3947,756b198d247d0040b7e2abed9b9b12bc6634a3ad,crypto/ec/ecx_meth.c,"('12964', '')",2021-03-18T17:52:37+10:00,2016-08-13T14:11:04+01:00
adf7e6d1d63890f037625031789ed042187c3947,924663c36d47066d5307937da77fed7e872730c7,crypto/evp/evp_lib.c,"('12964', '')",2021-03-18T17:52:37+10:00,2020-09-08T15:43:11+02:00
adf7e6d1d63890f037625031789ed042187c3947,0b3a4ef27a6c2a427dc2d4a87c52677d57c90f4c,crypto/rsa/rsa_ameth.c,"('12964', '')",2021-03-18T17:52:37+10:00,2020-10-15T10:00:19+01:00
adf7e6d1d63890f037625031789ed042187c3947,4e8ba7479df8c5fb23f59742f434ae0e78d1a42f,crypto/rsa/rsa_ameth.c,"('12964', '')",2021-03-18T17:52:37+10:00,2017-01-08T01:42:46+00:00
adf7e6d1d63890f037625031789ed042187c3947,578b55144121b83a96e780f241f614759c75d1b5,crypto/rsa/rsa_ameth.c,"('12964', '')",2021-03-18T17:52:37+10:00,2016-06-04T15:08:32+02:00
adf7e6d1d63890f037625031789ed042187c3947,da42c2a3d752628e15b47aa7511e7044745080cb,crypto/ts/ts_rsp_verify.c,"('12964', '')",2021-03-18T17:52:37+10:00,2020-03-10T16:09:44+01:00
adf7e6d1d63890f037625031789ed042187c3947,63162e3d55e38aff51e243212bc73aa27bed8c4c,crypto/x509/t_x509.c,"('12964', '')",2021-03-18T17:52:37+10:00,2021-01-20T15:55:58+01:00
adf7e6d1d63890f037625031789ed042187c3947,48102247ff513d4c57b40b19c1d432f37b9e4b02,crypto/x509/x509_vfy.c,"('12964', '')",2021-03-18T17:52:37+10:00,2019-08-14T10:41:41+01:00
adf7e6d1d63890f037625031789ed042187c3947,d8652be06e2778e8898453a391deb7253e1a35a2,crypto/x509/x_all.c,"('12964', '')",2021-03-18T17:52:37+10:00,2020-10-01T09:25:20+01:00
adf7e6d1d63890f037625031789ed042187c3947,262bd85fdead8808240f92eaea899615912001f7,include/crypto/asn1.h,"('12964', '')",2021-03-18T17:52:37+10:00,2016-08-13T14:11:04+01:00
adf7e6d1d63890f037625031789ed042187c3947,df2ee0e27d2db02660c1d15fe6a3e38be9df0a60,include/crypto/asn1.h,"('12964', '')",2021-03-18T17:52:37+10:00,2015-09-11T04:51:55+01:00
adf7e6d1d63890f037625031789ed042187c3947,578b55144121b83a96e780f241f614759c75d1b5,include/crypto/asn1.h,"('12964', '')",2021-03-18T17:52:37+10:00,2016-06-04T15:08:32+02:00
adf7e6d1d63890f037625031789ed042187c3947,0b3a4ef27a6c2a427dc2d4a87c52677d57c90f4c,include/crypto/asn1.h,"('12964', '')",2021-03-18T17:52:37+10:00,2020-10-15T10:00:19+01:00
adf7e6d1d63890f037625031789ed042187c3947,ddb634fe6f9aeea34fe036cf804903b4240d38ac,include/crypto/asn1.h,"('12964', '')",2021-03-18T17:52:37+10:00,2018-06-19T11:29:44+01:00
adf7e6d1d63890f037625031789ed042187c3947,13735cfef69dfac2d36229810ea0400e2bc6526d,include/crypto/asn1.h,"('12964', '')",2021-03-18T17:52:37+10:00,2018-03-02T10:14:31+00:00
adf7e6d1d63890f037625031789ed042187c3947,a13727e5df57f77b39ad2b57378e8511aa9dcb37,include/crypto/asn1.h,"('12964', '')",2021-03-18T17:52:37+10:00,2017-05-30T20:38:19+01:00
adf7e6d1d63890f037625031789ed042187c3947,4e8ba7479df8c5fb23f59742f434ae0e78d1a42f,include/crypto/asn1.h,"('12964', '')",2021-03-18T17:52:37+10:00,2017-01-08T01:42:46+00:00
adf7e6d1d63890f037625031789ed042187c3947,63162e3d55e38aff51e243212bc73aa27bed8c4c,include/crypto/asn1.h,"('12964', '')",2021-03-18T17:52:37+10:00,2021-01-20T15:55:58+01:00
adf7e6d1d63890f037625031789ed042187c3947,924663c36d47066d5307937da77fed7e872730c7,include/crypto/asn1.h,"('12964', '')",2021-03-18T17:52:37+10:00,2020-09-08T15:43:11+02:00
adf7e6d1d63890f037625031789ed042187c3947,48102247ff513d4c57b40b19c1d432f37b9e4b02,include/crypto/ctype.h,"('12964', '')",2021-03-18T17:52:37+10:00,2019-08-14T10:41:41+01:00
adf7e6d1d63890f037625031789ed042187c3947,d8652be06e2778e8898453a391deb7253e1a35a2,include/crypto/x509.h,"('12964', '')",2021-03-18T17:52:37+10:00,2020-10-01T09:25:20+01:00
adf7e6d1d63890f037625031789ed042187c3947,b425001010044adbdbcd98f8682694b30b73bbf4,include/crypto/x509.h,"('12964', '')",2021-03-18T17:52:37+10:00,2020-10-15T11:59:53+01:00
adf7e6d1d63890f037625031789ed042187c3947,da42c2a3d752628e15b47aa7511e7044745080cb,include/internal/cryptlib.h,"('12964', '')",2021-03-18T17:52:37+10:00,2020-03-10T16:09:44+01:00
2858156e0309031da8476e51fe76f0ce8c15010f,b8805834756434bfc6ee3840e7097e6e1a877905,crypto/asn1_dsa.c,"('12964', '')",2021-03-18T17:52:37+10:00,2019-07-12T06:26:46+10:00
2858156e0309031da8476e51fe76f0ce8c15010f,e683582bf37de45a9512aea7ff33b9a3ebdf07f4,crypto/dsa/dsa_sign.c,"('12964', '')",2021-03-18T17:52:37+10:00,2020-01-12T11:32:12+10:00
2858156e0309031da8476e51fe76f0ce8c15010f,b8805834756434bfc6ee3840e7097e6e1a877905,crypto/ec/ec_asn1.c,"('12964', '')",2021-03-18T17:52:37+10:00,2019-07-12T06:26:46+10:00
2858156e0309031da8476e51fe76f0ce8c15010f,b8805834756434bfc6ee3840e7097e6e1a877905,include/crypto/asn1_dsa.h,"('12964', '')",2021-03-18T17:52:37+10:00,2019-07-12T06:26:46+10:00
2858156e0309031da8476e51fe76f0ce8c15010f,d0b79f8631c0f522c514175be4e4fbe984cf8f6c,providers/common/der/der_sm2.h.in,"('12964', '')",2021-03-18T17:52:37+10:00,2020-09-22T08:18:09+01:00
2858156e0309031da8476e51fe76f0ce8c15010f,d0b79f8631c0f522c514175be4e4fbe984cf8f6c,providers/common/der/der_sm2_key.c,"('12964', '')",2021-03-18T17:52:37+10:00,2020-09-22T08:18:09+01:00
2858156e0309031da8476e51fe76f0ce8c15010f,d0b79f8631c0f522c514175be4e4fbe984cf8f6c,providers/common/der/der_sm2_sig.c,"('12964', '')",2021-03-18T17:52:37+10:00,2020-09-22T08:18:09+01:00
2858156e0309031da8476e51fe76f0ce8c15010f,d0b79f8631c0f522c514175be4e4fbe984cf8f6c,providers/implementations/signature/sm2sig.c,"('12964', '')",2021-03-18T17:52:37+10:00,2020-09-22T08:18:09+01:00
4158b0dc1d73ce73b9a924b77205f4d2b67abdc1,4f2271d58a36b2aee125062ffb9626c6208fa394,crypto/rsa/rsa_acvp_test_params.c,"('12964', '')",2021-03-18T17:52:37+10:00,2020-06-17T11:33:16+10:00
4158b0dc1d73ce73b9a924b77205f4d2b67abdc1,9bcc9f973b2a216461dd6f140e47ef647eb733b4,crypto/rsa/rsa_ameth.c,"('12964', '')",2021-03-18T17:52:37+10:00,2019-08-09T13:19:16+01:00
4158b0dc1d73ce73b9a924b77205f4d2b67abdc1,47e42b3c67ebe0191cad1ca8eaa83cf9abd71524,crypto/rsa/rsa_ameth.c,"('12964', '')",2021-03-18T17:52:37+10:00,2017-01-08T01:42:46+00:00
4158b0dc1d73ce73b9a924b77205f4d2b67abdc1,cfd81c6d75a9d04a0e5877ad562524e068d109d2,crypto/rsa/rsa_ameth.c,"('12964', '')",2021-03-18T17:52:37+10:00,2017-01-08T01:42:48+00:00
4158b0dc1d73ce73b9a924b77205f4d2b67abdc1,a6495479adfb8dc0b500030d4eeb007d9af4572a,crypto/rsa/rsa_ameth.c,"('12964', '')",2021-03-18T17:52:37+10:00,2020-08-01T11:51:18+10:00
4158b0dc1d73ce73b9a924b77205f4d2b67abdc1,629e369c5b163a6c7797d468a8d0ce0e37d43a3e,crypto/rsa/rsa_ameth.c,"('12964', '')",2021-03-18T17:52:37+10:00,2017-04-25T22:12:34+01:00
4158b0dc1d73ce73b9a924b77205f4d2b67abdc1,967cc3f9390740f76f6ef3c91f2aeceab1902b19,crypto/rsa/rsa_ameth.c,"('12964', '')",2021-03-18T17:52:37+10:00,2020-05-14T12:16:35+02:00
4158b0dc1d73ce73b9a924b77205f4d2b67abdc1,665d899fa6d3571da016925067ebcf1789d7d19c,crypto/rsa/rsa_asn1.c,"('12964', '')",2021-03-18T17:52:37+10:00,2017-11-21T14:38:42+08:00
4158b0dc1d73ce73b9a924b77205f4d2b67abdc1,4f2271d58a36b2aee125062ffb9626c6208fa394,crypto/rsa/rsa_backend.c,"('12964', '')",2021-03-18T17:52:37+10:00,2020-06-17T11:33:16+10:00
4158b0dc1d73ce73b9a924b77205f4d2b67abdc1,3bded9cd35077363d1e70ac5fa8ad827b5dcc0b8,crypto/rsa/rsa_chk.c,"('12964', '')",2021-03-18T17:52:37+10:00,2017-11-28T20:05:48+01:00
4158b0dc1d73ce73b9a924b77205f4d2b67abdc1,665d899fa6d3571da016925067ebcf1789d7d19c,crypto/rsa/rsa_gen.c,"('12964', '')",2021-03-18T17:52:37+10:00,2017-11-21T14:38:42+08:00
4158b0dc1d73ce73b9a924b77205f4d2b67abdc1,3bded9cd35077363d1e70ac5fa8ad827b5dcc0b8,crypto/rsa/rsa_gen.c,"('12964', '')",2021-03-18T17:52:37+10:00,2017-11-28T20:05:48+01:00
4158b0dc1d73ce73b9a924b77205f4d2b67abdc1,c3a4fa4cb849ba300d4691154c0c12ac19d24710,crypto/rsa/rsa_lib.c,"('12964', '')",2021-03-18T17:52:37+10:00,2019-10-17T18:07:45+02:00
4158b0dc1d73ce73b9a924b77205f4d2b67abdc1,665d899fa6d3571da016925067ebcf1789d7d19c,crypto/rsa/rsa_lib.c,"('12964', '')",2021-03-18T17:52:37+10:00,2017-11-21T14:38:42+08:00
4158b0dc1d73ce73b9a924b77205f4d2b67abdc1,4f2271d58a36b2aee125062ffb9626c6208fa394,crypto/rsa/rsa_lib.c,"('12964', '')",2021-03-18T17:52:37+10:00,2020-06-17T11:33:16+10:00
4158b0dc1d73ce73b9a924b77205f4d2b67abdc1,0122add6549c7d5671f77a81c5a32571a5d46f3f,crypto/rsa/rsa_lib.c,"('12964', '')",2021-03-18T17:52:37+10:00,2017-11-28T20:04:57+01:00
4158b0dc1d73ce73b9a924b77205f4d2b67abdc1,665d899fa6d3571da016925067ebcf1789d7d19c,crypto/rsa/rsa_local.h,"('12964', '')",2021-03-18T17:52:37+10:00,2017-11-21T14:38:42+08:00
4158b0dc1d73ce73b9a924b77205f4d2b67abdc1,0122add6549c7d5671f77a81c5a32571a5d46f3f,crypto/rsa/rsa_local.h,"('12964', '')",2021-03-18T17:52:37+10:00,2017-11-28T20:04:57+01:00
4158b0dc1d73ce73b9a924b77205f4d2b67abdc1,47e42b3c67ebe0191cad1ca8eaa83cf9abd71524,crypto/rsa/rsa_local.h,"('12964', '')",2021-03-18T17:52:37+10:00,2017-01-08T01:42:46+00:00
4158b0dc1d73ce73b9a924b77205f4d2b67abdc1,cfd81c6d75a9d04a0e5877ad562524e068d109d2,crypto/rsa/rsa_local.h,"('12964', '')",2021-03-18T17:52:37+10:00,2017-01-08T01:42:48+00:00
4158b0dc1d73ce73b9a924b77205f4d2b67abdc1,665d899fa6d3571da016925067ebcf1789d7d19c,crypto/rsa/rsa_mp.c,"('12964', '')",2021-03-18T17:52:37+10:00,2017-11-21T14:38:42+08:00
4158b0dc1d73ce73b9a924b77205f4d2b67abdc1,0122add6549c7d5671f77a81c5a32571a5d46f3f,crypto/rsa/rsa_mp.c,"('12964', '')",2021-03-18T17:52:37+10:00,2017-11-28T20:04:57+01:00
4158b0dc1d73ce73b9a924b77205f4d2b67abdc1,e64b2b5c839efb89403b4894f1ed43d5b8131201,crypto/rsa/rsa_pmeth.c,"('12964', '')",2021-03-18T17:52:37+10:00,2017-01-08T01:42:48+00:00
4158b0dc1d73ce73b9a924b77205f4d2b67abdc1,4f59b6587f1c660dfe61c368ede1c4e34e03164d,crypto/rsa/rsa_pmeth.c,"('12964', '')",2021-03-18T17:52:37+10:00,2006-04-10T01:06:17+00:00
4158b0dc1d73ce73b9a924b77205f4d2b67abdc1,59029ca1134b5eb3b9d56190ff330120f3344e89,crypto/rsa/rsa_pmeth.c,"('12964', '')",2021-03-18T17:52:37+10:00,2017-01-08T01:42:49+00:00
4158b0dc1d73ce73b9a924b77205f4d2b67abdc1,75d44c0452e8807dcd9dd126390dd8df35c57efa,crypto/rsa/rsa_pmeth.c,"('12964', '')",2021-03-18T17:52:37+10:00,2006-04-09T21:24:48+00:00
4158b0dc1d73ce73b9a924b77205f4d2b67abdc1,c80c7bf999e8d80edee0bbde8e1d4fe690d6ec85,crypto/rsa/rsa_sign.c,"('12964', '')",2021-03-18T17:52:37+10:00,2006-09-21T13:11:24+00:00
4158b0dc1d73ce73b9a924b77205f4d2b67abdc1,608a026494c1e7a14f6d6cfcc5e4994fe2728836,crypto/rsa/rsa_sign.c,"('12964', '')",2021-03-18T17:52:37+10:00,2016-11-07T21:04:54+01:00
4158b0dc1d73ce73b9a924b77205f4d2b67abdc1,0f113f3ee4d629ef9a4a30911b22b224772085e5,crypto/rsa/rsa_sign.c,"('12964', '')",2021-03-18T17:52:37+10:00,2015-01-22T09:20:09+00:00
4158b0dc1d73ce73b9a924b77205f4d2b67abdc1,6f4b7663150e2ee264836dbc5b338bd979828312,include/crypto/rsa.h,"('12964', '')",2021-03-18T17:52:37+10:00,2020-02-22T01:07:15+01:00
4158b0dc1d73ce73b9a924b77205f4d2b67abdc1,4f2271d58a36b2aee125062ffb9626c6208fa394,include/crypto/rsa.h,"('12964', '')",2021-03-18T17:52:37+10:00,2020-06-17T11:33:16+10:00
4158b0dc1d73ce73b9a924b77205f4d2b67abdc1,4f2271d58a36b2aee125062ffb9626c6208fa394,providers/implementations/keymgmt/rsa_kmgmt.c,"('12964', '')",2021-03-18T17:52:37+10:00,2020-06-17T11:33:16+10:00
4158b0dc1d73ce73b9a924b77205f4d2b67abdc1,6f4b7663150e2ee264836dbc5b338bd979828312,providers/implementations/signature/rsa.c,"('12964', '')",2021-03-18T17:52:37+10:00,2020-02-22T01:07:15+01:00
47864aeafd2ca0ea551f00df99c4c598b53c5912,4b68cb41d1c07ffd21a0fa5da811b1f0d45d7b16,crypto/ct/ct_local.h,"('12964', '')",2021-03-18T17:52:37+10:00,2016-06-11T16:43:49+02:00
47864aeafd2ca0ea551f00df99c4c598b53c5912,4b68cb41d1c07ffd21a0fa5da811b1f0d45d7b16,crypto/ct/ct_x509v3.c,"('12964', '')",2021-03-18T17:52:37+10:00,2016-06-11T16:43:49+02:00
47864aeafd2ca0ea551f00df99c4c598b53c5912,560b79cbff4bc4c6898a862b18b4a00961099095,crypto/ocsp/v3_ocsp.c,"('12964', '')",2021-03-18T17:52:37+10:00,2007-01-21T13:07:17+00:00
47864aeafd2ca0ea551f00df99c4c598b53c5912,ba67253db19d0319f672d47aa359032e5e66d1b8,crypto/x509/ext_dat.h,"('12964', '')",2021-03-18T17:52:37+10:00,2015-12-10T19:27:40+01:00
47864aeafd2ca0ea551f00df99c4c598b53c5912,df2ee0e27d2db02660c1d15fe6a3e38be9df0a60,crypto/x509/ext_dat.h,"('12964', '')",2021-03-18T17:52:37+10:00,2015-09-11T04:51:55+01:00
47864aeafd2ca0ea551f00df99c4c598b53c5912,6103f39c0d79e86b58ae9437bc4c55a513a5e1dd,crypto/x509/ext_dat.h,"('12964', '')",2021-03-18T17:52:37+10:00,2020-02-28T18:01:16+03:00
47864aeafd2ca0ea551f00df99c4c598b53c5912,0c9d6818c85ad185ac7a8904c70486724473420b,crypto/x509/ext_dat.h,"('12964', '')",2021-03-18T17:52:37+10:00,2017-06-20T09:25:30-04:00
47864aeafd2ca0ea551f00df99c4c598b53c5912,71f852802f453db9be24bb83385288c7d7b83ae1,crypto/x509/ext_dat.h,"('12964', '')",2021-03-18T17:52:37+10:00,2020-03-25T15:33:53+03:00
47864aeafd2ca0ea551f00df99c4c598b53c5912,5f5edd7d3eb20c39177b9fa6422f1db57634e9e3,crypto/x509/ext_dat.h,"('12964', '')",2021-03-18T17:52:37+10:00,2019-10-17T09:16:45+02:00
47864aeafd2ca0ea551f00df99c4c598b53c5912,4b68cb41d1c07ffd21a0fa5da811b1f0d45d7b16,crypto/x509/ext_dat.h,"('12964', '')",2021-03-18T17:52:37+10:00,2016-06-11T16:43:49+02:00
47864aeafd2ca0ea551f00df99c4c598b53c5912,f12d6273a508b9bc8eaee4d87918fe0401d747f2,crypto/x509/standard_exts.h,"('12964', '')",2021-03-18T17:52:37+10:00,2016-11-03T13:13:31+01:00
47864aeafd2ca0ea551f00df99c4c598b53c5912,6103f39c0d79e86b58ae9437bc4c55a513a5e1dd,crypto/x509/standard_exts.h,"('12964', '')",2021-03-18T17:52:37+10:00,2020-02-28T18:01:16+03:00
47864aeafd2ca0ea551f00df99c4c598b53c5912,71f852802f453db9be24bb83385288c7d7b83ae1,crypto/x509/standard_exts.h,"('12964', '')",2021-03-18T17:52:37+10:00,2020-03-25T15:33:53+03:00
47864aeafd2ca0ea551f00df99c4c598b53c5912,0c9d6818c85ad185ac7a8904c70486724473420b,crypto/x509/standard_exts.h,"('12964', '')",2021-03-18T17:52:37+10:00,2017-06-20T09:25:30-04:00
47864aeafd2ca0ea551f00df99c4c598b53c5912,560b79cbff4bc4c6898a862b18b4a00961099095,crypto/x509/v3_addr.c,"('12964', '')",2021-03-18T17:52:37+10:00,2007-01-21T13:07:17+00:00
47864aeafd2ca0ea551f00df99c4c598b53c5912,96ea4ae91c7fda9fd28a013182b0e8dc67b7ac7d,crypto/x509/v3_addr.c,"('12964', '')",2021-03-18T17:52:37+10:00,2006-11-27T14:18:05+00:00
47864aeafd2ca0ea551f00df99c4c598b53c5912,5f5edd7d3eb20c39177b9fa6422f1db57634e9e3,crypto/x509/v3_addr.c,"('12964', '')",2021-03-18T17:52:37+10:00,2019-10-17T09:16:45+02:00
47864aeafd2ca0ea551f00df99c4c598b53c5912,0c9d6818c85ad185ac7a8904c70486724473420b,crypto/x509/v3_admis.c,"('12964', '')",2021-03-18T17:52:37+10:00,2017-06-20T09:25:30-04:00
47864aeafd2ca0ea551f00df99c4c598b53c5912,41e597a01d95540f52e8bc4d69f88c3d93a093ce,crypto/x509/v3_akid.c,"('12964', '')",2021-03-18T17:52:37+10:00,2021-01-13T11:53:15+01:00
47864aeafd2ca0ea551f00df99c4c598b53c5912,0f113f3ee4d629ef9a4a30911b22b224772085e5,crypto/x509/v3_akid.c,"('12964', '')",2021-03-18T17:52:37+10:00,2015-01-22T09:20:09+00:00
47864aeafd2ca0ea551f00df99c4c598b53c5912,560b79cbff4bc4c6898a862b18b4a00961099095,crypto/x509/v3_asid.c,"('12964', '')",2021-03-18T17:52:37+10:00,2007-01-21T13:07:17+00:00
47864aeafd2ca0ea551f00df99c4c598b53c5912,5f5edd7d3eb20c39177b9fa6422f1db57634e9e3,crypto/x509/v3_asid.c,"('12964', '')",2021-03-18T17:52:37+10:00,2019-10-17T09:16:45+02:00
47864aeafd2ca0ea551f00df99c4c598b53c5912,560b79cbff4bc4c6898a862b18b4a00961099095,crypto/x509/v3_bcons.c,"('12964', '')",2021-03-18T17:52:37+10:00,2007-01-21T13:07:17+00:00
47864aeafd2ca0ea551f00df99c4c598b53c5912,0f113f3ee4d629ef9a4a30911b22b224772085e5,crypto/x509/v3_bitst.c,"('12964', '')",2021-03-18T17:52:37+10:00,2015-01-22T09:20:09+00:00
47864aeafd2ca0ea551f00df99c4c598b53c5912,560b79cbff4bc4c6898a862b18b4a00961099095,crypto/x509/v3_cpols.c,"('12964', '')",2021-03-18T17:52:37+10:00,2007-01-21T13:07:17+00:00
47864aeafd2ca0ea551f00df99c4c598b53c5912,5f5edd7d3eb20c39177b9fa6422f1db57634e9e3,crypto/x509/v3_cpols.c,"('12964', '')",2021-03-18T17:52:37+10:00,2019-10-17T09:16:45+02:00
47864aeafd2ca0ea551f00df99c4c598b53c5912,0f113f3ee4d629ef9a4a30911b22b224772085e5,crypto/x509/v3_crld.c,"('12964', '')",2021-03-18T17:52:37+10:00,2015-01-22T09:20:09+00:00
47864aeafd2ca0ea551f00df99c4c598b53c5912,560b79cbff4bc4c6898a862b18b4a00961099095,crypto/x509/v3_enum.c,"('12964', '')",2021-03-18T17:52:37+10:00,2007-01-21T13:07:17+00:00
47864aeafd2ca0ea551f00df99c4c598b53c5912,560b79cbff4bc4c6898a862b18b4a00961099095,crypto/x509/v3_extku.c,"('12964', '')",2021-03-18T17:52:37+10:00,2007-01-21T13:07:17+00:00
47864aeafd2ca0ea551f00df99c4c598b53c5912,4b68cb41d1c07ffd21a0fa5da811b1f0d45d7b16,crypto/x509/v3_ia5.c,"('12964', '')",2021-03-18T17:52:37+10:00,2016-06-11T16:43:49+02:00
47864aeafd2ca0ea551f00df99c4c598b53c5912,0f113f3ee4d629ef9a4a30911b22b224772085e5,crypto/x509/v3_info.c,"('12964', '')",2021-03-18T17:52:37+10:00,2015-01-22T09:20:09+00:00
47864aeafd2ca0ea551f00df99c4c598b53c5912,560b79cbff4bc4c6898a862b18b4a00961099095,crypto/x509/v3_int.c,"('12964', '')",2021-03-18T17:52:37+10:00,2007-01-21T13:07:17+00:00
47864aeafd2ca0ea551f00df99c4c598b53c5912,71f852802f453db9be24bb83385288c7d7b83ae1,crypto/x509/v3_ist.c,"('12964', '')",2021-03-18T17:52:37+10:00,2020-03-25T15:33:53+03:00
47864aeafd2ca0ea551f00df99c4c598b53c5912,560b79cbff4bc4c6898a862b18b4a00961099095,crypto/x509/v3_ncons.c,"('12964', '')",2021-03-18T17:52:37+10:00,2007-01-21T13:07:17+00:00
47864aeafd2ca0ea551f00df99c4c598b53c5912,560b79cbff4bc4c6898a862b18b4a00961099095,crypto/x509/v3_pci.c,"('12964', '')",2021-03-18T17:52:37+10:00,2007-01-21T13:07:17+00:00
47864aeafd2ca0ea551f00df99c4c598b53c5912,560b79cbff4bc4c6898a862b18b4a00961099095,crypto/x509/v3_pcons.c,"('12964', '')",2021-03-18T17:52:37+10:00,2007-01-21T13:07:17+00:00
47864aeafd2ca0ea551f00df99c4c598b53c5912,560b79cbff4bc4c6898a862b18b4a00961099095,crypto/x509/v3_pku.c,"('12964', '')",2021-03-18T17:52:37+10:00,2007-01-21T13:07:17+00:00
47864aeafd2ca0ea551f00df99c4c598b53c5912,560b79cbff4bc4c6898a862b18b4a00961099095,crypto/x509/v3_pmaps.c,"('12964', '')",2021-03-18T17:52:37+10:00,2007-01-21T13:07:17+00:00
47864aeafd2ca0ea551f00df99c4c598b53c5912,5f5edd7d3eb20c39177b9fa6422f1db57634e9e3,crypto/x509/v3_san.c,"('12964', '')",2021-03-18T17:52:37+10:00,2019-10-17T09:16:45+02:00
47864aeafd2ca0ea551f00df99c4c598b53c5912,4b68cb41d1c07ffd21a0fa5da811b1f0d45d7b16,crypto/x509/v3_san.c,"('12964', '')",2021-03-18T17:52:37+10:00,2016-06-11T16:43:49+02:00
47864aeafd2ca0ea551f00df99c4c598b53c5912,560b79cbff4bc4c6898a862b18b4a00961099095,crypto/x509/v3_skid.c,"('12964', '')",2021-03-18T17:52:37+10:00,2007-01-21T13:07:17+00:00
47864aeafd2ca0ea551f00df99c4c598b53c5912,41e597a01d95540f52e8bc4d69f88c3d93a093ce,crypto/x509/v3_skid.c,"('12964', '')",2021-03-18T17:52:37+10:00,2021-01-13T11:53:15+01:00
47864aeafd2ca0ea551f00df99c4c598b53c5912,560b79cbff4bc4c6898a862b18b4a00961099095,crypto/x509/v3_sxnet.c,"('12964', '')",2021-03-18T17:52:37+10:00,2007-01-21T13:07:17+00:00
47864aeafd2ca0ea551f00df99c4c598b53c5912,ba67253db19d0319f672d47aa359032e5e66d1b8,crypto/x509/v3_tlsf.c,"('12964', '')",2021-03-18T17:52:37+10:00,2015-12-10T19:27:40+01:00
47864aeafd2ca0ea551f00df99c4c598b53c5912,6103f39c0d79e86b58ae9437bc4c55a513a5e1dd,crypto/x509/v3_utf8.c,"('12964', '')",2021-03-18T17:52:37+10:00,2020-02-28T18:01:16+03:00
47864aeafd2ca0ea551f00df99c4c598b53c5912,297c67fcd817ea643de2fdeff4e434b050d571e2,crypto/x509/v3_utl.c,"('12964', '')",2021-03-18T17:52:37+10:00,2014-07-07T19:11:38+10:00
47864aeafd2ca0ea551f00df99c4c598b53c5912,96ea4ae91c7fda9fd28a013182b0e8dc67b7ac7d,crypto/x509/v3_utl.c,"('12964', '')",2021-03-18T17:52:37+10:00,2006-11-27T14:18:05+00:00
47864aeafd2ca0ea551f00df99c4c598b53c5912,5f5edd7d3eb20c39177b9fa6422f1db57634e9e3,crypto/x509/v3_utl.c,"('12964', '')",2021-03-18T17:52:37+10:00,2019-10-17T09:16:45+02:00
47864aeafd2ca0ea551f00df99c4c598b53c5912,520b76ffd95cb27839471055fa4950ff9bf50be2,crypto/x509/v3_utl.c,"('12964', '')",2021-03-18T17:52:37+10:00,2003-03-24T17:04:44+00:00
47864aeafd2ca0ea551f00df99c4c598b53c5912,297c67fcd817ea643de2fdeff4e434b050d571e2,crypto/x509/x509_vpm.c,"('12964', '')",2021-03-18T17:52:37+10:00,2014-07-07T19:11:38+10:00
47864aeafd2ca0ea551f00df99c4c598b53c5912,6670d55a847f8f2415842bc085150e838d4aac5d,include/crypto/x509.h,"('12964', '')",2021-03-18T17:52:37+10:00,2016-06-09T17:15:42-04:00
47864aeafd2ca0ea551f00df99c4c598b53c5912,41e597a01d95540f52e8bc4d69f88c3d93a093ce,include/crypto/x509.h,"('12964', '')",2021-03-18T17:52:37+10:00,2021-01-13T11:53:15+01:00
054d43ff972068a0f2ec07319808ca32ad0afb5f,5435044fd6007f8a649f8fc75a043221931d4bf1,crypto/ec/curve25519.c,"('12964', '')",2021-03-18T17:52:37+10:00,2020-04-09T16:10:00+01:00
054d43ff972068a0f2ec07319808ca32ad0afb5f,a90def6b537af2de72e84c2d776c318d4bb4511a,crypto/ec/curve25519.c,"('12964', '')",2021-03-18T17:52:37+10:00,2016-02-28T22:54:54+00:00
054d43ff972068a0f2ec07319808ca32ad0afb5f,3a17b9a46ecf54a30073534dff04e3223ff98813,crypto/ec/curve25519.c,"('12964', '')",2021-03-18T17:52:37+10:00,2018-12-06T19:38:13+01:00
054d43ff972068a0f2ec07319808ca32ad0afb5f,06c6d05faea05ced44a580c5a2f8bf38a4f3017a,crypto/ec/curve25519.c,"('12964', '')",2021-03-18T17:52:37+10:00,2017-05-30T20:38:19+01:00
054d43ff972068a0f2ec07319808ca32ad0afb5f,8dbef010e7e6ecc07a9c8142cf26c8768fd55dc2,crypto/ec/curve25519.c,"('12964', '')",2021-03-18T17:52:37+10:00,2020-09-23T17:31:40+10:00
054d43ff972068a0f2ec07319808ca32ad0afb5f,b425001010044adbdbcd98f8682694b30b73bbf4,crypto/ec/curve25519.c,"('12964', '')",2021-03-18T17:52:37+10:00,2020-10-15T11:59:53+01:00
054d43ff972068a0f2ec07319808ca32ad0afb5f,db90b274a169b8027ef10fa9c5235c9698667215,crypto/ec/curve448/curve448.c,"('12964', '')",2021-03-18T17:52:37+10:00,2018-02-20T12:59:30+00:00
054d43ff972068a0f2ec07319808ca32ad0afb5f,ad0a8a5c9dc8e454e5f705e3bc0b1834e21348f8,crypto/ec/curve448/curve448.c,"('12964', '')",2021-03-18T17:52:37+10:00,2018-02-20T12:59:29+00:00
054d43ff972068a0f2ec07319808ca32ad0afb5f,e77725774638ae974a70fd8b1bc0566ccfa03ac0,crypto/ec/curve448/curve448.c,"('12964', '')",2021-03-18T17:52:37+10:00,2018-02-20T12:59:29+00:00
054d43ff972068a0f2ec07319808ca32ad0afb5f,aeeef83cb536216a414287dee1f424265283da88,crypto/ec/curve448/curve448.c,"('12964', '')",2021-03-18T17:52:37+10:00,2018-02-20T12:59:30+00:00
054d43ff972068a0f2ec07319808ca32ad0afb5f,8d55f844b08199e0ac6a2ddc501de39f3237c5e9,crypto/ec/curve448/curve448.c,"('12964', '')",2021-03-18T17:52:37+10:00,2018-02-20T12:59:30+00:00
054d43ff972068a0f2ec07319808ca32ad0afb5f,7324473f893ef135693cf983b415f19a0366d539,crypto/ec/curve448/curve448.c,"('12964', '')",2021-03-18T17:52:37+10:00,2018-02-20T12:59:29+00:00
054d43ff972068a0f2ec07319808ca32ad0afb5f,205fd6388175704bd7597dbfb571c84f868ce6da,crypto/ec/curve448/curve448.c,"('12964', '')",2021-03-18T17:52:37+10:00,2018-02-20T12:59:30+00:00
054d43ff972068a0f2ec07319808ca32ad0afb5f,a9612d6c034f47c4788c67d85651d0cd58c3faf7,crypto/ec/curve448/curve448_local.h,"('12964', '')",2021-03-18T17:52:37+10:00,2019-08-06T11:19:07+01:00
054d43ff972068a0f2ec07319808ca32ad0afb5f,8dbef010e7e6ecc07a9c8142cf26c8768fd55dc2,crypto/ec/curve448/curve448_local.h,"('12964', '')",2021-03-18T17:52:37+10:00,2020-09-23T17:31:40+10:00
054d43ff972068a0f2ec07319808ca32ad0afb5f,22bcc9cb7fbd1433924bd9738cb34f9dfbb35c91,crypto/ec/curve448/curve448_local.h,"('12964', '')",2021-03-18T17:52:37+10:00,2018-02-20T12:59:30+00:00
054d43ff972068a0f2ec07319808ca32ad0afb5f,b425001010044adbdbcd98f8682694b30b73bbf4,crypto/ec/curve448/curve448_local.h,"('12964', '')",2021-03-18T17:52:37+10:00,2020-10-15T11:59:53+01:00
054d43ff972068a0f2ec07319808ca32ad0afb5f,9fd3c858b4ceea7ff0b176c7c0a2438475898598,crypto/ec/curve448/curve448_tables.c,"('12964', '')",2021-03-18T17:52:37+10:00,2018-02-20T12:59:30+00:00
054d43ff972068a0f2ec07319808ca32ad0afb5f,db90b274a169b8027ef10fa9c5235c9698667215,crypto/ec/curve448/ed448.h,"('12964', '')",2021-03-18T17:52:37+10:00,2018-02-20T12:59:30+00:00
054d43ff972068a0f2ec07319808ca32ad0afb5f,6ea71cbabe96c5382dda51553271570535d94cbd,crypto/ec/curve448/ed448.h,"('12964', '')",2021-03-18T17:52:37+10:00,2018-02-20T12:59:30+00:00
054d43ff972068a0f2ec07319808ca32ad0afb5f,aeeef83cb536216a414287dee1f424265283da88,crypto/ec/curve448/ed448.h,"('12964', '')",2021-03-18T17:52:37+10:00,2018-02-20T12:59:30+00:00
054d43ff972068a0f2ec07319808ca32ad0afb5f,a9612d6c034f47c4788c67d85651d0cd58c3faf7,crypto/ec/curve448/ed448.h,"('12964', '')",2021-03-18T17:52:37+10:00,2019-08-06T11:19:07+01:00
054d43ff972068a0f2ec07319808ca32ad0afb5f,8d55f844b08199e0ac6a2ddc501de39f3237c5e9,crypto/ec/curve448/ed448.h,"('12964', '')",2021-03-18T17:52:37+10:00,2018-02-20T12:59:30+00:00
054d43ff972068a0f2ec07319808ca32ad0afb5f,7324473f893ef135693cf983b415f19a0366d539,crypto/ec/curve448/ed448.h,"('12964', '')",2021-03-18T17:52:37+10:00,2018-02-20T12:59:29+00:00
054d43ff972068a0f2ec07319808ca32ad0afb5f,8dbef010e7e6ecc07a9c8142cf26c8768fd55dc2,crypto/ec/curve448/ed448.h,"('12964', '')",2021-03-18T17:52:37+10:00,2020-09-23T17:31:40+10:00
054d43ff972068a0f2ec07319808ca32ad0afb5f,205fd6388175704bd7597dbfb571c84f868ce6da,crypto/ec/curve448/ed448.h,"('12964', '')",2021-03-18T17:52:37+10:00,2018-02-20T12:59:30+00:00
054d43ff972068a0f2ec07319808ca32ad0afb5f,b425001010044adbdbcd98f8682694b30b73bbf4,crypto/ec/curve448/ed448.h,"('12964', '')",2021-03-18T17:52:37+10:00,2020-10-15T11:59:53+01:00
054d43ff972068a0f2ec07319808ca32ad0afb5f,db90b274a169b8027ef10fa9c5235c9698667215,crypto/ec/curve448/eddsa.c,"('12964', '')",2021-03-18T17:52:37+10:00,2018-02-20T12:59:30+00:00
054d43ff972068a0f2ec07319808ca32ad0afb5f,22bcc9cb7fbd1433924bd9738cb34f9dfbb35c91,crypto/ec/curve448/eddsa.c,"('12964', '')",2021-03-18T17:52:37+10:00,2018-02-20T12:59:30+00:00
054d43ff972068a0f2ec07319808ca32ad0afb5f,e77725774638ae974a70fd8b1bc0566ccfa03ac0,crypto/ec/curve448/eddsa.c,"('12964', '')",2021-03-18T17:52:37+10:00,2018-02-20T12:59:29+00:00
054d43ff972068a0f2ec07319808ca32ad0afb5f,aeeef83cb536216a414287dee1f424265283da88,crypto/ec/curve448/eddsa.c,"('12964', '')",2021-03-18T17:52:37+10:00,2018-02-20T12:59:30+00:00
054d43ff972068a0f2ec07319808ca32ad0afb5f,a9612d6c034f47c4788c67d85651d0cd58c3faf7,crypto/ec/curve448/eddsa.c,"('12964', '')",2021-03-18T17:52:37+10:00,2019-08-06T11:19:07+01:00
054d43ff972068a0f2ec07319808ca32ad0afb5f,52a9587c78a135ff200b8c92f8aad7ea1bd4de75,crypto/ec/curve448/eddsa.c,"('12964', '')",2021-03-18T17:52:37+10:00,2018-02-20T12:59:30+00:00
054d43ff972068a0f2ec07319808ca32ad0afb5f,08afd2f37a4465c90b9b9e2081c9e8df4726db89,crypto/ec/curve448/eddsa.c,"('12964', '')",2021-03-18T17:52:37+10:00,2018-12-11T11:53:55+00:00
054d43ff972068a0f2ec07319808ca32ad0afb5f,7324473f893ef135693cf983b415f19a0366d539,crypto/ec/curve448/eddsa.c,"('12964', '')",2021-03-18T17:52:37+10:00,2018-02-20T12:59:29+00:00
054d43ff972068a0f2ec07319808ca32ad0afb5f,8dbef010e7e6ecc07a9c8142cf26c8768fd55dc2,crypto/ec/curve448/eddsa.c,"('12964', '')",2021-03-18T17:52:37+10:00,2020-09-23T17:31:40+10:00
054d43ff972068a0f2ec07319808ca32ad0afb5f,205fd6388175704bd7597dbfb571c84f868ce6da,crypto/ec/curve448/eddsa.c,"('12964', '')",2021-03-18T17:52:37+10:00,2018-02-20T12:59:30+00:00
054d43ff972068a0f2ec07319808ca32ad0afb5f,b425001010044adbdbcd98f8682694b30b73bbf4,crypto/ec/curve448/eddsa.c,"('12964', '')",2021-03-18T17:52:37+10:00,2020-10-15T11:59:53+01:00
054d43ff972068a0f2ec07319808ca32ad0afb5f,db90b274a169b8027ef10fa9c5235c9698667215,crypto/ec/curve448/point_448.h,"('12964', '')",2021-03-18T17:52:37+10:00,2018-02-20T12:59:30+00:00
054d43ff972068a0f2ec07319808ca32ad0afb5f,aeeef83cb536216a414287dee1f424265283da88,crypto/ec/curve448/point_448.h,"('12964', '')",2021-03-18T17:52:37+10:00,2018-02-20T12:59:30+00:00
054d43ff972068a0f2ec07319808ca32ad0afb5f,909c68ae7253a718993cf9d89412e4c9b403eb9b,crypto/ec/curve448/point_448.h,"('12964', '')",2021-03-18T17:52:37+10:00,2018-02-20T12:59:31+00:00
054d43ff972068a0f2ec07319808ca32ad0afb5f,8d55f844b08199e0ac6a2ddc501de39f3237c5e9,crypto/ec/curve448/point_448.h,"('12964', '')",2021-03-18T17:52:37+10:00,2018-02-20T12:59:30+00:00
054d43ff972068a0f2ec07319808ca32ad0afb5f,434149c7448729b5c20d61c359bd9dc367cf5604,crypto/ec/curve448/point_448.h,"('12964', '')",2021-03-18T17:52:37+10:00,2018-02-20T12:59:31+00:00
054d43ff972068a0f2ec07319808ca32ad0afb5f,09ffbc94f21ff564e5bb0bbd1c6624e608412308,crypto/ec/curve448/point_448.h,"('12964', '')",2021-03-18T17:52:37+10:00,2018-02-20T12:59:30+00:00
054d43ff972068a0f2ec07319808ca32ad0afb5f,205fd6388175704bd7597dbfb571c84f868ce6da,crypto/ec/curve448/point_448.h,"('12964', '')",2021-03-18T17:52:37+10:00,2018-02-20T12:59:30+00:00
054d43ff972068a0f2ec07319808ca32ad0afb5f,db90b274a169b8027ef10fa9c5235c9698667215,crypto/ec/curve448/scalar.c,"('12964', '')",2021-03-18T17:52:37+10:00,2018-02-20T12:59:30+00:00
054d43ff972068a0f2ec07319808ca32ad0afb5f,e77725774638ae974a70fd8b1bc0566ccfa03ac0,crypto/ec/curve448/scalar.c,"('12964', '')",2021-03-18T17:52:37+10:00,2018-02-20T12:59:29+00:00
054d43ff972068a0f2ec07319808ca32ad0afb5f,aeeef83cb536216a414287dee1f424265283da88,crypto/ec/curve448/scalar.c,"('12964', '')",2021-03-18T17:52:37+10:00,2018-02-20T12:59:30+00:00
054d43ff972068a0f2ec07319808ca32ad0afb5f,909c68ae7253a718993cf9d89412e4c9b403eb9b,crypto/ec/curve448/scalar.c,"('12964', '')",2021-03-18T17:52:37+10:00,2018-02-20T12:59:31+00:00
054d43ff972068a0f2ec07319808ca32ad0afb5f,8d55f844b08199e0ac6a2ddc501de39f3237c5e9,crypto/ec/curve448/scalar.c,"('12964', '')",2021-03-18T17:52:37+10:00,2018-02-20T12:59:30+00:00
054d43ff972068a0f2ec07319808ca32ad0afb5f,205fd6388175704bd7597dbfb571c84f868ce6da,crypto/ec/curve448/scalar.c,"('12964', '')",2021-03-18T17:52:37+10:00,2018-02-20T12:59:30+00:00
054d43ff972068a0f2ec07319808ca32ad0afb5f,969024b4580172b1cd836550e227d64515c628bc,crypto/ec/ecx_backend.c,"('12964', '')",2021-03-18T17:52:37+10:00,2020-05-04T09:30:55+01:00
054d43ff972068a0f2ec07319808ca32ad0afb5f,8dbef010e7e6ecc07a9c8142cf26c8768fd55dc2,crypto/ec/ecx_backend.c,"('12964', '')",2021-03-18T17:52:37+10:00,2020-09-23T17:31:40+10:00
054d43ff972068a0f2ec07319808ca32ad0afb5f,13735cfef69dfac2d36229810ea0400e2bc6526d,crypto/ec/ecx_meth.c,"('12964', '')",2021-03-18T17:52:37+10:00,2018-03-02T10:14:31+00:00
054d43ff972068a0f2ec07319808ca32ad0afb5f,8dbef010e7e6ecc07a9c8142cf26c8768fd55dc2,crypto/ec/ecx_meth.c,"('12964', '')",2021-03-18T17:52:37+10:00,2020-09-23T17:31:40+10:00
054d43ff972068a0f2ec07319808ca32ad0afb5f,5435044fd6007f8a649f8fc75a043221931d4bf1,crypto/ec/ecx_meth.c,"('12964', '')",2021-03-18T17:52:37+10:00,2020-04-09T16:10:00+01:00
054d43ff972068a0f2ec07319808ca32ad0afb5f,5435044fd6007f8a649f8fc75a043221931d4bf1,include/crypto/ecx.h,"('12964', '')",2021-03-18T17:52:37+10:00,2020-04-09T16:10:00+01:00
054d43ff972068a0f2ec07319808ca32ad0afb5f,3965480c824c9823db7803cc1a403be863cecc00,include/crypto/ecx.h,"('12964', '')",2021-03-18T17:52:37+10:00,2020-03-09T07:59:15+00:00
054d43ff972068a0f2ec07319808ca32ad0afb5f,8dbef010e7e6ecc07a9c8142cf26c8768fd55dc2,include/crypto/ecx.h,"('12964', '')",2021-03-18T17:52:37+10:00,2020-09-23T17:31:40+10:00
054d43ff972068a0f2ec07319808ca32ad0afb5f,4de88fe6daad0b7bd65b20bc887ff1ac62ae2ce8,include/crypto/ecx.h,"('12964', '')",2021-03-18T17:52:37+10:00,2020-02-11T22:32:47+00:00
054d43ff972068a0f2ec07319808ca32ad0afb5f,b425001010044adbdbcd98f8682694b30b73bbf4,include/crypto/ecx.h,"('12964', '')",2021-03-18T17:52:37+10:00,2020-10-15T11:59:53+01:00
054d43ff972068a0f2ec07319808ca32ad0afb5f,6f7d213533d9c7c2d810499cfedaa6d2424482c9,providers/implementations/exchange/ecx_exch.c,"('12964', '')",2021-03-18T17:52:37+10:00,2020-02-11T22:32:56+00:00
054d43ff972068a0f2ec07319808ca32ad0afb5f,43cd37014ef4433ae8e82ba64bddc42cf0bd618a,providers/implementations/keymgmt/ecx_kmgmt.c,"('12964', '')",2021-03-18T17:52:37+10:00,2020-04-17T19:51:37+10:00
054d43ff972068a0f2ec07319808ca32ad0afb5f,8dbef010e7e6ecc07a9c8142cf26c8768fd55dc2,providers/implementations/keymgmt/ecx_kmgmt.c,"('12964', '')",2021-03-18T17:52:37+10:00,2020-09-23T17:31:40+10:00
054d43ff972068a0f2ec07319808ca32ad0afb5f,f0591559f6f4697768f516da11ba5557842191b0,providers/implementations/keymgmt/ecx_kmgmt.c,"('12964', '')",2021-03-18T17:52:37+10:00,2020-12-11T10:53:19+10:00
054d43ff972068a0f2ec07319808ca32ad0afb5f,8dbef010e7e6ecc07a9c8142cf26c8768fd55dc2,providers/implementations/signature/eddsa.c,"('12964', '')",2021-03-18T17:52:37+10:00,2020-09-23T17:31:40+10:00
054d43ff972068a0f2ec07319808ca32ad0afb5f,3965480c824c9823db7803cc1a403be863cecc00,providers/implementations/signature/eddsa.c,"('12964', '')",2021-03-18T17:52:37+10:00,2020-03-09T07:59:15+00:00
054d43ff972068a0f2ec07319808ca32ad0afb5f,5435044fd6007f8a649f8fc75a043221931d4bf1,providers/implementations/signature/eddsa.c,"('12964', '')",2021-03-18T17:52:37+10:00,2020-04-09T16:10:00+01:00
054d43ff972068a0f2ec07319808ca32ad0afb5f,a9612d6c034f47c4788c67d85651d0cd58c3faf7,test/curve448_internal_test.c,"('12964', '')",2021-03-18T17:52:37+10:00,2019-08-06T11:19:07+01:00
054d43ff972068a0f2ec07319808ca32ad0afb5f,8dbef010e7e6ecc07a9c8142cf26c8768fd55dc2,test/curve448_internal_test.c,"('12964', '')",2021-03-18T17:52:37+10:00,2020-09-23T17:31:40+10:00
054d43ff972068a0f2ec07319808ca32ad0afb5f,e54f5f397acde3798f2666c0fb3e797c50d571cf,test/curve448_internal_test.c,"('12964', '')",2021-03-18T17:52:37+10:00,2018-02-20T12:59:30+00:00
f148f7034c9e2f9155ca4a8e51cbe7af02f8600a,b3599dbb6af7e28efae5f08ace99cc75f5e90b2f,crypto/comp/c_zlib.c,"('12964', '')",2021-03-18T17:52:37+10:00,2016-04-13T08:59:03+01:00
f148f7034c9e2f9155ca4a8e51cbe7af02f8600a,d8f031e890d35887047c35b60347ac385b989065,crypto/conf/conf_local.h,"('12964', '')",2021-03-18T17:52:37+10:00,2018-04-05T15:30:12+01:00
f148f7034c9e2f9155ca4a8e51cbe7af02f8600a,d8f031e890d35887047c35b60347ac385b989065,crypto/conf/conf_mall.c,"('12964', '')",2021-03-18T17:52:37+10:00,2018-04-05T15:30:12+01:00
f148f7034c9e2f9155ca4a8e51cbe7af02f8600a,b3599dbb6af7e28efae5f08ace99cc75f5e90b2f,crypto/conf/conf_mod.c,"('12964', '')",2021-03-18T17:52:37+10:00,2016-04-13T08:59:03+01:00
f148f7034c9e2f9155ca4a8e51cbe7af02f8600a,b3599dbb6af7e28efae5f08ace99cc75f5e90b2f,crypto/conf/conf_sap.c,"('12964', '')",2021-03-18T17:52:37+10:00,2016-04-13T08:59:03+01:00
f148f7034c9e2f9155ca4a8e51cbe7af02f8600a,df1f538f28c10f2954757164b17781040d2355ef,crypto/conf/conf_sap.c,"('12964', '')",2021-03-18T17:52:37+10:00,2019-01-07T14:02:28-05:00
f148f7034c9e2f9155ca4a8e51cbe7af02f8600a,d8f031e890d35887047c35b60347ac385b989065,crypto/conf/conf_ssl.c,"('12964', '')",2021-03-18T17:52:37+10:00,2018-04-05T15:30:12+01:00
f148f7034c9e2f9155ca4a8e51cbe7af02f8600a,ae031148fde2b55238d56dcbe4ac05625382d970,crypto/init.c,"('12964', '')",2021-03-18T17:52:37+10:00,2020-12-24T12:36:40+01:00
f148f7034c9e2f9155ca4a8e51cbe7af02f8600a,df1f538f28c10f2954757164b17781040d2355ef,crypto/init.c,"('12964', '')",2021-03-18T17:52:37+10:00,2019-01-07T14:02:28-05:00
f148f7034c9e2f9155ca4a8e51cbe7af02f8600a,5c64173586386a7c73e6431166c96eb43ae0baa2,crypto/init.c,"('12964', '')",2021-03-18T17:52:37+10:00,2019-03-06T11:15:13+01:00
f148f7034c9e2f9155ca4a8e51cbe7af02f8600a,b3599dbb6af7e28efae5f08ace99cc75f5e90b2f,crypto/init.c,"('12964', '')",2021-03-18T17:52:37+10:00,2016-04-13T08:59:03+01:00
f148f7034c9e2f9155ca4a8e51cbe7af02f8600a,b3599dbb6af7e28efae5f08ace99cc75f5e90b2f,crypto/objects/obj_dat.c,"('12964', '')",2021-03-18T17:52:37+10:00,2016-04-13T08:59:03+01:00
f148f7034c9e2f9155ca4a8e51cbe7af02f8600a,b3599dbb6af7e28efae5f08ace99cc75f5e90b2f,include/crypto/objects.h,"('12964', '')",2021-03-18T17:52:37+10:00,2016-04-13T08:59:03+01:00
f148f7034c9e2f9155ca4a8e51cbe7af02f8600a,b3599dbb6af7e28efae5f08ace99cc75f5e90b2f,include/internal/comp.h,"('12964', '')",2021-03-18T17:52:37+10:00,2016-04-13T08:59:03+01:00
f148f7034c9e2f9155ca4a8e51cbe7af02f8600a,b3599dbb6af7e28efae5f08ace99cc75f5e90b2f,include/internal/conf.h,"('12964', '')",2021-03-18T17:52:37+10:00,2016-04-13T08:59:03+01:00
f148f7034c9e2f9155ca4a8e51cbe7af02f8600a,df1f538f28c10f2954757164b17781040d2355ef,include/internal/conf.h,"('12964', '')",2021-03-18T17:52:37+10:00,2019-01-07T14:02:28-05:00
78f32a316589c93bfbb06cb58d996a39c3f43678,dc99b885ded3cbc586d5ffec779f0e75a269bda3,crypto/aria/aria.c,"('12964', '')",2021-03-18T17:52:37+10:00,2017-04-20T22:55:40+02:00
78f32a316589c93bfbb06cb58d996a39c3f43678,d42d0a4dc7925e3ea398821028a254c94665d733,crypto/aria/aria.c,"('12964', '')",2021-03-18T17:52:37+10:00,2017-02-21T11:51:45+01:00
78f32a316589c93bfbb06cb58d996a39c3f43678,bc32673869842c7f00ae7016040a612f516ead7e,crypto/evp/e_aria.c,"('12964', '')",2021-03-18T17:52:37+10:00,2017-08-30T12:33:53+02:00
78f32a316589c93bfbb06cb58d996a39c3f43678,d42d0a4dc7925e3ea398821028a254c94665d733,crypto/evp/e_aria.c,"('12964', '')",2021-03-18T17:52:37+10:00,2017-02-21T11:51:45+01:00
78f32a316589c93bfbb06cb58d996a39c3f43678,d42d0a4dc7925e3ea398821028a254c94665d733,include/crypto/aria.h,"('12964', '')",2021-03-18T17:52:37+10:00,2017-02-21T11:51:45+01:00
78f32a316589c93bfbb06cb58d996a39c3f43678,e1178600cc5d40b1e21c4a01d224afd2d8c7498a,providers/implementations/ciphers/cipher_aria_ccm_hw.c,"('12964', '')",2021-03-18T17:52:37+10:00,2019-08-22T11:42:54+10:00
78f32a316589c93bfbb06cb58d996a39c3f43678,4a42e2640499ce46d2733c4316c5fe4594a37c54,providers/implementations/ciphers/cipher_aria_gcm_hw.c,"('12964', '')",2021-03-18T17:52:37+10:00,2019-08-26T17:05:08+10:00
78f32a316589c93bfbb06cb58d996a39c3f43678,e1178600cc5d40b1e21c4a01d224afd2d8c7498a,providers/implementations/ciphers/cipher_aria_hw.c,"('12964', '')",2021-03-18T17:52:37+10:00,2019-08-22T11:42:54+10:00
7bbadfc15a446134d15d8fd0aa5362628b8c96be,90409da6a520812b0266fcb1303175406dea81fe,crypto/modes/siv128.c,"('12964', '')",2021-03-18T17:52:37+10:00,2020-07-22T10:40:55+10:00
7bbadfc15a446134d15d8fd0aa5362628b8c96be,b1ceb439f234a998db84f27a3a245dab95d322ab,crypto/modes/siv128.c,"('12964', '')",2021-03-18T17:52:37+10:00,2018-12-12T08:16:10+10:00
7bbadfc15a446134d15d8fd0aa5362628b8c96be,459b15d451194ee90834ea58bfb8c91479e9ef9b,include/crypto/siv.h,"('12964', '')",2021-03-18T17:52:37+10:00,2019-07-16T09:46:14+10:00
7bbadfc15a446134d15d8fd0aa5362628b8c96be,90409da6a520812b0266fcb1303175406dea81fe,include/crypto/siv.h,"('12964', '')",2021-03-18T17:52:37+10:00,2020-07-22T10:40:55+10:00
7bbadfc15a446134d15d8fd0aa5362628b8c96be,b425001010044adbdbcd98f8682694b30b73bbf4,include/crypto/siv.h,"('12964', '')",2021-03-18T17:52:37+10:00,2020-10-15T11:59:53+01:00
7bbadfc15a446134d15d8fd0aa5362628b8c96be,eb173822b2c02122844f4ffe89e38fe8e6d04697,providers/implementations/ciphers/cipher_aes_siv_hw.c,"('12964', '')",2021-03-18T17:52:37+10:00,2019-11-08T12:14:44+10:00
7bbadfc15a446134d15d8fd0aa5362628b8c96be,90409da6a520812b0266fcb1303175406dea81fe,providers/implementations/ciphers/cipher_aes_siv_hw.c,"('12964', '')",2021-03-18T17:52:37+10:00,2020-07-22T10:40:55+10:00
8a6e9125200223fa2294d3634d3dfec24857264b,f19a5ff9ab85313f5b30cfc9fbed3a2eea60a59d,crypto/evp/e_sm4.c,"('12964', '')",2021-03-18T17:52:37+10:00,2017-10-31T15:19:14+10:00
8a6e9125200223fa2294d3634d3dfec24857264b,b2055d67f0d6cc3156ac89dae255e4abc8881b69,crypto/sm3/legacy_sm3.c,"('12964', '')",2021-03-18T17:52:37+10:00,2019-12-18T14:46:01+10:00
8a6e9125200223fa2294d3634d3dfec24857264b,a0c3e4fa9089f571ff4b406cb914d0a504847b10,crypto/sm3/sm3.c,"('12964', '')",2021-03-18T17:52:37+10:00,2017-11-06T07:21:11+08:00
8a6e9125200223fa2294d3634d3dfec24857264b,67e247fad12308e34817e60c9242113c285fb00c,crypto/sm3/sm3.c,"('12964', '')",2021-03-18T17:52:37+10:00,2017-11-06T07:21:15+08:00
8a6e9125200223fa2294d3634d3dfec24857264b,d5e5e2ffafc7dbc861f7d285508cf129c5e8f5ac,crypto/sm3/sm3_local.h,"('12964', '')",2021-03-18T17:52:37+10:00,2019-06-04T12:09:50+10:00
8a6e9125200223fa2294d3634d3dfec24857264b,67e247fad12308e34817e60c9242113c285fb00c,crypto/sm3/sm3_local.h,"('12964', '')",2021-03-18T17:52:37+10:00,2017-11-06T07:21:15+08:00
8a6e9125200223fa2294d3634d3dfec24857264b,f19a5ff9ab85313f5b30cfc9fbed3a2eea60a59d,crypto/sm4/sm4.c,"('12964', '')",2021-03-18T17:52:37+10:00,2017-10-31T15:19:14+10:00
8a6e9125200223fa2294d3634d3dfec24857264b,f19a5ff9ab85313f5b30cfc9fbed3a2eea60a59d,include/crypto/sm4.h,"('12964', '')",2021-03-18T17:52:37+10:00,2017-10-31T15:19:14+10:00
8a6e9125200223fa2294d3634d3dfec24857264b,67e247fad12308e34817e60c9242113c285fb00c,include/internal/sm3.h,"('12964', '')",2021-03-18T17:52:37+10:00,2017-11-06T07:21:15+08:00
8a6e9125200223fa2294d3634d3dfec24857264b,105dde2528d64b4af25c241288a985fdfc27afbc,providers/implementations/ciphers/cipher_sm4_hw.c,"('12964', '')",2021-03-18T17:52:37+10:00,2019-09-19T15:38:51+10:00
8a6e9125200223fa2294d3634d3dfec24857264b,d5e5e2ffafc7dbc861f7d285508cf129c5e8f5ac,providers/implementations/digests/sm3_prov.c,"('12964', '')",2021-03-18T17:52:37+10:00,2019-06-04T12:09:50+10:00
8a6e9125200223fa2294d3634d3dfec24857264b,f19a5ff9ab85313f5b30cfc9fbed3a2eea60a59d,test/sm4_internal_test.c,"('12964', '')",2021-03-18T17:52:37+10:00,2017-10-31T15:19:14+10:00
ff0266eddc34e3f00494651e76bf46e6501dfc0b,8ab53b193a8e95bb2998744bc184146eb1ddcc23,crypto/sparse_array.c,"('12964', '')",2021-03-18T17:52:37+10:00,2019-03-06T13:50:54+10:00
ff0266eddc34e3f00494651e76bf46e6501dfc0b,008b4ff92f785cf3808df26ac5b23f25a691b23c,crypto/sparse_array.c,"('12964', '')",2021-03-18T17:52:37+10:00,2019-02-14T09:09:51+10:00
ff0266eddc34e3f00494651e76bf46e6501dfc0b,a40f0f6475711f01d32c4cdc39e54311b7e9c876,crypto/sparse_array.c,"('12964', '')",2021-03-18T17:52:37+10:00,2019-02-12T21:07:29+10:00
ff0266eddc34e3f00494651e76bf46e6501dfc0b,008b4ff92f785cf3808df26ac5b23f25a691b23c,include/crypto/sparse_array.h,"('12964', '')",2021-03-18T17:52:37+10:00,2019-02-14T09:09:51+10:00
ff0266eddc34e3f00494651e76bf46e6501dfc0b,8ab53b193a8e95bb2998744bc184146eb1ddcc23,include/crypto/sparse_array.h,"('12964', '')",2021-03-18T17:52:37+10:00,2019-03-06T13:50:54+10:00
ff0266eddc34e3f00494651e76bf46e6501dfc0b,48fe4ce104df060dd5d2b4188a56eb554d94d819,include/crypto/sparse_array.h,"('12964', '')",2021-03-18T17:52:37+10:00,2019-02-15T11:44:35+01:00
ff0266eddc34e3f00494651e76bf46e6501dfc0b,a40f0f6475711f01d32c4cdc39e54311b7e9c876,include/crypto/sparse_array.h,"('12964', '')",2021-03-18T17:52:37+10:00,2019-02-12T21:07:29+10:00
ff0266eddc34e3f00494651e76bf46e6501dfc0b,ff62cad6dd36a4c34df4c2c5579d048e107f8e8f,include/crypto/sparse_array.h,"('12964', '')",2021-03-18T17:52:37+10:00,2019-06-01T17:55:33+10:00
fc27fca84a6eebad5f0b6d4d5b6ebcf71e1307bd,aeb556f8317cb5affcadafe17cf59242f1822a2a,crypto/bn/bn_srp.c,"('12964', '')",2021-03-18T17:52:37+10:00,2014-12-08T21:41:02+00:00
fc27fca84a6eebad5f0b6d4d5b6ebcf71e1307bd,98370c2dd7dc32cecd7bb7d940383846fa435f25,crypto/srp/srp_lib.c,"('12964', '')",2021-03-18T17:52:37+10:00,2016-06-18T15:34:03+01:00
fc27fca84a6eebad5f0b6d4d5b6ebcf71e1307bd,aeb556f8317cb5affcadafe17cf59242f1822a2a,include/crypto/bn_srp.h,"('12964', '')",2021-03-18T17:52:37+10:00,2014-12-08T21:41:02+00:00
b54cab31d2593421198f75e715b5f851ce24fe6b,4acc3e907d29d8d61ae7e11ad7985a986332a1c1,crypto/x509/pcy_cache.c,"('12964', '')",2021-03-18T17:52:37+10:00,2004-03-23T14:14:35+00:00
b54cab31d2593421198f75e715b5f851ce24fe6b,4acc3e907d29d8d61ae7e11ad7985a986332a1c1,crypto/x509/pcy_data.c,"('12964', '')",2021-03-18T17:52:37+10:00,2004-03-23T14:14:35+00:00
b54cab31d2593421198f75e715b5f851ce24fe6b,002e66c0e81f94ac01d9a206e43eabb7f1c72a74,crypto/x509/pcy_data.c,"('12964', '')",2021-03-18T17:52:37+10:00,2008-08-12T10:32:56+00:00
b54cab31d2593421198f75e715b5f851ce24fe6b,2d2a5ba32a6da293bbe290529293c485d36e1c19,crypto/x509/pcy_local.h,"('12964', '')",2021-03-18T17:52:37+10:00,2004-03-25T02:41:35+00:00
b54cab31d2593421198f75e715b5f851ce24fe6b,4a640fb6c395302d7aad22833d573c44211b0a2d,crypto/x509/pcy_local.h,"('12964', '')",2021-03-18T17:52:37+10:00,2016-01-07T18:00:51+00:00
b54cab31d2593421198f75e715b5f851ce24fe6b,4acc3e907d29d8d61ae7e11ad7985a986332a1c1,crypto/x509/pcy_local.h,"('12964', '')",2021-03-18T17:52:37+10:00,2004-03-23T14:14:35+00:00
b54cab31d2593421198f75e715b5f851ce24fe6b,b79c82eaabd87d336f91881f63b4104fec9ae445,crypto/x509/pcy_local.h,"('12964', '')",2021-03-18T17:52:37+10:00,2004-03-25T13:45:58+00:00
b54cab31d2593421198f75e715b5f851ce24fe6b,002e66c0e81f94ac01d9a206e43eabb7f1c72a74,crypto/x509/pcy_local.h,"('12964', '')",2021-03-18T17:52:37+10:00,2008-08-12T10:32:56+00:00
b54cab31d2593421198f75e715b5f851ce24fe6b,4acc3e907d29d8d61ae7e11ad7985a986332a1c1,crypto/x509/pcy_map.c,"('12964', '')",2021-03-18T17:52:37+10:00,2004-03-23T14:14:35+00:00
b54cab31d2593421198f75e715b5f851ce24fe6b,4acc3e907d29d8d61ae7e11ad7985a986332a1c1,crypto/x509/pcy_node.c,"('12964', '')",2021-03-18T17:52:37+10:00,2004-03-23T14:14:35+00:00
b54cab31d2593421198f75e715b5f851ce24fe6b,4a640fb6c395302d7aad22833d573c44211b0a2d,crypto/x509/pcy_node.c,"('12964', '')",2021-03-18T17:52:37+10:00,2016-01-07T18:00:51+00:00
b54cab31d2593421198f75e715b5f851ce24fe6b,002e66c0e81f94ac01d9a206e43eabb7f1c72a74,crypto/x509/pcy_node.c,"('12964', '')",2021-03-18T17:52:37+10:00,2008-08-12T10:32:56+00:00
b54cab31d2593421198f75e715b5f851ce24fe6b,4acc3e907d29d8d61ae7e11ad7985a986332a1c1,crypto/x509/pcy_tree.c,"('12964', '')",2021-03-18T17:52:37+10:00,2004-03-23T14:14:35+00:00
b54cab31d2593421198f75e715b5f851ce24fe6b,b2e8bd7bd555ad6826dd44f38c68425d92e86e95,crypto/x509/pcy_tree.c,"('12964', '')",2021-03-18T17:52:37+10:00,2016-06-14T17:35:30+01:00
b54cab31d2593421198f75e715b5f851ce24fe6b,895c2f84a6a083fc8b9f69f962ed19da12ce3b40,crypto/x509/pcy_tree.c,"('12964', '')",2021-03-18T17:52:37+10:00,2016-02-05T11:13:11-05:00
b54cab31d2593421198f75e715b5f851ce24fe6b,0f113f3ee4d629ef9a4a30911b22b224772085e5,crypto/x509/pcy_tree.c,"('12964', '')",2021-03-18T17:52:37+10:00,2015-01-22T09:20:09+00:00
b54cab31d2593421198f75e715b5f851ce24fe6b,002e66c0e81f94ac01d9a206e43eabb7f1c72a74,crypto/x509/pcy_tree.c,"('12964', '')",2021-03-18T17:52:37+10:00,2008-08-12T10:32:56+00:00
b54cab31d2593421198f75e715b5f851ce24fe6b,4acc3e907d29d8d61ae7e11ad7985a986332a1c1,crypto/x509/x_x509.c,"('12964', '')",2021-03-18T17:52:37+10:00,2004-03-23T14:14:35+00:00
b54cab31d2593421198f75e715b5f851ce24fe6b,53649022509129bce8036c8fb4978dbce9432a86,crypto/x509/x_x509.c,"('12964', '')",2021-03-18T17:52:37+10:00,2019-01-31T19:17:50+01:00
285aa80ef1bb3a8e136a88cf41f3b34863409cd2,a9550b74d3efdf1727005dada706cc2e12c273b8,crypto/core_namemap.c,"('12964', '')",2021-03-18T17:52:38+10:00,2019-06-24T10:58:13+02:00
285aa80ef1bb3a8e136a88cf41f3b34863409cd2,fc196a5eb97dc3a5465c37a6761428ddd81b023d,crypto/lhash/lhash.c,"('12964', '')",2021-03-18T17:52:38+10:00,2018-09-04T07:35:45+10:00
285aa80ef1bb3a8e136a88cf41f3b34863409cd2,fc196a5eb97dc3a5465c37a6761428ddd81b023d,crypto/objects/o_names.c,"('12964', '')",2021-03-18T17:52:38+10:00,2018-09-04T07:35:45+10:00
285aa80ef1bb3a8e136a88cf41f3b34863409cd2,fc196a5eb97dc3a5465c37a6761428ddd81b023d,include/crypto/lhash.h,"('12964', '')",2021-03-18T17:52:38+10:00,2018-09-04T07:35:45+10:00
6dd4b77a855570a6433af0a8584bdb9bfe353bc3,5a5530a29abcf5d7ab7194d73b3807d568b06cbd,ssl/statem/statem_clnt.c,"('12964', '')",2021-03-18T17:52:38+10:00,2020-05-19T13:02:43+03:00
6dd4b77a855570a6433af0a8584bdb9bfe353bc3,5a5530a29abcf5d7ab7194d73b3807d568b06cbd,ssl/statem/statem_local.h,"('12964', '')",2021-03-18T17:52:38+10:00,2020-05-19T13:02:43+03:00
6dd4b77a855570a6433af0a8584bdb9bfe353bc3,5a5530a29abcf5d7ab7194d73b3807d568b06cbd,ssl/statem/statem_srvr.c,"('12964', '')",2021-03-18T17:52:38+10:00,2020-05-19T13:02:43+03:00
4669015d7b0784d00812f6b015ca8080e37ff70b,cac30a69bcadcfcf5beb034abf958bbcdb8b83cb,crypto/cmp/cmp_msg.c,"('12964', '')",2021-03-18T17:52:38+10:00,2020-08-21T09:04:12+02:00
4669015d7b0784d00812f6b015ca8080e37ff70b,31b28ad96aa841ae39d4009ebb15d90f2a2afdab,crypto/cmp/cmp_vfy.c,"('12964', '')",2021-03-18T17:52:38+10:00,2020-02-17T07:43:58+01:00
4669015d7b0784d00812f6b015ca8080e37ff70b,2300083887342650e1ad8071855d87a0e814dba4,crypto/cmp/cmp_vfy.c,"('12964', '')",2021-03-18T17:52:38+10:00,2020-08-21T09:04:11+02:00
4669015d7b0784d00812f6b015ca8080e37ff70b,53155f1c814be6d8bfdd77333a16ec9cee7fc3bb,crypto/cms/cms_env.c,"('12964', '')",2021-03-18T17:52:38+10:00,2021-02-22T09:16:36+10:00
4669015d7b0784d00812f6b015ca8080e37ff70b,84af8027c5f2132a9166673e7a47b0f31c7cfe1d,crypto/cms/cms_lib.c,"('12964', '')",2021-03-18T17:52:38+10:00,2021-01-18T15:01:26+01:00
4669015d7b0784d00812f6b015ca8080e37ff70b,22b814443eea4ef4ea86d5d5677601d6645606d9,crypto/ec/ec_ameth.c,"('12964', '')",2021-03-18T17:52:38+10:00,2020-08-20T12:32:00+02:00
4669015d7b0784d00812f6b015ca8080e37ff70b,6725682d77510bf6d499957897d7be124d603f40,crypto/ess/ess_lib.c,"('12964', '')",2021-03-18T17:52:38+10:00,2020-07-24T22:53:27+10:00
4669015d7b0784d00812f6b015ca8080e37ff70b,038f4dc68edd16f719ce5cf140eda2fb5b86a62a,crypto/pkcs7/pk7_lib.c,"('12964', '')",2021-03-18T17:52:38+10:00,2021-01-18T15:01:26+01:00
4669015d7b0784d00812f6b015ca8080e37ff70b,34b80d0622924d112b145fd36bfaad18616f2546,crypto/store/store_result.c,"('12964', '')",2021-03-18T17:52:38+10:00,2020-08-24T10:02:26+02:00
4669015d7b0784d00812f6b015ca8080e37ff70b,31b28ad96aa841ae39d4009ebb15d90f2a2afdab,crypto/x509/t_x509.c,"('12964', '')",2021-03-18T17:52:38+10:00,2020-02-17T07:43:58+01:00
4669015d7b0784d00812f6b015ca8080e37ff70b,076bf8c2c972d01a70ca4146e637dfbe6f35b2fb,crypto/x509/t_x509.c,"('12964', '')",2021-03-18T17:52:38+10:00,2020-09-05T20:11:43+02:00
4669015d7b0784d00812f6b015ca8080e37ff70b,278260bfa238aefef5a1abe2043d2f812c3a4bd5,crypto/x509/t_x509.c,"('12964', '')",2021-03-18T17:52:38+10:00,2020-05-05T10:27:28+02:00
4669015d7b0784d00812f6b015ca8080e37ff70b,023697870bcd4372a142a606546253d719a81024,crypto/x509/v3_purp.c,"('12964', '')",2021-03-18T17:52:38+10:00,2020-07-01T11:14:54+02:00
4669015d7b0784d00812f6b015ca8080e37ff70b,6725682d77510bf6d499957897d7be124d603f40,crypto/x509/v3_purp.c,"('12964', '')",2021-03-18T17:52:38+10:00,2020-07-24T22:53:27+10:00
4669015d7b0784d00812f6b015ca8080e37ff70b,1e41dadfa7b9f792ed0f4714a3d3d36f070cf30e,crypto/x509/v3_purp.c,"('12964', '')",2021-03-18T17:52:38+10:00,2020-09-11T07:42:22+02:00
4669015d7b0784d00812f6b015ca8080e37ff70b,023697870bcd4372a142a606546253d719a81024,crypto/x509/x509_local.h,"('12964', '')",2021-03-18T17:52:38+10:00,2020-07-01T11:14:54+02:00
4669015d7b0784d00812f6b015ca8080e37ff70b,6725682d77510bf6d499957897d7be124d603f40,crypto/x509/x509_local.h,"('12964', '')",2021-03-18T17:52:38+10:00,2020-07-24T22:53:27+10:00
4669015d7b0784d00812f6b015ca8080e37ff70b,786dd2c22c71081492e209d93beee3ff4fe66357,crypto/x509/x509_local.h,"('12964', '')",2021-03-18T17:52:38+10:00,2017-04-25T22:12:34+01:00
4669015d7b0784d00812f6b015ca8080e37ff70b,70dd3c6593d87e4cbb56b485717cb2cfff730f3e,crypto/x509/x509_local.h,"('12964', '')",2021-03-18T17:52:38+10:00,2016-04-03T11:35:19-04:00
4669015d7b0784d00812f6b015ca8080e37ff70b,6ddbb4cd92ad8c9ebf874e5d9920c122696b7477,crypto/x509/x509_lu.c,"('12964', '')",2021-03-18T17:52:38+10:00,2016-05-17T16:06:09-04:00
4669015d7b0784d00812f6b015ca8080e37ff70b,f1923a2147cdbfbc67ab54dfc15d2c6c4611ea9c,crypto/x509/x509_lu.c,"('12964', '')",2021-03-18T17:52:38+10:00,2021-02-11T20:25:27+01:00
4669015d7b0784d00812f6b015ca8080e37ff70b,3a60d6fa2f8a908d972f8787dc137acb7b8b26e3,crypto/x509/x509_set.c,"('12964', '')",2021-03-18T17:52:38+10:00,2016-08-19T16:52:58+01:00
4669015d7b0784d00812f6b015ca8080e37ff70b,1e41dadfa7b9f792ed0f4714a3d3d36f070cf30e,crypto/x509/x509_set.c,"('12964', '')",2021-03-18T17:52:38+10:00,2020-09-11T07:42:22+02:00
4669015d7b0784d00812f6b015ca8080e37ff70b,0b3139e815d3d14c4d7506488add6e02a2b682ec,crypto/x509/x509_vfy.c,"('12964', '')",2021-03-18T17:52:38+10:00,2021-02-18T11:22:36+01:00
4669015d7b0784d00812f6b015ca8080e37ff70b,6725682d77510bf6d499957897d7be124d603f40,crypto/x509/x509_vfy.c,"('12964', '')",2021-03-18T17:52:38+10:00,2020-07-24T22:53:27+10:00
4669015d7b0784d00812f6b015ca8080e37ff70b,4dd009180a06ad973620c5beec28f2a6839c16ca,crypto/x509/x509_vfy.c,"('12964', '')",2021-03-18T17:52:38+10:00,2021-01-13T09:09:36+01:00
4669015d7b0784d00812f6b015ca8080e37ff70b,0b670a2101c6cdcc3f2a4ed168f75243fe082a2b,crypto/x509/x509_vfy.c,"('12964', '')",2021-03-18T17:52:38+10:00,2020-07-16T15:48:53+02:00
4669015d7b0784d00812f6b015ca8080e37ff70b,70dd3c6593d87e4cbb56b485717cb2cfff730f3e,crypto/x509/x509_vfy.c,"('12964', '')",2021-03-18T17:52:38+10:00,2016-04-03T11:35:19-04:00
4669015d7b0784d00812f6b015ca8080e37ff70b,d1e85cdf79989685800968afe5099138bdc38729,crypto/x509/x509_vfy.c,"('12964', '')",2021-03-18T17:52:38+10:00,2021-02-11T20:08:41+01:00
4669015d7b0784d00812f6b015ca8080e37ff70b,3a60d6fa2f8a908d972f8787dc137acb7b8b26e3,crypto/x509/x509cset.c,"('12964', '')",2021-03-18T17:52:38+10:00,2016-08-19T16:52:58+01:00
4669015d7b0784d00812f6b015ca8080e37ff70b,c22139a78610210a977c3afcc358295b864befa5,crypto/x509/x_crl.c,"('12964', '')",2021-03-18T17:52:38+10:00,2020-12-04T08:22:24+10:00
4669015d7b0784d00812f6b015ca8080e37ff70b,b425001010044adbdbcd98f8682694b30b73bbf4,crypto/x509/x_crl.c,"('12964', '')",2021-03-18T17:52:38+10:00,2020-10-15T11:59:53+01:00
4669015d7b0784d00812f6b015ca8080e37ff70b,10315851d0230646947213ac148747bc64c56798,crypto/x509/x_pubkey.c,"('12964', '')",2021-03-18T17:52:38+10:00,2021-02-24T10:17:14+01:00
4669015d7b0784d00812f6b015ca8080e37ff70b,22b814443eea4ef4ea86d5d5677601d6645606d9,crypto/x509/x_pubkey.c,"('12964', '')",2021-03-18T17:52:38+10:00,2020-08-20T12:32:00+02:00
4669015d7b0784d00812f6b015ca8080e37ff70b,b425001010044adbdbcd98f8682694b30b73bbf4,crypto/x509/x_pubkey.c,"('12964', '')",2021-03-18T17:52:38+10:00,2020-10-15T11:59:53+01:00
4669015d7b0784d00812f6b015ca8080e37ff70b,22b9230f39ff44f434dc671c45fe0bc68c14c0ad,crypto/x509/x_x509.c,"('12964', '')",2021-03-18T17:52:38+10:00,2020-12-04T08:22:24+10:00
4669015d7b0784d00812f6b015ca8080e37ff70b,3339606a38cc9023c807428b429e01cfa1fde4d9,crypto/x509/x_x509.c,"('12964', '')",2021-03-18T17:52:38+10:00,2021-01-13T11:19:17+01:00
4669015d7b0784d00812f6b015ca8080e37ff70b,b425001010044adbdbcd98f8682694b30b73bbf4,crypto/x509/x_x509.c,"('12964', '')",2021-03-18T17:52:38+10:00,2020-10-15T11:59:53+01:00
4669015d7b0784d00812f6b015ca8080e37ff70b,6725682d77510bf6d499957897d7be124d603f40,include/crypto/x509.h,"('12964', '')",2021-03-18T17:52:38+10:00,2020-07-24T22:53:27+10:00
4669015d7b0784d00812f6b015ca8080e37ff70b,d8652be06e2778e8898453a391deb7253e1a35a2,include/crypto/x509.h,"('12964', '')",2021-03-18T17:52:38+10:00,2020-10-01T09:25:20+01:00
4669015d7b0784d00812f6b015ca8080e37ff70b,3a60d6fa2f8a908d972f8787dc137acb7b8b26e3,include/crypto/x509.h,"('12964', '')",2021-03-18T17:52:38+10:00,2016-08-19T16:52:58+01:00
4669015d7b0784d00812f6b015ca8080e37ff70b,1e41dadfa7b9f792ed0f4714a3d3d36f070cf30e,include/crypto/x509.h,"('12964', '')",2021-03-18T17:52:38+10:00,2020-09-11T07:42:22+02:00
4669015d7b0784d00812f6b015ca8080e37ff70b,22b814443eea4ef4ea86d5d5677601d6645606d9,include/crypto/x509.h,"('12964', '')",2021-03-18T17:52:38+10:00,2020-08-20T12:32:00+02:00
4669015d7b0784d00812f6b015ca8080e37ff70b,31b28ad96aa841ae39d4009ebb15d90f2a2afdab,include/crypto/x509.h,"('12964', '')",2021-03-18T17:52:38+10:00,2020-02-17T07:43:58+01:00
4669015d7b0784d00812f6b015ca8080e37ff70b,10315851d0230646947213ac148747bc64c56798,include/crypto/x509.h,"('12964', '')",2021-03-18T17:52:38+10:00,2021-02-24T10:17:14+01:00
4669015d7b0784d00812f6b015ca8080e37ff70b,adf7e6d1d63890f037625031789ed042187c3947,include/crypto/x509.h,"('12964', '')",2021-03-18T17:52:38+10:00,2021-03-18T17:52:37+10:00
4669015d7b0784d00812f6b015ca8080e37ff70b,b425001010044adbdbcd98f8682694b30b73bbf4,include/crypto/x509.h,"('12964', '')",2021-03-18T17:52:38+10:00,2020-10-15T11:59:53+01:00
4669015d7b0784d00812f6b015ca8080e37ff70b,10315851d0230646947213ac148747bc64c56798,providers/implementations/encode_decode/decode_der2key.c,"('12964', '')",2021-03-18T17:52:38+10:00,2021-02-24T10:17:14+01:00
b78c016649d13c48429c132e56314117f8f3d9d7,e42633140e98c7c07a5bc013127e1e6a251995ed,crypto/pem/pem_lib.c,"('12964', '')",2021-03-18T17:52:38+10:00,2006-03-23T18:02:23+00:00
b78c016649d13c48429c132e56314117f8f3d9d7,3e4585c8fd0b23f884d775462736502599146af6,crypto/pem/pem_lib.c,"('12964', '')",2021-03-18T17:52:38+10:00,2006-03-28T14:35:32+00:00
b78c016649d13c48429c132e56314117f8f3d9d7,e42633140e98c7c07a5bc013127e1e6a251995ed,crypto/pem/pem_pkey.c,"('12964', '')",2021-03-18T17:52:38+10:00,2006-03-23T18:02:23+00:00
4e17fb006187c1b745eb72474efb3ad797e2a4dc,d8652be06e2778e8898453a391deb7253e1a35a2,crypto/evp/p5_crpt2.c,"('12964', '')",2021-03-18T17:52:38+10:00,2020-10-01T09:25:20+01:00
4e17fb006187c1b745eb72474efb3ad797e2a4dc,b425001010044adbdbcd98f8682694b30b73bbf4,crypto/evp/p5_crpt2.c,"('12964', '')",2021-03-18T17:52:38+10:00,2020-10-15T11:59:53+01:00
4e17fb006187c1b745eb72474efb3ad797e2a4dc,d8652be06e2778e8898453a391deb7253e1a35a2,include/crypto/evp.h,"('12964', '')",2021-03-18T17:52:38+10:00,2020-10-01T09:25:20+01:00
4e17fb006187c1b745eb72474efb3ad797e2a4dc,b425001010044adbdbcd98f8682694b30b73bbf4,include/crypto/evp.h,"('12964', '')",2021-03-18T17:52:38+10:00,2020-10-15T11:59:53+01:00
4e17fb006187c1b745eb72474efb3ad797e2a4dc,d8652be06e2778e8898453a391deb7253e1a35a2,providers/implementations/kdfs/scrypt.c,"('12964', '')",2021-03-18T17:52:38+10:00,2020-10-01T09:25:20+01:00
6d7776892f571cb438563d65d5d252e0245cd57e,7141ba31969d0b378d08104a51f8f99b9187b9d5,crypto/evp/e_aes.c,"('12964', '')",2021-03-18T17:52:38+10:00,2017-01-25T15:02:44+00:00
6d7776892f571cb438563d65d5d252e0245cd57e,7141ba31969d0b378d08104a51f8f99b9187b9d5,crypto/evp/e_des3.c,"('12964', '')",2021-03-18T17:52:38+10:00,2017-01-25T15:02:44+00:00
6d7776892f571cb438563d65d5d252e0245cd57e,64846096b18340b9a39ddd29a7a0e23c56f22959,crypto/evp/evp_enc.c,"('12964', '')",2021-03-18T17:52:38+10:00,2017-02-10T13:36:56+00:00
6d7776892f571cb438563d65d5d252e0245cd57e,83151b73a4736bca1797f8edc2b0ad4cf7ac9146,crypto/evp/evp_enc.c,"('12964', '')",2021-03-18T17:52:38+10:00,2016-07-31T17:03:11+02:00
6d7776892f571cb438563d65d5d252e0245cd57e,7141ba31969d0b378d08104a51f8f99b9187b9d5,crypto/evp/evp_enc.c,"('12964', '')",2021-03-18T17:52:38+10:00,2017-01-25T15:02:44+00:00
6d7776892f571cb438563d65d5d252e0245cd57e,7141ba31969d0b378d08104a51f8f99b9187b9d5,crypto/evp/evp_local.h,"('12964', '')",2021-03-18T17:52:38+10:00,2017-01-25T15:02:44+00:00
78715dcc310e27a8c862ecdf3a956c1cfdc0f2c1,e5d4233fbd07eac52227c7ec5f479a46f15914bf,crypto/err/err.c,"('12964', '')",2021-03-18T17:52:38+10:00,2019-09-12T18:34:06+02:00
78715dcc310e27a8c862ecdf3a956c1cfdc0f2c1,e5d4233fbd07eac52227c7ec5f479a46f15914bf,crypto/err/err_blocks.c,"('12964', '')",2021-03-18T17:52:38+10:00,2019-09-12T18:34:06+02:00
78715dcc310e27a8c862ecdf3a956c1cfdc0f2c1,e5d4233fbd07eac52227c7ec5f479a46f15914bf,crypto/err/err_local.h,"('12964', '')",2021-03-18T17:52:38+10:00,2019-09-12T18:34:06+02:00
3022b7f40407aa9d50d1e4193e22a092b23c7717,19e512a8244a6f527d0194339a8f9fc45468537a,crypto/cms/cms_att.c,"('12964', '')",2021-03-18T17:52:38+10:00,2019-06-03T15:19:48+10:00
3022b7f40407aa9d50d1e4193e22a092b23c7717,19e512a8244a6f527d0194339a8f9fc45468537a,crypto/cms/cms_local.h,"('12964', '')",2021-03-18T17:52:38+10:00,2019-06-03T15:19:48+10:00
3022b7f40407aa9d50d1e4193e22a092b23c7717,19e512a8244a6f527d0194339a8f9fc45468537a,crypto/cms/cms_sd.c,"('12964', '')",2021-03-18T17:52:38+10:00,2019-06-03T15:19:48+10:00
c8830891e6cb8d0782986662ca50b8fa7c97f49f,c41f3ae0d92a87b903a9ed585622adae06791676,crypto/provider_core.c,"('12964', '')",2021-03-18T17:52:38+10:00,2019-03-19T14:06:58+01:00
c8830891e6cb8d0782986662ca50b8fa7c97f49f,c41f3ae0d92a87b903a9ed585622adae06791676,crypto/provider_local.h,"('12964', '')",2021-03-18T17:52:38+10:00,2019-03-19T14:06:58+01:00
c8830891e6cb8d0782986662ca50b8fa7c97f49f,c41f3ae0d92a87b903a9ed585622adae06791676,crypto/provider_predefined.c,"('12964', '')",2021-03-18T17:52:38+10:00,2019-03-19T14:06:58+01:00
c8830891e6cb8d0782986662ca50b8fa7c97f49f,3593266d1c924ea595a1074e78381890f964392c,crypto/provider_predefined.c,"('12964', '')",2021-03-18T17:52:38+10:00,2019-05-23T11:02:04+01:00
c8830891e6cb8d0782986662ca50b8fa7c97f49f,72bfc9585891cffd29eb683ae5fb3181d62b9d33,providers/common/capabilities.c,"('12964', '')",2021-03-18T17:52:38+10:00,2020-06-19T10:19:31+01:00
c8830891e6cb8d0782986662ca50b8fa7c97f49f,363b1e5daea4a01889e6ff27148018be63d33b9b,providers/common/include/prov/providercommon.h,"('12964', '')",2021-03-18T17:52:38+10:00,2020-06-24T22:01:22+02:00
c8830891e6cb8d0782986662ca50b8fa7c97f49f,72bfc9585891cffd29eb683ae5fb3181d62b9d33,providers/defltprov.c,"('12964', '')",2021-03-18T17:52:38+10:00,2020-06-19T10:19:31+01:00
c8830891e6cb8d0782986662ca50b8fa7c97f49f,319e518a5ae17fb8def2bd9209675acbaa6c22c2,providers/fips/fipsprov.c,"('12964', '')",2021-03-18T17:52:38+10:00,2019-05-23T11:02:04+01:00
c8830891e6cb8d0782986662ca50b8fa7c97f49f,d40b42ab4c8a88740a2cc2a20c709fe869c4dd1e,providers/fips/fipsprov.c,"('12964', '')",2021-03-18T17:52:38+10:00,2020-05-16T17:10:03+01:00
c8830891e6cb8d0782986662ca50b8fa7c97f49f,04cb5ec0b74896fe806625ac4d87e3396890f246,providers/fips/fipsprov.c,"('12964', '')",2021-03-18T17:52:38+10:00,2020-08-09T18:06:52+10:00
c8830891e6cb8d0782986662ca50b8fa7c97f49f,3a9f26f3308c5b3e59ec0e589310fd137b0399f6,providers/implementations/ciphers/cipher_aes_xts.c,"('12964', '')",2021-03-18T17:52:38+10:00,2019-09-14T09:27:49+10:00
c8830891e6cb8d0782986662ca50b8fa7c97f49f,dec95d75897125133380c7ce3c6ce58c93c06f10,providers/implementations/ciphers/cipher_aes_xts.h,"('12964', '')",2021-03-18T17:52:38+10:00,2019-10-10T14:12:15+02:00
c8830891e6cb8d0782986662ca50b8fa7c97f49f,dec95d75897125133380c7ce3c6ce58c93c06f10,providers/implementations/ciphers/cipher_aes_xts_fips.c,"('12964', '')",2021-03-18T17:52:38+10:00,2019-10-10T14:12:15+02:00
c8830891e6cb8d0782986662ca50b8fa7c97f49f,054d43ff972068a0f2ec07319808ca32ad0afb5f,test/curve448_internal_test.c,"('12964', '')",2021-03-18T17:52:38+10:00,2021-03-18T17:52:37+10:00
251c48183b4d8934716ac1e5e66e2a10b81373fe,a30823c80f8c1f4ac22fb358cab65ce4e81a5046,crypto/bio/bf_readbuff.c,"('14559', '')",2021-03-22T09:07:36+10:00,2021-03-11T07:57:31+10:00
251c48183b4d8934716ac1e5e66e2a10b81373fe,66923436788d307c8e64cc392ffcd9631065eaa5,test/build.info,"('14559', '')",2021-03-22T09:07:36+10:00,2020-11-27T14:59:18+10:00
db89d8f04bb131bbf0e2b87eb9a1515076c893d3,f62846b703d163265176fe960ec7d087b4c3fa96,apps/lib/apps.c,"('14622', '')",2021-03-22T07:54:03+01:00,2021-03-13T11:16:13+01:00
e72dbd8e13cbf5a16faaa6c911af5507593dd836,e85d19c68e7fb3302410bd72d434793e5c0c23a0,crypto/cms/cms_sd.c,"('13837', '')",2021-03-22T15:40:04+01:00,2019-01-27T23:59:21+01:00
e72dbd8e13cbf5a16faaa6c911af5507593dd836,85d843c8eccce937d073a9df7a193032478e21dd,crypto/ec/ecx_meth.c,"('13837', '')",2021-03-22T15:40:04+01:00,2020-01-19T10:14:39+10:00
e72dbd8e13cbf5a16faaa6c911af5507593dd836,19bd1fa1ef17ff0ac071402cb6b002f1c29e37b9,crypto/ec/ecx_meth.c,"('13837', '')",2021-03-22T15:40:04+01:00,2019-09-25T15:53:53+02:00
e72dbd8e13cbf5a16faaa6c911af5507593dd836,e85d19c68e7fb3302410bd72d434793e5c0c23a0,crypto/ess/ess_lib.c,"('13837', '')",2021-03-22T15:40:04+01:00,2019-01-27T23:59:21+01:00
e72dbd8e13cbf5a16faaa6c911af5507593dd836,3cb7c5cfef25463bd197b0c12ca7966f525ebf73,crypto/ts/ts_rsp_sign.c,"('13837', '')",2021-03-22T15:40:04+01:00,2018-05-11T14:37:48+02:00
e72dbd8e13cbf5a16faaa6c911af5507593dd836,d597208c034722d09612c805e4894b0019bdd710,crypto/ts/ts_rsp_sign.c,"('13837', '')",2021-03-22T15:40:04+01:00,2018-03-17T14:47:41+01:00
e72dbd8e13cbf5a16faaa6c911af5507593dd836,e20b47275109aafc559446d731e6baad4a1f55d1,crypto/ts/ts_rsp_sign.c,"('13837', '')",2021-03-22T15:40:04+01:00,2015-11-20T13:40:53+00:00
e72dbd8e13cbf5a16faaa6c911af5507593dd836,75ebbd9aa411c5b8b19ded6ace2b34181566b56a,crypto/ts/ts_rsp_sign.c,"('13837', '')",2021-03-22T15:40:04+01:00,2015-05-11T10:06:38-04:00
e72dbd8e13cbf5a16faaa6c911af5507593dd836,6e59a892db781658c050e5217127c4147c116ac9,crypto/x509/x509_cmp.c,"('13837', '')",2021-03-22T15:40:04+01:00,2015-12-07T17:39:23+01:00
e72dbd8e13cbf5a16faaa6c911af5507593dd836,d02b48c63a58ea4367a0e905979f140b7d090f86,crypto/x509/x509_req.c,"('13837', '')",2021-03-22T15:40:04+01:00,1998-12-21T10:52:47+00:00
e72dbd8e13cbf5a16faaa6c911af5507593dd836,d02b48c63a58ea4367a0e905979f140b7d090f86,crypto/x509/x_all.c,"('13837', '')",2021-03-22T15:40:04+01:00,1998-12-21T10:52:47+00:00
e72dbd8e13cbf5a16faaa6c911af5507593dd836,95ed0e7c1f4206191c1b0288e352010e70e252db,crypto/x509/x_all.c,"('13837', '')",2021-03-22T15:40:04+01:00,2015-09-16T22:33:25+01:00
e72dbd8e13cbf5a16faaa6c911af5507593dd836,34a42e1489bf4f45bfad069eceba56315d4713be,crypto/x509/x_all.c,"('13837', '')",2021-03-22T15:40:04+01:00,2015-10-15T15:36:58+01:00
e72dbd8e13cbf5a16faaa6c911af5507593dd836,81e4943843773a04067703e0dc1668ec5d3b4cf1,crypto/x509/x_all.c,"('13837', '')",2021-03-22T15:40:04+01:00,2015-10-15T15:36:58+01:00
e72dbd8e13cbf5a16faaa6c911af5507593dd836,0f113f3ee4d629ef9a4a30911b22b224772085e5,crypto/x509/x_all.c,"('13837', '')",2021-03-22T15:40:04+01:00,2015-01-22T09:20:09+00:00
e72dbd8e13cbf5a16faaa6c911af5507593dd836,7e06a6758bef584deabc9cb4b0d21b3e664b25c9,crypto/x509/x_all.c,"('13837', '')",2021-03-22T15:40:04+01:00,2020-03-21T18:46:36+01:00
e72dbd8e13cbf5a16faaa6c911af5507593dd836,adf7e6d1d63890f037625031789ed042187c3947,crypto/x509/x_all.c,"('13837', '')",2021-03-22T15:40:04+01:00,2021-03-18T17:52:37+10:00
e72dbd8e13cbf5a16faaa6c911af5507593dd836,4e1209ebf8603d7f51a37d1645dfc0c09bac8686,crypto/x509/x_all.c,"('13837', '')",2021-03-22T15:40:04+01:00,2000-12-30T02:40:26+00:00
e72dbd8e13cbf5a16faaa6c911af5507593dd836,6e63c142f269c738e3820203ecec6fe74ad4efa0,crypto/x509/x_all.c,"('13837', '')",2021-03-22T15:40:04+01:00,2015-09-17T17:18:59+01:00
e72dbd8e13cbf5a16faaa6c911af5507593dd836,bb5ea36b962453c4d74dab15ac1897725a02707d,crypto/x509/x_all.c,"('13837', '')",2021-03-22T15:40:04+01:00,2001-02-23T03:16:09+00:00
b238e78fe897dd22400e0353a9f43318397c2f98,c781eb1c63c243cb64dbe3066a43dc172aaab3b8,crypto/bn/asm/rsaz-avx512.pl,"('14660', '')",2021-03-24T09:11:55+00:00,2021-03-22T09:48:00+00:00
e52b421575c279b36617b7cc9dfed8c54518a928,c952780c25f67d0645ef5e57a8ac7dae6ce2d586,doc/man3/BIO_get_ex_new_index.pod,"('14545', '')",2021-03-30T09:45:07+10:00,2016-06-21T07:03:34-04:00
e52b421575c279b36617b7cc9dfed8c54518a928,33388b44b67145af2181b1e9528c381c8ea0d1b6,doc/man3/BIO_get_ex_new_index.pod,"('14545', '')",2021-03-30T09:45:07+10:00,2020-04-23T13:55:52+01:00
e52b421575c279b36617b7cc9dfed8c54518a928,e6390acac925f952cfd06ccdbba0b273b8f71551,doc/man3/BIO_get_ex_new_index.pod,"('14545', '')",2021-03-30T09:45:07+10:00,2015-12-01T11:48:37-05:00
e52b421575c279b36617b7cc9dfed8c54518a928,1bdab93a62df26112564acc94b2a753436b9ac7b,doc/man3/BIO_get_ex_new_index.pod,"('14545', '')",2021-03-30T09:45:07+10:00,2020-07-16T09:12:27+02:00
e52b421575c279b36617b7cc9dfed8c54518a928,33388b44b67145af2181b1e9528c381c8ea0d1b6,doc/man3/DH_get0_pqg.pod,"('14545', '')",2021-03-30T09:45:07+10:00,2020-04-23T13:55:52+01:00
e52b421575c279b36617b7cc9dfed8c54518a928,ccefc3411e8870776b83fe740664c1e23217eb9c,doc/man3/DH_get0_pqg.pod,"('14545', '')",2021-03-30T09:45:07+10:00,2020-04-19T10:37:38+10:00
e52b421575c279b36617b7cc9dfed8c54518a928,738ee1819e3bb94723701fb505ce2971afe47a9b,doc/man3/DH_get0_pqg.pod,"('14545', '')",2021-03-30T09:45:07+10:00,2020-04-20T11:07:38+10:00
e52b421575c279b36617b7cc9dfed8c54518a928,ada66e78ef535fe80e422bbbadffe8e7863d457c,doc/man3/DH_get0_pqg.pod,"('14545', '')",2021-03-30T09:45:07+10:00,2020-02-20T19:04:57+10:00
e52b421575c279b36617b7cc9dfed8c54518a928,c952780c25f67d0645ef5e57a8ac7dae6ce2d586,doc/man3/DH_get_1024_160.pod,"('14545', '')",2021-03-30T09:45:07+10:00,2016-06-21T07:03:34-04:00
e52b421575c279b36617b7cc9dfed8c54518a928,0f84cbc3e2025424772b2424be4b6fd728e7df2f,doc/man3/DH_get_1024_160.pod,"('14545', '')",2021-03-30T09:45:07+10:00,2020-08-06T13:22:30+01:00
e52b421575c279b36617b7cc9dfed8c54518a928,f64f17c3e011a00febed2bf6bc17ca7e030fc69e,doc/man3/DH_get_1024_160.pod,"('14545', '')",2021-03-30T09:45:07+10:00,2020-07-19T18:45:30+02:00
e52b421575c279b36617b7cc9dfed8c54518a928,e2f92610bcc21dc5b943f9250e34c207ab35fef0,doc/man3/DSA_do_sign.pod,"('14545', '')",2021-03-30T09:45:07+10:00,2016-05-19T08:51:59-04:00
e52b421575c279b36617b7cc9dfed8c54518a928,61f805c1d52358778fd77b239f24b6f64f1e2c6e,doc/man3/DSA_generate_key.pod,"('14545', '')",2021-03-30T09:45:07+10:00,2018-01-16T17:34:08+00:00
e52b421575c279b36617b7cc9dfed8c54518a928,e39e295e205ab8461d3ac814129bbb08c2d1266d,doc/man3/DSA_set_method.pod,"('14545', '')",2021-03-30T09:45:07+10:00,2020-07-16T14:47:04+02:00
e52b421575c279b36617b7cc9dfed8c54518a928,9e183d2271653cbba2d9cf56d40c1356705207aa,doc/man3/ECPKParameters_print.pod,"('14545', '')",2021-03-30T09:45:07+10:00,2017-03-11T08:56:44-05:00
e52b421575c279b36617b7cc9dfed8c54518a928,e9b77246879071308130cda42336338ddb63cbb4,doc/man3/EC_GROUP_new.pod,"('14545', '')",2021-03-30T09:45:07+10:00,2017-06-08T11:54:16+01:00
e52b421575c279b36617b7cc9dfed8c54518a928,00c405b36578262323a73ce8b8441213a09b7e41,doc/man3/EC_GROUP_new.pod,"('14545', '')",2021-03-30T09:45:07+10:00,2020-06-04T14:33:57+01:00
e52b421575c279b36617b7cc9dfed8c54518a928,6b4eb933623ed1d1997732b7e6e081b788cfdd22,doc/man3/EC_KEY_new.pod,"('14545', '')",2021-03-30T09:45:07+10:00,2020-05-19T16:29:37+03:00
e52b421575c279b36617b7cc9dfed8c54518a928,00c405b36578262323a73ce8b8441213a09b7e41,doc/man3/EC_KEY_new.pod,"('14545', '')",2021-03-30T09:45:07+10:00,2020-06-04T14:33:57+01:00
e52b421575c279b36617b7cc9dfed8c54518a928,742ccab318b13a8779d9f9164d479b4a428a6da8,doc/man3/OPENSSL_malloc.pod,"('14545', '')",2021-03-30T09:45:07+10:00,2019-12-14T20:57:35+01:00
e52b421575c279b36617b7cc9dfed8c54518a928,e2e603fe7c5b35d8dadb1eec4696307d16665731,doc/man3/OSSL_STORE_LOADER.pod,"('14545', '')",2021-03-30T09:45:07+10:00,2017-06-29T11:55:32+02:00
e52b421575c279b36617b7cc9dfed8c54518a928,83cf7abf8e9abbd4d0b68c63dc1cb43374aafe63,doc/man3/PEM_read_CMS.pod,"('14545', '')",2021-03-30T09:45:07+10:00,2018-05-29T13:16:04+01:00
e52b421575c279b36617b7cc9dfed8c54518a928,33388b44b67145af2181b1e9528c381c8ea0d1b6,doc/man3/PEM_read_bio_PrivateKey.pod,"('14545', '')",2021-03-30T09:45:07+10:00,2020-04-23T13:55:52+01:00
e52b421575c279b36617b7cc9dfed8c54518a928,6e5ccd58c85f05f8d47a1682125a207dbc694768,doc/man3/PEM_read_bio_PrivateKey.pod,"('14545', '')",2021-03-30T09:45:07+10:00,2020-08-20T12:37:35+02:00
e52b421575c279b36617b7cc9dfed8c54518a928,a29d78e90bea6e4a3de310bee5b993d70ccc4b6a,doc/man3/PEM_read_bio_PrivateKey.pod,"('14545', '')",2021-03-30T09:45:07+10:00,2001-03-11T20:29:28+00:00
e52b421575c279b36617b7cc9dfed8c54518a928,9a6abb95be42b88c7c5ebc8c97f14afdc5919aa1,doc/man3/PEM_read_bio_PrivateKey.pod,"('14545', '')",2021-03-30T09:45:07+10:00,2019-10-07T11:35:44+02:00
e52b421575c279b36617b7cc9dfed8c54518a928,b425001010044adbdbcd98f8682694b30b73bbf4,doc/man3/PEM_read_bio_PrivateKey.pod,"('14545', '')",2021-03-30T09:45:07+10:00,2020-10-15T11:59:53+01:00
e52b421575c279b36617b7cc9dfed8c54518a928,0f84cbc3e2025424772b2424be4b6fd728e7df2f,doc/man3/RSA_blinding_on.pod,"('14545', '')",2021-03-30T09:45:07+10:00,2020-08-06T13:22:30+01:00
e52b421575c279b36617b7cc9dfed8c54518a928,83cf7abf8e9abbd4d0b68c63dc1cb43374aafe63,doc/man3/RSA_get0_key.pod,"('14545', '')",2021-03-30T09:45:07+10:00,2018-05-29T13:16:04+01:00
e52b421575c279b36617b7cc9dfed8c54518a928,33388b44b67145af2181b1e9528c381c8ea0d1b6,doc/man3/X509_dup.pod,"('14545', '')",2021-03-30T09:45:07+10:00,2020-04-23T13:55:52+01:00
e52b421575c279b36617b7cc9dfed8c54518a928,82d89ef72515ad3d78c0160641faf30b8b024dda,doc/man3/d2i_X509.pod,"('14545', '')",2021-03-30T09:45:07+10:00,2017-10-26T00:25:22+02:00
e52b421575c279b36617b7cc9dfed8c54518a928,4692340e31985681f95008d409483d5761b6c213,doc/man3/d2i_X509.pod,"('14545', '')",2021-03-30T09:45:07+10:00,2016-06-07T15:49:08-04:00
53d85372caac7a81eb14bea2eb06464778ed163c,a230b26e0959dc5f072fbbdadcc9ed45e904c50c,ssl/ssl_ciph.c,"('13456', '')",2021-03-30T18:59:42+02:00,2016-08-18T14:02:29+02:00
53d85372caac7a81eb14bea2eb06464778ed163c,bbb4ceb86eb6ea0300f744443c36fb6e980fff9d,ssl/ssl_ciph.c,"('13456', '')",2021-03-30T18:59:42+02:00,2017-07-21T07:20:14+10:00
53d85372caac7a81eb14bea2eb06464778ed163c,5a5530a29abcf5d7ab7194d73b3807d568b06cbd,ssl/ssl_ciph.c,"('13456', '')",2021-03-30T18:59:42+02:00,2020-05-19T13:02:43+03:00
53d85372caac7a81eb14bea2eb06464778ed163c,b948e2c59e3a6bdbfdcc304793da4635db7ca339,ssl/ssl_ciph.c,"('13456', '')",2021-03-30T18:59:42+02:00,2007-06-04T17:04:40+00:00
788a72e92fc0b78c2ca12df90e45cccbaf7a800e,c781eb1c63c243cb64dbe3066a43dc172aaab3b8,crypto/bn/asm/rsaz-avx512.pl,"('14668', '')",2021-03-30T19:05:35+02:00,2021-03-22T09:48:00+00:00
c6b09ea0fe23a572a781681b3c1f436e8b0932fe,2972af109e10c5ce30e548190e3eee28327d6043,providers/implementations/keymgmt/rsa_kmgmt.c,"('14442', '');('14443', '')",2021-03-30T19:22:33+02:00,2020-03-12T10:44:02+01:00
c6b09ea0fe23a572a781681b3c1f436e8b0932fe,5ccada09aae0cf846d3381a161d3eb20d4d9abfd,test/recipes/30-test_evp_data/evppkey_rsa.txt,"('14442', '');('14443', '')",2021-03-30T19:22:33+02:00,2020-08-07T14:29:00+10:00
e6c2f96489fc0c006845c8597f8ceed2f01f76ee,0f113f3ee4d629ef9a4a30911b22b224772085e5,apps/ca.c,"('13732', '')",2021-04-08T11:30:44+10:00,2015-01-22T09:20:09+00:00
e6c2f96489fc0c006845c8597f8ceed2f01f76ee,b4dd21a7b8b850a39b0f610fceca21557853c943,apps/ocsp.c,"('13732', '')",2021-04-08T11:30:44+10:00,2018-01-24T18:30:31+00:00
e6c2f96489fc0c006845c8597f8ceed2f01f76ee,0770c882150ea0159cc2b0a2cea2e8ed8442f36f,apps/ocsp.c,"('13732', '')",2021-04-08T11:30:44+10:00,2019-04-03T15:56:45+01:00
e6c2f96489fc0c006845c8597f8ceed2f01f76ee,0f113f3ee4d629ef9a4a30911b22b224772085e5,apps/ocsp.c,"('13732', '')",2021-04-08T11:30:44+10:00,2015-01-22T09:20:09+00:00
e6c2f96489fc0c006845c8597f8ceed2f01f76ee,d02b48c63a58ea4367a0e905979f140b7d090f86,apps/req.c,"('13732', '')",2021-04-08T11:30:44+10:00,1998-12-21T10:52:47+00:00
e6c2f96489fc0c006845c8597f8ceed2f01f76ee,0f113f3ee4d629ef9a4a30911b22b224772085e5,crypto/ocsp/ocsp_cl.c,"('13732', '')",2021-04-08T11:30:44+10:00,2015-01-22T09:20:09+00:00
e6c2f96489fc0c006845c8597f8ceed2f01f76ee,b4dd21a7b8b850a39b0f610fceca21557853c943,crypto/ocsp/ocsp_local.h,"('13732', '')",2021-04-08T11:30:44+10:00,2018-01-24T18:30:31+00:00
e6c2f96489fc0c006845c8597f8ceed2f01f76ee,9f5671c7e9f30dfa53b1a2b553f234c2761ceb66,crypto/ocsp/ocsp_local.h,"('13732', '')",2021-04-08T11:30:44+10:00,2017-11-07T10:47:01+00:00
e6c2f96489fc0c006845c8597f8ceed2f01f76ee,b4dd21a7b8b850a39b0f610fceca21557853c943,crypto/ocsp/ocsp_srv.c,"('13732', '')",2021-04-08T11:30:44+10:00,2018-01-24T18:30:31+00:00
e6c2f96489fc0c006845c8597f8ceed2f01f76ee,be6aeda6474a77e97b344f300334f5fe3612e4b4,crypto/ocsp/ocsp_srv.c,"('13732', '')",2021-04-08T11:30:44+10:00,2020-03-27T11:20:39+00:00
e6c2f96489fc0c006845c8597f8ceed2f01f76ee,4a71bee6cf84d0e6daa9857586ffcebf42aa1842,crypto/ocsp/ocsp_vfy.c,"('13732', '')",2021-04-08T11:30:44+10:00,2020-09-20T14:32:31+02:00
e6c2f96489fc0c006845c8597f8ceed2f01f76ee,2e8cb108dc88d8b3276757bc95ffa34fdf97c055,crypto/x509/x509_vfy.c,"('13732', '')",2021-04-08T11:30:44+10:00,2012-12-04T18:35:36+00:00
e6c2f96489fc0c006845c8597f8ceed2f01f76ee,e72dbd8e13cbf5a16faaa6c911af5507593dd836,crypto/x509/x_all.c,"('13732', '')",2021-04-08T11:30:44+10:00,2021-03-22T15:40:04+01:00
e6c2f96489fc0c006845c8597f8ceed2f01f76ee,010fa0b33169cfc9179bda29c34c05af80f78e27,crypto/x509/x_crl.c,"('13732', '')",2021-04-08T11:30:44+10:00,2006-09-21T12:42:15+00:00
e6c2f96489fc0c006845c8597f8ceed2f01f76ee,34a42e1489bf4f45bfad069eceba56315d4713be,crypto/x509/x_crl.c,"('13732', '')",2021-04-08T11:30:44+10:00,2015-10-15T15:36:58+01:00
e6c2f96489fc0c006845c8597f8ceed2f01f76ee,746f3674896845460946ace7e963e52b547fbf35,doc/man3/X509_dup.pod,"('13732', '')",2021-04-08T11:30:44+10:00,2020-10-01T09:25:20+01:00
e6c2f96489fc0c006845c8597f8ceed2f01f76ee,90a1f2d76f53effefafbae31e2f425a3508bda45,doc/man3/X509_dup.pod,"('13732', '')",2021-04-08T11:30:44+10:00,2020-08-09T17:34:52+10:00
e6c2f96489fc0c006845c8597f8ceed2f01f76ee,6725682d77510bf6d499957897d7be124d603f40,doc/man3/X509_new.pod,"('13732', '')",2021-04-08T11:30:44+10:00,2020-07-24T22:53:27+10:00
a135dea4e024ea6750be25859c1d613789a4d575,b457c8f514130d3b92de574620d38c1058eb7b35,test/threadstest.c,"('14720', '')",2021-04-08T17:46:35+10:00,2021-01-14T17:30:46+00:00
5c107243877121f84037a5aaf19457f87458e8ed,e6c2f96489fc0c006845c8597f8ceed2f01f76ee,crypto/x509/x_crl.c,"('14752', '');('14809', '')",2021-04-14T16:05:00+10:00,2021-04-08T11:30:44+10:00
34ed73339602c361d09fe4233d65cef996356239,5ccada09aae0cf846d3381a161d3eb20d4d9abfd,test/recipes/30-test_evp_data/evpmac_siphash.txt,"('14370', '')",2021-04-16T09:00:41+10:00,2020-08-07T14:29:00+10:00
e494fac705057c91017b41fa761f9406c87f4cc5,2ff4e15dc2a981a447859558c8de2c96ba804c5b,apps/list.c,"('14880', '')",2021-04-17T18:22:13+10:00,2020-09-23T15:28:30+10:00
e494fac705057c91017b41fa761f9406c87f4cc5,f000e82898af251442ca52e81fc1ee45996090dc,crypto/evp/evp_rand.c,"('14880', '')",2021-04-17T18:22:13+10:00,2020-06-24T20:05:42+10:00
e494fac705057c91017b41fa761f9406c87f4cc5,7dc38bea94bcb71258eb2abaf48607a610cd576f,crypto/evp/evp_rand.c,"('14880', '')",2021-04-17T18:22:13+10:00,2020-07-05T13:18:08+10:00
e494fac705057c91017b41fa761f9406c87f4cc5,671ff5c74ec135b7c419895983d67c63013ffa9e,doc/man3/EVP_RAND.pod,"('14880', '')",2021-04-17T18:22:13+10:00,2021-02-28T17:25:49+10:00
e494fac705057c91017b41fa761f9406c87f4cc5,dc4e74ef6c10a13d8a8947c71e9ee70a0abe642e,doc/man3/EVP_RAND.pod,"('14880', '')",2021-04-17T18:22:13+10:00,2020-06-24T20:07:46+10:00
e494fac705057c91017b41fa761f9406c87f4cc5,03888233290bf3b8410e8dc2acbef8950fffef60,doc/man3/EVP_RAND.pod,"('14880', '')",2021-04-17T18:22:13+10:00,2021-04-02T08:57:47+02:00
e494fac705057c91017b41fa761f9406c87f4cc5,b0b63654e9da02a6f336c5660e659a87a29e916e,doc/man7/life_cycle-rand.pod,"('14880', '')",2021-04-17T18:22:13+10:00,2021-03-26T18:21:37+10:00
e494fac705057c91017b41fa761f9406c87f4cc5,f000e82898af251442ca52e81fc1ee45996090dc,include/openssl/evp.h,"('14880', '')",2021-04-17T18:22:13+10:00,2020-06-24T20:05:42+10:00
e494fac705057c91017b41fa761f9406c87f4cc5,6154f9a7cad7805a551343ed2111231aa2e00681,providers/fips/self_test_kats.c,"('14880', '')",2021-04-17T18:22:13+10:00,2020-06-24T20:05:42+10:00
e494fac705057c91017b41fa761f9406c87f4cc5,254b5dcabd205b2229439020c768a0c9da0d8d7b,test/acvp_test.c,"('14880', '')",2021-04-17T18:22:13+10:00,2020-09-24T20:05:35+10:00
e494fac705057c91017b41fa761f9406c87f4cc5,7d615e2178fbffa53f05a67f68e5741374340308,test/drbgtest.c,"('14880', '')",2021-04-17T18:22:13+10:00,2020-08-07T14:16:47+10:00
e494fac705057c91017b41fa761f9406c87f4cc5,1c19ff3ce85ee22afcf87d28ce2cababef02a123,test/evp_extra_test.c,"('14880', '')",2021-04-17T18:22:13+10:00,2020-06-24T20:07:46+10:00
e494fac705057c91017b41fa761f9406c87f4cc5,c9ed9307f2dfaba01b3c3b9e489fe358e6070b50,test/evp_test.c,"('14880', '')",2021-04-17T18:22:13+10:00,2020-06-24T20:07:46+10:00
e494fac705057c91017b41fa761f9406c87f4cc5,15dfa092d0e0bb9835942d1e3251e32b2f030d54,util/libcrypto.num,"('14880', '')",2021-04-17T18:22:13+10:00,2020-06-24T20:05:41+10:00
491a1e3363228e8276ee293a86acd7a961ffe9d3,5fee3fe2760d65a141873601c4b7b9fd2fc5c7b1,Configurations/50-cppbuilder.conf,"('', '2653')",2021-04-19T11:05:55+02:00,2021-04-19T11:05:54+02:00
491a1e3363228e8276ee293a86acd7a961ffe9d3,5fee3fe2760d65a141873601c4b7b9fd2fc5c7b1,Configurations/windows-makefile.tmpl,"('', '2653')",2021-04-19T11:05:55+02:00,2021-04-19T11:05:54+02:00
491a1e3363228e8276ee293a86acd7a961ffe9d3,8effd8fa67689e1d4318cfda21604eef428a37cf,util/mkdef.pl,"('', '2653')",2021-04-19T11:05:55+02:00,2018-10-03T22:16:10+02:00
57e7401fc5c6af8e9266a721be669a3b70fbfb3f,260009d877bfd6fe75aef08ecf4c366127f1f78e,ssl/t1_lib.c,"('14333', '');('14885', '')",2021-04-19T10:39:12+01:00,2020-06-19T10:19:31+01:00
57e7401fc5c6af8e9266a721be669a3b70fbfb3f,d0595f170c225b918a980f49c5d16ec53545a6ad,ssl/t1_lib.c,"('14333', '');('14885', '')",2021-04-19T10:39:12+01:00,2012-03-28T15:05:04+00:00
57e7401fc5c6af8e9266a721be669a3b70fbfb3f,8bb870df9ef3b3a010f577434b88388eea817bba,ssl/t1_lib.c,"('14333', '');('14885', '')",2021-04-19T10:39:12+01:00,2012-11-08T14:24:51+00:00
57e7401fc5c6af8e9266a721be669a3b70fbfb3f,65dc5c3cc10af7c6f24ecd922adb7b6d17a9fe65,ssl/t1_lib.c,"('14333', '');('14885', '')",2021-04-19T10:39:12+01:00,2019-06-17T10:57:19+01:00
57e7401fc5c6af8e9266a721be669a3b70fbfb3f,0c13cdf835086a7bd29c32c55e7675e5a8827a31,test/tls-provider.c,"('14333', '');('14885', '')",2021-04-19T10:39:12+01:00,2020-06-19T10:19:32+01:00
57e7401fc5c6af8e9266a721be669a3b70fbfb3f,ecff43e0ca48b25ddb001b6b63f3b7f8431f6962,test/tls-provider.c,"('14333', '');('14885', '')",2021-04-19T10:39:12+01:00,2020-10-14T18:42:58+03:00
57e7401fc5c6af8e9266a721be669a3b70fbfb3f,b425001010044adbdbcd98f8682694b30b73bbf4,test/tls-provider.c,"('14333', '');('14885', '')",2021-04-19T10:39:12+01:00,2020-10-15T11:59:53+01:00
92b20fb8f742d50ca9eae8c28a855df94b9a3783,5a9752756b68632320c5aed7b6eb38e63a8ebf31,crypto/context.c,"('14593', '')",2021-04-19T10:50:29+01:00,2020-06-28T10:55:51+02:00
92b20fb8f742d50ca9eae8c28a855df94b9a3783,5a9752756b68632320c5aed7b6eb38e63a8ebf31,doc/man3/OSSL_LIB_CTX.pod,"('14593', '')",2021-04-19T10:50:29+01:00,2020-06-28T10:55:51+02:00
b06450bcf763735a89b65ca3ec176600fe7fceed,bf95cde28712cfcad90cb3975cdcb8e5c0f20fde,crypto/srp/srp_vfy.c,"('14913', '')",2021-04-21T09:17:22+10:00,2015-09-21T10:17:58+01:00
b06450bcf763735a89b65ca3ec176600fe7fceed,edc032b5e3f3ebb1006a9c89e0ae00504f47966f,crypto/srp/srp_vfy.c,"('14913', '')",2021-04-21T09:17:22+10:00,2011-03-12T17:01:19+00:00
b06450bcf763735a89b65ca3ec176600fe7fceed,0f113f3ee4d629ef9a4a30911b22b224772085e5,crypto/srp/srp_vfy.c,"('14913', '')",2021-04-21T09:17:22+10:00,2015-01-22T09:20:09+00:00
4e030ed45dbf56be2f09d86f76f697ae6a0c567f,b51bed05c2ab54a1933b5c18862e68cd4540278c,apps/cmp.c,"('14910', '')",2021-04-21T07:23:20+02:00,2021-02-17T17:13:32+01:00
4e030ed45dbf56be2f09d86f76f697ae6a0c567f,5e128ed1209335fb72fe50a68640331e354cbea6,apps/cmp.c,"('14910', '')",2021-04-21T07:23:20+02:00,2021-02-19T16:58:22+01:00
4e030ed45dbf56be2f09d86f76f697ae6a0c567f,8d9a4d833f12b0669f053a504268d13a46c079ad,apps/cmp.c,"('14910', '')",2021-04-21T07:23:20+02:00,2020-05-13T19:42:00+02:00
da671c4184a4c8e7c3856b9ccdc6a6b4cece4012,c0ff1932e446621f43cd607371b7d265370d4bc6,test/evp_extra_test.c,"('14959', '')",2021-04-23T11:11:03+02:00,2021-02-27T16:14:09+01:00
94dc4282c3b85864596e9f333017fdb46de352ff,433deaffce45d58efd6bb014672f7fb95062d458,test/recipes/80-test_ssl_new.t,"('14965', '')",2021-04-23T11:13:30+02:00,2020-03-06T18:25:13+01:00
d21224f1adcd948699e536eaf570f42ef9a051f7,35a810bb1d6af5a71170c5c4b506f7665d573a3e,doc/man1/openssl-verify.pod.in,"('14675', '')",2021-04-26T11:38:22+02:00,2019-10-09T10:44:32+02:00
d21224f1adcd948699e536eaf570f42ef9a051f7,21d08b9ee9c0f7fabcad27b5d0b0c8c16f7dd1e9,doc/man1/openssl-verify.pod.in,"('14675', '')",2021-04-26T11:38:22+02:00,2020-01-23T23:18:33+01:00
d21224f1adcd948699e536eaf570f42ef9a051f7,ade08735f9d0ac85d611c5abee8a1df651bbca13,doc/man1/openssl-verify.pod.in,"('14675', '')",2021-04-26T11:38:22+02:00,2020-07-01T11:14:54+02:00
f1ffaaeece5efb7d2f4859a59e3164edf9b4b769,ca2bf555cd64bc9624af1259ce3cd27f95a5763e,crypto/dh/dh_pmeth.c,"('13871', '');('13952', '');('13956', '');('14054', '');('14145', '');('14444', '')",2021-04-26T19:52:11+02:00,2020-01-31T08:18:46+10:00
f1ffaaeece5efb7d2f4859a59e3164edf9b4b769,afb14cda8c70d18b97bbf3419bd308ba5b65f3b9,crypto/dh/dh_pmeth.c,"('13871', '');('13952', '');('13956', '');('14054', '');('14145', '');('14444', '')",2021-04-26T19:52:11+02:00,2011-12-07T00:32:34+00:00
f1ffaaeece5efb7d2f4859a59e3164edf9b4b769,0f113f3ee4d629ef9a4a30911b22b224772085e5,crypto/dh/dh_pmeth.c,"('13871', '');('13952', '');('13956', '');('14054', '');('14145', '');('14444', '')",2021-04-26T19:52:11+02:00,2015-01-22T09:20:09+00:00
f1ffaaeece5efb7d2f4859a59e3164edf9b4b769,d59d853a6f907c3449c9ad36d5814fb287e6ff05,crypto/dh/dh_pmeth.c,"('13871', '');('13952', '');('13956', '');('14054', '');('14145', '');('14444', '')",2021-04-26T19:52:11+02:00,2017-10-12T02:40:30+01:00
f1ffaaeece5efb7d2f4859a59e3164edf9b4b769,32ab57cbb4877ce7e6b4eb3f9b3cfbb0ff7cd10b,crypto/evp/ctrl_params_translate.c,"('13871', '');('13952', '');('13956', '');('14054', '');('14145', '');('14444', '')",2021-04-26T19:52:11+02:00,2021-02-26T10:53:01+10:00
f1ffaaeece5efb7d2f4859a59e3164edf9b4b769,9a1c4e41e8d3fd8fe9d1bd8eeb8b1e1df21da37f,crypto/evp/ctrl_params_translate.c,"('13871', '');('13952', '');('13956', '');('14054', '');('14145', '');('14444', '')",2021-04-26T19:52:11+02:00,2021-02-23T13:41:48+01:00
f1ffaaeece5efb7d2f4859a59e3164edf9b4b769,19dbb742cdf68d8ada6338a025491a3b46b9ebe1,crypto/evp/dh_support.c,"('13871', '');('13952', '');('13956', '');('14054', '');('14145', '');('14444', '')",2021-04-26T19:52:11+02:00,2021-02-26T10:50:30+10:00
f1ffaaeece5efb7d2f4859a59e3164edf9b4b769,c829c23b67308ad8e8ab677c78db1d5151106c3c,crypto/evp/dh_support.c,"('13871', '');('13952', '');('13956', '');('14054', '');('14145', '');('14444', '')",2021-04-26T19:52:11+02:00,2020-12-16T11:55:39+01:00
f1ffaaeece5efb7d2f4859a59e3164edf9b4b769,e815d3015eba4e54f414636b8907e15e249d72cf,crypto/evp/p_lib.c,"('13871', '');('13952', '');('13956', '');('14054', '');('14145', '');('14444', '')",2021-04-26T19:52:11+02:00,2001-09-05T17:02:35+00:00
f1ffaaeece5efb7d2f4859a59e3164edf9b4b769,32c869ffaba67822602ea9fec611272ff8e8db58,crypto/evp/p_lib.c,"('13871', '');('13952', '');('13956', '');('14054', '');('14145', '');('14444', '')",2021-04-26T19:52:11+02:00,2019-12-16T14:27:16+00:00
f1ffaaeece5efb7d2f4859a59e3164edf9b4b769,c7cb16a8ffa2a791949044378f278e8f4089d7d6,crypto/evp/p_lib.c,"('13871', '');('13952', '');('13956', '');('14054', '');('14145', '');('14444', '')",2021-04-26T19:52:11+02:00,2000-02-26T01:55:33+00:00
f1ffaaeece5efb7d2f4859a59e3164edf9b4b769,c9e955dd50f30f46555ff837b0bbae63433cef40,crypto/ffc/ffc_dh.c,"('13871', '');('13952', '');('13956', '');('14054', '');('14145', '');('14444', '')",2021-04-26T19:52:11+02:00,2021-02-16T10:12:02+00:00
f1ffaaeece5efb7d2f4859a59e3164edf9b4b769,33388b44b67145af2181b1e9528c381c8ea0d1b6,doc/man1/openssl-genpkey.pod.in,"('13871', '');('13952', '');('13956', '');('14054', '');('14145', '');('14444', '')",2021-04-26T19:52:11+02:00,2020-04-23T13:55:52+01:00
f1ffaaeece5efb7d2f4859a59e3164edf9b4b769,8bc93d2f220de9750c6934d8d2f2346d14616180,doc/man1/openssl-genpkey.pod.in,"('13871', '');('13952', '');('13956', '');('14054', '');('14145', '');('14444', '')",2021-04-26T19:52:11+02:00,2019-10-09T10:45:10+02:00
f1ffaaeece5efb7d2f4859a59e3164edf9b4b769,618eb125f01c64640ff86f343c9dc1d037499175,doc/man1/openssl-genpkey.pod.in,"('13871', '');('13952', '');('13956', '');('14054', '');('14145', '');('14444', '')",2021-04-26T19:52:11+02:00,2011-12-07T00:42:22+00:00
f1ffaaeece5efb7d2f4859a59e3164edf9b4b769,49131a7d942d85bc3a8d649e23ff14f0da18ee4c,doc/man1/openssl-genpkey.pod.in,"('13871', '');('13952', '');('13956', '');('14054', '');('14145', '');('14444', '')",2021-04-26T19:52:11+02:00,2006-07-08T00:24:47+00:00
f1ffaaeece5efb7d2f4859a59e3164edf9b4b769,77579510aa40aa769ceafc7a0c856381800e79c2,doc/man1/openssl-genpkey.pod.in,"('13871', '');('13952', '');('13956', '');('14054', '');('14145', '');('14444', '')",2021-04-26T19:52:11+02:00,2018-04-05T15:44:43+01:00
f1ffaaeece5efb7d2f4859a59e3164edf9b4b769,2f0ea9365806895c313b6d8e2ce33428260e856c,doc/man1/openssl-genpkey.pod.in,"('13871', '');('13952', '');('13956', '');('14054', '');('14145', '');('14444', '')",2021-04-26T19:52:11+02:00,2019-10-09T10:42:57+02:00
f1ffaaeece5efb7d2f4859a59e3164edf9b4b769,c4de074e6385a86a43a30fee574e77f9dcabb022,doc/man1/openssl-genpkey.pod.in,"('13871', '');('13952', '');('13956', '');('14054', '');('14145', '');('14444', '')",2021-04-26T19:52:11+02:00,2017-03-30T14:16:41+02:00
f1ffaaeece5efb7d2f4859a59e3164edf9b4b769,b8086652650c0782bc8d63b620663e04a3c6a3a7,doc/man7/EVP_PKEY-DH.pod,"('13871', '');('13952', '');('13956', '');('14054', '');('14145', '');('14444', '')",2021-04-26T19:52:11+02:00,2020-05-26T13:53:07+10:00
f1ffaaeece5efb7d2f4859a59e3164edf9b4b769,05fa5fde10cdacb4899486da0c1a7619dd08bdb7,doc/man7/EVP_PKEY-DH.pod,"('13871', '');('13952', '');('13956', '');('14054', '');('14145', '');('14444', '')",2021-04-26T19:52:11+02:00,2020-12-11T11:10:56+00:00
f1ffaaeece5efb7d2f4859a59e3164edf9b4b769,b8086652650c0782bc8d63b620663e04a3c6a3a7,doc/man7/EVP_PKEY-FFC.pod,"('13871', '');('13952', '');('13956', '');('14054', '');('14145', '');('14444', '')",2021-04-26T19:52:11+02:00,2020-05-26T13:53:07+10:00
f1ffaaeece5efb7d2f4859a59e3164edf9b4b769,19dbb742cdf68d8ada6338a025491a3b46b9ebe1,include/crypto/dh.h,"('13871', '');('13952', '');('13956', '');('14054', '');('14145', '');('14444', '')",2021-04-26T19:52:11+02:00,2021-02-26T10:50:30+10:00
f1ffaaeece5efb7d2f4859a59e3164edf9b4b769,738ee1819e3bb94723701fb505ce2971afe47a9b,providers/implementations/keymgmt/dh_kmgmt.c,"('13871', '');('13952', '');('13956', '');('14054', '');('14145', '');('14444', '')",2021-04-26T19:52:11+02:00,2020-04-20T11:07:38+10:00
f1ffaaeece5efb7d2f4859a59e3164edf9b4b769,7165593ce5a07a6860d4d408ad640ee707172936,providers/implementations/keymgmt/dh_kmgmt.c,"('13871', '');('13952', '');('13956', '');('14054', '');('14145', '');('14444', '')",2021-04-26T19:52:11+02:00,2020-04-16T01:14:00+10:00
f1ffaaeece5efb7d2f4859a59e3164edf9b4b769,b8086652650c0782bc8d63b620663e04a3c6a3a7,providers/implementations/keymgmt/dh_kmgmt.c,"('13871', '');('13952', '');('13956', '');('14054', '');('14145', '');('14444', '')",2021-04-26T19:52:11+02:00,2020-05-26T13:53:07+10:00
f1ffaaeece5efb7d2f4859a59e3164edf9b4b769,fb67126ea8a1a9fadb9b60641d84808fc123cd9d,providers/implementations/keymgmt/dh_kmgmt.c,"('13871', '');('13952', '');('13956', '');('14054', '');('14145', '');('14444', '')",2021-04-26T19:52:11+02:00,2021-03-03T11:25:39+01:00
f1ffaaeece5efb7d2f4859a59e3164edf9b4b769,627c220311bcd3bd6f4f745b76ce6a548bed4629,providers/implementations/keymgmt/dh_kmgmt.c,"('13871', '');('13952', '');('13956', '');('14054', '');('14145', '');('14444', '')",2021-04-26T19:52:11+02:00,2020-08-11T20:39:19+10:00
f1ffaaeece5efb7d2f4859a59e3164edf9b4b769,19dbb742cdf68d8ada6338a025491a3b46b9ebe1,providers/implementations/keymgmt/dh_kmgmt.c,"('13871', '');('13952', '');('13956', '');('14054', '');('14145', '');('14444', '')",2021-04-26T19:52:11+02:00,2021-02-26T10:50:30+10:00
f1ffaaeece5efb7d2f4859a59e3164edf9b4b769,023b188ca553aa4318d8e7021e3abbbb98833410,providers/implementations/keymgmt/dh_kmgmt.c,"('13871', '');('13952', '');('13956', '');('14054', '');('14145', '');('14444', '')",2021-04-26T19:52:11+02:00,2020-06-19T10:19:31+01:00
f1ffaaeece5efb7d2f4859a59e3164edf9b4b769,7165593ce5a07a6860d4d408ad640ee707172936,test/recipes/15-test_gendh.t,"('13871', '');('13952', '');('13956', '');('14054', '');('14145', '');('14444', '')",2021-04-26T19:52:11+02:00,2020-04-16T01:14:00+10:00
f1ffaaeece5efb7d2f4859a59e3164edf9b4b769,f2a7151849a566892912737f7b633c04f64a2b9e,test/recipes/15-test_gendh.t,"('13871', '');('13952', '');('13956', '');('14054', '');('14145', '');('14444', '')",2021-04-26T19:52:11+02:00,2020-11-20T11:59:23+10:00
f1ffaaeece5efb7d2f4859a59e3164edf9b4b769,a7246ea645b5d4c5ca7bde3dad4fcd6e63e11896,test/recipes/20-test_dhparam_check.t,"('13871', '');('13952', '');('13956', '');('14054', '');('14145', '');('14444', '')",2021-04-26T19:52:11+02:00,2021-02-04T09:33:16+01:00
1727465471e800548694da96b8970743b7efa7ff,0f113f3ee4d629ef9a4a30911b22b224772085e5,crypto/asn1/a_object.c,"('14667', '')",2021-04-27T12:43:52+02:00,2015-01-22T09:20:09+00:00
f42e68dc473081393835b0ae7dad19d393ee589d,76af303761670cd54a93f1b196bcd7b2eaf7c29c,ssl/statem/statem.c,"('14906', '')",2021-04-28T16:23:08+01:00,2015-10-30T08:32:44+00:00
f42e68dc473081393835b0ae7dad19d393ee589d,f8e0a5573820bd7318782d4954c6643ff7e58102,ssl/statem/statem.c,"('14906', '')",2021-04-28T16:23:08+01:00,2015-10-30T08:27:59+00:00
f42e68dc473081393835b0ae7dad19d393ee589d,5d671101739f9e9b259126375a9e8b2fa42ac45f,ssl/statem/statem_dtls.c,"('14906', '')",2021-04-28T16:23:08+01:00,2018-02-09T15:27:32+00:00
f42e68dc473081393835b0ae7dad19d393ee589d,eda757514ea3018c8510b4738b5e37479aeadc5e,ssl/statem/statem_dtls.c,"('14906', '')",2021-04-28T16:23:08+01:00,2016-11-04T12:09:45+00:00
f42e68dc473081393835b0ae7dad19d393ee589d,76af303761670cd54a93f1b196bcd7b2eaf7c29c,ssl/statem/statem_dtls.c,"('14906', '')",2021-04-28T16:23:08+01:00,2015-10-30T08:32:44+00:00
f42e68dc473081393835b0ae7dad19d393ee589d,d166ed8c11e10e9fdaeac182effb9dd318843924,ssl/statem/statem_dtls.c,"('14906', '')",2021-04-28T16:23:08+01:00,2016-07-15T14:09:05+01:00
f42e68dc473081393835b0ae7dad19d393ee589d,eda757514ea3018c8510b4738b5e37479aeadc5e,ssl/statem/statem_local.h,"('14906', '')",2021-04-28T16:23:08+01:00,2016-11-04T12:09:45+00:00
2395ad8079bdc76790a004f9aaeb53ef0b1c8df8,05869bba7fbe59d04bb8605b81b470d4dedb38ac,providers/build.info,"('15056', '')",2021-04-29T17:40:24+10:00,2021-03-03T14:47:43+01:00
2395ad8079bdc76790a004f9aaeb53ef0b1c8df8,eb78f9552307248ca5ccfc28d61faa823dae7c7e,providers/build.info,"('15056', '')",2021-04-29T17:40:24+10:00,2021-03-24T17:46:40+01:00
18da9fc31f050edaf65da162f01c7bea920a5aac,4813ad2d245cbf7fed2898d173eaa9e2a00e3e23,Configurations/unix-Makefile.tmpl,"('13693', '')",2021-04-29T11:26:57+02:00,2016-06-17T16:06:31+02:00
e9d62da6c305d947530d91e412fdb21a8d8e3510,22dddfb925da8775eaf4ee8c377da41e6535afe1,apps/crl.c,"('15031', '')",2021-04-30T16:04:52+10:00,2020-10-26T09:43:39+01:00
e9d62da6c305d947530d91e412fdb21a8d8e3510,0f113f3ee4d629ef9a4a30911b22b224772085e5,apps/crl.c,"('15031', '')",2021-04-30T16:04:52+10:00,2015-01-22T09:20:09+00:00
e9d62da6c305d947530d91e412fdb21a8d8e3510,22dddfb925da8775eaf4ee8c377da41e6535afe1,apps/include/apps.h,"('15031', '')",2021-04-30T16:04:52+10:00,2020-10-26T09:43:39+01:00
e9d62da6c305d947530d91e412fdb21a8d8e3510,b3c5aadf4ce3dc2207cc605726bf370a55b531c9,apps/lib/apps.c,"('15031', '')",2021-04-30T16:04:52+10:00,2020-08-20T14:55:34+02:00
e9d62da6c305d947530d91e412fdb21a8d8e3510,22dddfb925da8775eaf4ee8c377da41e6535afe1,apps/lib/apps.c,"('15031', '')",2021-04-30T16:04:52+10:00,2020-10-26T09:43:39+01:00
e9d62da6c305d947530d91e412fdb21a8d8e3510,0090a686c0620e5f7d72aef2e74f4a0e01c53e3e,apps/lib/apps.c,"('15031', '')",2021-04-30T16:04:52+10:00,2012-12-06T18:43:40+00:00
e9d62da6c305d947530d91e412fdb21a8d8e3510,22dddfb925da8775eaf4ee8c377da41e6535afe1,apps/s_client.c,"('15031', '')",2021-04-30T16:04:52+10:00,2020-10-26T09:43:39+01:00
e9d62da6c305d947530d91e412fdb21a8d8e3510,22dddfb925da8775eaf4ee8c377da41e6535afe1,apps/s_server.c,"('15031', '')",2021-04-30T16:04:52+10:00,2020-10-26T09:43:39+01:00
e9d62da6c305d947530d91e412fdb21a8d8e3510,c404e4fab3b4497a2d04bc9c171c5460b940bf91,test/recipes/25-test_crl.t,"('15031', '')",2021-04-30T16:04:52+10:00,2021-04-29T11:36:12+02:00
c0f4400c4051cc26fbe385b6af9fc67e7c66dbdd,c48ffbcca1d0213c6bcbe85de7bb5dd23c76438d,ssl/statem/statem_clnt.c,"('12735', '')",2021-05-01T13:09:15+02:00,2020-11-11T12:12:23+01:00
0d6c144e8d0c53e8947e3a76225ea33b3e29abc8,285e2991af23974761b9497f1e2a3396aa4bc440,util/perl/OpenSSL/Test.pm,"('14256', '')",2021-05-04T10:16:33+02:00,2020-02-27T08:49:14+01:00
1127754e4877b2a4bd53112de115041d1952fa12,fadb57e554cb0b9b7678902a3572740f31bcc279,doc/man1/openssl-dhparam.pod.in,"('13151', '')",2021-05-05T18:09:49+10:00,2020-01-22T18:06:49+01:00
1127754e4877b2a4bd53112de115041d1952fa12,ef7eaa4cb0cf07c79cb0d294c7d24c2f74e1bdcf,doc/man1/openssl-dhparam.pod.in,"('13151', '')",2021-05-05T18:09:49+10:00,2000-01-08T13:36:17+00:00
1127754e4877b2a4bd53112de115041d1952fa12,b6b66573bdeb369636be66104687f211dfad03aa,doc/man1/openssl-dhparam.pod.in,"('13151', '')",2021-05-05T18:09:49+10:00,2019-08-22T18:58:40+02:00
8369592d35da7d321b8d2f4b5591acd72481111a,75e35c9ad1a0075d443202866fb1760d2e889d4e,crypto/ess/build.info,"('15137', '')",2021-05-05T17:05:01+02:00,2020-06-21T10:09:48+02:00
8369592d35da7d321b8d2f4b5591acd72481111a,9e3c510bde91350c5a40b7ba4e9e0945895e9368,crypto/ess/build.info,"('15137', '')",2021-05-05T17:05:01+02:00,2020-05-27T13:16:30+02:00
531df8185ff4a083aca550b2c8a56d7993b2c60d,586d9436c807f5ee5aa82dab79cc6ee40b28bb3e,doc/man3/BIO_printf.pod,"('14772', '')",2021-05-08T15:02:34+10:00,2021-04-14T17:00:04+10:00
56f0237938c7e99d04f004886d56cb76514c4d56,84b08eee4b37c6594e43568f637d3aacbfd6105a,crypto/ec/ec2_oct.c,"('15021', '')",2021-05-09T14:52:53+03:00,2011-02-14T16:52:12+00:00
56f0237938c7e99d04f004886d56cb76514c4d56,9311d0c471ca2eaa259e8c1bbbeb7c46394c7ba2,crypto/ec/ec2_oct.c,"('15021', '')",2021-05-09T14:52:53+03:00,2020-11-13T09:35:02+01:00
56f0237938c7e99d04f004886d56cb76514c4d56,0f113f3ee4d629ef9a4a30911b22b224772085e5,crypto/ec/ec2_oct.c,"('15021', '')",2021-05-09T14:52:53+03:00,2015-01-22T09:20:09+00:00
482e6693b436e2de31a7c20d03fc73398b04767f,b8441adb593392e224eccc95495e9a7451d04821,apps/list.c,"('15196', '')",2021-05-12T18:40:57+10:00,2019-07-23T06:34:09+02:00
482e6693b436e2de31a7c20d03fc73398b04767f,a61fba5da6eec31d7b790602c1e21f06d722cdaa,apps/list.c,"('15196', '')",2021-05-12T18:40:57+10:00,2020-12-15T04:39:58+01:00
482e6693b436e2de31a7c20d03fc73398b04767f,ad623ec0cb2b2578a369431a8c3675b8bb2cc3b5,apps/list.c,"('15196', '')",2021-05-12T18:40:57+10:00,2019-08-15T10:51:08+02:00
482e6693b436e2de31a7c20d03fc73398b04767f,753149d97f8474ff8745a66175b8e4a19fe50743,apps/list.c,"('15196', '')",2021-05-12T18:40:57+10:00,2019-07-15T07:00:29+02:00
482e6693b436e2de31a7c20d03fc73398b04767f,ece9304c96f71277ca95696d9bc49fdec51e9f17,apps/list.c,"('15196', '')",2021-05-12T18:40:57+10:00,2020-08-21T09:23:58+02:00
482e6693b436e2de31a7c20d03fc73398b04767f,55accfd2f11d02cf4cfdc6077216ae59f1748f6a,apps/list.c,"('15196', '')",2021-05-12T18:40:57+10:00,2019-09-06T19:27:57+10:00
482e6693b436e2de31a7c20d03fc73398b04767f,d5f854291336c96a3d2379ecc8c29f00ef516ad9,apps/list.c,"('15196', '')",2021-05-12T18:40:57+10:00,2019-08-27T18:55:01+02:00
482e6693b436e2de31a7c20d03fc73398b04767f,fc959d7171c534b36c79791e5101ff4dc5edef96,apps/list.c,"('15196', '')",2021-05-12T18:40:57+10:00,2020-09-26T07:13:22+10:00
482e6693b436e2de31a7c20d03fc73398b04767f,2dee33dfb364c6e5d9339ddf9293991ec654b092,apps/list.c,"('15196', '')",2021-05-12T18:40:57+10:00,2020-06-24T20:05:41+10:00
9a633a1c97e387157560641c4f7043efe52dba6b,ae95a40e8d453aa9d4f6499568f658ffc88a7d6e,test/recipes/90-test_threads.t,"('15243', '')",2021-05-13T14:22:20+10:00,2021-01-14T17:30:46+00:00
9a633a1c97e387157560641c4f7043efe52dba6b,a0134d293e907672e2717fe54ce6a4b3ae425388,test/recipes/90-test_threads.t,"('15243', '')",2021-05-13T14:22:20+10:00,2021-02-02T12:21:21+00:00
9a633a1c97e387157560641c4f7043efe52dba6b,ae95a40e8d453aa9d4f6499568f658ffc88a7d6e,test/threadstest.c,"('15243', '')",2021-05-13T14:22:20+10:00,2021-01-14T17:30:46+00:00
b1423d04cdcad9dbbe2da6e4751f0895112cc977,16feca71544681cabf873fecd3f860f9853bdf07,engines/e_loader_attic.c,"('15116', '')",2021-05-13T18:00:36+10:00,2020-09-03T17:48:32+02:00
66ddc0759a435672f1c48b856a0968e7f6e35a82,3339606a38cc9023c807428b429e01cfa1fde4d9,crypto/x509/x_x509.c,"('15115', '')",2021-05-13T18:00:36+10:00,2021-01-13T11:19:17+01:00
a8457b4c3d86a42209eabe90eddb605f59041f9e,1d73e2adae9c80d359d6d85c9f65d97a86add542,crypto/asn1/i2d_evp.c,"('14655', '')",2021-05-15T13:16:31-07:00,2021-02-27T16:14:09+01:00
00b8706c71aaa46c1b5adcc2210ccd3f9d374b6c,140eee2b3b3090107aea2d09ab10eb737fb1e5bb,doc/man3/OSSL_ENCODER_CTX_new_for_pkey.pod,"('14518', '')",2021-05-17T09:29:29+10:00,2020-10-30T13:09:52+01:00
a227ff336fc934b4a52c4659ae423dfa10efd5f3,f12a5690de906c05031f0195b6dec6925ff27231,crypto/provider_child.c,"('15284', '')",2021-05-17T10:36:03+01:00,2021-05-11T14:56:55+01:00
40692ed7c80ae3bb6c92c674fb90a5e15d81052d,ae9c39d83aa0f993e382cf913cb4fd84fc25d03d,crypto/store/store_lib.c,"('13798', '')",2021-05-18T15:30:25+01:00,2017-07-15T18:53:07+02:00
0050db7bb37814879012226dd24aa433b3600019,d00bd4e452e846a610284fe2be3e9358153251e7,test/evp_extra_test2.c,"('14996', '')",2021-05-20T08:52:57+01:00,2020-10-08T17:53:21+02:00
8a709c5e4b5a6b91ebf5001a94ed80ab20f05472,7bc027d73bc51cfa0ae23fbfd91134be9464d694,crypto/pem/pem_pkey.c,"('15170', '')",2021-05-21T10:03:07+10:00,2021-05-13T13:30:07+02:00
733094ec6b718ebced449b275a780ec3d0a361a5,168c595b14ff034ec40642ec1cb5d2c77ce82e0e,test/recipes/80-test_cmp_http_data/Mock/test.cnf,"('15395', '')",2021-05-24T14:38:40+02:00,2020-06-13T15:13:38+02:00
733094ec6b718ebced449b275a780ec3d0a361a5,b6f0f050fd6e40286eb33fcdf28507b0f9b79b26,test/recipes/80-test_cmp_http_data/test_connection.csv,"('15395', '')",2021-05-24T14:38:40+02:00,2021-05-22T14:31:36+02:00
f0fa37a4a7f43c68770ccb0b3ce286cfe6e3254a,959e8dfe06cccb3422d8b593a8e569b121d321ca,apps/req.c,"('15388', '')",2021-05-25T11:21:06+02:00,2006-05-11T21:39:00+00:00
f0fa37a4a7f43c68770ccb0b3ce286cfe6e3254a,2234212c3dde887e0b7fa08277d035cd132e2cce,apps/req.c,"('15388', '')",2021-05-25T11:21:06+02:00,2017-06-12T16:11:05-04:00
f0fa37a4a7f43c68770ccb0b3ce286cfe6e3254a,d02b48c63a58ea4367a0e905979f140b7d090f86,apps/req.c,"('15388', '')",2021-05-25T11:21:06+02:00,1998-12-21T10:52:47+00:00
f0fa37a4a7f43c68770ccb0b3ce286cfe6e3254a,17147181bd3f97c53592e2a5c9319b854b954039,apps/req.c,"('15388', '')",2021-05-25T11:21:06+02:00,2018-09-04T14:24:11+02:00
f0fa37a4a7f43c68770ccb0b3ce286cfe6e3254a,7e1b7485706c2b11091b5fa897fe496a2faa56cc,apps/req.c,"('15388', '')",2021-05-25T11:21:06+02:00,2015-04-24T15:26:15-04:00
f0fa37a4a7f43c68770ccb0b3ce286cfe6e3254a,57358a83a401ef469353b7ebdae0cf3b870a4d5e,apps/req.c,"('15388', '')",2021-05-25T11:21:06+02:00,2016-06-01T13:09:26+01:00
f0fa37a4a7f43c68770ccb0b3ce286cfe6e3254a,6a983d4287e315105551ac84c82868c6f83a0de7,apps/req.c,"('15388', '')",2021-05-25T11:21:06+02:00,2006-06-14T01:16:22+00:00
f0fa37a4a7f43c68770ccb0b3ce286cfe6e3254a,3343220327664680420d4068e1fbe46d2236f1b0,apps/req.c,"('15388', '')",2021-05-25T11:21:06+02:00,2014-02-14T22:30:27+00:00
f0fa37a4a7f43c68770ccb0b3ce286cfe6e3254a,6ad957f1273e9918c22b27d0f1b1812360964a4e,apps/req.c,"('15388', '')",2021-05-25T11:21:06+02:00,2021-01-13T11:53:15+01:00
f0fa37a4a7f43c68770ccb0b3ce286cfe6e3254a,01b8b3c7d2d8f835257ac1cb2512273aa27bfba8,apps/req.c,"('15388', '')",2021-05-25T11:21:06+02:00,2006-06-05T11:52:46+00:00
f0fa37a4a7f43c68770ccb0b3ce286cfe6e3254a,98c82b899e64e7849718671fa8f918888fdb15fa,apps/req.c,"('15388', '')",2021-05-25T11:21:06+02:00,2006-05-16T12:11:14+00:00
f0fa37a4a7f43c68770ccb0b3ce286cfe6e3254a,157959438308e586593592cc751195fbf3930a7d,apps/req.c,"('15388', '')",2021-05-25T11:21:06+02:00,2021-01-13T11:53:15+01:00
f0fa37a4a7f43c68770ccb0b3ce286cfe6e3254a,0f113f3ee4d629ef9a4a30911b22b224772085e5,apps/req.c,"('15388', '')",2021-05-25T11:21:06+02:00,2015-01-22T09:20:09+00:00
f0fa37a4a7f43c68770ccb0b3ce286cfe6e3254a,6514dee7264d30be1ab9ab07f9798071184e7b7a,apps/req.c,"('15388', '')",2021-05-25T11:21:06+02:00,2020-10-04T13:23:03+02:00
1cf520e9d045c1d97c740367b1b94db88e90d9db,97b0b713fbeb74d7531fe88a2362250c6324655f,crypto/rsa/rsa_lib.c,"('15421', '')",2021-05-26T20:39:38+10:00,2018-10-23T08:01:48+10:00
07f65429c34cb581484371f7d45cb83815f95484,b4c4a2c68817ea0b2df8012673fa4e0712681704,crypto/pem/pem_pkey.c,"('15426', '')",2021-05-26T13:04:38+02:00,2021-05-13T13:30:07+02:00
4d2d4b4bc1a8515fa5c17906393458a7beef5422,d9efb24de8765ddc921b8e304372e8e33d4d65f4,crypto/encode_decode/decoder_lib.c,"('15442', '')",2021-05-26T13:04:38+02:00,2021-05-04T18:16:48+02:00
0e7e3b9b9d2d0a49097b4e224098036d3e6b8087,b4350db5a7ac501e652b75bef21ed3f82d2f6d1b,util/find-doc-nits,"('15449', '')",2021-05-26T15:15:18+02:00,2019-12-21T22:53:54+01:00
0e7e3b9b9d2d0a49097b4e224098036d3e6b8087,9e183d2271653cbba2d9cf56d40c1356705207aa,util/find-doc-nits,"('15449', '')",2021-05-26T15:15:18+02:00,2017-03-11T08:56:44-05:00
4612eec35def0523192ee2c406f99ea5bbb184fb,a693ead6dc75455f7f5bbbd631b3a0e7ee457965,ssl/s3_cbc.c,"('15462', '')",2021-05-27T20:31:13+10:00,2013-02-06T14:19:08+00:00
4612eec35def0523192ee2c406f99ea5bbb184fb,3fddbb264e87a8cef2903cbd7b02b8e1a39a2a99,ssl/s3_cbc.c,"('15462', '')",2021-05-27T20:31:13+10:00,2020-09-03T09:40:52+01:00
4612eec35def0523192ee2c406f99ea5bbb184fb,2acc020b770920657a169bf6be4ff12b254255e6,ssl/ssl_local.h,"('15462', '')",2021-05-27T20:31:13+10:00,2013-02-06T14:19:07+00:00
a935791d54078f43209ffbc1886ac5e68772ce34,d4f63f1c39c3908cd81fda07448144bafb9aba4a,Configurations/90-team.norelease.conf,"('15357', '')",2021-05-28T10:04:31+02:00,2019-06-04T07:16:16+02:00
a935791d54078f43209ffbc1886ac5e68772ce34,9c62a279fecc4ccb95ea55e1ba36470f3eab8775,Configurations/90-team.norelease.conf,"('15357', '')",2021-05-28T10:04:31+02:00,2016-03-02T19:15:42+01:00
a935791d54078f43209ffbc1886ac5e68772ce34,f3f1cf8444f439c0be9de04bf3821a20d00fd956,Configurations/90-team.norelease.conf,"('15357', '')",2021-05-28T10:04:31+02:00,2016-02-11T12:40:32-05:00
a935791d54078f43209ffbc1886ac5e68772ce34,e373c70a3e535b560f6b6bade914a724aa975c55,Configurations/90-team.norelease.conf,"('15357', '')",2021-05-28T10:04:31+02:00,2019-02-27T18:49:43+01:00
a935791d54078f43209ffbc1886ac5e68772ce34,e373c70a3e535b560f6b6bade914a724aa975c55,Configure,"('15357', '')",2021-05-28T10:04:31+02:00,2019-02-27T18:49:43+01:00
a935791d54078f43209ffbc1886ac5e68772ce34,3b437400d90fb89ce5e0d74fd79bda9028f185fb,Configure,"('15357', '')",2021-05-28T10:04:31+02:00,2019-05-27T15:20:10+02:00
a935791d54078f43209ffbc1886ac5e68772ce34,fce56f5b690ea00447285fd928963f4d730c830a,crypto/asn1/tasn_utl.c,"('15357', '')",2021-05-28T10:04:31+02:00,2020-11-16T09:35:11+10:00
a935791d54078f43209ffbc1886ac5e68772ce34,266483d2f56b0764849797f31866bfd84f9c3aa8,crypto/bn/bn_local.h,"('15357', '')",2021-05-28T10:04:31+02:00,2015-03-25T12:38:07+00:00
a935791d54078f43209ffbc1886ac5e68772ce34,9b398ef297dd1b74527dd0afee9f59cd3f5bc33d,crypto/ec/ecp_nistp224.c,"('15357', '')",2021-05-28T10:04:31+02:00,2016-03-08T11:10:34-05:00
a935791d54078f43209ffbc1886ac5e68772ce34,9b398ef297dd1b74527dd0afee9f59cd3f5bc33d,crypto/ec/ecp_nistp256.c,"('15357', '')",2021-05-28T10:04:31+02:00,2016-03-08T11:10:34-05:00
a935791d54078f43209ffbc1886ac5e68772ce34,9b398ef297dd1b74527dd0afee9f59cd3f5bc33d,crypto/ec/ecp_nistp521.c,"('15357', '')",2021-05-28T10:04:31+02:00,2016-03-08T11:10:34-05:00
a935791d54078f43209ffbc1886ac5e68772ce34,b3823ac64b4e0582d6b5bc81804b809e86753d3a,crypto/engine/eng_init.c,"('15357', '')",2021-05-28T10:04:31+02:00,2002-09-25T12:49:40+00:00
a935791d54078f43209ffbc1886ac5e68772ce34,43d6702de97d2d5b5b825ffea772b9f55635688c,crypto/engine/eng_init.c,"('15357', '')",2021-05-28T10:04:31+02:00,2016-02-02T19:44:06-05:00
a935791d54078f43209ffbc1886ac5e68772ce34,43d6702de97d2d5b5b825ffea772b9f55635688c,crypto/engine/eng_lib.c,"('15357', '')",2021-05-28T10:04:31+02:00,2016-02-02T19:44:06-05:00
a935791d54078f43209ffbc1886ac5e68772ce34,92b1b9a8871530f26ef7df972111297ffa721be2,crypto/engine/eng_lib.c,"('15357', '')",2021-05-28T10:04:31+02:00,2017-11-29T08:55:44+10:00
a935791d54078f43209ffbc1886ac5e68772ce34,43d6702de97d2d5b5b825ffea772b9f55635688c,crypto/engine/eng_list.c,"('15357', '')",2021-05-28T10:04:31+02:00,2016-02-02T19:44:06-05:00
a935791d54078f43209ffbc1886ac5e68772ce34,f518e3e802d8dcad283be6cb4913dd7cfc6f11fd,crypto/engine/eng_local.h,"('15357', '')",2021-05-28T10:04:31+02:00,2019-03-06T11:15:14+01:00
a935791d54078f43209ffbc1886ac5e68772ce34,43d6702de97d2d5b5b825ffea772b9f55635688c,crypto/engine/tb_asnmth.c,"('15357', '')",2021-05-28T10:04:31+02:00,2016-02-02T19:44:06-05:00
a935791d54078f43209ffbc1886ac5e68772ce34,fce56f5b690ea00447285fd928963f4d730c830a,include/internal/refcount.h,"('15357', '')",2021-05-28T10:04:31+02:00,2020-11-16T09:35:11+10:00
3e3ad3c54855dd534437871a0c78858de5e3d246,ec2bfb7d23b4790a5fbe3b5d73a3418966d7e8ad,CHANGES.md,"('15460', '')",2021-05-28T11:14:46+02:00,2021-01-13T11:53:15+01:00
3e3ad3c54855dd534437871a0c78858de5e3d246,dc589daec888b64af405baeefa24afbb5b8823fb,NOTES-PERL.md,"('15460', '')",2021-05-28T11:14:46+02:00,2021-02-12T20:41:27+01:00
3e3ad3c54855dd534437871a0c78858de5e3d246,d36ab9ce9a984684d9cffb60bca5d072ed5279d7,NOTES-PERL.md,"('15460', '')",2021-05-28T11:14:46+02:00,2016-01-22T23:12:22+01:00
3e3ad3c54855dd534437871a0c78858de5e3d246,1dc1ea182be183d8a393fdce4494360aee059cd2,NOTES-PERL.md,"('15460', '')",2021-05-28T11:14:46+02:00,2020-07-05T11:29:43+02:00
3e3ad3c54855dd534437871a0c78858de5e3d246,4aac71f705f5fff15c6cb0da44d9f8014f48901f,doc/life-cycles/README.md,"('15460', '')",2021-05-28T11:14:46+02:00,2021-03-26T18:21:36+10:00
189c4759ebb7eefe6c8edb0a5493dc4082f45696,bf5739a0263ced7c70d94fbd73e8a840dabaf077,test/evp_kdf_test.c,"('15515', '')",2021-05-29T07:20:01+10:00,2019-09-06T19:27:57+10:00
189c4759ebb7eefe6c8edb0a5493dc4082f45696,0f183675b8ea2490ca5e0b4e66baa27a3e6478ba,test/evp_kdf_test.c,"('15515', '')",2021-05-29T07:20:01+10:00,2021-05-24T15:21:25+10:00
3068a183ae3a6eba858aa23b2a4d9f7d2ba8a4c1,29ce1066bc54838ecb835244b03d763b55d7fadb,demos/README.txt,"('14102', '');('14103', '')",2021-05-31T09:05:43+10:00,2021-03-06T10:13:16+01:00
3068a183ae3a6eba858aa23b2a4d9f7d2ba8a4c1,ad72484909abbcb088c52305894b87604ef58de8,demos/evp/aesccm.c,"('14102', '');('14103', '')",2021-05-31T09:05:43+10:00,2021-04-18T17:21:41+10:00
3068a183ae3a6eba858aa23b2a4d9f7d2ba8a4c1,bcb157f07fb082ff4c5f6902d8f61200538789a7,demos/evp/aesccm.c,"('14102', '');('14103', '')",2021-05-31T09:05:43+10:00,2013-03-05T21:20:00+00:00
3068a183ae3a6eba858aa23b2a4d9f7d2ba8a4c1,e942c15451e1dedbe3a86e0e21a5312e5c43403e,demos/evp/aesccm.c,"('14102', '');('14103', '')",2021-05-31T09:05:43+10:00,2013-03-05T18:30:53+00:00
3068a183ae3a6eba858aa23b2a4d9f7d2ba8a4c1,e640fa02005422c8783b7a452329e8a5059be0b5,demos/evp/aesccm.c,"('14102', '');('14103', '')",2021-05-31T09:05:43+10:00,2015-01-28T10:39:01+00:00
3068a183ae3a6eba858aa23b2a4d9f7d2ba8a4c1,0f113f3ee4d629ef9a4a30911b22b224772085e5,demos/evp/aesccm.c,"('14102', '');('14103', '')",2021-05-31T09:05:43+10:00,2015-01-22T09:20:09+00:00
3068a183ae3a6eba858aa23b2a4d9f7d2ba8a4c1,c2969ff6e70b10f71fbd97c1d0b0cffc92bd69df,demos/evp/aesgcm.c,"('14102', '');('14103', '')",2021-05-31T09:05:43+10:00,2019-07-02T14:22:29+02:00
3068a183ae3a6eba858aa23b2a4d9f7d2ba8a4c1,d396da33130aba2e77478d00fd369eb8d34bd8bf,demos/evp/aesgcm.c,"('14102', '');('14103', '')",2021-05-31T09:05:43+10:00,2017-05-08T20:09:57+02:00
3068a183ae3a6eba858aa23b2a4d9f7d2ba8a4c1,07a4ff79d23e45f1a45da717b7c1f41a5e1c7c0c,demos/evp/aesgcm.c,"('14102', '');('14103', '')",2021-05-31T09:05:43+10:00,2012-10-16T23:03:45+00:00
3068a183ae3a6eba858aa23b2a4d9f7d2ba8a4c1,e640fa02005422c8783b7a452329e8a5059be0b5,demos/evp/aesgcm.c,"('14102', '');('14103', '')",2021-05-31T09:05:43+10:00,2015-01-28T10:39:01+00:00
147ed5f9def86840c9f6ba512e63a890d58ac1d6,8c1a534305054c58d783fdfe7adbed24f5893a2e,ssl/ssl_lib.c,"('15491', '')",2021-06-01T16:43:43+02:00,2016-11-04T12:09:45+00:00
ea8215810319722cf76f777f812688eb3d632678,1a7328c8825627f723be624ddbc7e5bfb40f8fd5,providers/implementations/keymgmt/ecx_kmgmt.c,"('15552', '')",2021-06-02T17:17:51+02:00,2020-04-23T10:44:37+01:00
ea8215810319722cf76f777f812688eb3d632678,244bc29746c83e76e2fba542ca87552b8aef5c5f,test/evp_pkey_provided_test.c,"('15552', '')",2021-06-02T17:17:51+02:00,2020-03-18T08:40:33+10:00
18d9c9bf96d54948790fd59068e8d46f6194439e,bfa470a4f64313651a35571883e235d3335054eb,apps/lib/apps.c,"('15367', '')",2021-06-03T18:07:56+02:00,2017-12-28T16:07:58+01:00
18d9c9bf96d54948790fd59068e8d46f6194439e,157959438308e586593592cc751195fbf3930a7d,apps/lib/apps.c,"('15367', '')",2021-06-03T18:07:56+02:00,2021-01-13T11:53:15+01:00
18d9c9bf96d54948790fd59068e8d46f6194439e,296f54ee211edbf8d21479091b4c20a9ee7698ad,apps/lib/apps.c,"('15367', '')",2021-06-03T18:07:56+02:00,2015-05-29T12:41:50+02:00
97cf9b05fa1cdb8e4e7f60016aa95ae0e976e8c3,d357dd51cbea662792b0816f441718b7fb66bd49,test/recipes/80-test_cmp_http.t,"('15557', '');('15571', '')",2021-06-06T07:34:44+02:00,2021-05-29T07:47:03+02:00
8984b552e74761c30f87b33cd5f0b436a27f8cbc,ab5a02f70726e28b3c39391aac29a4aedb080ea3,test/generate_ssl_tests.pl,"('11430', '')",2021-06-07T11:02:42+01:00,2020-04-20T11:25:56+01:00
8984b552e74761c30f87b33cd5f0b436a27f8cbc,453dfd8d5ee0893146e0fb61a5978ab59ba95c01,test/generate_ssl_tests.pl,"('11430', '')",2021-06-07T11:02:42+01:00,2016-04-05T13:44:46+02:00
8984b552e74761c30f87b33cd5f0b436a27f8cbc,eeacf7d065e817b2c0c29ce7d6a9d8047450a293,test/generate_ssl_tests.pl,"('11430', '')",2021-06-07T11:02:42+01:00,2020-02-18T09:45:53+01:00
8ea5a6b523bf363751e52a1fddc93f5f9b11e803,ece9304c96f71277ca95696d9bc49fdec51e9f17,crypto/encode_decode/decoder_lib.c,"('8', '')",2021-06-09T17:00:19+02:00,2020-08-21T09:23:58+02:00
8ea5a6b523bf363751e52a1fddc93f5f9b11e803,48b62fb33aa0c5bce52b939fcd94780736491a5d,crypto/encode_decode/decoder_lib.c,"('8', '')",2021-06-09T17:00:19+02:00,2020-09-20T17:31:54+02:00
8ea5a6b523bf363751e52a1fddc93f5f9b11e803,df38dcfcd5c3e264e449589ef0b9fce8ce6e428c,crypto/encode_decode/decoder_lib.c,"('8', '')",2021-06-09T17:00:19+02:00,2020-10-08T12:31:00+01:00
8ea5a6b523bf363751e52a1fddc93f5f9b11e803,1010884e0a6d391d3628ffdb057f1812ef08ed73,crypto/encode_decode/decoder_meth.c,"('8', '')",2021-06-09T17:00:19+02:00,2021-04-02T08:57:47+02:00
8ea5a6b523bf363751e52a1fddc93f5f9b11e803,ece9304c96f71277ca95696d9bc49fdec51e9f17,crypto/encode_decode/decoder_meth.c,"('8', '')",2021-06-09T17:00:19+02:00,2020-08-21T09:23:58+02:00
8ea5a6b523bf363751e52a1fddc93f5f9b11e803,309a78aa305ee14878e453c78ccf9a7dc91264cf,crypto/encode_decode/decoder_meth.c,"('8', '')",2021-06-09T17:00:19+02:00,2021-04-02T08:52:37+02:00
8ea5a6b523bf363751e52a1fddc93f5f9b11e803,ece9304c96f71277ca95696d9bc49fdec51e9f17,crypto/encode_decode/encoder_local.h,"('8', '')",2021-06-09T17:00:19+02:00,2020-08-21T09:23:58+02:00
8ea5a6b523bf363751e52a1fddc93f5f9b11e803,309a78aa305ee14878e453c78ccf9a7dc91264cf,crypto/encode_decode/encoder_local.h,"('8', '')",2021-06-09T17:00:19+02:00,2021-04-02T08:52:37+02:00
8ea5a6b523bf363751e52a1fddc93f5f9b11e803,1010884e0a6d391d3628ffdb057f1812ef08ed73,crypto/encode_decode/encoder_meth.c,"('8', '')",2021-06-09T17:00:19+02:00,2021-04-02T08:57:47+02:00
8ea5a6b523bf363751e52a1fddc93f5f9b11e803,ece9304c96f71277ca95696d9bc49fdec51e9f17,crypto/encode_decode/encoder_meth.c,"('8', '')",2021-06-09T17:00:19+02:00,2020-08-21T09:23:58+02:00
8ea5a6b523bf363751e52a1fddc93f5f9b11e803,309a78aa305ee14878e453c78ccf9a7dc91264cf,crypto/encode_decode/encoder_meth.c,"('8', '')",2021-06-09T17:00:19+02:00,2021-04-02T08:52:37+02:00
de5a0198b22c36884fd36021d9e4f589b939674f,8b5ca5111ed9d7907e2de91a5af5b5407a46eaf1,crypto/http/http_client.c,"('15647', '')",2021-06-10T18:27:15+10:00,2021-05-14T19:24:42+02:00
de5a0198b22c36884fd36021d9e4f589b939674f,e2c38c1a4e034f3fac817870902db6d8bc117119,crypto/http/http_client.c,"('15647', '')",2021-06-10T18:27:15+10:00,2021-05-14T19:24:42+02:00
de5a0198b22c36884fd36021d9e4f589b939674f,29f178bddfdbd11218fbcba0b8060297696968e3,crypto/http/http_client.c,"('15647', '')",2021-06-10T18:27:15+10:00,2020-02-10T16:49:37+01:00
20e80ad1bc7e432f85e696d7272cbac3c69b5633,63f187cfedd21550094b5d69a52f7f617545b209,providers/implementations/storemgmt/file_store.c,"('15596', '')",2021-06-10T11:56:28+02:00,2020-09-03T17:48:32+02:00
bedda72ff771a41c317daa7bdb7cbe14608fbc03,6c6a2ae6fc964795304bbe7687e42b2b0cdf81b3,util/perl/OpenSSL/Test.pm,"('15679', '')",2021-06-10T15:24:05+02:00,2016-12-09T21:17:15+01:00
ef0449135c4e4e7f04bbeafbd76ce7b5c0518088,b3c5aadf4ce3dc2207cc605726bf370a55b531c9,apps/lib/apps.c,"('15071', '')",2021-06-10T17:58:27+02:00,2020-08-20T14:55:34+02:00
ef0449135c4e4e7f04bbeafbd76ce7b5c0518088,87495d56a959b0c3a3f6d8305d84d1b21e9222a6,apps/lib/apps.c,"('15071', '')",2021-06-10T17:58:27+02:00,2020-09-10T07:12:20+02:00
ef0449135c4e4e7f04bbeafbd76ce7b5c0518088,6d382c74b375f1f8c44f04ec3de95ff781598a3b,apps/lib/apps.c,"('15071', '')",2021-06-10T17:58:27+02:00,2020-05-15T20:20:08+02:00
ef0449135c4e4e7f04bbeafbd76ce7b5c0518088,b78c777ee3038920064f5c2e3eb2a4f66a35119d,apps/lib/apps.c,"('15071', '')",2021-06-10T17:58:27+02:00,2020-10-22T12:14:32+10:00
ef0449135c4e4e7f04bbeafbd76ce7b5c0518088,50eb2a507732b4d32879709dbfa335ccb542f676,apps/lib/apps.c,"('15071', '')",2021-06-10T17:58:27+02:00,2020-09-24T14:34:56+02:00
ef0449135c4e4e7f04bbeafbd76ce7b5c0518088,d382e79632677f2457025be3d820e08d7ea12d85,apps/lib/apps.c,"('15071', '')",2021-06-10T17:58:27+02:00,2021-05-06T11:43:32+01:00
ef0449135c4e4e7f04bbeafbd76ce7b5c0518088,2274d22d39fd65b83c9c969cba86c8f03b3e0bec,apps/lib/apps.c,"('15071', '')",2021-06-10T17:58:27+02:00,2020-08-20T12:37:35+02:00
ef0449135c4e4e7f04bbeafbd76ce7b5c0518088,8b0ec09934a3f76f6d3e83793b5434e76fdd8c2c,apps/lib/apps.c,"('15071', '')",2021-06-10T17:58:27+02:00,2020-11-10T13:51:54+00:00
ef0449135c4e4e7f04bbeafbd76ce7b5c0518088,d382e79632677f2457025be3d820e08d7ea12d85,apps/s_server.c,"('15071', '')",2021-06-10T17:58:27+02:00,2021-05-06T11:43:32+01:00
ef0449135c4e4e7f04bbeafbd76ce7b5c0518088,163f6dc1f70f30de46a68137c36e70cae4d95cd8,apps/s_server.c,"('15071', '')",2021-06-10T17:58:27+02:00,2020-11-18T14:14:52+00:00
20778ea7dad8c4f659dbb5dfcb4fac896e51ed6a,5d43bfa7d58c6af5e40d6615edc83c709df2852b,crypto/bio/bio_lib.c,"('15682', '')",2021-06-11T09:51:14+02:00,2021-06-08T15:17:11+10:00
20778ea7dad8c4f659dbb5dfcb4fac896e51ed6a,5d43bfa7d58c6af5e40d6615edc83c709df2852b,doc/man3/BIO_read.pod,"('15682', '')",2021-06-11T09:51:14+02:00,2021-06-08T15:17:11+10:00
b9d022d78faee0648c3ace7f15ccec08f14feddb,5b1d94c11c680c2b9527c3da55593468bcf65efd,crypto/params.c,"('15815', '')",2021-06-19T15:47:57+10:00,2020-11-19T21:13:57+10:00
ab7554e5a08966c159054ae7df18a879bfe3865f,4d2d4b4bc1a8515fa5c17906393458a7beef5422,crypto/encode_decode/decoder_lib.c,"('14566', '')",2021-06-24T15:26:56+02:00,2021-05-26T13:04:38+02:00
89fe295257f374647122f73776ddb34555c543f0,d7e498ac55f12bc2f4e7f948cbb8de2e3eeafc74,apps/x509.c,"('', '15899')",2021-06-26T11:40:34+10:00,2020-11-18T23:38:34+01:00
452580e5b0f85201006bacb1a697e0c5b7154b76,1a2a3a420609c2d540b544e5ae829a3cb468a6e3,test/testutil/driver.c,"('1486532', '')",2021-06-29T18:41:46+02:00,2019-08-09T17:29:39+01:00
452580e5b0f85201006bacb1a697e0c5b7154b76,01b093aaeeb15d0a2ca0b5f8c100109821f884fb,test/testutil/driver.c,"('1486532', '')",2021-06-29T18:41:46+02:00,2021-06-26T06:43:08+02:00
10af976962b2383bb3044120a764037361b8bff7,e6526fbf4dc894d71ae3517a1ba484475b79b402,crypto/x509/x509_cmp.c,"('15921', '')",2021-06-30T13:53:49+10:00,2003-04-03T22:27:24+00:00
10af976962b2383bb3044120a764037361b8bff7,b46343583c1172c6e0fcad3227cf50622aae7998,crypto/x509/x509_cmp.c,"('15921', '')",2021-06-30T13:53:49+10:00,2006-04-28T12:27:37+00:00
10af976962b2383bb3044120a764037361b8bff7,c74aaa3920f116fe4c1003153838144c37d6e527,crypto/x509/x509_cmp.c,"('15921', '')",2021-06-30T13:53:49+10:00,2020-05-27T14:36:13+02:00
10af976962b2383bb3044120a764037361b8bff7,dfeab0689f69c0b4bd3480ffd37a9cacc2f17d9c,crypto/x509/x509_cmp.c,"('15921', '')",2021-06-30T13:53:49+10:00,1998-12-21T11:00:56+00:00
10af976962b2383bb3044120a764037361b8bff7,0f113f3ee4d629ef9a4a30911b22b224772085e5,crypto/x509/x509_cmp.c,"('15921', '')",2021-06-30T13:53:49+10:00,2015-01-22T09:20:09+00:00
b9bc8eb0546b22d7b23b25dc62eb5a459f745b98,2f17e978a0ec5becda8a61dcf3e7840740ccdfd3,test/threadstest.c,"('15953', '')",2021-06-30T17:54:45+10:00,2021-03-04T16:09:02+01:00
b9bc8eb0546b22d7b23b25dc62eb5a459f745b98,8c63532002fdab11b437bc8d68012c2b05cf00ea,test/threadstest.c,"('15953', '')",2021-06-30T17:54:45+10:00,2021-03-26T08:46:02+10:00
36a4637e158508f5d2fb7750e4870888072a56f9,48f1739600f33c92387debce2002acec6e365f1d,test/rsa_test.c,"('1', '')",2021-07-01T09:57:05+10:00,2017-04-12T10:05:13+01:00
36a4637e158508f5d2fb7750e4870888072a56f9,25d6b3401ca40c9a2cbe5080449c1c2a37037777,test/rsa_test.c,"('1', '')",2021-07-01T09:57:05+10:00,2015-09-01T20:01:24+02:00
92d7120c60cea7c9e0219921c2cc2320346218b2,c27e7922211ac4f7aee5573f605c3b3cbef0d0bc,crypto/bn/build.info,"('15963', '')",2021-07-02T13:45:32+10:00,2021-01-25T10:20:48+01:00
d82d1d11d4dafc97875969329a5100242441744d,ef0449135c4e4e7f04bbeafbd76ce7b5c0518088,apps/lib/apps.c,"('15945', '')",2021-07-02T15:33:34+02:00,2021-06-10T17:58:27+02:00
d82d1d11d4dafc97875969329a5100242441744d,3a2171f6aa0f72ca95210fa80d92214315d1e744,apps/lib/apps.c,"('15945', '')",2021-07-02T15:33:34+02:00,2021-02-18T16:05:22+00:00
0a02c81f8173e0c5d554bd16daa68b7594f4cbd8,f616ad4b022b8afa8416a7d9e475d02c49164192,crypto/encode_decode/decoder_pkey.c,"('1486687', '')",2021-07-05T12:44:54+10:00,2021-06-29T17:03:45+10:00
e7370fa016cc3d8a8f2c3a8d0c30a6a656bb622c,0d40ca47bd86e74a95c3a2f5fb6c67cdbee93c79,crypto/bn/asm/ppc64-mont-fixed.pl,"('15923', '')",2021-07-06T10:49:01+10:00,2021-05-08T20:39:29+10:00
561e5cda7b7139c665dd9d2f39058b4081da54d2,71f2994b151f5de0c7bc14592c84795ff98256c1,include/openssl/err.h.in,"('15946', '')",2021-07-06T20:14:36+10:00,2020-07-05T21:13:03+02:00
561e5cda7b7139c665dd9d2f39058b4081da54d2,067a3057c3aab0cdd9a3cdb13c2e0000f69a4170,include/openssl/err.h.in,"('15946', '')",2021-07-06T20:14:36+10:00,2020-09-17T18:05:41+10:00
561e5cda7b7139c665dd9d2f39058b4081da54d2,1722496fcaa8f2760dd38f7a77ba1256e51e8b7d,util/other.syms,"('15946', '')",2021-07-06T20:14:36+10:00,2017-06-08T15:18:38-04:00
e278127cbfa2709d864ca9628a8ddb160c5c5331,86df26b3943509219057ae87f8764b3c15e0d8b8,crypto/evp/m_sigver.c,"('15372', '')",2021-07-08T20:22:21+10:00,2020-09-08T12:06:35+02:00
35258435ddc9a1afe7da0a1de78607bd3cbf837a,e58087842cf74164809977872eb2f7a62490d8dd,test/recipes/80-test_pkcs12.t,"('15983', '')",2021-07-09T10:25:11+10:00,2021-07-02T15:33:34+02:00
54c0480dac6c25f262d537048503a660aaa4b568,c03726ca4153fca8d66185837008aa078969d386,doc/man3/X509_check_ca.pod,"('16065', '')",2021-07-15T10:23:41+10:00,2015-08-27T14:27:28-04:00
54c0480dac6c25f262d537048503a660aaa4b568,ade08735f9d0ac85d611c5abee8a1df651bbca13,doc/man3/X509_check_issued.pod,"('16065', '')",2021-07-15T10:23:41+10:00,2020-07-01T11:14:54+02:00
54c0480dac6c25f262d537048503a660aaa4b568,eacd30a703b52f5b3e8e70b58f99bd1128458c7c,doc/man3/X509_check_purpose.pod,"('16065', '')",2021-07-15T10:23:41+10:00,2020-04-11T11:26:58+01:00
54c0480dac6c25f262d537048503a660aaa4b568,0d8dbb52e3900fdd096ca1765137958340fb8497,doc/man3/X509_verify.pod,"('16065', '')",2021-07-15T10:23:41+10:00,2020-07-01T11:14:54+02:00
54c0480dac6c25f262d537048503a660aaa4b568,4cec750c2f08faa7f7cdfcfa02fc4264d3c2ac95,doc/man3/X509_verify.pod,"('16065', '')",2021-07-15T10:23:41+10:00,2020-07-01T11:14:54+02:00
033e987c03e025fa15eeae036578384e65f49af0,8bee651213c4755761ed5dd32d416d782cc5fc3c,providers/implementations/signature/dsa_sig.c,"('16071', '')",2021-07-16T11:23:18+02:00,2020-02-04T19:32:37+01:00
033e987c03e025fa15eeae036578384e65f49af0,283320281bda4e1b5cfaedb0db723a96325aabb9,providers/implementations/signature/ecdsa_sig.c,"('16071', '')",2021-07-16T11:23:18+02:00,2020-12-04T08:33:27+10:00
033e987c03e025fa15eeae036578384e65f49af0,edd3b7a309f8767fc7d8a5c4f7d350b53e144c1b,providers/implementations/signature/ecdsa_sig.c,"('16071', '')",2021-07-16T11:23:18+02:00,2020-03-15T21:34:29+10:00
033e987c03e025fa15eeae036578384e65f49af0,6f4b7663150e2ee264836dbc5b338bd979828312,providers/implementations/signature/rsa_sig.c,"('16071', '')",2021-07-16T11:23:18+02:00,2020-02-22T01:07:15+01:00
033e987c03e025fa15eeae036578384e65f49af0,db1319b706b8f3b0d8d05d766da720812afc28c6,providers/implementations/signature/rsa_sig.c,"('16071', '')",2021-07-16T11:23:18+02:00,2020-08-24T11:19:28+10:00
ca001524971ccd595bc0e9843611e6784adfc981,7c73fefe38f4fce9437b1d24d90dd5aa411c7e28,ssl/ssl_lib.c,"('16077', '')",2021-07-17T08:50:55-07:00,2021-05-19T14:56:08-07:00
d9c29baf1a23d2be17b9b4ab8f7b4fe43dd74454,4f2271d58a36b2aee125062ffb9626c6208fa394,test/acvp_test.c,"('6305', '')",2021-07-19T13:08:17+10:00,2020-06-17T11:33:16+10:00
929f651eaa763625eab602516706a1bf4ba3bc32,ed576acdf591d4164905ab98e89ca5a3b99d90ab,crypto/evp/pmeth_lib.c,"('16088', '')",2021-07-22T13:52:46+02:00,2021-06-01T12:40:00+02:00
929f651eaa763625eab602516706a1bf4ba3bc32,509144964ba69b69a90269da52a2dc3acb3149e6,crypto/evp/pmeth_lib.c,"('16088', '')",2021-07-22T13:52:46+02:00,2020-09-08T06:25:27+02:00
929f651eaa763625eab602516706a1bf4ba3bc32,5e5bc836fbc5b1c0af428864f5286bbb225f7baf,crypto/evp/pmeth_lib.c,"('16088', '')",2021-07-22T13:52:46+02:00,2020-05-23T21:11:09+02:00
929f651eaa763625eab602516706a1bf4ba3bc32,982efd7765f42ba0329e5db6e3434b072d90842c,crypto/evp/pmeth_lib.c,"('16088', '')",2021-07-22T13:52:46+02:00,2019-12-17T08:13:13+01:00
929f651eaa763625eab602516706a1bf4ba3bc32,5fcb97c61e6796b20c8ee1b0daab25151bf65bd0,crypto/evp/pmeth_lib.c,"('16088', '')",2021-07-22T13:52:46+02:00,2020-03-27T11:12:27+00:00
929f651eaa763625eab602516706a1bf4ba3bc32,60488d2434c5be15dc14e1fa2a8733f076d9ccf4,crypto/evp/pmeth_lib.c,"('16088', '')",2021-07-22T13:52:46+02:00,2021-02-03T17:20:56+01:00
929f651eaa763625eab602516706a1bf4ba3bc32,d0ea49a820e02713bbe8892a333f2552da633b16,crypto/evp/pmeth_lib.c,"('16088', '')",2021-07-22T13:52:46+02:00,2019-07-22T06:18:58+02:00
929f651eaa763625eab602516706a1bf4ba3bc32,f21c9c64f53484d4abe25b76d29350ed683db855,include/crypto/evp.h,"('16088', '')",2021-07-22T13:52:46+02:00,2020-10-01T19:54:10+02:00
40184c96103a388209939c1c19920971c05bb78c,1b593194bed99926068d03d46d16d0659b6eba58,crypto/dsa/dsa_prn.c,"('10777', '')",2021-07-23T09:06:18+02:00,2006-03-22T13:34:19+00:00
40184c96103a388209939c1c19920971c05bb78c,90945fa31a42dcf3beb90540c618e4d627c595ea,crypto/dsa/dsa_prn.c,"('10777', '')",2021-07-23T09:06:18+02:00,2015-11-09T22:48:41+00:00
40184c96103a388209939c1c19920971c05bb78c,1b593194bed99926068d03d46d16d0659b6eba58,crypto/rsa/rsa_prn.c,"('10777', '')",2021-07-23T09:06:18+02:00,2006-03-22T13:34:19+00:00
40184c96103a388209939c1c19920971c05bb78c,90945fa31a42dcf3beb90540c618e4d627c595ea,crypto/rsa/rsa_prn.c,"('10777', '')",2021-07-23T09:06:18+02:00,2015-11-09T22:48:41+00:00
74b7f339aa58af57c0e71b7efca66e6f2db5ae2e,e454f3add638fda5c2aa32cd368c8929c0b1eb09,Configurations/unix-Makefile.tmpl,"('16121', '')",2021-07-23T09:08:28+02:00,2018-02-26T08:51:06+01:00
74b7f339aa58af57c0e71b7efca66e6f2db5ae2e,567a9e6fe0ff3badfa22cf018d87c94ed5a8aeb3,Configurations/unix-Makefile.tmpl,"('16121', '')",2021-07-23T09:08:28+02:00,2016-02-10T14:36:04+01:00
26411bc8879bf979e3703357e9595de057528e28,ed576acdf591d4164905ab98e89ca5a3b99d90ab,ssl/ktls.c,"('16089', '')",2021-07-27T13:19:20+10:00,2021-06-01T12:40:00+02:00
123ed334337e874acb1f55b36dc671de7e306824,abbc2c408385326d9c9cd60b92a6c92b945c1d96,crypto/provider_conf.c,"('16166', '')",2021-07-28T10:35:06+10:00,2019-04-03T11:42:48+02:00
b5557666bda56ce4b9464a3dbc65e2a1fa1e482b,16f8d4ebf0fd4847fa83d9c61f4150273cb4f533,ssl/d1_lib.c,"('15559', '')",2021-07-29T10:08:07-07:00,2015-05-05T22:18:59-04:00
b5557666bda56ce4b9464a3dbc65e2a1fa1e482b,62b6948a2710c2a095b87b0b9c4b89f7b23246a9,ssl/d1_lib.c,"('15559', '')",2021-07-29T10:08:07-07:00,2012-03-06T13:47:43+00:00
b5557666bda56ce4b9464a3dbc65e2a1fa1e482b,001235778a6e9c645dc0507cad6092d99c9af8f5,ssl/d1_lib.c,"('15559', '')",2021-07-29T10:08:07-07:00,2014-12-03T09:23:46+00:00
b5557666bda56ce4b9464a3dbc65e2a1fa1e482b,ea6e386008f5e9c1e651ef1034fc38c60e706dfb,ssl/d1_lib.c,"('15559', '')",2021-07-29T10:08:07-07:00,2012-03-09T15:52:33+00:00
b5557666bda56ce4b9464a3dbc65e2a1fa1e482b,0f113f3ee4d629ef9a4a30911b22b224772085e5,ssl/d1_lib.c,"('15559', '')",2021-07-29T10:08:07-07:00,2015-01-22T09:20:09+00:00
b5557666bda56ce4b9464a3dbc65e2a1fa1e482b,b6ba401497001c2f042feff693ed292b21c8369c,ssl/ssl_local.h,"('15559', '')",2021-07-29T10:08:07-07:00,2015-01-31T18:06:45+00:00
25ab542409488b65d15b787eb5cc7b0a0daf21c6,e84193e43dbd3da23845ef9fcfcb5e364049a396,Configurations/descrip.mms.tmpl,"('16194', '')",2021-08-04T14:05:54+02:00,2016-02-10T14:36:32+01:00
25ab542409488b65d15b787eb5cc7b0a0daf21c6,f5657ce8e664cbb1e3314f54385b9a4d653e6bae,Configurations/descrip.mms.tmpl,"('16194', '')",2021-08-04T14:05:54+02:00,2021-05-26T15:11:01+02:00
25ab542409488b65d15b787eb5cc7b0a0daf21c6,8cab385ec522aa9a78e8f507becc90ec3a6c8fdb,Configurations/descrip.mms.tmpl,"('16194', '')",2021-08-04T14:05:54+02:00,2020-10-08T11:29:23+02:00
25ab542409488b65d15b787eb5cc7b0a0daf21c6,d8c1cafbbc5dfe2347a7157178db5b50fdf9d248,Configurations/descrip.mms.tmpl,"('16194', '')",2021-08-04T14:05:54+02:00,2021-02-12T15:57:25+01:00
25ab542409488b65d15b787eb5cc7b0a0daf21c6,4e282708c5bb82b6caed8e0565b9ac4ac15a7ac3,Configurations/windows-makefile.tmpl,"('16194', '')",2021-08-04T14:05:54+02:00,2021-04-29T11:26:57+02:00
25ab542409488b65d15b787eb5cc7b0a0daf21c6,8c16829ebd8de96334818b2bc5a5e314b001d18c,Configurations/windows-makefile.tmpl,"('16194', '')",2021-08-04T14:05:54+02:00,2016-03-17T21:06:14+01:00
5e89262535715aba9ec362e34732e784f4f67936,b8086652650c0782bc8d63b620663e04a3c6a3a7,doc/man7/OSSL_PROVIDER-FIPS.pod,"('16234', '')",2021-08-08T13:55:56+10:00,2020-05-26T13:53:07+10:00
0f70d6013435308ada5d0eb662b31f370b07ebd7,d23adad1133c5445cd834cab0e598d7817effc6b,crypto/evp/evp_enc.c,"('16277', '')",2021-08-11T17:11:47+02:00,2019-11-19T13:33:54+00:00
9698a56e82da0262146c0f74b40d132f99099850,ca392b294359a8e9ca55e685b344b485d02bc93b,providers/implementations/ciphers/cipher_aes_wrp.c,"('16387', '')",2021-08-26T09:33:52+10:00,2019-09-20T12:33:02+10:00
cca8a4cedaafe63b0b5729b72133661ece24ff08,ee8db22e271201807358c8f87e272d2e74ad8eb7,include/openssl/ec.h,"('12443', '')",2021-08-30T15:18:14+03:00,2020-02-04T20:02:55+10:00
116799ff6a8fc803ec4685fc432c7329d0511e23,c87a7f31a3db97376d764583ad5ee4a76db2cbef,doc/man1/openssl-passwd.pod.in,"('16529', '')",2021-09-08T16:26:55+02:00,2020-11-12T08:35:47+10:00
cf1a231d44db81f8565ecae5498a4f1f6f0168c9,5357c10624bedaeed984ef4ff370096911ee2ddf,crypto/dh/dh_ameth.c,"('16562', '')",2021-09-10T12:07:01+02:00,2020-10-06T09:04:19+10:00
6d56fcd86a75c6c3b061fc69bc2b3b100ebac24b,92ebf6c4c21ff4b41ba1fd69af74b2039e138114,Configurations/unix-Makefile.tmpl,"('16570', '')",2021-09-13T09:54:01+02:00,2018-10-17T10:57:17+02:00
6d56fcd86a75c6c3b061fc69bc2b3b100ebac24b,92ebf6c4c21ff4b41ba1fd69af74b2039e138114,Configurations/windows-makefile.tmpl,"('16570', '')",2021-09-13T09:54:01+02:00,2018-10-17T10:57:17+02:00
1ed3249f253e4490a813279e2eb253c8e5cfaabb,c87bcdbde40eece72e81d8bf2c9219ce271d56e6,test/recipes/80-test_cmp_http.t,"('16546', '')",2021-09-14T15:01:00+02:00,2021-02-04T07:25:14+01:00
caf569a5b3271c2860732ee44509f3825a179fd5,714a1bb380ddb2bf7538f6a61f47ac87200e3e06,providers/implementations/rands/drbg.c,"('16631', '');('16636', '')",2021-09-22T18:01:12+10:00,2020-06-24T20:05:41+10:00
524f12611040de64cda13dd148ad1b8ca559c730,8809fdff9350f13e30c51925b73a3b1e172c0511,doc/man7/provider-digest.pod,"('13033', '')",2021-09-23T12:07:57+10:00,2021-06-08T18:55:32+10:00
398ae8231650c4bd8ddff0e5efd38233c23b1ca0,dc88a0390608ccba76df6a26358215d1c0592948,crypto/bio/bio_lib.c,"('16681', '')",2021-09-28T12:12:32+02:00,2021-01-16T11:29:43+01:00
398ae8231650c4bd8ddff0e5efd38233c23b1ca0,ed4a9b15d9cd1eea7493873d01949f075cea2b65,crypto/bio/bio_lib.c,"('16681', '')",2021-09-28T12:12:32+02:00,2021-01-16T11:29:43+01:00
59cd0bc1364b5ea817af7f6d36df89c93610cdb5,c5f8713443c8d606ff149b12c478cd6162f2a7ac,engines/e_dasync.c,"('16724', '');('16735', '')",2021-10-06T14:26:14+02:00,2020-02-20T18:58:40+10:00
6f6a5e0c7c41b6b3639e51f435cd98bb3ae061bc,7f458a48ff3a231d5841466525d2aacbcd4f6b77,engines/e_afalg.c,"('16743', '')",2021-10-06T15:09:51+02:00,2016-03-07T13:36:17+00:00
18e0c544b01ed61e7eab61a6cd187c2f4eaa78bd,b24cfd6bf4d68ffe2b8526b5375861e89c5b9414,apps/x509.c,"('16720', '')",2021-10-07T15:38:01+02:00,2021-01-20T15:59:22+01:00
8e61832ed7f59c15da003aa86aeaa4e5f44df711,1bdbdaffdc66be457a40f33640b523aaf21138c6,crypto/property/property_parse.c,"('16715', '')",2021-10-09T23:29:13+10:00,2019-02-18T13:28:14+10:00
8e61832ed7f59c15da003aa86aeaa4e5f44df711,6ec3b2cf4992a304b4ab36f7b9e9ff130bd495b7,crypto/property/property_parse.c,"('16715', '')",2021-10-09T23:29:13+10:00,2021-06-05T20:29:47+10:00
374d5cf2f6b8bdf87c04b5e293a7d291f2c23203,31b28ad96aa841ae39d4009ebb15d90f2a2afdab,crypto/cmp/cmp_vfy.c,"('16787', '')",2021-10-12T16:45:21+02:00,2020-02-17T07:43:58+01:00
374d5cf2f6b8bdf87c04b5e293a7d291f2c23203,25cf949fc620ff7053e51acca3ec4d0fd094f8b0,crypto/encode_decode/encoder_lib.c,"('16787', '')",2021-10-12T16:45:21+02:00,2020-10-10T20:23:39+02:00
a85b4de6a6cbe03c46219d4b1c3b2828ca3fd51c,3f8f728278dbf211d3677a46870f60918082b9a0,test/recipes/01-test_symbol_presence.t,"('16810', '')",2021-10-13T09:09:05+02:00,2016-04-22T12:55:48+02:00
19b30f1c596a8df2a522f9d6dfc1c1782790fc78,f7050588bc76901e0a147c158e64ac3140dc8bfd,crypto/conf/conf_api.c,"('0', '');('1', '');('10', '');('11', '');('2', '');('3', '');('4', '');('5', '');('6', '');('7', '');('8', '');('9', '')",2021-10-14T14:57:00+02:00,2021-05-05T13:11:35+02:00
19b30f1c596a8df2a522f9d6dfc1c1782790fc78,0f113f3ee4d629ef9a4a30911b22b224772085e5,crypto/conf/conf_api.c,"('0', '');('1', '');('10', '');('11', '');('2', '');('3', '');('4', '');('5', '');('6', '');('7', '');('8', '');('9', '')",2021-10-14T14:57:00+02:00,2015-01-22T09:20:09+00:00
73970cb91fdf8e7b4b434d479b875a47a0aa0dbc,a182e546c74aff8ce1a15c7b626fbb428bf0d0f4,test/recipes/01-test_symbol_presence.t,"('16810', '')",2021-10-14T19:03:28+02:00,2016-06-02T03:12:04+02:00
5fdc95e443b4d62a3d1f7094ae6d6ae4682b77e0,363b1e5daea4a01889e6ff27148018be63d33b9b,doc/man7/provider-signature.pod,"('16755', '')",2021-10-18T09:41:41+02:00,2020-06-24T22:01:22+02:00
5fdc95e443b4d62a3d1f7094ae6d6ae4682b77e0,d7cea0b8f50ee9cc698211f4fbf8ad5fca5812ad,doc/man7/provider-signature.pod,"('16755', '')",2021-10-18T09:41:41+02:00,2019-11-15T17:20:33+01:00
8b09a9c76d873f62c2507fa9628a9c96c1d66d5c,0007ff257c95f5cd046799e492436f41caf4ecb2,apps/s_server.c,"('16707', '')",2021-10-22T10:59:49+01:00,2021-07-09T10:45:36+10:00
767db672c429aeb98a68b0e310dea15f1b48eb84,8d9a4d833f12b0669f053a504268d13a46c079ad,apps/cmp.c,"('16814', '')",2021-10-25T15:01:42+02:00,2020-05-13T19:42:00+02:00
767db672c429aeb98a68b0e310dea15f1b48eb84,39a8d4e13219580c8c89a234d6db5d261408cadb,apps/cmp.c,"('16814', '')",2021-10-25T15:01:42+02:00,2021-09-17T10:02:52+02:00
e6a10b074e90f1ce3d8e9ae0ca740a835ff29bb9,68b64fb6102737bf84de9e25168abbf7e969b54b,crypto/dso/dso_lib.c,"('16970', '')",2021-11-08T08:58:38+10:00,2005-12-30T22:53:59+00:00
e6a10b074e90f1ce3d8e9ae0ca740a835ff29bb9,8f4fac7f965b4604bc71be4bd486a8641c0504ab,crypto/dso/dso_lib.c,"('16970', '')",2021-11-08T08:58:38+10:00,2000-04-04T21:57:11+00:00
e6a10b074e90f1ce3d8e9ae0ca740a835ff29bb9,b196e7d936fb377d9c5b305748ac25ff0e53ef6d,crypto/dso/dso_lib.c,"('16970', '')",2021-11-08T08:58:38+10:00,2015-04-28T15:28:14-04:00
e6a10b074e90f1ce3d8e9ae0ca740a835ff29bb9,cb6ea61c161e88aa0268c77f308469a67b2ec063,crypto/dso/dso_lib.c,"('16970', '')",2021-11-08T08:58:38+10:00,2016-11-02T23:32:50+00:00
e6a10b074e90f1ce3d8e9ae0ca740a835ff29bb9,0f113f3ee4d629ef9a4a30911b22b224772085e5,crypto/dso/dso_lib.c,"('16970', '')",2021-11-08T08:58:38+10:00,2015-01-22T09:20:09+00:00
9bf1061c44c81059102cd4749f6078b6ce71da9d,05458fdb73dcca30edace5ad727a15d6d919e215,apps/x509.c,"('16300', '')",2021-11-08T09:15:13+01:00,2021-01-20T15:59:22+01:00
9bf1061c44c81059102cd4749f6078b6ce71da9d,41e597a01d95540f52e8bc4d69f88c3d93a093ce,crypto/x509/v3_akid.c,"('16300', '')",2021-11-08T09:15:13+01:00,2021-01-13T11:53:15+01:00
9bf1061c44c81059102cd4749f6078b6ce71da9d,e9701a0141313d2c7008c6ee6d821ba80b3a14d9,doc/man5/x509v3_config.pod,"('16300', '')",2021-11-08T09:15:13+01:00,2020-12-10T15:19:55+01:00
9bf1061c44c81059102cd4749f6078b6ce71da9d,41e597a01d95540f52e8bc4d69f88c3d93a093ce,doc/man5/x509v3_config.pod,"('16300', '')",2021-11-08T09:15:13+01:00,2021-01-13T11:53:15+01:00
9bf1061c44c81059102cd4749f6078b6ce71da9d,f0a057dd5343ca81849dd140ee9c302cda914f41,test/recipes/25-test_req.t,"('16300', '')",2021-11-08T09:15:13+01:00,2021-01-13T11:53:15+01:00
adbd77f6d7cc4efb7b4bde483036fab8e48ce870,1a683b80dc9ad4dcbf206a0617364a9d614a9883,apps/ca.c,"('16300', '')",2021-11-11T20:18:55+01:00,2020-12-10T15:19:55+01:00
adbd77f6d7cc4efb7b4bde483036fab8e48ce870,ec2bfb7d23b4790a5fbe3b5d73a3418966d7e8ad,apps/lib/apps.c,"('16300', '')",2021-11-11T20:18:55+01:00,2021-01-13T11:53:15+01:00
adbd77f6d7cc4efb7b4bde483036fab8e48ce870,0f113f3ee4d629ef9a4a30911b22b224772085e5,apps/pkcs12.c,"('16300', '')",2021-11-11T20:18:55+01:00,2015-01-22T09:20:09+00:00
adbd77f6d7cc4efb7b4bde483036fab8e48ce870,4fdb0d2535323373650bd68e7a659f9320828857,apps/req.c,"('16300', '')",2021-11-11T20:18:55+01:00,2021-08-26T17:45:35+02:00
adbd77f6d7cc4efb7b4bde483036fab8e48ce870,41e597a01d95540f52e8bc4d69f88c3d93a093ce,apps/req.c,"('16300', '')",2021-11-11T20:18:55+01:00,2021-01-13T11:53:15+01:00
adbd77f6d7cc4efb7b4bde483036fab8e48ce870,9bf1061c44c81059102cd4749f6078b6ce71da9d,crypto/x509/v3_akid.c,"('16300', '')",2021-11-11T20:18:55+01:00,2021-11-08T09:15:13+01:00
adbd77f6d7cc4efb7b4bde483036fab8e48ce870,ec2bfb7d23b4790a5fbe3b5d73a3418966d7e8ad,crypto/x509/v3_akid.c,"('16300', '')",2021-11-11T20:18:55+01:00,2021-01-13T11:53:15+01:00
adbd77f6d7cc4efb7b4bde483036fab8e48ce870,41e597a01d95540f52e8bc4d69f88c3d93a093ce,crypto/x509/v3_akid.c,"('16300', '')",2021-11-11T20:18:55+01:00,2021-01-13T11:53:15+01:00
adbd77f6d7cc4efb7b4bde483036fab8e48ce870,9aeaf1b4a7924cabf829bf57d0ca87d311cd2dfe,crypto/x509/v3_conf.c,"('16300', '')",2021-11-11T20:18:55+01:00,1999-01-24T00:50:01+00:00
50938aec35fd57fb3bec707ead2eee381fcfaf04,969024b4580172b1cd836550e227d64515c628bc,crypto/ec/ecx_backend.c,"('17017', '')",2021-11-16T13:21:06+00:00,2020-05-04T09:30:55+01:00
50938aec35fd57fb3bec707ead2eee381fcfaf04,0abae1636d7054266dd20724c0d5e06617d9f679,crypto/ec/ecx_backend.c,"('17017', '')",2021-11-16T13:21:06+00:00,2020-03-25T17:01:32+01:00
e67edf60f2e9be6e5f5465b52d01aa26bf715280,77112270593c4c51631e9138174f6657096399e9,crypto/perlasm/ppc-xlate.pl,"('16995', '')",2021-11-18T13:24:17+01:00,2021-05-29T16:07:15+10:00
01fde90eec721b64bc0e1c01cd94a9fd431adcc6,e2e603fe7c5b35d8dadb1eec4696307d16665731,doc/man7/ossl_store.pod,"('17121', '')",2021-11-25T16:04:05+10:00,2017-06-29T11:55:32+02:00
baa88d9d170b95fd6f177b3e5f8d8818e024a55d,a517edec0385280e31e2dc2912301501e6b0c4a3,crypto/passphrase.c,"('17054', '')",2021-12-06T16:38:03+01:00,2020-08-24T10:02:25+02:00
baa88d9d170b95fd6f177b3e5f8d8818e024a55d,0cc0164d193f6071a9d06b2116a410f8139a7e3c,providers/implementations/encode_decode/encode_key2ms.c,"('17054', '')",2021-12-06T16:38:03+01:00,2020-12-15T14:27:37+01:00
baa88d9d170b95fd6f177b3e5f8d8818e024a55d,169eca602c67f37abf0a44e1605998d5e7f04fa6,providers/implementations/encode_decode/encode_key2ms.c,"('17054', '')",2021-12-06T16:38:03+01:00,2021-06-01T12:16:27+02:00
e819b5727312477f8c1f56bf928e611ad7e78315,163f6dc1f70f30de46a68137c36e70cae4d95cd8,ssl/s3_lib.c,"('17196', '')",2021-12-07T12:16:50+00:00,2020-11-18T14:14:52+00:00
e819b5727312477f8c1f56bf928e611ad7e78315,163f6dc1f70f30de46a68137c36e70cae4d95cd8,ssl/ssl_lib.c,"('17196', '')",2021-12-07T12:16:50+00:00,2020-11-18T14:14:52+00:00
f3ba62653815b2f7991103cdbea1ac155c8c916a,8158cf209792f7a92f0812ac89a9f54950e8453b,crypto/evp/p_lib.c,"('16267', '')",2021-12-13T07:52:53+01:00,2020-03-25T17:01:32+01:00
f3ba62653815b2f7991103cdbea1ac155c8c916a,c85c5e1a5327379306f4c3f8248ace740c64c338,doc/man3/EVP_PKEY_copy_parameters.pod,"('16267', '')",2021-12-13T07:52:53+01:00,2021-04-27T09:45:53+10:00
f3ba62653815b2f7991103cdbea1ac155c8c916a,c74aaa3920f116fe4c1003153838144c37d6e527,doc/man3/EVP_PKEY_copy_parameters.pod,"('16267', '')",2021-12-13T07:52:53+01:00,2020-05-27T14:36:13+02:00
f3ba62653815b2f7991103cdbea1ac155c8c916a,8211a33c7f37e58063d1294d8df294c7d9a1c1bf,doc/man3/EVP_PKEY_copy_parameters.pod,"('16267', '')",2021-12-13T07:52:53+01:00,2006-07-09T11:26:13+00:00
2490d10d5cca0163cad8045857248b175bdf83e7,2ff286c26c29b69b02ca99656d26d2f8cfd54682,crypto/http/http_client.c,"('17247', '')",2021-12-13T12:13:30+01:00,2021-11-17T15:48:34+01:00
7ca3bf792a4a085e6f2426ad51a41fca4d0b1b8c,1aedc35fd6c2f40f269c88b2f7d5a617172b47c5,crypto/context.c,"('17291', '')",2021-12-17T17:59:36+01:00,2019-05-02T22:42:09+01:00
7ca3bf792a4a085e6f2426ad51a41fca4d0b1b8c,b425001010044adbdbcd98f8682694b30b73bbf4,crypto/context.c,"('17291', '')",2021-12-17T17:59:36+01:00,2020-10-15T11:59:53+01:00
7ca3bf792a4a085e6f2426ad51a41fca4d0b1b8c,e4bec869104cf4ba51cbb1effb0f5437e327ecd8,crypto/context.c,"('17291', '')",2021-12-17T17:59:36+01:00,2021-03-18T17:35:10+10:00
f050745fe69a538952f3e12af3718d19ef2df2e2,636b087e3e3eb3401ac4d1a55bd2da0c15a728d5,crypto/bn/bn_conv.c,"('17296', '')",2021-12-20T10:55:57+11:00,2019-06-12T09:16:43+01:00
ff7cdc15875293a330831a80d83edbafd25a9d36,08073700cc50bcd0df5c0ee68c100e300a320d03,crypto/rand/rand_egd.c,"('17356', '')",2021-12-29T16:01:28+01:00,2020-09-12T20:32:11+02:00
805bdac5f37bb820658f70269941086bef6c085b,73970cb91fdf8e7b4b434d479b875a47a0aa0dbc,test/recipes/01-test_symbol_presence.t,"('17366', '')",2021-12-30T16:50:02+00:00,2021-10-14T19:03:28+02:00
068549f8db6d792a88bb888118001c4582f79074,8d9a4d833f12b0669f053a504268d13a46c079ad,apps/cmp.c,"('17088', '')",2022-01-04T15:05:32+01:00,2020-05-13T19:42:00+02:00
068549f8db6d792a88bb888118001c4582f79074,8f965908a53b4f0c5a735739e8a273a3a33a976e,apps/lib/apps.c,"('17088', '')",2022-01-04T15:05:32+01:00,2021-05-12T15:11:51+02:00
068549f8db6d792a88bb888118001c4582f79074,29f178bddfdbd11218fbcba0b8060297696968e3,apps/lib/apps.c,"('17088', '')",2022-01-04T15:05:32+01:00,2020-02-10T16:49:37+01:00
fd84b9c3e94be1771d1b34ad857081f7693318aa,c37b94795730a857485c6cebac6402c03246dce5,util/perl/OpenSSL/copyright.pm,"('13765', '')",2022-01-06T09:27:02+01:00,2021-03-31T13:59:53+02:00
357bccc8ba64ec8a5f587b04b5d6b6ca9e8dcbdc,a93e0e78db78e03bdcd29acf9bbc8a812ee50cb6,crypto/evp/digest.c,"('17149', '')",2022-01-10T16:38:35+00:00,2016-05-23T23:08:22+01:00
357bccc8ba64ec8a5f587b04b5d6b6ca9e8dcbdc,ffe9150b1508a0ffc9e724f975691f24eb045c05,crypto/evp/digest.c,"('17149', '')",2022-01-10T16:38:35+00:00,2016-03-18T11:40:00+00:00
357bccc8ba64ec8a5f587b04b5d6b6ca9e8dcbdc,8c8cf0d96240663749897b44898b3964fa3363e0,crypto/evp/digest.c,"('17149', '')",2022-01-10T16:38:35+00:00,2019-03-21T09:23:38+00:00
357bccc8ba64ec8a5f587b04b5d6b6ca9e8dcbdc,74cabf3fef77ab73c45e27cf6ed90f6db020e7c7,crypto/evp/digest.c,"('17149', '')",2022-01-10T16:38:35+00:00,2015-12-07T17:39:23+01:00
357bccc8ba64ec8a5f587b04b5d6b6ca9e8dcbdc,3101ab603cd82cdbc81de0902b2b4718e8f1279b,crypto/evp/digest.c,"('17149', '')",2022-01-10T16:38:35+00:00,2020-09-10T11:35:42+02:00
cd1981a0dc165ab6af5e2945beaaa9efe4484cee,cfce50f791511c8fee7dec90c57f02d9410d039f,crypto/encode_decode/decoder_meth.c,"('17456', '')",2022-01-12T10:55:15+11:00,2021-10-27T12:41:10+02:00
cd1981a0dc165ab6af5e2945beaaa9efe4484cee,dc010ca6ec01d313a84c3c4b040232655a1772ad,crypto/encode_decode/decoder_meth.c,"('17456', '')",2022-01-12T10:55:15+11:00,2021-10-27T12:41:15+02:00
cd1981a0dc165ab6af5e2945beaaa9efe4484cee,cfce50f791511c8fee7dec90c57f02d9410d039f,crypto/encode_decode/encoder_meth.c,"('17456', '')",2022-01-12T10:55:15+11:00,2021-10-27T12:41:10+02:00
cd1981a0dc165ab6af5e2945beaaa9efe4484cee,dc010ca6ec01d313a84c3c4b040232655a1772ad,crypto/encode_decode/encoder_meth.c,"('17456', '')",2022-01-12T10:55:15+11:00,2021-10-27T12:41:15+02:00
cd1981a0dc165ab6af5e2945beaaa9efe4484cee,cfce50f791511c8fee7dec90c57f02d9410d039f,crypto/store/store_meth.c,"('17456', '')",2022-01-12T10:55:15+11:00,2021-10-27T12:41:10+02:00
cd1981a0dc165ab6af5e2945beaaa9efe4484cee,dc010ca6ec01d313a84c3c4b040232655a1772ad,crypto/store/store_meth.c,"('17456', '')",2022-01-12T10:55:15+11:00,2021-10-27T12:41:15+02:00
f5e97b3702916e69873746108ac7c100a31d2241,d66ff761d209f1ab1ec931f74c15a69743e612da,test/provfetchtest.c,"('17456', '')",2022-01-12T10:55:15+11:00,2021-06-16T11:07:25+01:00
f5e97b3702916e69873746108ac7c100a31d2241,86f4e260262aad7524cd6a097592530fc818d3d4,test/provfetchtest.c,"('17456', '')",2022-01-12T10:55:15+11:00,2021-06-21T14:54:35+01:00
8086b267fb3395c53cd5fc29eea68ba4826b333d,357bccc8ba64ec8a5f587b04b5d6b6ca9e8dcbdc,crypto/evp/digest.c,"('17255', '');('17472', '')",2022-01-13T11:50:40+00:00,2022-01-10T16:38:35+00:00
3bfb7239daf3d6a89476e163dc925c641d356729,f1ffaaeece5efb7d2f4859a59e3164edf9b4b769,test/recipes/15-test_gendhparam.t,"('17480', '')",2022-01-13T13:18:58+01:00,2021-04-26T19:52:11+02:00
37b850738cbab74413d41033b2a4df1d69e1fa4a,adc9f7312665f14ec5c73b60090a4df933e6556d,crypto/evp/keymgmt_lib.c,"('17482', '')",2022-01-14T17:15:58+01:00,2020-03-25T17:00:39+01:00
f58bb2dd00c3004552c5c1e8d0f2c1390c004cf8,9a1c4e41e8d3fd8fe9d1bd8eeb8b1e1df21da37f,crypto/evp/ctrl_params_translate.c,"('17485', '')",2022-01-17T16:20:57+01:00,2021-02-23T13:41:48+01:00
f58bb2dd00c3004552c5c1e8d0f2c1390c004cf8,f1ffaaeece5efb7d2f4859a59e3164edf9b4b769,crypto/evp/ctrl_params_translate.c,"('17485', '')",2022-01-17T16:20:57+01:00,2021-04-26T19:52:11+02:00
f58bb2dd00c3004552c5c1e8d0f2c1390c004cf8,09d91264c8ee1fdfcbe41f326a96a21cd85eb732,crypto/evp/ctrl_params_translate.c,"('17485', '')",2022-01-17T16:20:57+01:00,2021-11-05T10:55:19+10:00
1bfd20f08c042072cae44a9eb81626cbfff81116,36fc5fc6bd5ca53fb30aabc38e3fefbab0005b2c,include/openssl/self_test.h,"('17557', '')",2022-01-24T09:41:33+11:00,2020-01-15T10:48:01+10:00
59ccb72cd5cec3b4e312853621e12a68dacdbc7e,a517edec0385280e31e2dc2912301501e6b0c4a3,crypto/passphrase.c,"('', '17506')",2022-01-26T17:15:52+01:00,2020-08-24T10:02:25+02:00
59ccb72cd5cec3b4e312853621e12a68dacdbc7e,0fe1fc858a0519c3866c0d2e88513e677b674926,crypto/ui/ui_util.c,"('', '17506')",2022-01-26T17:15:52+01:00,2017-01-11T18:27:27+01:00
d450eb84c802b2f78971f905b251a0fb89ebb7d1,4a42e2640499ce46d2733c4316c5fe4594a37c54,providers/implementations/ciphers/cipher_tdes.c,"('17587', '')",2022-01-27T12:01:41+11:00,2019-08-26T17:05:08+10:00
d450eb84c802b2f78971f905b251a0fb89ebb7d1,4a42e2640499ce46d2733c4316c5fe4594a37c54,providers/implementations/ciphers/cipher_tdes_default.c,"('17587', '')",2022-01-27T12:01:41+11:00,2019-08-26T17:05:08+10:00
d450eb84c802b2f78971f905b251a0fb89ebb7d1,5ccada09aae0cf846d3381a161d3eb20d4d9abfd,test/recipes/30-test_evp_data/evpciph_des3_common.txt,"('17587', '')",2022-01-27T12:01:41+11:00,2020-08-07T14:29:00+10:00
7e1eda483ec9ead36c05066b45ecad618475544c,cd6fe29f5bad1a350a039673e06f83ec7a7ef619,test/sslapitest.c,"('17739', '');('17757', '')",2022-02-23T11:49:48+00:00,2018-09-21T17:39:14+01:00
df5c86e9f80d14d699bad4c8889292fd9b4bd7ba,6ad957f1273e9918c22b27d0f1b1812360964a4e,apps/req.c,"('17736', '')",2022-03-03T10:21:51+01:00,2021-01-13T11:53:15+01:00
df5c86e9f80d14d699bad4c8889292fd9b4bd7ba,41e597a01d95540f52e8bc4d69f88c3d93a093ce,apps/req.c,"('17736', '')",2022-03-03T10:21:51+01:00,2021-01-13T11:53:15+01:00
df5c86e9f80d14d699bad4c8889292fd9b4bd7ba,f0a057dd5343ca81849dd140ee9c302cda914f41,test/recipes/25-test_req.t,"('17736', '')",2022-03-03T10:21:51+01:00,2021-01-13T11:53:15+01:00
df5c86e9f80d14d699bad4c8889292fd9b4bd7ba,00cf3a2d30fc7642bf9f816a7c545115985a8c0c,test/recipes/25-test_req.t,"('17736', '')",2022-03-03T10:21:51+01:00,2021-11-11T20:18:56+01:00
43135a5d2274c24e97f50e16ce492c22eb717ab2,0f113f3ee4d629ef9a4a30911b22b224772085e5,crypto/bn/bn_exp2.c,"('17648', '')",2022-03-03T10:31:24+01:00,2015-01-22T09:20:09+00:00
aea68b0ddb7113b982ab503bf830d641e8425759,cd81ac7be309881b282ce517f902d211a26d8b42,apps/s_server.c,"('17503', '')",2022-03-03T13:39:34+00:00,2020-04-01T19:13:25+08:00
2507903eb7c4e3ca4bc1a00074c16b409abc028e,954f45ba4c504570206ff5bed811e512cf92dc8e,crypto/modes/asm/aes-gcm-armv8-unroll8_64.pl,"('17773', '')",2022-03-04T11:11:51+01:00,2022-01-25T14:30:00+11:00
fe537f89cd6b75c10e717a0eb159f33710729b67,7e8d6bafd0347de8653c336e6f067d8f3686a386,test/run_tests.pl,"('17818', '')",2022-03-09T09:46:09+01:00,2021-06-01T15:07:51+02:00
fe537f89cd6b75c10e717a0eb159f33710729b67,1e76cb002a8d89b66b67214921b921c4cb9f6506,test/run_tests.pl,"('17818', '')",2022-03-09T09:46:09+01:00,2020-07-16T21:44:25+02:00
175355923046921a689b500f7a72455f7095708f,98624776c4d501c8badd6f772ab7048ac9191cb9,crypto/x509/v3_utl.c,"('17827', '')",2022-03-10T14:10:53+00:00,2021-08-24T14:22:06+01:00
c0b7dac66edde45b8da80918f5b5b62d1e766a0c,8549b97214ce1b4ba61eae893c80d9b0ed7e35f0,crypto/evp/digest.c,"('17064', '')",2022-03-13T11:43:26+11:00,2021-02-04T14:35:25+10:00
c0b7dac66edde45b8da80918f5b5b62d1e766a0c,3ce2fdabe6e33952bf3011acf5b68107e6352603,crypto/evp/digest.c,"('17064', '')",2022-03-13T11:43:26+11:00,2016-06-30T15:51:57+01:00
c0b7dac66edde45b8da80918f5b5b62d1e766a0c,3101ab603cd82cdbc81de0902b2b4718e8f1279b,crypto/evp/digest.c,"('17064', '')",2022-03-13T11:43:26+11:00,2020-09-10T11:35:42+02:00
c0b7dac66edde45b8da80918f5b5b62d1e766a0c,8c8cf0d96240663749897b44898b3964fa3363e0,crypto/evp/digest.c,"('17064', '')",2022-03-13T11:43:26+11:00,2019-03-21T09:23:38+00:00
c0b7dac66edde45b8da80918f5b5b62d1e766a0c,3101ab603cd82cdbc81de0902b2b4718e8f1279b,crypto/evp/m_sigver.c,"('17064', '')",2022-03-13T11:43:26+11:00,2020-09-10T11:35:42+02:00
c0b7dac66edde45b8da80918f5b5b62d1e766a0c,3101ab603cd82cdbc81de0902b2b4718e8f1279b,include/crypto/evp.h,"('17064', '')",2022-03-13T11:43:26+11:00,2020-09-10T11:35:42+02:00
dfb39f73132edf56daaad189e6791d1bdb57c4db,0c3eb2793b2a1fe35beeb90ba8f5cb2a0fdc3270,doc/man3/SSL_CTX_set_cert_verify_callback.pod,"('17568', '')",2022-03-14T09:39:03+01:00,2021-01-26T17:09:13+01:00
dfb39f73132edf56daaad189e6791d1bdb57c4db,4672e5de9e22a752870c9a05e0a92faef9e6f340,doc/man3/SSL_CTX_set_cert_verify_callback.pod,"('17568', '')",2022-03-14T09:39:03+01:00,2021-07-21T11:46:18+02:00
dfb39f73132edf56daaad189e6791d1bdb57c4db,0c3eb2793b2a1fe35beeb90ba8f5cb2a0fdc3270,doc/man3/SSL_want.pod,"('17568', '')",2022-03-14T09:39:03+01:00,2021-01-26T17:09:13+01:00
dfb39f73132edf56daaad189e6791d1bdb57c4db,7e365d51a1ac7f092b7c2e459332051126f76d72,doc/man3/X509_verify_cert.pod,"('17568', '')",2022-03-14T09:39:03+01:00,2021-02-09T15:48:30+01:00
dfb39f73132edf56daaad189e6791d1bdb57c4db,c1c1bb7c5e2baa109baec62d2af09d24caae5557,ssl/statem/statem_clnt.c,"('17568', '')",2022-03-14T09:39:03+01:00,2021-12-14T13:48:34+00:00
dfb39f73132edf56daaad189e6791d1bdb57c4db,0c3eb2793b2a1fe35beeb90ba8f5cb2a0fdc3270,ssl/statem/statem_clnt.c,"('17568', '')",2022-03-14T09:39:03+01:00,2021-01-26T17:09:13+01:00
dfb39f73132edf56daaad189e6791d1bdb57c4db,0c3eb2793b2a1fe35beeb90ba8f5cb2a0fdc3270,test/helpers/handshake.c,"('17568', '')",2022-03-14T09:39:03+01:00,2021-01-26T17:09:13+01:00
dfb39f73132edf56daaad189e6791d1bdb57c4db,0c3eb2793b2a1fe35beeb90ba8f5cb2a0fdc3270,test/sslapitest.c,"('17568', '')",2022-03-14T09:39:03+01:00,2021-01-26T17:09:13+01:00
b9a2f24e44f53c7c3a63a7f7b165e8267cbdda42,8baf9968dfd8ef2bc20cf2bf3de09304eb2213c5,crypto/evp/evp_enc.c,"('17064', '')",2022-03-15T21:05:05+11:00,2016-01-12T13:52:22+01:00
b9a2f24e44f53c7c3a63a7f7b165e8267cbdda42,b30b45b7247d056b569e2b5139f8b503d36e646c,crypto/evp/evp_enc.c,"('17064', '')",2022-03-15T21:05:05+11:00,2022-02-07T09:45:57+11:00
b9a2f24e44f53c7c3a63a7f7b165e8267cbdda42,70f39a487d3f7d976a01e0ee7ae98a82ceeea7a0,crypto/evp/evp_enc.c,"('17064', '')",2022-03-15T21:05:05+11:00,2022-02-07T09:46:16+11:00
ef9909f3c6471ba39be1e3d18a366044cbf30a19,ec0ce188f44b7ab261b1d691e34913b338479b1f,crypto/evp/evp_fetch.c,"('17876', '')",2022-03-15T12:58:37+01:00,2020-09-13T20:52:48+02:00
1832bb0f02e519a48f06a10467c7ce5f7f3feeeb,df05f2ce6d496232f3c86acb299a128d0eb3ef42,crypto/evp/evp_enc.c,"('17869', '')",2022-03-15T13:05:40+01:00,2019-04-19T09:31:54+01:00
1832bb0f02e519a48f06a10467c7ce5f7f3feeeb,3b94944cf2d6476d1b8ac7949bf8b28abb644426,crypto/evp/evp_enc.c,"('17869', '')",2022-03-15T13:05:40+01:00,2019-04-19T09:31:54+01:00
a12a71fafbe9b0ce90a51098fbf166d9da62b111,436bdcff4ec96d086b9f4e80accb314e4a4514e1,crypto/camellia/camellia.c,"('17911', '')",2022-03-18T12:29:29+11:00,2008-10-28T12:13:52+00:00
a07a70c76f0150077ce21ee7655d1e38e4411846,d62be1580bf402f7088cdec5f21a87f27f40f18e,doc/man7/provider-signature.pod,"('17909', '')",2022-03-18T12:31:04+11:00,2020-03-09T07:59:15+00:00
a07a70c76f0150077ce21ee7655d1e38e4411846,f187d4f9f8d69a9d6d9e35e41284bff28649ea13,doc/man7/provider-signature.pod,"('17909', '')",2022-03-18T12:31:04+11:00,2021-03-12T08:27:21+10:00
5d3746910438fd052b44010d92ac70fea606fa9d,8b3efb53027dd4f7d51b7ca9dd9658f02d6f1b1a,doc/man3/SSL_CONF_cmd.pod,"('17976', '')",2022-03-28T12:10:06+01:00,2020-01-31T16:33:53+01:00
bc6bac8561ead83d6135f376ffcbbb0b657e64fe,3a4a88f436ed1dd1165e0b59c1ca4a25e9e1d690,crypto/bn/bn_div.c,"('18010', '')",2022-04-07T10:36:30+10:00,2018-12-05T10:33:57+00:00
5adddcd96255112ff04b350d661518302159e7e2,82551af5146271080edcd2e3077fea643e727379,crypto/aes/asm/bsaes-armv8.pl,"('18114', '')",2022-04-21T10:37:00+02:00,2022-03-09T17:50:03+01:00
21f89f542d745adbf1131338929ae538e200d50d,4a71bee6cf84d0e6daa9857586ffcebf42aa1842,crypto/ocsp/ocsp_vfy.c,"('18053', '')",2022-05-03T10:46:49+01:00,2020-09-20T14:32:31+02:00
21f89f542d745adbf1131338929ae538e200d50d,a150f8e1fcc38752fef4d7c75d765d8efc7d46d6,crypto/ocsp/ocsp_vfy.c,"('18053', '')",2022-05-03T10:46:49+01:00,2020-11-13T09:35:31+01:00
33219939c782cf363b30e9e899b9997fb1ced440,8fece3355a76bf9c82d13b5389f88a3649c1e547,providers/implementations/ciphers/cipher_rc4_hmac_md5.c,"('18112', '')",2022-05-03T10:46:49+01:00,2019-11-11T10:04:46+10:00
33219939c782cf363b30e9e899b9997fb1ced440,f53c079fa55e477a48b0a891af4ee20e24e15fd7,test/recipes/30-test_evp_data/evpciph_aes_stitched.txt,"('18112', '')",2022-05-03T10:46:49+01:00,2021-06-20T12:52:36+10:00
33219939c782cf363b30e9e899b9997fb1ced440,f53c079fa55e477a48b0a891af4ee20e24e15fd7,test/recipes/30-test_evp_data/evpciph_rc4_stitched.txt,"('18112', '')",2022-05-03T10:46:49+01:00,2021-06-20T12:52:36+10:00
3c0e8bc4a797d29b2152aebc6e687ddfa941160b,801c638c50406c93d683c1ab8bd1d430cff4b6d0,demos/sslecho/main.c,"('18165', '')",2022-05-06T11:16:21+10:00,2022-04-12T15:12:57+01:00
a6d52f178c4cb4665d0bf235001b5c9c1ff03da7,7806f3dd4b44a0de379b4b8ac3ffc0fc8f249415,apps/s_server.c,"('18047', '')",2022-05-06T14:57:07+02:00,2006-11-29T20:54:57+00:00
a6d52f178c4cb4665d0bf235001b5c9c1ff03da7,0800318a0c1f80ed838838951b0478cb977d40a6,apps/s_server.c,"('18047', '')",2022-05-06T14:57:07+02:00,2021-05-26T17:18:34+02:00
a6d52f178c4cb4665d0bf235001b5c9c1ff03da7,d02b48c63a58ea4367a0e905979f140b7d090f86,apps/s_server.c,"('18047', '')",2022-05-06T14:57:07+02:00,1998-12-21T10:52:47+00:00
a6d52f178c4cb4665d0bf235001b5c9c1ff03da7,0f113f3ee4d629ef9a4a30911b22b224772085e5,apps/s_server.c,"('18047', '')",2022-05-06T14:57:07+02:00,2015-01-22T09:20:09+00:00
11e85b8941cb6f728e37f15502f26e67231db6b6,7b8e12d24eea68017ce96b0faf79d12f3c3ba9f1,crypto/err/err.c,"('17971', '')",2022-05-10T09:47:54+02:00,2016-03-08T14:11:59+00:00
8712db5e4e0c508de10e887aebf639384dc20710,fcb41c0ee8632a323bd2c2e39f401c4fcf31f3d4,crypto/bn/bn_nist.c,"('18225', '')",2022-05-10T19:38:42+10:00,2005-05-03T20:23:33+00:00
8712db5e4e0c508de10e887aebf639384dc20710,5d1c09de1f2736e1d4b1877206d08455ec75f558,crypto/bn/bn_nist.c,"('18225', '')",2022-05-10T19:38:42+10:00,2018-07-14T13:44:24+02:00
8712db5e4e0c508de10e887aebf639384dc20710,750398acd85a7ae220d272d28a76dff7bb269c31,crypto/bn/bn_nist.c,"('18225', '')",2022-05-10T19:38:42+10:00,2013-02-14T09:51:41+01:00
524bac570702a79366b85ff1f66e07d3e002370c,4674aaf4f2217540690489fee22edefe4a463293,doc/man3/BIO_ctrl.pod,"('18176', '')",2022-05-16T10:45:48+02:00,2019-07-15T15:13:41+02:00
524bac570702a79366b85ff1f66e07d3e002370c,9058d9bcd0a0391353720f7728a48596b575ad64,doc/man3/BIO_ctrl.pod,"('18176', '')",2022-05-16T10:45:48+02:00,2019-04-01T11:54:48+01:00
524bac570702a79366b85ff1f66e07d3e002370c,5001287c0dcd8ca4ffc564b360f86df79bba40c1,doc/man3/BIO_ctrl.pod,"('18176', '')",2022-05-16T10:45:48+02:00,2021-10-22T11:54:11+02:00
524bac570702a79366b85ff1f66e07d3e002370c,1ca50aa975fb149a75a3b0411230761376cb5e33,include/openssl/bio.h.in,"('18176', '')",2022-05-16T10:45:48+02:00,2019-10-31T10:24:32+00:00
557825acd622f98fc21423aba092e374db84f483,0f113f3ee4d629ef9a4a30911b22b224772085e5,crypto/x509/x_crl.c,"('0', '');('1', '');('10', '');('11', '');('12', '');('13', '');('14', '');('15', '');('16', '');('17', '');('18', '');('19', '');('2', '');('20', '');('21', '');('22', '');('23', '');('3', '');('4', '');('5', '');('6', '');('7', '');('8', '');('9', '')",2022-05-23T06:20:48+02:00,2015-01-22T09:20:09+00:00
7a9e93dda58118c0fb1bade8fe915306b845325b,d23adad1133c5445cd834cab0e598d7817effc6b,providers/implementations/ciphers/cipher_blowfish.c,"('18359', '')",2022-05-23T08:50:42+02:00,2019-11-19T13:33:54+00:00
7a9e93dda58118c0fb1bade8fe915306b845325b,1be63951f87dfcbc98efe5d94a15298fea885890,providers/implementations/include/prov/implementations.h,"('18359', '')",2022-05-23T08:50:42+02:00,2020-09-29T16:31:46+10:00
7a9e93dda58118c0fb1bade8fe915306b845325b,e2f5df36138a8888bcc1f989c6739b23bf7e23fe,providers/legacyprov.c,"('18359', '')",2022-05-23T08:50:42+02:00,2021-04-18T10:10:23+02:00
22a96c6be41897d11a18455b2ab142422bc57f3f,cf2413955cafcfe98d8292f996a87ef55b777caa,crypto/ec/ec_key.c,"('0', '');('1', '');('10', '');('11', '');('12', '');('13', '');('2', '');('3', '');('4', '');('5', '');('6', '');('7', '');('8', '');('9', '')",2022-05-24T11:30:42+02:00,2016-02-05T00:33:33+00:00
b7e28c0bb1cdc07e36c7dc2467083236b931de31,54a656ef081f72a740c550ebd8099b40b8b5cde0,crypto/x509/x509_cmp.c,"('0', '');('1', '');('2', '');('3', '');('4', '');('5', '');('6', '');('7', '');('8', '');('9', '')",2022-05-24T11:52:46+02:00,2002-11-13T15:43:43+00:00
e9007e09792e3735d4973743634ff55d354fc7d8,d0fff69dc958602b56872efc597bc0b153d20336,crypto/x509/x_crl.c,"('0', '');('1', '');('10', '');('11', '');('12', '');('13', '');('14', '');('15', '');('16', '');('17', '');('18', '');('19', '');('2', '');('20', '');('21', '');('22', '');('23', '');('24', '');('25', '');('26', '');('27', '');('28', '');('29', '');('3', '');('30', '');('31', '');('4', '');('5', '');('6', '');('7', '');('8', '');('9', '')",2022-05-25T13:04:09+02:00,2008-08-20T16:42:19+00:00
e9007e09792e3735d4973743634ff55d354fc7d8,0f113f3ee4d629ef9a4a30911b22b224772085e5,crypto/x509/x_crl.c,"('0', '');('1', '');('10', '');('11', '');('12', '');('13', '');('14', '');('15', '');('16', '');('17', '');('18', '');('19', '');('2', '');('20', '');('21', '');('22', '');('23', '');('24', '');('25', '');('26', '');('27', '');('28', '');('29', '');('3', '');('30', '');('31', '');('4', '');('5', '');('6', '');('7', '');('8', '');('9', '')",2022-05-25T13:04:09+02:00,2015-01-22T09:20:09+00:00
163bf682fd93971d07e66e3da339c229b86dc849,d4b2bfbadecd64de298d37ef6eb90a829da01a6a,crypto/ct/ct_log.c,"('18431', '')",2022-06-02T12:08:12+02:00,2020-04-09T14:51:48+01:00
46c1c2d7fa9153da4eb5e1aefd7b0139dc507c00,8dd5c603b60d8dd2907fea6c9cdefff20b787845,providers/implementations/keymgmt/dh_kmgmt.c,"('18483', '')",2022-06-15T11:47:46+01:00,2020-02-07T09:37:56+01:00
46c1c2d7fa9153da4eb5e1aefd7b0139dc507c00,6d4e6009d27712a405e1e3a4c33fb8a8566f134a,providers/implementations/keymgmt/dh_kmgmt.c,"('18483', '')",2022-06-15T11:47:46+01:00,2020-03-28T12:27:22+10:00
46c1c2d7fa9153da4eb5e1aefd7b0139dc507c00,8dd5c603b60d8dd2907fea6c9cdefff20b787845,providers/implementations/keymgmt/dsa_kmgmt.c,"('18483', '')",2022-06-15T11:47:46+01:00,2020-02-07T09:37:56+01:00
46c1c2d7fa9153da4eb5e1aefd7b0139dc507c00,6d4e6009d27712a405e1e3a4c33fb8a8566f134a,providers/implementations/keymgmt/dsa_kmgmt.c,"('18483', '')",2022-06-15T11:47:46+01:00,2020-03-28T12:27:22+10:00
46c1c2d7fa9153da4eb5e1aefd7b0139dc507c00,7d6aad832b4cebb181c53ab80a3f61dc8549be08,providers/implementations/keymgmt/ec_kmgmt.c,"('18483', '')",2022-06-15T11:47:46+01:00,2022-06-08T15:43:44+01:00
46c1c2d7fa9153da4eb5e1aefd7b0139dc507c00,4fe54d674f14e7964f982285d1aeb86698a33c3c,providers/implementations/keymgmt/ec_kmgmt.c,"('18483', '')",2022-06-15T11:47:46+01:00,2020-02-18T19:11:10+02:00
46c1c2d7fa9153da4eb5e1aefd7b0139dc507c00,33200269110f0ed4a9c96be03b32cd8913f9e426,providers/implementations/keymgmt/ec_kmgmt.c,"('18483', '')",2022-06-15T11:47:46+01:00,2020-09-05T15:41:30+10:00
46c1c2d7fa9153da4eb5e1aefd7b0139dc507c00,e3be0f4389fe1680e1fd547a8575ea71b4518b57,providers/implementations/keymgmt/ec_kmgmt.c,"('18483', '')",2022-06-15T11:47:46+01:00,2020-04-08T15:30:25+02:00
46c1c2d7fa9153da4eb5e1aefd7b0139dc507c00,8dd5c603b60d8dd2907fea6c9cdefff20b787845,providers/implementations/keymgmt/rsa_kmgmt.c,"('18483', '')",2022-06-15T11:47:46+01:00,2020-02-07T09:37:56+01:00
46c1c2d7fa9153da4eb5e1aefd7b0139dc507c00,96ebe52e897dea29664683e138877fb5eb995e4d,providers/implementations/keymgmt/rsa_kmgmt.c,"('18483', '')",2022-06-15T11:47:46+01:00,2020-04-01T15:51:18+10:00
0feb138fbeeec9ae09e63b212a0a6e345ed0dc30,f5081be376dfecb193db647b97d0fb2033760a4c,providers/implementations/exchange/kdf_exch.c,"('18517', '')",2022-06-15T15:20:36+02:00,2021-02-28T17:25:49+10:00
ce8822b7e5f4fdf836677faee336a5cf996d4363,260009d877bfd6fe75aef08ecf4c366127f1f78e,ssl/t1_lib.c,"('18585', '')",2022-06-22T16:59:05+10:00,2020-06-19T10:19:31+01:00
be50862e72d96e599f1111bbb69f41b5af651c97,0f113f3ee4d629ef9a4a30911b22b224772085e5,crypto/ec/ec_asn1.c,"('0', '');('1', '');('10', '');('11', '');('12', '');('13', '');('14', '');('15', '');('16', '');('17', '');('18', '');('19', '');('2', '');('20', '');('21', '');('22', '');('23', '');('24', '');('25', '');('26', '');('27', '');('28', '');('29', '');('3', '');('4', '');('5', '');('6', '');('7', '');('8', '');('9', '')",2022-06-25T07:20:33+02:00,2015-01-22T09:20:09+00:00
518f1ee81d5a6910365ef404888d0e119a87fd81,12603de634fe628488066d1f3f2c720ca20d6df9,crypto/rsa/rsa_chk.c,"('18538', '')",2022-06-28T17:05:10+02:00,2020-01-29T20:32:32+10:00
28adea95975c3ea53fc590efda35dee13efd4767,0abae1636d7054266dd20724c0d5e06617d9f679,crypto/rsa/rsa_backend.c,"('18365', '')",2022-06-28T17:07:53+02:00,2020-03-25T17:01:32+01:00
74c929d00dce3a4755164859c600aabb3838a87b,6d1f50b520ce0a2eaa624686a26ffd4a5af00d93,crypto/cmp/cmp_protect.c,"('18355', '')",2022-06-29T10:02:30+02:00,2020-08-21T09:04:13+02:00
7fe7cc57af3db1e497877f0329ba17609b2efc8b,dcbd0d74d5d2732f725228adedab8d689801d20e,crypto/bn/bn_gcd.c,"('18355', '')",2022-07-05T08:14:20+02:00,2000-11-27T21:17:20+00:00
7fe7cc57af3db1e497877f0329ba17609b2efc8b,5d8b3a3ef2941b8822523742a0408ca6896aa65d,crypto/bn/bn_gcd.c,"('18355', '')",2022-07-05T08:14:20+02:00,2020-06-16T21:41:33+03:00
c8a016cac44d5402df3106f46c9725aa1b480e40,25446a66b69a28c85d178e4454d2caed75d75293,test/evp_test.c,"('18714', '')",2022-07-11T09:25:25+10:00,2019-08-15T22:12:25+02:00
c8a016cac44d5402df3106f46c9725aa1b480e40,7f588d20cd9ed2bb0ee2577a4523453964f532b0,test/evp_test.c,"('18714', '')",2022-07-11T09:25:25+10:00,2019-09-04T19:41:22+10:00
c8a016cac44d5402df3106f46c9725aa1b480e40,703170d4b9da1b3adc0e4d87719a5156080b2dca,test/evp_test.c,"('18714', '')",2022-07-11T09:25:25+10:00,2019-08-24T13:01:15+02:00
4798e0680b112993815098ca21d7d68ff31ebc6e,0f113f3ee4d629ef9a4a30911b22b224772085e5,crypto/x509/v3_lib.c,"('18677', '')",2022-07-11T10:50:56+02:00,2015-01-22T09:20:09+00:00
4e9a4997c540e64647d4e1708a1dbda51fb59a68,5ac8fb584a0ba8e4223e98b87a5416d67340360e,crypto/evp/p_lib.c,"('18355', '')",2022-07-12T07:37:36+01:00,2020-10-20T16:39:41+01:00
1f00dc4f8c0ef0101368de2adf22495e5e295114,d1e85cdf79989685800968afe5099138bdc38729,crypto/x509/x509_vfy.c,"('14094', '');('18691', '')",2022-07-12T13:58:25+02:00,2021-02-11T20:08:41+01:00
b740012f77aed97cb4b3cd8a4f1fb2f668542795,c8f6c28a938fc887ee3d2337f09db453e7fb0369,ssl/s3_lib.c,"('18355', '')",2022-07-13T08:01:55+01:00,2020-02-06T11:59:07+00:00
b740012f77aed97cb4b3cd8a4f1fb2f668542795,e2e20129a9b9f898d382d199f9debdb549b882ff,ssl/s3_lib.c,"('18355', '')",2022-07-13T08:01:55+01:00,2021-04-01T14:39:53+02:00
b740012f77aed97cb4b3cd8a4f1fb2f668542795,c8f6c28a938fc887ee3d2337f09db453e7fb0369,ssl/ssl_ciph.c,"('18355', '')",2022-07-13T08:01:55+01:00,2020-02-06T11:59:07+00:00
b740012f77aed97cb4b3cd8a4f1fb2f668542795,c8f6c28a938fc887ee3d2337f09db453e7fb0369,ssl/statem/statem_clnt.c,"('18355', '')",2022-07-13T08:01:55+01:00,2020-02-06T11:59:07+00:00
b740012f77aed97cb4b3cd8a4f1fb2f668542795,ed576acdf591d4164905ab98e89ca5a3b99d90ab,ssl/tls13_enc.c,"('18355', '')",2022-07-13T08:01:55+01:00,2021-06-01T12:40:00+02:00
b740012f77aed97cb4b3cd8a4f1fb2f668542795,de9f5b3554274e27949941cbe74a07c8a5f25dbf,ssl/tls13_enc.c,"('18355', '')",2022-07-13T08:01:55+01:00,2018-05-23T13:48:33+01:00
b740012f77aed97cb4b3cd8a4f1fb2f668542795,b38ede8043439d99a3c6c174f17b91875cce66ac,ssl/tls13_enc.c,"('18355', '')",2022-07-13T08:01:55+01:00,2018-02-26T13:35:54+00:00
b740012f77aed97cb4b3cd8a4f1fb2f668542795,d1186c30a265aedecb1b497c220b4cb7c2a7f4ec,ssl/tls13_enc.c,"('18355', '')",2022-07-13T08:01:55+01:00,2017-04-19T12:51:08-04:00
b740012f77aed97cb4b3cd8a4f1fb2f668542795,1f5878b8e25a785dde330bf485e6ed5a6ae09a1a,ssl/tls13_enc.c,"('18355', '')",2022-07-13T08:01:55+01:00,2018-02-02T23:54:14+00:00
1efd8533e1ccc5c5e69795eb393a6b79b62e48e2,82551af5146271080edcd2e3077fea643e727379,crypto/aes/asm/bsaes-armv8.pl,"('18813', '')",2022-07-19T12:14:33+02:00,2022-03-09T17:50:03+01:00
1efd8533e1ccc5c5e69795eb393a6b79b62e48e2,5ea64b456b1a27ae046f23d632a968a7583bb9eb,crypto/arm_arch.h,"('18813', '')",2022-07-19T12:14:33+02:00,2020-12-09T16:17:17+01:00
2752ab2eb61dcfc799775d34eaeda3621b85f95f,96ebe52e897dea29664683e138877fb5eb995e4d,doc/man3/EVP_PKEY_gettable_params.pod,"('18828', '')",2022-07-22T16:14:41+10:00,2020-04-01T15:51:18+10:00
29fcd2e79ef739ff9211edd88d99ba03dd201299,55b7fa2609e1fe354517a745b78182323bce24ed,test/recipes/25-test_x509.t,"('16080', '');('18836', '')",2022-07-22T13:47:03-04:00,2022-06-16T15:47:03+02:00
709651c9022e7be7e69cf8a2f6edf2c8722a6a1e,5b689181853ca6d240d756cd7d65678124838b11,Configurations/windows-makefile.tmpl,"('18880', '')",2022-07-28T10:08:51+01:00,2021-04-29T11:26:57+02:00
709651c9022e7be7e69cf8a2f6edf2c8722a6a1e,85efdaab4d068f7de354b0a18f70f1737941dc7f,Configurations/windows-makefile.tmpl,"('18880', '')",2022-07-28T10:08:51+01:00,2021-09-10T14:08:31+02:00
6f74677911de87f3271721073bd360806a93733f,0113ec8460a918f8bc782130db8f75540b3b1ab2,providers/implementations/ciphers/cipher_aes_gcm_siv.h,"('18911', '')",2022-08-01T10:23:57+02:00,2022-07-29T08:32:16-04:00
6f74677911de87f3271721073bd360806a93733f,0113ec8460a918f8bc782130db8f75540b3b1ab2,providers/implementations/ciphers/cipher_aes_gcm_siv_hw.c,"('18911', '')",2022-08-01T10:23:57+02:00,2022-07-29T08:32:16-04:00
6f74677911de87f3271721073bd360806a93733f,0113ec8460a918f8bc782130db8f75540b3b1ab2,providers/implementations/ciphers/cipher_aes_gcm_siv_polyval.c,"('18911', '')",2022-08-01T10:23:57+02:00,2022-07-29T08:32:16-04:00
bbedc052973b1c2fab7d7fb891d02aea393ff579,8018352457cf9c98ce59f1e591fcd69f2153b649,providers/implementations/signature/eddsa_sig.c,"('18912', '')",2022-08-04T09:14:20-04:00,2020-12-02T12:04:58+10:00
cd854f225bbef9561fad680e2628dfd55be1b141,8986e37249ab0045a48a14e63e3cda2f593e1f05,crypto/modes/asm/ghash-s390x.pl,"('18693', '')",2022-08-09T10:52:08+01:00,2010-09-21T11:37:00+00:00
cd854f225bbef9561fad680e2628dfd55be1b141,0ab8fd58e1c3077c1e5e9057b3d73b73b99a843e,crypto/modes/asm/ghash-s390x.pl,"('18693', '')",2022-08-09T10:52:08+01:00,2011-03-04T13:09:16+00:00
cd854f225bbef9561fad680e2628dfd55be1b141,bc4e831ccd81a1d22a7462df645c884ce33ea7c0,crypto/modes/asm/ghash-s390x.pl,"('18693', '')",2022-08-09T10:52:08+01:00,2017-10-30T14:31:32+01:00
278b0d8b674eba6f6e1ec51a18c3ccaf8db02701,a3e53d56831adb60d6875297b3339a4251f735d2,crypto/bio/bio_addr.c,"('0', '');('1', '')",2022-08-12T16:13:13+01:00,2022-03-10T10:42:43-05:00
b5db237def7e22ccea1a540ec777045b3ce4600e,6a9bd9298bd706e3a4a40ecfa1d89f65f8592c65,providers/implementations/keymgmt/ec_kmgmt.c,"('18495', '')",2022-08-18T10:20:03+02:00,2020-06-05T11:04:11+01:00
b5db237def7e22ccea1a540ec777045b3ce4600e,4fe54d674f14e7964f982285d1aeb86698a33c3c,providers/implementations/keymgmt/ec_kmgmt.c,"('18495', '')",2022-08-18T10:20:03+02:00,2020-02-18T19:11:10+02:00
a148f864a86ba5f6999825dad9a98280bd054cbc,88220dcb21ecef064dd52d075169d7c16cc822b5,doc/man1/openssl.pod,"('19031', '')",2022-08-22T14:15:11-04:00,2000-03-20T13:39:06+00:00
a148f864a86ba5f6999825dad9a98280bd054cbc,4d768e966ff9a9777b2b4a79f85a737ab2ded666,doc/man1/openssl.pod,"('19031', '')",2022-08-22T14:15:11-04:00,2019-03-11T12:44:56+00:00
a148f864a86ba5f6999825dad9a98280bd054cbc,112161bd337f456a421d215b255f45f297f0349a,doc/man1/openssl.pod,"('19031', '')",2022-08-22T14:15:11-04:00,2006-07-09T01:59:30+00:00
a148f864a86ba5f6999825dad9a98280bd054cbc,35a810bb1d6af5a71170c5c4b506f7665d573a3e,doc/man1/openssl.pod,"('19031', '')",2022-08-22T14:15:11-04:00,2019-10-09T10:44:32+02:00
a148f864a86ba5f6999825dad9a98280bd054cbc,b2bdfb63eb16431aabe93ef59364d41125db255e,doc/man1/openssl.pod,"('19031', '')",2022-08-22T14:15:11-04:00,2019-10-09T10:45:10+02:00
a148f864a86ba5f6999825dad9a98280bd054cbc,2f0ea9365806895c313b6d8e2ce33428260e856c,doc/man1/openssl.pod,"('19031', '')",2022-08-22T14:15:11-04:00,2019-10-09T10:42:57+02:00
a148f864a86ba5f6999825dad9a98280bd054cbc,1903a9b77af1aa289ce858de90790f3e2749fea9,doc/man1/openssl.pod,"('19031', '')",2022-08-22T14:15:11-04:00,2019-11-10T18:58:50+01:00
a148f864a86ba5f6999825dad9a98280bd054cbc,63b94b3fc7feb12713fa46d386e10d109f074d28,doc/man1/openssl.pod,"('19031', '')",2022-08-22T14:15:11-04:00,2022-08-19T19:23:59-05:00
e921882d57201e14cc6a48765b2281065d6f5c65,9dd90232d537f0ccd457fe1e23f4cbe83917c70a,ssl/record/record.h,"('19037', '')",2022-08-23T17:03:31+01:00,2022-08-18T16:38:13+01:00
2b44565476d9d6d86f5af0ec736a7bf6f77a839e,f73e07cf420ddad22b6148d8cbe28daf84ccae2d,crypto/pkcs7/pk7_doit.c,"('7', '')",2022-09-01T11:04:46+02:00,1999-04-12T17:23:57+00:00
2b44565476d9d6d86f5af0ec736a7bf6f77a839e,d02b48c63a58ea4367a0e905979f140b7d090f86,crypto/pkcs7/pk7_doit.c,"('7', '')",2022-09-01T11:04:46+02:00,1998-12-21T10:52:47+00:00
2b44565476d9d6d86f5af0ec736a7bf6f77a839e,8382fd3a93cb076af5ad954613557152c878172f,crypto/pkcs7/pk7_doit.c,"('7', '')",2022-09-01T11:04:46+02:00,2015-12-31T18:44:46+00:00
2b44565476d9d6d86f5af0ec736a7bf6f77a839e,170afce58d5c9ffc399892e19a52c5559e2db801,crypto/pkcs7/pk7_doit.c,"('7', '')",2022-09-01T11:04:46+02:00,1999-06-22T13:33:22+00:00
2b44565476d9d6d86f5af0ec736a7bf6f77a839e,dfeab0689f69c0b4bd3480ffd37a9cacc2f17d9c,crypto/pkcs7/pk7_doit.c,"('7', '')",2022-09-01T11:04:46+02:00,1998-12-21T11:00:56+00:00
2b44565476d9d6d86f5af0ec736a7bf6f77a839e,0f113f3ee4d629ef9a4a30911b22b224772085e5,crypto/pkcs7/pk7_doit.c,"('7', '')",2022-09-01T11:04:46+02:00,2015-01-22T09:20:09+00:00
2b44565476d9d6d86f5af0ec736a7bf6f77a839e,170afce58d5c9ffc399892e19a52c5559e2db801,include/openssl/pkcs7.h.in,"('7', '')",2022-09-01T11:04:46+02:00,1999-06-22T13:33:22+00:00
856f2aa7be6bb59bc72493845d92e31ef0523c79,cfd24cde81aa5f63dba41ddcde0fa3c5d64e1db0,test/pkcs12_api_test.c,"('18017', '')",2022-09-05T15:49:33+02:00,2022-03-24T08:54:39+01:00
07687790a055a039bba93ee00ac970c9710f0669,664e096cf94b1a2f72b3c562dd93db7e13b235f4,crypto/bio/bss_dgram.c,"('19156', '')",2022-09-08T17:23:23+01:00,2022-09-01T18:03:10+10:00
9ab6b64ac856157a31a54c0d12207c2338bfa8e2,92c9086e5c2b63606cd28a7f13f09b9ff35a0de3,include/crypto/aes_platform.h,"('19163', '')",2022-09-13T14:41:39+02:00,2022-07-22T08:34:13-04:00
9ab6b64ac856157a31a54c0d12207c2338bfa8e2,345c99b6654b8313c792d54f829943068911ddbd,include/crypto/aes_platform.h,"('19163', '')",2022-09-13T14:41:39+02:00,2022-02-07T11:29:18+11:00
9ab6b64ac856157a31a54c0d12207c2338bfa8e2,44a563dde1584cd9284e80b6e45ee5019be8d36c,providers/implementations/ciphers/cipher_aes_gcm_hw_ppc.inc,"('19163', '')",2022-09-13T14:41:39+02:00,2022-01-24T11:25:53+11:00
9ab6b64ac856157a31a54c0d12207c2338bfa8e2,345c99b6654b8313c792d54f829943068911ddbd,providers/implementations/ciphers/cipher_aes_gcm_hw_ppc.inc,"('19163', '')",2022-09-13T14:41:39+02:00,2022-02-07T11:29:18+11:00
021859bf810a3614758c2f4871b9cd7202fac9b2,0e441bc2beea904654a9cf2df11875a920d66fd7,crypto/x509/by_dir.c,"('18068', '')",2022-09-14T14:10:10+01:00,2005-06-23T21:14:15+00:00
021859bf810a3614758c2f4871b9cd7202fac9b2,d02b48c63a58ea4367a0e905979f140b7d090f86,crypto/x509/by_dir.c,"('18068', '')",2022-09-14T14:10:10+01:00,1998-12-21T10:52:47+00:00
021859bf810a3614758c2f4871b9cd7202fac9b2,6dcb100f89d0ef081771d533fed342412ac7a13f,crypto/x509/by_store.c,"('18068', '')",2022-09-14T14:10:10+01:00,2019-11-03T18:38:23+01:00
9b25f52a4425d03fee1364d3531331d5d37ef742,2111f5c2834a838c4fc1ca981fddf80cbc589dfc,Configure,"('19212', '')",2022-09-19T11:50:13+02:00,2019-10-31T10:24:32+00:00
9b25f52a4425d03fee1364d3531331d5d37ef742,69495e3df57335ad43bc66fa2477636f66afed85,Configure,"('19212', '')",2022-09-19T11:50:13+02:00,2018-12-07T11:25:45+00:00
8e90a12ad82dec6d8b683eaa2e4feafa9796d377,b88ce46ee88c4128f72694e42160622844971d04,test/bio_dgram_test.c,"('19267', '')",2022-09-23T10:52:45+01:00,2022-09-23T11:59:13+10:00
b85d53c1670e47273827bba508daff310c3263ab,7960dbec6801c1c98c848b81ca00e73625e8970b,crypto/cmp/cmp_util.c,"('19279', '')",2022-09-30T22:42:17+02:00,2019-09-27T10:53:11+01:00
d250e8563fa400fd3d9b93cff609c7503149b908,76899264cbff822929f29f3d56c640368461d7f6,Configurations/10-main.conf,"('19319', '')",2022-10-03T11:25:00+11:00,2020-05-15T11:22:40+01:00
25d47cccf203c3b71171e78865e48ea061a039a8,d9ad5b16b32172df6f7d02cfb1c339cc85d0db01,crypto/evp/digest.c,"('18970', '')",2022-10-03T14:57:33+01:00,2022-01-10T16:38:35+00:00
25d47cccf203c3b71171e78865e48ea061a039a8,319e518a5ae17fb8def2bd9209675acbaa6c22c2,crypto/evp/evp_enc.c,"('18970', '')",2022-10-03T14:57:33+01:00,2019-05-23T11:02:04+01:00
894f2166ef2c16d8e4533e1c09e05ff31ea2f1d8,7de2b9c4afd90359e47d81a5fa70bcb8506fbf91,crypto/threads_none.c,"('19334', '')",2022-10-05T10:20:10+11:00,2018-04-05T15:13:55-04:00
894f2166ef2c16d8e4533e1c09e05ff31ea2f1d8,7de2b9c4afd90359e47d81a5fa70bcb8506fbf91,crypto/threads_pthread.c,"('19334', '')",2022-10-05T10:20:10+11:00,2018-04-05T15:13:55-04:00
894f2166ef2c16d8e4533e1c09e05ff31ea2f1d8,7de2b9c4afd90359e47d81a5fa70bcb8506fbf91,crypto/threads_win.c,"('19334', '')",2022-10-05T10:20:10+11:00,2018-04-05T15:13:55-04:00
894f2166ef2c16d8e4533e1c09e05ff31ea2f1d8,f70863d9dddd3ce3420f0e07841475a7e9680ca9,crypto/threads_win.c,"('19334', '')",2022-10-05T10:20:10+11:00,2021-03-11T10:33:06+00:00
928f15e71b0bccabb10cbdcbb9b2d4e85eeb5906,8e39049d38ebe8b8398d6c4aa8a6f7cef9712132,crypto/x509/x509_req.c,"('19297', '')",2022-10-05T16:12:38+02:00,2022-09-10T15:42:29+02:00
1567a821a4616f59748fa8982724f88e542867d6,7960dbec6801c1c98c848b81ca00e73625e8970b,crypto/cmp/cmp_local.h,"('16712', '')",2022-10-12T16:55:01+11:00,2019-09-27T10:53:11+01:00
c7340583097a80a4fe42bacea745b2bbaa6d16db,b6fbef1159c9aeb1590c116a9426e169d2203506,crypto/cmp/cmp_vfy.c,"('16712', '')",2022-10-12T16:55:01+11:00,2022-07-20T11:40:37+02:00
c7340583097a80a4fe42bacea745b2bbaa6d16db,19f97fe6f10bf0d1daec26a9ae2ad919127c67d5,crypto/http/http_client.c,"('16712', '')",2022-10-12T16:55:01+11:00,2021-05-14T19:24:42+02:00
c7340583097a80a4fe42bacea745b2bbaa6d16db,ca4a494cb7437a7af155361b0084de8329c0bf25,crypto/ts/ts_local.h,"('16712', '')",2022-10-12T16:55:01+11:00,2015-09-05T17:49:20-04:00
d7f3a2cc8691c062ef5bdeef28b66f80c8f7d5c3,5f8e6c50bd862d6bb0bbd16b4c0b3be841d9cf32,ACKNOWLEDGEMENTS.md,"('16712', '')",2022-10-12T16:55:28+11:00,2020-02-26T21:04:38+01:00
d7f3a2cc8691c062ef5bdeef28b66f80c8f7d5c3,73e044bd1aa3ff00e189624b4807e15e8de8f8e4,CHANGES.md,"('16712', '')",2022-10-12T16:55:28+11:00,2022-05-03T13:26:00+01:00
d7f3a2cc8691c062ef5bdeef28b66f80c8f7d5c3,d18ef847f4c2d15fee0b69a1b331dee5c9e9b97a,CHANGES.md,"('16712', '')",2022-10-12T16:55:28+11:00,2008-05-23T08:59:23+00:00
d7f3a2cc8691c062ef5bdeef28b66f80c8f7d5c3,257e9d03b028402089c9f98f3acb25ba668c09af,CHANGES.md,"('16712', '')",2022-10-12T16:55:28+11:00,2020-05-08T16:22:02+02:00
d7f3a2cc8691c062ef5bdeef28b66f80c8f7d5c3,241520e66d3ece1054beae93ff96978d0299cae4,CHANGES.md,"('16712', '')",2022-10-12T16:55:28+11:00,2006-01-11T06:10:40+00:00
d7f3a2cc8691c062ef5bdeef28b66f80c8f7d5c3,5840ed0cd1e6487d247efbc1a04136a41d7b3a37,CHANGES.md,"('16712', '')",2022-10-12T16:55:28+11:00,2019-09-10T11:31:25+01:00
d7f3a2cc8691c062ef5bdeef28b66f80c8f7d5c3,fdd436436d337f54e1e9d57b46b9489f7a3d042d,CHANGES.md,"('16712', '')",2022-10-12T16:55:28+11:00,2021-08-25T11:23:54+10:00
d7f3a2cc8691c062ef5bdeef28b66f80c8f7d5c3,d4da1bb5ab2b8bb08ec6662262fb6b2e3fdafeef,CHANGES.md,"('16712', '')",2022-10-12T16:55:28+11:00,2017-02-16T10:10:05+00:00
d7f3a2cc8691c062ef5bdeef28b66f80c8f7d5c3,69222552252c86e7d68dcc24b2ce1aa0793ab3aa,CHANGES.md,"('16712', '')",2022-10-12T16:55:28+11:00,2021-08-31T12:18:04+02:00
d7f3a2cc8691c062ef5bdeef28b66f80c8f7d5c3,44652c1637402fffa1babcbdb4c17b287396fd69,CHANGES.md,"('16712', '')",2022-10-12T16:55:28+11:00,2020-02-26T21:06:17+01:00
d7f3a2cc8691c062ef5bdeef28b66f80c8f7d5c3,1aeb3da83f267bc5e7cb9e7bd72dc0e07a751ba3,CHANGES.md,"('16712', '')",2022-10-12T16:55:28+11:00,2006-01-06T09:08:59+00:00
d7f3a2cc8691c062ef5bdeef28b66f80c8f7d5c3,2c55a0bc93bf578757ec5c85bdb3abe9cf3f4893,CHANGES.md,"('16712', '')",2022-10-12T16:55:28+11:00,2015-05-22T23:11:22+01:00
d7f3a2cc8691c062ef5bdeef28b66f80c8f7d5c3,0d89e45690fb960984740c2651433734290ebb8e,CHANGES.md,"('16712', '')",2022-10-12T16:55:28+11:00,2007-10-13T10:55:30+00:00
d7f3a2cc8691c062ef5bdeef28b66f80c8f7d5c3,39c136cc53d7b6fafdd1a0b52c035fd24358e01c,CHANGES.md,"('16712', '')",2022-10-12T16:55:28+11:00,2016-09-22T09:27:45+01:00
d7f3a2cc8691c062ef5bdeef28b66f80c8f7d5c3,f6c024c2e7f33e9d26c62cf19d519e5ef7fa4a09,CHANGES.md,"('16712', '')",2022-10-12T16:55:28+11:00,2018-03-27T13:31:51+01:00
d7f3a2cc8691c062ef5bdeef28b66f80c8f7d5c3,c913dbd7168393f7eab0dd6132d0d2581dd9e485,CHANGES.md,"('16712', '')",2022-10-12T16:55:28+11:00,2021-02-16T12:33:13+00:00
d7f3a2cc8691c062ef5bdeef28b66f80c8f7d5c3,6ffc312776f039cf150d4b2bcbc1a804ad334179,CHANGES.md,"('16712', '')",2022-10-12T16:55:28+11:00,2020-10-06T19:35:46+02:00
d7f3a2cc8691c062ef5bdeef28b66f80c8f7d5c3,f578075a93c7418f72ba000d1225cb0d9fd7df5d,NOTES-PERL.md,"('16712', '')",2022-10-12T16:55:28+11:00,2016-02-10T14:36:32+01:00
9929c81702381bff54f833d6fe0a3304f4e2b635,822b5e2645a99bea15329bd66c9723c7e7119cdb,Configurations/README.md,"('16712', '')",2022-10-12T16:55:28+11:00,2017-11-30T18:33:58-05:00
9929c81702381bff54f833d6fe0a3304f4e2b635,aa343982d2a2449633382a3ba032871949c788b4,Configurations/README.md,"('16712', '')",2022-10-12T16:55:28+11:00,2018-09-13T00:41:21+02:00
9929c81702381bff54f833d6fe0a3304f4e2b635,ddf1847dc81c30e80e7027c928720bf869264bd4,Configurations/README.md,"('16712', '')",2022-10-12T16:55:28+11:00,2016-02-09T01:25:00+01:00
9929c81702381bff54f833d6fe0a3304f4e2b635,26930bd3c28db93323af566d537012477de2f820,doc/internal/man3/ossl_punycode_decode.pod,"('16712', '')",2022-10-12T16:55:28+11:00,2020-08-26T14:04:21+03:00
9929c81702381bff54f833d6fe0a3304f4e2b635,c87bcdbde40eece72e81d8bf2c9219ce271d56e6,test/recipes/80-test_cmp_http.t,"('16712', '')",2022-10-12T16:55:28+11:00,2021-02-04T07:25:14+01:00
c048779520d47962316ddb436d08a050d5659666,9a1c4e41e8d3fd8fe9d1bd8eeb8b1e1df21da37f,crypto/evp/ctrl_params_translate.c,"('19313', '')",2022-10-13T13:26:14+01:00,2021-02-23T13:41:48+01:00
523e0577305bbcc732d22bcb063c6c8ca658874a,c781eb1c63c243cb64dbe3066a43dc172aaab3b8,crypto/bn/asm/rsaz-2k-avx512.pl,"('16670', '')",2022-10-13T15:45:46+02:00,2021-03-22T09:48:00+00:00
523e0577305bbcc732d22bcb063c6c8ca658874a,788a72e92fc0b78c2ca12df90e45cccbaf7a800e,crypto/bn/asm/rsaz-2k-avx512.pl,"('16670', '')",2022-10-13T15:45:46+02:00,2021-03-30T19:05:35+02:00
523e0577305bbcc732d22bcb063c6c8ca658874a,f87b4c4ea67393c9269663ed40a7ea3463cc59d3,crypto/bn/asm/rsaz-3k-avx512.pl,"('16670', '')",2022-10-13T15:45:46+02:00,2021-11-19T12:50:34+10:00
523e0577305bbcc732d22bcb063c6c8ca658874a,f87b4c4ea67393c9269663ed40a7ea3463cc59d3,crypto/bn/asm/rsaz-4k-avx512.pl,"('16670', '')",2022-10-13T15:45:46+02:00,2021-11-19T12:50:34+10:00
846975f367f75f3503b44c12e49d980dca181647,ab6db11e63485e8dc17f768f9be35a9120f20c91,.github/workflows/run-checker-daily.yml,"('19371', '')",2022-10-18T12:19:23+01:00,2021-05-12T17:12:16+10:00
846975f367f75f3503b44c12e49d980dca181647,38b051a1fedc79ebf24a96de2e9a326ad3665baf,ssl/record/rec_layer_d1.c,"('19371', '')",2022-10-18T12:19:23+01:00,2022-07-28T10:04:28+01:00
846975f367f75f3503b44c12e49d980dca181647,eddb067e2ce82bc2ea104b3ab5286fe334c0525d,ssl/record/rec_layer_d1.c,"('19371', '')",2022-10-18T12:19:23+01:00,2022-08-18T16:38:13+01:00
846975f367f75f3503b44c12e49d980dca181647,94836de2aeab65869caf2aa9a260114a309aaf0a,ssl/statem/statem_srvr.c,"('19371', '')",2022-10-18T12:19:23+01:00,2015-10-30T08:38:18+00:00
963e0bc43369a6dbe6644f709630f6c9f63dccf9,9249a34b076df9a9d55ab74ab465d336980cae6a,crypto/x509/x_all.c,"('19388', '')",2022-10-20T17:02:32+02:00,2022-09-10T15:42:28+02:00
963e0bc43369a6dbe6644f709630f6c9f63dccf9,34a42e1489bf4f45bfad069eceba56315d4713be,crypto/x509/x_all.c,"('19388', '')",2022-10-20T17:02:32+02:00,2015-10-15T15:36:58+01:00
963e0bc43369a6dbe6644f709630f6c9f63dccf9,81e4943843773a04067703e0dc1668ec5d3b4cf1,crypto/x509/x_all.c,"('19388', '')",2022-10-20T17:02:32+02:00,2015-10-15T15:36:58+01:00
963e0bc43369a6dbe6644f709630f6c9f63dccf9,8e39049d38ebe8b8398d6c4aa8a6f7cef9712132,crypto/x509/x_all.c,"('19388', '')",2022-10-20T17:02:32+02:00,2022-09-10T15:42:29+02:00
963e0bc43369a6dbe6644f709630f6c9f63dccf9,e6c2f96489fc0c006845c8597f8ceed2f01f76ee,crypto/x509/x_all.c,"('19388', '')",2022-10-20T17:02:32+02:00,2021-04-08T11:30:44+10:00
963e0bc43369a6dbe6644f709630f6c9f63dccf9,0f113f3ee4d629ef9a4a30911b22b224772085e5,crypto/x509/x_all.c,"('19388', '')",2022-10-20T17:02:32+02:00,2015-01-22T09:20:09+00:00
963e0bc43369a6dbe6644f709630f6c9f63dccf9,7aef39a72a2d3a7a2b0e222137a45e1b1406668d,crypto/x509/x_all.c,"('19388', '')",2022-10-20T17:02:32+02:00,2015-09-16T22:17:39+01:00
963e0bc43369a6dbe6644f709630f6c9f63dccf9,6e63c142f269c738e3820203ecec6fe74ad4efa0,crypto/x509/x_all.c,"('19388', '')",2022-10-20T17:02:32+02:00,2015-09-17T17:18:59+01:00
a8086e6bfc37355626393751a94bc5c92df7e9d3,30eba7f35983a917f1007bce45040c0af3442e42,crypto/conf/conf_def.c,"('19389', '')",2022-10-21T18:02:35+02:00,2022-09-16T10:07:15+02:00
a8086e6bfc37355626393751a94bc5c92df7e9d3,8e8e507ed720ca0acbeb15e238bf99519a9e7aab,crypto/stack/stack.c,"('19389', '')",2022-10-21T18:02:35+02:00,2017-10-03T12:50:06+02:00
a8086e6bfc37355626393751a94bc5c92df7e9d3,30eba7f35983a917f1007bce45040c0af3442e42,crypto/stack/stack.c,"('19389', '')",2022-10-21T18:02:35+02:00,2022-09-16T10:07:15+02:00
a8086e6bfc37355626393751a94bc5c92df7e9d3,30eba7f35983a917f1007bce45040c0af3442e42,ssl/ssl_lib.c,"('19389', '')",2022-10-21T18:02:35+02:00,2022-09-16T10:07:15+02:00
a8086e6bfc37355626393751a94bc5c92df7e9d3,30eba7f35983a917f1007bce45040c0af3442e42,ssl/statem/statem_srvr.c,"('19389', '')",2022-10-21T18:02:35+02:00,2022-09-16T10:07:15+02:00
a8086e6bfc37355626393751a94bc5c92df7e9d3,30eba7f35983a917f1007bce45040c0af3442e42,test/helpers/ssltestlib.c,"('19389', '')",2022-10-21T18:02:35+02:00,2022-09-16T10:07:15+02:00
5b9480fc1e814bf8fa2dce0dbbede147f04d477c,8b75603cc0ce8f4d9deb7218fbd905d3fc73a4c0,doc/man3/OPENSSL_init_crypto.pod,"('19460', '')",2022-10-24T09:51:57+11:00,2016-02-09T15:11:38+00:00
2eb75291c1357cdaf852e0da613edc14f3d5ae4f,753149d97f8474ff8745a66175b8e4a19fe50743,apps/list.c,"('19133', '')",2022-10-24T11:04:23+01:00,2019-07-15T07:00:29+02:00
2eb75291c1357cdaf852e0da613edc14f3d5ae4f,031873fe03610aa191031b5a36089bc29c67db29,doc/man1/openssl-list.pod.in,"('19133', '')",2022-10-24T11:04:23+01:00,2019-10-17T09:16:45+02:00
6962e21b7c51480343db1a275f52525754dcbe44,32e3c071373280b69be02ba91fc3204495e2e1bf,crypto/provider_core.c,"('19474', '')",2022-10-25T11:52:04+01:00,2022-05-05T15:06:12+02:00
d8eb0e1988aba5d86aa6570357853cad0ab3f532,45a3c592b94b66cab72e5bffbaf9d810c3fb29c0,test/cmsapitest.c,"('19477', '')",2022-10-27T18:39:29+02:00,2022-04-21T08:38:13+02:00
d8eb0e1988aba5d86aa6570357853cad0ab3f532,c1074ce096e98d3175292cbd2240ead7f1f67b32,test/recordlentest.c,"('19477', '')",2022-10-27T18:39:29+02:00,2017-03-06T20:07:40+00:00
d8eb0e1988aba5d86aa6570357853cad0ab3f532,09ce6e0854b9dee49a25662e1aaaa869b2afc2a1,test/sslcorrupttest.c,"('19477', '')",2022-10-27T18:39:29+02:00,2020-07-06T09:26:09+01:00
bd363ef32403d58a8b41553b5abd602b30073b10,d4dfd983e32b32b633aaa9edec422cc30419c6f7,test/recipes/05-test_rand.t,"('17532', '');('17995', '')",2022-11-02T11:01:06+01:00,2021-10-26T20:02:55+10:00
29d4d8e80e72c458501888d41bdfa00f51914909,b88ce46ee88c4128f72694e42160622844971d04,test/build.info,"('19388', '')",2022-11-02T11:14:32+01:00,2022-09-23T11:59:13+10:00
29d4d8e80e72c458501888d41bdfa00f51914909,29fcd2e79ef739ff9211edd88d99ba03dd201299,test/recipes/25-test_x509.t,"('19388', '')",2022-11-02T11:14:32+01:00,2022-07-22T13:47:03-04:00
f5e602b5500cc736fe774b114dc66180341a5ce7,4741c80c0556653c74252ec91425dcb74066b2ec,doc/man7/EVP_KDF-PVKKDF.pod,"('19690', '')",2022-11-23T08:23:17+01:00,2022-11-21T12:03:10+01:00
f5e602b5500cc736fe774b114dc66180341a5ce7,4741c80c0556653c74252ec91425dcb74066b2ec,doc/man7/EVP_KEM-X25519.pod,"('19690', '')",2022-11-23T08:23:17+01:00,2022-11-21T12:03:10+01:00
0dbd3a81e46dd7ea9f7832307fdd0b2ac207a5bf,7cc355c2e4e081dca3c6c345a75a2ab16800c807,doc/man3/EVP_EncryptInit.pod,"('19728', '')",2022-11-25T13:10:12+01:00,2020-07-15T23:11:50+02:00
92a25e24e6ec9735dea9ec645502cb075a5f8d24,1bdbdaffdc66be457a40f33640b523aaf21138c6,crypto/property/defn_cache.c,"('18631', '')",2022-11-29T08:21:34+01:00,2019-02-18T13:28:14+10:00
92a25e24e6ec9735dea9ec645502cb075a5f8d24,1aedc35fd6c2f40f269c88b2f7d5a617172b47c5,crypto/property/defn_cache.c,"('18631', '')",2022-11-29T08:21:34+01:00,2019-05-02T22:42:09+01:00
92a25e24e6ec9735dea9ec645502cb075a5f8d24,5f4b3db624a83b812f23412e698ffd9c4284f87a,crypto/property/defn_cache.c,"('18631', '')",2022-11-29T08:21:34+01:00,2022-06-09T11:37:31+01:00
92a25e24e6ec9735dea9ec645502cb075a5f8d24,4b1f34f11ff94bc2d0169d6669bfc47f99bd93b3,crypto/property/defn_cache.c,"('18631', '')",2022-11-29T08:21:34+01:00,2021-04-08T17:46:35+10:00
92a25e24e6ec9735dea9ec645502cb075a5f8d24,fed8dbea27b7e01ee934951b25c6ffd40ad1d5c3,crypto/property/property.c,"('18631', '')",2022-11-29T08:21:34+01:00,2022-06-09T11:37:31+01:00
92a25e24e6ec9735dea9ec645502cb075a5f8d24,1aedc35fd6c2f40f269c88b2f7d5a617172b47c5,crypto/property/property_local.h,"('18631', '')",2022-11-29T08:21:34+01:00,2019-05-02T22:42:09+01:00
92a25e24e6ec9735dea9ec645502cb075a5f8d24,1bdbdaffdc66be457a40f33640b523aaf21138c6,test/property_test.c,"('18631', '')",2022-11-29T08:21:34+01:00,2019-02-18T13:28:14+10:00
92a25e24e6ec9735dea9ec645502cb075a5f8d24,1aedc35fd6c2f40f269c88b2f7d5a617172b47c5,test/property_test.c,"('18631', '')",2022-11-29T08:21:34+01:00,2019-05-02T22:42:09+01:00
328dc33365f8bd9c097bc95c3632467f690502a4,262c00882a2fd7cf16672bf467a86f75b4098a7c,doc/man3/EVP_SignInit.pod,"('19786', '')",2022-12-02T13:20:01+01:00,2019-06-27T14:39:07+02:00
328dc33365f8bd9c097bc95c3632467f690502a4,29cf84c6925734b1a1e2b00bf688de76d1d18113,doc/man3/EVP_SignInit.pod,"('19786', '')",2022-12-02T13:20:01+01:00,2006-07-12T12:31:30+00:00
4d0340a6d2f327700a059f0b8f954d6160f8eef5,4acc3e907d29d8d61ae7e11ad7985a986332a1c1,crypto/x509/pcy_map.c,"('19643', '')",2022-12-08T11:10:58+01:00,2004-03-23T14:14:35+00:00
4d0340a6d2f327700a059f0b8f954d6160f8eef5,9aa4be691f5c73eb3c68606d824c104550c053f7,crypto/x509/pcy_map.c,"('19643', '')",2022-12-08T11:10:58+01:00,2021-03-26T08:41:32+10:00
d89e0361d5ff5b32c24edac6c60c5ae38714e6c3,4908787f21f4f5fa24b721ed3ebbc4d3e93ef70c,crypto/sm4/asm/vpsm4-armv8.pl,"('19858', '')",2022-12-13T09:42:06+11:00,2022-04-12T10:37:42+02:00
97b8db1af2f71059ecea986e4d12fc6a23699a74,c48ffbcca1d0213c6bcbe85de7bb5dd23c76438d,ssl/statem/statem_clnt.c,"('19867', '')",2022-12-13T10:10:57+11:00,2020-11-11T12:12:23+01:00
97b8db1af2f71059ecea986e4d12fc6a23699a74,c48ffbcca1d0213c6bcbe85de7bb5dd23c76438d,ssl/statem/statem_lib.c,"('19867', '')",2022-12-13T10:10:57+11:00,2020-11-11T12:12:23+01:00
e64a169fc678b5e57db28d06c25020d69bc61e4c,fcff5bd43c85418cc4aa8052e3dc3dba344d763e,test/trace_api_test.c,"('19915', '')",2022-12-22T11:33:48+01:00,2022-09-16T08:31:56+02:00
55e2dd8c3162d7313d9408cb20fca8a4fe6e6f5a,5a3bbe1712435d577bbc5ec046906979e8471d8b,test/recipes/80-test_cms.t,"('19907', '')",2023-01-04T16:36:35+01:00,2022-12-08T11:02:52+01:00
9c3de015121fb4ebbecccfbbda9eed8d4a3cb2d5,096978f09908ba0f679ff905b0db4861a57eb1c8,crypto/info.c,"('19996', '')",2023-01-10T12:15:42+01:00,2019-08-27T18:44:36+02:00
cd7a8e96bbdbedb05f7f13a8fb13fb5d9d0d17a6,b1b2146ded9ce5a84c62f30c6c4a922b449f6c90,crypto/chacha/asm/chacha-armv8-sve.pl,"('19902', '')",2023-01-16T17:03:34+01:00,2022-05-03T14:37:46+10:00
cd7a8e96bbdbedb05f7f13a8fb13fb5d9d0d17a6,3f42f41ad19c631287386fd8d58f9e02466c5e3f,crypto/chacha/asm/chacha-armv8-sve.pl,"('19902', '')",2023-01-16T17:03:34+01:00,2022-09-01T18:01:19+10:00
53b5d6c30f3b8eaf7a582da2265c0d1cfe14d54f,0c9d6818c85ad185ac7a8904c70486724473420b,crypto/x509/v3_admis.c,"('20066', '')",2023-01-19T14:15:19+01:00,2017-06-20T09:25:30-04:00
a2b01ae1c84ccc250d5d5cb5f2f8714573e3f11b,28cab20916731c188180628330de27f6ce5f684e,crypto/ffc/ffc_params_generate.c,"('20100', '')",2023-01-23T10:40:26+01:00,2021-06-01T18:13:56+10:00
114d99b46bfb212ffc510865df317ca2c1542623,83e9c36261dc8546276845f48d1ad65967acd598,crypto/evp/evp_lib.c,"('20116', '')",2023-01-25T14:27:14+00:00,2011-02-07T12:47:16+00:00
114d99b46bfb212ffc510865df317ca2c1542623,97e4a932451188508b6f865b1a16f2e670a1c315,crypto/evp/p5_crpt2.c,"('20116', '')",2023-01-25T14:27:14+00:00,1999-06-07T21:00:19+00:00
114d99b46bfb212ffc510865df317ca2c1542623,dfeab0689f69c0b4bd3480ffd37a9cacc2f17d9c,crypto/pkcs7/pk7_doit.c,"('20116', '')",2023-01-25T14:27:14+00:00,1998-12-21T11:00:56+00:00
a01152370676e7e11fb461cff8628eb50fa41b81,8fa4d95e8e2c95a61748313b33d3493cfb67a027,doc/man3/EVP_EncryptInit.pod,"('20084', '')",2023-01-30T09:48:50+01:00,2017-10-31T16:28:42+01:00
a01152370676e7e11fb461cff8628eb50fa41b81,27d5631236325c3fd8a3bd06af282ac496aac64b,doc/man3/EVP_EncryptInit.pod,"('20084', '')",2023-01-30T09:48:50+01:00,2019-03-06T13:25:21+00:00
a01152370676e7e11fb461cff8628eb50fa41b81,3d5a7578e09a984c6475b1c008f5c76f850328cb,providers/implementations/ciphers/cipher_chacha20_poly1305.c,"('20084', '')",2023-01-30T09:48:50+01:00,2019-10-16T16:18:42+10:00
a01152370676e7e11fb461cff8628eb50fa41b81,3d5a7578e09a984c6475b1c008f5c76f850328cb,providers/implementations/ciphers/cipher_chacha20_poly1305.h,"('20084', '')",2023-01-30T09:48:50+01:00,2019-10-16T16:18:42+10:00
a01152370676e7e11fb461cff8628eb50fa41b81,f336f98dbf80af632ea142ea3d43fe1e9d727e14,providers/implementations/ciphers/cipher_chacha20_poly1305_hw.c,"('20084', '')",2023-01-30T09:48:50+01:00,2021-03-12T08:27:21+10:00
a01152370676e7e11fb461cff8628eb50fa41b81,e36b3c2f757cc7d68dc24174a00476104428b099,providers/implementations/ciphers/cipher_chacha20_poly1305_hw.c,"('20084', '')",2023-01-30T09:48:50+01:00,2021-02-18T19:32:20+10:00
a01152370676e7e11fb461cff8628eb50fa41b81,3d5a7578e09a984c6475b1c008f5c76f850328cb,providers/implementations/ciphers/cipher_chacha20_poly1305_hw.c,"('20084', '')",2023-01-30T09:48:50+01:00,2019-10-16T16:18:42+10:00
e788c772b12eea5ced4ce46619e13acf0e0eb6ba,814c2018e11c99aeb3d84e0fee2b3943ff4039c8,crypto/provider_child.c,"('20063', '')",2023-02-01T08:20:08+11:00,2021-06-24T14:48:14+01:00
77c8d6d703efd1d935b5c2603fd31f4b15b1214d,50ccc176da8644be079eccc4523c261e34f7b293,util/perl/OpenSSL/Ordinals.pm,"('14074', '')",2023-02-02T20:29:33-05:00,2021-02-08T07:48:56+01:00
b1892d21f8f0435deb0250f24a97915dc641c807,e5641d7f052d163b92974dc845eef5e3f21f43ee,crypto/bn/bn_blind.c,"('1', '')",2023-02-07T17:05:10+01:00,2011-10-19T14:59:27+00:00
b1892d21f8f0435deb0250f24a97915dc641c807,0b1a07c8a70486534526d8967f03e32806da5661,crypto/bn/bn_blind.c,"('1', '')",2023-02-07T17:05:10+01:00,2016-03-08T23:52:48+00:00
b1892d21f8f0435deb0250f24a97915dc641c807,800e400de5ca30491577301ded618445b48c7911,crypto/bn/bn_blind.c,"('1', '')",2023-02-07T17:05:10+01:00,2005-04-26T22:31:48+00:00
b1892d21f8f0435deb0250f24a97915dc641c807,0f113f3ee4d629ef9a4a30911b22b224772085e5,crypto/bn/bn_blind.c,"('1', '')",2023-02-07T17:05:10+01:00,2015-01-22T09:20:09+00:00
b1892d21f8f0435deb0250f24a97915dc641c807,c27e7922211ac4f7aee5573f605c3b3cbef0d0bc,crypto/bn/build.info,"('1', '')",2023-02-07T17:05:10+01:00,2021-01-25T10:20:48+01:00
b1892d21f8f0435deb0250f24a97915dc641c807,582ad5d4d9b7703eb089016935133e3a18ea8205,crypto/rsa/rsa_ossl.c,"('1', '')",2023-02-07T17:05:10+01:00,2018-07-14T13:38:21+02:00
b1892d21f8f0435deb0250f24a97915dc641c807,4a3dd6292385a23134e113a01463f9516004ae85,crypto/rsa/rsa_ossl.c,"('1', '')",2023-02-07T17:05:10+01:00,2019-09-11T08:27:27+10:00
b1892d21f8f0435deb0250f24a97915dc641c807,5679bcce070335745652c1b9689f6ba06c7b6596,crypto/rsa/rsa_ossl.c,"('1', '')",2023-02-07T17:05:10+01:00,2003-04-02T09:50:22+00:00
b1892d21f8f0435deb0250f24a97915dc641c807,800e400de5ca30491577301ded618445b48c7911,crypto/rsa/rsa_ossl.c,"('1', '')",2023-02-07T17:05:10+01:00,2005-04-26T22:31:48+00:00
b1892d21f8f0435deb0250f24a97915dc641c807,e5641d7f052d163b92974dc845eef5e3f21f43ee,crypto/rsa/rsa_ossl.c,"('1', '')",2023-02-07T17:05:10+01:00,2011-10-19T14:59:27+00:00
b1892d21f8f0435deb0250f24a97915dc641c807,7fc67e0a33102aa47bbaa56533eeecb98c0450f7,crypto/rsa/rsa_ossl.c,"('1', '')",2023-02-07T17:05:10+01:00,2022-12-12T11:30:52+01:00
587e0407803af330c0b04238fcbce78521ce35d7,f5056577ba08b3694aab2722eae1c97bf00acc80,providers/implementations/ciphers/cipher_tdes_common.c,"('20212', '')",2023-02-08T21:54:24+11:00,2020-04-09T12:47:46+10:00
69b995c6fbc38163d69573803b7aa38ca64b074a,25dd78048b69c2a780ab1a5378b62447c77a5e75,crypto/cms/cms_smime.c,"('19975', '')",2023-02-08T16:33:29+01:00,2022-11-25T09:05:47+01:00
69b995c6fbc38163d69573803b7aa38ca64b074a,c1669f41eab0e2d9a8c2498718d06b4cd48a9890,crypto/cms/cms_smime.c,"('19975', '')",2023-02-08T16:33:29+01:00,2020-08-09T17:34:52+10:00
69b995c6fbc38163d69573803b7aa38ca64b074a,911045afda06bec038ccd15e9f849bff05b6f1ee,crypto/cms/cms_smime.c,"('19975', '')",2023-02-08T16:33:29+01:00,2022-11-25T09:05:47+01:00
c400a1fe477b44a5eacbad2be8d50f2eaa92925c,625faca931957719c76fb16094cf5b6e0debe23f,test/recipes/80-test_cms.t,"('20249', '')",2023-02-20T06:01:41+01:00,2023-02-07T17:05:10+01:00
7fed5193d242938d9ac5a0c1cb32b22b33379a06,19f97fe6f10bf0d1daec26a9ae2ad919127c67d5,crypto/http/http_client.c,"('20278', '')",2023-02-23T20:07:35+11:00,2021-05-14T19:24:42+02:00
7fed5193d242938d9ac5a0c1cb32b22b33379a06,8801240bc5d5e7fe29b2635bbf9c4d45fd1b2996,crypto/http/http_client.c,"('20278', '')",2023-02-23T20:07:35+11:00,2021-05-14T19:24:42+02:00
3a4e09ab42654b3d223f0f8dd1a9c58b2902ddcc,a9cfb8c2aa7254a4aa6a1716909e3f8cb78049b6,crypto/dsa/dsa_ossl.c,"('20268', '')",2023-03-01T09:20:49+11:00,2018-10-29T07:46:20+10:00
3a4e09ab42654b3d223f0f8dd1a9c58b2902ddcc,9267c11bb5d408e43482173794f08a3c8472afba,crypto/dsa/dsa_ossl.c,"('20268', '')",2023-03-01T09:20:49+11:00,2016-06-20T14:58:36+02:00
3a4e09ab42654b3d223f0f8dd1a9c58b2902ddcc,d02b48c63a58ea4367a0e905979f140b7d090f86,test/dsatest.c,"('20268', '')",2023-03-01T09:20:49+11:00,1998-12-21T10:52:47+00:00
52a38144b019cfda6b0e5eaa0aca88ae11661a26,5f40dd158cbfa0a3bd86c32f7a77fec8754bb245,crypto/armcap.c,"('20188', '')",2023-03-03T10:28:17+11:00,2019-01-16T18:00:48+01:00
52a38144b019cfda6b0e5eaa0aca88ae11661a26,b1b2146ded9ce5a84c62f30c6c4a922b449f6c90,crypto/armcap.c,"('20188', '')",2023-03-03T10:28:17+11:00,2022-05-03T14:37:46+10:00
52a38144b019cfda6b0e5eaa0aca88ae11661a26,5ea64b456b1a27ae046f23d632a968a7583bb9eb,crypto/armcap.c,"('20188', '')",2023-03-03T10:28:17+11:00,2020-12-09T16:17:17+01:00
52a38144b019cfda6b0e5eaa0aca88ae11661a26,f97ddfc3059ff568919e92597b2691d5366fd34b,crypto/armcap.c,"('20188', '')",2023-03-03T10:28:17+11:00,2022-12-06T17:17:32+01:00
52a38144b019cfda6b0e5eaa0aca88ae11661a26,f1a45f68bcdceaa2944d078cc65ffb0b3845c43e,crypto/armcap.c,"('20188', '')",2023-03-03T10:28:17+11:00,2021-05-11T10:00:27+02:00
52a38144b019cfda6b0e5eaa0aca88ae11661a26,4afa9f033dd58465b4c2d119a9d8cd737edeba26,crypto/armcap.c,"('20188', '')",2023-03-03T10:28:17+11:00,2014-05-04T10:55:49+02:00
52a38144b019cfda6b0e5eaa0aca88ae11661a26,15b7175f558bf9eb057ec3266685486f727dd70f,crypto/armcap.c,"('20188', '')",2023-03-03T10:28:17+11:00,2022-01-18T11:52:14+01:00
52a38144b019cfda6b0e5eaa0aca88ae11661a26,d807db26a403b4de69d7846656362e70f5083428,crypto/armcap.c,"('20188', '')",2023-03-03T10:28:17+11:00,2017-11-25T14:30:11+01:00
52a38144b019cfda6b0e5eaa0aca88ae11661a26,71396cd048072b69559b46d98cfebfd4474cd712,crypto/armcap.c,"('20188', '')",2023-03-03T10:28:17+11:00,2022-01-14T11:40:05+01:00
52a38144b019cfda6b0e5eaa0aca88ae11661a26,77f3612e2bd930b27dcab63fdcca1d7091cb948d,crypto/armcap.c,"('20188', '')",2023-03-03T10:28:17+11:00,2018-02-12T14:04:53+01:00
52a38144b019cfda6b0e5eaa0aca88ae11661a26,efa1f22483ee43d84e1aee01b08c0bda04060c1c,crypto/armcap.c,"('20188', '')",2023-03-03T10:28:17+11:00,2021-12-16T12:38:09+01:00
52a38144b019cfda6b0e5eaa0aca88ae11661a26,954f45ba4c504570206ff5bed811e512cf92dc8e,crypto/armcap.c,"('20188', '')",2023-03-03T10:28:17+11:00,2022-01-25T14:30:00+11:00
52a38144b019cfda6b0e5eaa0aca88ae11661a26,e8d93e342b4b7d43c73e955e81e227c514d389d9,crypto/armcap.c,"('20188', '')",2023-03-03T10:28:17+11:00,2014-06-01T17:21:06+02:00
52a38144b019cfda6b0e5eaa0aca88ae11661a26,abc4345a19430869b9a8925c6defc9e9ce977429,crypto/armcap.c,"('20188', '')",2023-03-03T10:28:17+11:00,2022-01-05T09:59:31+01:00
52a38144b019cfda6b0e5eaa0aca88ae11661a26,87873f4328274fc64b4089de6deabf52e5b2d481,crypto/armcap.c,"('20188', '')",2023-03-03T10:28:17+11:00,2011-07-17T17:40:29+00:00
52a38144b019cfda6b0e5eaa0aca88ae11661a26,d79bb5316e1318bd776d6b2d6723a36778e07f9d,crypto/armcap.c,"('20188', '')",2023-03-03T10:28:17+11:00,2023-01-30T09:49:13+11:00
52a38144b019cfda6b0e5eaa0aca88ae11661a26,0f113f3ee4d629ef9a4a30911b22b224772085e5,crypto/armcap.c,"('20188', '')",2023-03-03T10:28:17+11:00,2015-01-22T09:20:09+00:00
52a38144b019cfda6b0e5eaa0aca88ae11661a26,8e52a9063a8a016bdac780005256994d26f9c2f9,crypto/armcap.c,"('20188', '')",2023-03-03T10:28:17+11:00,2013-09-15T22:07:49+02:00
52ce351a674bf459c836ffd01afb09917889f047,69e14a546d5455de39222d1553ad18a1631e5fe9,crypto/evp/evp_pkey.c,"('20399', '')",2023-03-06T10:53:31+00:00,2021-06-29T13:50:51+02:00
559e078d94f1213318105b03f4e88b848fc28314,0b3a4ef27a6c2a427dc2d4a87c52677d57c90f4c,crypto/cms/cms_dh.c,"('20435', '')",2023-03-15T08:24:42+11:00,2020-10-15T10:00:19+01:00
559e078d94f1213318105b03f4e88b848fc28314,0b3a4ef27a6c2a427dc2d4a87c52677d57c90f4c,crypto/cms/cms_ec.c,"('20435', '')",2023-03-15T08:24:42+11:00,2020-10-15T10:00:19+01:00
559e078d94f1213318105b03f4e88b848fc28314,5ac8fb584a0ba8e4223e98b87a5416d67340360e,crypto/cms/cms_ec.c,"('20435', '')",2023-03-15T08:24:42+11:00,2020-10-20T16:39:41+01:00
559e078d94f1213318105b03f4e88b848fc28314,9ab7fe483629704b09dc43c1998e0e489615390f,crypto/cms/cms_ec.c,"('20435', '')",2023-03-15T08:24:42+11:00,2020-10-15T10:00:28+01:00
559e078d94f1213318105b03f4e88b848fc28314,6f4b7663150e2ee264836dbc5b338bd979828312,providers/implementations/signature/rsa_sig.c,"('20435', '')",2023-03-15T08:24:42+11:00,2020-02-22T01:07:15+01:00
559e078d94f1213318105b03f4e88b848fc28314,8195e59986031f6f33e2569551d771904433fa04,providers/implementations/signature/rsa_sig.c,"('20435', '')",2023-03-15T08:24:42+11:00,2023-02-28T14:36:15+11:00
9191dfb0ef48f95002aecfa8e11d9db434b4093d,21131f00d7ffcdac99334ce5704366c1cdd06fc4,crypto/pkcs12/p12_npas.c,"('19092', '')",2023-03-15T08:49:03+11:00,1999-12-03T03:46:18+00:00
9191dfb0ef48f95002aecfa8e11d9db434b4093d,0b7347effee58f5a19e4724c4b277635727c20d8,crypto/pkcs12/p12_npas.c,"('19092', '')",2023-03-15T08:49:03+11:00,2016-08-21T18:25:23+01:00
9191dfb0ef48f95002aecfa8e11d9db434b4093d,59b4da05b4072df79e85b5f8bbf4cf049431b9b6,crypto/pkcs12/p12_npas.c,"('19092', '')",2023-03-15T08:49:03+11:00,2016-08-17T17:48:43+01:00
9191dfb0ef48f95002aecfa8e11d9db434b4093d,a6eb1ce6a989d01bb00e9749789b690744be506c,crypto/pkcs12/p12_npas.c,"('19092', '')",2023-03-15T08:49:03+11:00,2016-03-11T17:40:47+00:00
9191dfb0ef48f95002aecfa8e11d9db434b4093d,75ebbd9aa411c5b8b19ded6ace2b34181566b56a,crypto/pkcs12/p12_npas.c,"('19092', '')",2023-03-15T08:49:03+11:00,2015-05-11T10:06:38-04:00
9191dfb0ef48f95002aecfa8e11d9db434b4093d,12a765a5235f181c2f4992b615eb5f892c368e88,crypto/pkcs12/p12_npas.c,"('19092', '')",2023-03-15T08:49:03+11:00,2019-10-09T21:32:15+02:00
9191dfb0ef48f95002aecfa8e11d9db434b4093d,d800d0f45b7618c30692c01d4dbf96042468b932,crypto/pkcs12/p12_npas.c,"('19092', '')",2023-03-15T08:49:03+11:00,2016-05-06T21:19:36+01:00
9191dfb0ef48f95002aecfa8e11d9db434b4093d,216811b21687bd8f45e34dde8a6fcc7bb73fe2e8,crypto/pkcs12/p12_npas.c,"('19092', '')",2023-03-15T08:49:03+11:00,2010-03-28T00:42:38+00:00
9191dfb0ef48f95002aecfa8e11d9db434b4093d,e93c8748ab40d876285147e3112c7a520d68880e,crypto/pkcs12/p12_npas.c,"('19092', '')",2023-03-15T08:49:03+11:00,2015-03-30T22:01:31+01:00
9191dfb0ef48f95002aecfa8e11d9db434b4093d,049f5bbce3eebdf4ec2030042eb2ae64bb67aedb,crypto/pkcs12/p12_npas.c,"('19092', '')",2023-03-15T08:49:03+11:00,2016-05-06T21:21:54+01:00
9191dfb0ef48f95002aecfa8e11d9db434b4093d,e2d66c0d007ad8bcf80890dadf681135d24d86cd,crypto/pkcs12/p12_npas.c,"('19092', '')",2023-03-15T08:49:03+11:00,2020-09-16T07:22:43+10:00
9191dfb0ef48f95002aecfa8e11d9db434b4093d,42a559163dad698265cc0b23b41dc8ded58ff76d,crypto/pkcs12/p12_npas.c,"('19092', '')",2023-03-15T08:49:03+11:00,2003-03-20T10:57:09+00:00
9191dfb0ef48f95002aecfa8e11d9db434b4093d,9311d0c471ca2eaa259e8c1bbbeb7c46394c7ba2,crypto/pkcs12/p12_npas.c,"('19092', '')",2023-03-15T08:49:03+11:00,2020-11-13T09:35:02+01:00
9191dfb0ef48f95002aecfa8e11d9db434b4093d,0f113f3ee4d629ef9a4a30911b22b224772085e5,crypto/pkcs12/p12_npas.c,"('19092', '')",2023-03-15T08:49:03+11:00,2015-01-22T09:20:09+00:00
04af51c276e7d785a194eb9ed199abf250c5b3b6,fdb5315b2d5f4529d020998cf414a1f5b8db7bbd,doc/man7/provider-decoder.pod,"('19543', '');('19964', '')",2023-03-16T11:56:15+11:00,2021-04-09T10:32:00+02:00
8b399c5e51b4d010650cb344a67a696daf096a05,c1a09254e4c763b62811bc412afa1498699fce50,Configure,"('', '20214')",2023-03-20T09:28:22+11:00,2019-04-23T12:43:35+02:00
41c3c71382f31a5a913bd09a74295d101d837055,4574a7fd8dda070b129d76defca07703cab53842,crypto/thread/arch/thread_none.c,"('19506', '')",2023-03-21T19:04:23+11:00,2022-10-17T09:45:39+01:00
41c3c71382f31a5a913bd09a74295d101d837055,4574a7fd8dda070b129d76defca07703cab53842,crypto/thread/arch/thread_win.c,"('19506', '')",2023-03-21T19:04:23+11:00,2022-10-17T09:45:39+01:00
41c3c71382f31a5a913bd09a74295d101d837055,4574a7fd8dda070b129d76defca07703cab53842,include/internal/thread_arch.h,"('19506', '')",2023-03-21T19:04:23+11:00,2022-10-17T09:45:39+01:00
4befe81a99b89c52b749a87eece82c1cba4fab12,245be5304d7c8e4a4345c971791cbf03cb5ca603,crypto/sm2/sm2_sign.c,"('20553', '')",2023-03-31T14:57:47-04:00,2018-06-04T11:59:56+01:00
efbff4de3e259cee71a4e1bbd86b30ebd86bbdae,464d59a5bb5811f7671e2bd37f41d610606b829d,crypto/rsa/rsa_chk.c,"('20693', '')",2023-04-13T15:23:05+02:00,2016-08-22T11:25:12-04:00
efbff4de3e259cee71a4e1bbd86b30ebd86bbdae,665d899fa6d3571da016925067ebcf1789d7d19c,crypto/rsa/rsa_chk.c,"('20693', '')",2023-04-13T15:23:05+02:00,2017-11-21T14:38:42+08:00
efbff4de3e259cee71a4e1bbd86b30ebd86bbdae,0f113f3ee4d629ef9a4a30911b22b224772085e5,crypto/rsa/rsa_chk.c,"('20693', '')",2023-04-13T15:23:05+02:00,2015-01-22T09:20:09+00:00
efbff4de3e259cee71a4e1bbd86b30ebd86bbdae,422da9bbfb739a5d42292c990c0b81552060d5a2,test/recipes/15-test_mp_rsa.t,"('20693', '')",2023-04-13T15:23:05+02:00,2021-05-27T13:01:50+10:00
31295ca02c0a2d7209a33047c7f6dd1dabc12c93,5a9752756b68632320c5aed7b6eb38e63a8ebf31,crypto/context.c,"('20697', '')",2023-04-24T11:31:57+02:00,2020-06-28T10:55:51+02:00
eb0935fd21220708e4321374380db497e9c5ecdf,d02b48c63a58ea4367a0e905979f140b7d090f86,crypto/stack/stack.c,"('20135', '')",2023-04-28T09:24:06+02:00,1998-12-21T10:52:47+00:00
eb0935fd21220708e4321374380db497e9c5ecdf,fbb7b33b28e3026c7443339c1f300ef725e2ff50,crypto/stack/stack.c,"('20135', '')",2023-04-28T09:24:06+02:00,2017-10-05T21:23:23+02:00
eb0935fd21220708e4321374380db497e9c5ecdf,5fd7eb5c8a45e8aba7a2610dfcfbcfb2eb6c1aec,crypto/stack/stack.c,"('20135', '')",2023-04-28T09:24:06+02:00,2021-04-28T11:19:34+02:00
ac52fe5f5ae7a1d062f09adab7744e3a3b2ddbcf,9a1c4e41e8d3fd8fe9d1bd8eeb8b1e1df21da37f,crypto/evp/ctrl_params_translate.c,"('20161', '')",2023-05-01T11:20:04+01:00,2021-02-23T13:41:48+01:00
ca9ef8ebf5908a6115990967df648d8f29e66f42,4e3a55fd14cb4424fd62516345d918cdf0d9cdcc,ssl/quic/quic_tserver.c,"('0', '');('1', '');('10', '');('11', '');('12', '');('13', '');('14', '');('15', '');('16', '');('17', '');('18', '');('2', '');('3', '');('4', '');('5', '');('6', '');('7', '');('8', '');('9', '')",2023-05-09T14:14:23+01:00,2023-01-24T17:16:29+00:00
8c63b14296f117b07781509ced529a8955d78fb9,5c32657c80d6d53618002019be679bc5816aef75,crypto/engine/eng_lib.c,"('20870', '')",2023-05-09T17:31:43+02:00,2001-10-01T16:26:00+00:00
91070877adb905f51eb4b19b730d42fc257bae13,c0f39ded68ba0929698a8773e63e9806ec9e5c74,providers/implementations/keymgmt/ec_kmgmt.c,"('20889', '')",2023-05-12T10:32:06+02:00,2020-08-22T14:55:41+10:00
a64c48cff88e032cf9513578493c4536df725a22,44bdb056d4c7c72494d5d4b702bbad5cc869df03,crypto/ui/ui_util.c,"('20893', '')",2023-05-17T12:07:02+02:00,2002-02-05T17:15:18+00:00
a64c48cff88e032cf9513578493c4536df725a22,364c7cd6216bc9b5ad35cd556b8381c88a0f22e7,crypto/ui/ui_util.c,"('20893', '')",2023-05-17T12:07:02+02:00,2003-01-13T14:17:43+00:00
26cf0767a71743de00cd20f90526052358d67d03,e393064ee78a7ea07e2d63493579eab95384afe4,apps/pkcs12.c,"('20969', '')",2023-05-18T13:25:28+02:00,2022-06-30T09:01:54+01:00
09bd0d05a6ab9eb4965763c100edf9b86ae03d2b,2507903eb7c4e3ca4bc1a00074c16b409abc028e,crypto/modes/asm/aes-gcm-armv8-unroll8_64.pl,"('20963', '')",2023-05-31T10:50:28+10:00,2022-03-04T11:11:51+01:00
09bd0d05a6ab9eb4965763c100edf9b86ae03d2b,bca6cc53d4592ccbe78eeede3bc79f09d149603c,crypto/sm3/asm/sm3-armv8.pl,"('20963', '')",2023-05-31T10:50:28+10:00,2022-01-20T12:50:20+11:00
7a1857483938b6b6eec5b8760c68c71a71296cd2,924663c36d47066d5307937da77fed7e872730c7,crypto/cms/cms_env.c,"('21026', '')",2023-06-01T09:56:20+02:00,2020-09-08T15:43:11+02:00
fc570b2605b8eb18c3903543aaf0234b1f698c8e,2b4a611ef18b0696bff57da889622e0e42ed4521,crypto/provider_core.c,"('20286', '')",2023-06-02T09:12:42+10:00,2021-08-31T20:44:16+10:00
fc570b2605b8eb18c3903543aaf0234b1f698c8e,390f9bad69ce19f601abf131ceabf90aedc0d3d5,crypto/provider_core.c,"('20286', '')",2023-06-02T09:12:42+10:00,2020-12-17T12:02:08+01:00
fc570b2605b8eb18c3903543aaf0234b1f698c8e,addbd7c9d784e1cb630d43487b0572e867bfc86d,crypto/provider_core.c,"('20286', '')",2023-06-02T09:12:42+10:00,2021-11-12T17:16:14+00:00
fc570b2605b8eb18c3903543aaf0234b1f698c8e,2d5695016d880b9c6681f293ed5afb0379ce86b7,crypto/provider_core.c,"('20286', '')",2023-06-02T09:12:42+10:00,2021-04-28T15:51:10+01:00
fc570b2605b8eb18c3903543aaf0234b1f698c8e,085bef9f7cee8506cc9d438d4fbc3663f46c5fe2,crypto/provider_core.c,"('20286', '')",2023-06-02T09:12:42+10:00,2019-03-14T16:22:36+01:00
fc570b2605b8eb18c3903543aaf0234b1f698c8e,0090e50890ce7691f7d6ba4a301b17c2ce58a204,crypto/provider_core.c,"('20286', '')",2023-06-02T09:12:42+10:00,2021-05-07T23:53:18+10:00
fc570b2605b8eb18c3903543aaf0234b1f698c8e,c59fc87b338880893286934f02c446854f5baabf,crypto/provider_core.c,"('20286', '')",2023-06-02T09:12:42+10:00,2021-11-12T17:16:14+00:00
4ad2dd43d0959b850c06c5a681d34aeb78d7c4b9,b9f733c2846329ca6ee6b906b2291e31c0c14183,doc/man1/openssl-genrsa.pod.in,"('21055', '')",2023-06-02T15:46:34+02:00,2020-02-20T18:58:40+10:00
ec59752835f616860cd9451d6cfcea16bfc3ad05,74bcbea76ff180c3eb27a141be99b7b577eec81c,crypto/x509/x509_cmp.c,"('21156', '')",2023-06-12T15:25:43+02:00,2021-04-14T09:45:40+02:00
ec59752835f616860cd9451d6cfcea16bfc3ad05,72ded6f2a93085f536b4a820ab42b2da26fecf1c,crypto/x509/x509_cmp.c,"('21156', '')",2023-06-12T15:25:43+02:00,2021-03-20T10:18:32+10:00
71cf587ea21c1422640847e358019a51806d2811,4605c5ab4796e99a207ab54d31bb8d2b5e42f1ca,providers/common/securitycheck.c,"('21185', '')",2023-06-15T09:21:30+10:00,2020-11-16T17:21:57+10:00
71cf587ea21c1422640847e358019a51806d2811,7a810fac866c6c1d93015999633ee2a29f17b3d2,providers/common/securitycheck.c,"('21185', '')",2023-06-15T09:21:30+10:00,2020-09-18T14:20:39+01:00
71cf587ea21c1422640847e358019a51806d2811,3a2171f6aa0f72ca95210fa80d92214315d1e744,test/recipes/20-test_cli_fips.t,"('21185', '')",2023-06-15T09:21:30+10:00,2021-02-18T16:05:22+00:00
71cf587ea21c1422640847e358019a51806d2811,39d9be390a16d3bc5c2b94ad31b705f8239af779,test/recipes/20-test_cli_fips.t,"('21185', '')",2023-06-15T09:21:30+10:00,2020-08-24T14:49:03+03:00
71cf587ea21c1422640847e358019a51806d2811,653a7706781ebbe8a6a4b84d29b39d001c395ffe,test/recipes/20-test_cli_fips.t,"('21185', '')",2023-06-15T09:21:30+10:00,2022-08-17T09:20:41+02:00
43596b306b1fe06da3b1a99e07c0cf235898010d,0f113f3ee4d629ef9a4a30911b22b224772085e5,crypto/bn/bn_recp.c,"('21111', '')",2023-06-26T08:07:55+10:00,2015-01-22T09:20:09+00:00
ff9728c6d5d23ebaa73cb729c8110c0582e66280,f9fcc7c727f0589fcd1f28ef09c8e10deee4f229,test/quicapitest.c,"('21087', '');('21332', '')",2023-07-10T11:40:12+01:00,2023-07-06T12:55:21+10:00
32d3c3abf3b74df1d9ebe562ba90f4dc3bdf2d4f,de5008a4076e36f7038180d60ae1521afb524d68,crypto/encode_decode/decoder_pkey.c,"('15199', '')",2023-07-17T08:12:06+10:00,2020-11-11T11:42:06+01:00
32d3c3abf3b74df1d9ebe562ba90f4dc3bdf2d4f,fe75766c9c2919f649df7b3ad209df2bc5e56dd0,crypto/encode_decode/decoder_pkey.c,"('15199', '')",2023-07-17T08:12:06+10:00,2021-02-17T15:26:12+01:00
32d3c3abf3b74df1d9ebe562ba90f4dc3bdf2d4f,63f187cfedd21550094b5d69a52f7f617545b209,crypto/encode_decode/decoder_pkey.c,"('15199', '')",2023-07-17T08:12:06+10:00,2020-09-03T17:48:32+02:00
32d3c3abf3b74df1d9ebe562ba90f4dc3bdf2d4f,072a9fde7d67a621ebd2c8d1ba22ab6e17da5a88,crypto/encode_decode/decoder_pkey.c,"('15199', '')",2023-07-17T08:12:06+10:00,2020-07-24T16:32:01+02:00
32d3c3abf3b74df1d9ebe562ba90f4dc3bdf2d4f,df65c06b59f0ccd06398c0ff3034371fdefd8e70,crypto/encode_decode/decoder_pkey.c,"('15199', '')",2023-07-17T08:12:06+10:00,2020-11-11T11:42:06+01:00
32d3c3abf3b74df1d9ebe562ba90f4dc3bdf2d4f,70c06aafa691a77861bd3d3aaf93afa2a55e04ce,crypto/encode_decode/decoder_pkey.c,"('15199', '')",2023-07-17T08:12:06+10:00,2020-10-04T13:01:47+02:00
32d3c3abf3b74df1d9ebe562ba90f4dc3bdf2d4f,054cde175664f3e7c8fe5f753c0a5cb5be75dccc,crypto/encode_decode/decoder_pkey.c,"('15199', '')",2023-07-17T08:12:06+10:00,2020-12-17T12:02:08+01:00
32d3c3abf3b74df1d9ebe562ba90f4dc3bdf2d4f,b425001010044adbdbcd98f8682694b30b73bbf4,crypto/encode_decode/decoder_pkey.c,"('15199', '')",2023-07-17T08:12:06+10:00,2020-10-15T11:59:53+01:00
32d3c3abf3b74df1d9ebe562ba90f4dc3bdf2d4f,cb92964563a053d5d9c0810912fa6d3ff35c1e16,crypto/evp/evp_fetch.c,"('15199', '')",2023-07-17T08:12:06+10:00,2019-04-05T15:43:37+02:00
32d3c3abf3b74df1d9ebe562ba90f4dc3bdf2d4f,60640d79ca7ea0980dc09c71fe6a297b5f8588a2,crypto/evp/evp_fetch.c,"('15199', '')",2023-07-17T08:12:06+10:00,2022-05-05T15:05:54+02:00
32d3c3abf3b74df1d9ebe562ba90f4dc3bdf2d4f,fe75766c9c2919f649df7b3ad209df2bc5e56dd0,include/crypto/decoder.h,"('15199', '')",2023-07-17T08:12:06+10:00,2021-02-17T15:26:12+01:00
32d3c3abf3b74df1d9ebe562ba90f4dc3bdf2d4f,70c06aafa691a77861bd3d3aaf93afa2a55e04ce,include/crypto/decoder.h,"('15199', '')",2023-07-17T08:12:06+10:00,2020-10-04T13:01:47+02:00
32d3c3abf3b74df1d9ebe562ba90f4dc3bdf2d4f,63f187cfedd21550094b5d69a52f7f617545b209,include/crypto/decoder.h,"('15199', '')",2023-07-17T08:12:06+10:00,2020-09-03T17:48:32+02:00
32d3c3abf3b74df1d9ebe562ba90f4dc3bdf2d4f,b425001010044adbdbcd98f8682694b30b73bbf4,include/crypto/decoder.h,"('15199', '')",2023-07-17T08:12:06+10:00,2020-10-15T11:59:53+01:00
404fb9965ed0dc7752d80f72c93358dfb45125c8,0f113f3ee4d629ef9a4a30911b22b224772085e5,ssl/statem/statem_lib.c,"('21422', '')",2023-07-17T09:39:46+10:00,2015-01-22T09:20:09+00:00
2b8126d8a8ded94ce010234a37d059f8d3b71b1b,9c3ea4e1d7580fc061dfb754b620adb3439e683f,ssl/quic/quic_channel.c,"('21337', '')",2023-07-18T20:37:52+02:00,2023-07-07T15:13:29+02:00
2b8126d8a8ded94ce010234a37d059f8d3b71b1b,71587f2b6a711bc8cd18521575910291f637dfcf,test/quicfaultstest.c,"('21337', '')",2023-07-18T20:37:52+02:00,2023-02-22T05:34:03+00:00
51a7066e2092b062a502e29166adfcc297803058,f7397f0d58ce7ddf4c5366cd1846f16b341fbe43,doc/man3/EVP_EncryptInit.pod,"('21485', '')",2023-07-21T10:06:35+10:00,2019-10-11T15:55:36+02:00
51a7066e2092b062a502e29166adfcc297803058,b9098d4edd48fd094afee82ed1e0324f5d247ace,doc/man3/EVP_EncryptInit.pod,"('21485', '')",2023-07-21T10:06:35+10:00,2021-05-28T14:29:13+02:00
51a7066e2092b062a502e29166adfcc297803058,7f9537d57adf74eb6147bc19b5b579b95a8866e9,doc/man3/EVP_EncryptInit.pod,"('21485', '')",2023-07-21T10:06:35+10:00,2021-06-01T15:22:30+10:00
e3d897d3fa3b48bb835fab0665a435469beea7ae,38ebfc3f5f83cbbd01011636d159ad3ed23e9765,crypto/x509/x509_vpm.c,"('21570', '')",2023-07-31T14:11:03+01:00,2022-09-16T10:07:15+02:00
9607f5ccf285ac9988a86f95c5ad9f92b556a843,9b05cbc33e7895ed033b1119e300782d9e0cf23c,crypto/perlasm/arm-xlate.pl,"('21647', '')",2023-08-08T22:35:53+02:00,2015-01-23T15:38:41+01:00
69b9a992961c27ac6d0f0bec259806ac953a81d4,c30de601850f367e4c16ad91c0168a2e0dc647c0,crypto/bn/bn_lib.c,"('21668', '')",2023-08-14T14:32:06+01:00,2022-01-20T17:57:39+01:00
3d254b31344e82b8f10fda8bab196757a377eb63,32d3c3abf3b74df1d9ebe562ba90f4dc3bdf2d4f,crypto/encode_decode/decoder_pkey.c,"('21668', '')",2023-08-15T14:50:37+01:00,2023-07-17T08:12:06+10:00
39ed7636e0d8a90512e7ccb811cd0bfcb7a79650,de5008a4076e36f7038180d60ae1521afb524d68,crypto/encode_decode/decoder_pkey.c,"('21198', '')",2023-08-16T18:02:51+02:00,2020-11-11T11:42:06+01:00
39ed7636e0d8a90512e7ccb811cd0bfcb7a79650,8c7c1c84cbaa38a4053404883d666ea8dff81b3a,crypto/x509/x_pubkey.c,"('21198', '')",2023-08-16T18:02:51+02:00,2021-06-14T09:43:01+01:00
39ed7636e0d8a90512e7ccb811cd0bfcb7a79650,8c7c1c84cbaa38a4053404883d666ea8dff81b3a,include/crypto/x509.h,"('21198', '')",2023-08-16T18:02:51+02:00,2021-06-14T09:43:01+01:00
39ed7636e0d8a90512e7ccb811cd0bfcb7a79650,cf333799979755dd46193b49c15db0afd262c6a0,providers/implementations/encode_decode/decode_der2key.c,"('21198', '')",2023-08-16T18:02:51+02:00,2021-03-19T16:46:39+01:00
39ed7636e0d8a90512e7ccb811cd0bfcb7a79650,6a2b8ff392a304bbb106528653397b864acc53fa,providers/implementations/encode_decode/decode_epki2pki.c,"('21198', '')",2023-08-16T18:02:51+02:00,2021-06-09T17:00:10+02:00
39ed7636e0d8a90512e7ccb811cd0bfcb7a79650,5e2d22d53ed322a7124e26a4fbd116a8210eb77a,providers/implementations/encode_decode/decode_pvk2key.c,"('21198', '')",2023-08-16T18:02:51+02:00,2021-06-01T12:16:27+02:00
39ed7636e0d8a90512e7ccb811cd0bfcb7a79650,8c7c1c84cbaa38a4053404883d666ea8dff81b3a,providers/implementations/encode_decode/decode_spki2typespki.c,"('21198', '')",2023-08-16T18:02:51+02:00,2021-06-14T09:43:01+01:00
39ed7636e0d8a90512e7ccb811cd0bfcb7a79650,169eca602c67f37abf0a44e1605998d5e7f04fa6,test/recipes/04-test_encoder_decoder.t,"('21198', '')",2023-08-16T18:02:51+02:00,2021-06-01T12:16:27+02:00
e4d808652b0a1a19cfe615a6659e65ead0245108,e60147fe74c202ef3ce5d36115252b7c3c504cd7,crypto/threads_pthread.c,"('', '21718')",2023-08-17T08:02:15+01:00,2021-02-05T10:29:44+00:00
92e3f43aec553145b4d4cbb4dbd3df9658a05bb4,359affdead3af497f1673204c5c34061d28dfa7b,ssl/record/rec_layer_s3.c,"('21668', '')",2023-08-17T08:06:43+01:00,2022-08-18T16:38:12+01:00
0577dbad0709f1b3717297420069c6160245e74d,7c2939999f8e43d996d846867ba326b052f821d6,ssl/record/methods/tls_common.c,"('21668', '')",2023-08-17T21:35:53+02:00,2022-08-18T16:38:12+01:00
8ef63b6ff8301a0139c00df6c40173a63fd2db01,c3b46409559c18f103ebb2221c6f8af3cd7db00d,crypto/encode_decode/encoder_pkey.c,"('21668', '')",2023-08-23T16:01:30+01:00,2022-10-13T13:23:25+01:00
3961991593f788b3efb2a27563d358c7c58f854c,5b234be4c44f5b178bc69da3d610ae1b70441873,crypto/ec/ec_key.c,"('21833', '');('21834', '')",2023-09-01T10:08:20+01:00,2022-11-02T08:42:46+11:00
59d87f6e7eb41018a2a17fef2198d3fcf04e63f4,7751098ecdc6598af42c99950ac9554eeb2d60b3,doc/man1/openssl-pkeyutl.pod.in,"('21543', '')",2023-09-02T15:29:06+01:00,2017-01-08T01:42:50+00:00
00a413e2483257a17239cef5dde52df14926284c,d15d561844d8989e50896724d89681ae7ba81a74,crypto/cms/cms_sd.c,"('21986', '')",2023-09-08T16:31:47+10:00,2022-03-03T13:30:45+01:00
00a413e2483257a17239cef5dde52df14926284c,53155f1c814be6d8bfdd77333a16ec9cee7fc3bb,crypto/cms/cms_sd.c,"('21986', '')",2023-09-08T16:31:47+10:00,2021-02-22T09:16:36+10:00
17dd9a2c6262c00800301fddd9441a9c590a630e,34b80d0622924d112b145fd36bfaad18616f2546,crypto/store/store_lib.c,"('21968', '')",2023-09-08T08:32:58+02:00,2020-08-24T10:02:26+02:00
d2873946dfaff5537ea3d1adf3890e33a3f276ff,6ad957f1273e9918c22b27d0f1b1812360964a4e,apps/req.c,"('21403', '')",2023-09-09T16:44:33+02:00,2021-01-13T11:53:15+01:00
d2873946dfaff5537ea3d1adf3890e33a3f276ff,d02b48c63a58ea4367a0e905979f140b7d090f86,apps/req.c,"('21403', '')",2023-09-09T16:44:33+02:00,1998-12-21T10:52:47+00:00
d2873946dfaff5537ea3d1adf3890e33a3f276ff,342e3652c791bdb06e08abcc169b4456c83ccd00,test/recipes/25-test_req.t,"('21403', '')",2023-09-09T16:44:33+02:00,2023-01-24T15:16:47+01:00
c499cbc3239e3ac93fa5acf85cec7ea7df116518,1738eb212bacb71d66db25e1a38ce2d420b72e35,test/recipes/80-test_cmp_http.t,"('22014', '')",2023-09-11T09:08:35+10:00,2023-03-25T10:31:25+01:00
39d857bb610d25b3de4e414264246ec41753c446,ed16b0fc282d29f755e656043e8a70553ef7bea5,test/evp_test.c,"('21887', '')",2023-09-12T15:59:11+02:00,2022-01-19T21:50:22+11:00
39d857bb610d25b3de4e414264246ec41753c446,f75abcc0f073b1c3e2d81df3fcde8fe45dd1e61f,test/evp_test.c,"('21887', '')",2023-09-12T15:59:11+02:00,2019-11-18T13:13:05+10:00
c32c3f2653e6c6ac42e09a83a2f51f8667827a04,0113ec8460a918f8bc782130db8f75540b3b1ab2,providers/implementations/ciphers/cipher_aes_gcm_siv.c,"('21887', '')",2023-09-12T15:59:11+02:00,2022-07-29T08:32:16-04:00
46def829afa4d8bed8f53d484bdf842d65f0e176,8ae40cf57d2138af92a3479e23f35037ae8c5c30,providers/implementations/encode_decode/encode_key2any.c,"('22049', '')",2023-09-13T07:46:46+02:00,2020-09-09T16:35:22+02:00
572f290c9c2d892d5f891c6b8dcebf4e1ac65aed,b88ce46ee88c4128f72694e42160622844971d04,crypto/bio/bss_dgram_pair.c,"('22013', '')",2023-09-13T11:53:13+01:00,2022-09-23T11:59:13+10:00
21f0b80cd4b32ba80843b812b01a6056daf14093,d3d2c0dc68e6eebbfe7b1fc2ea653225a9f37a94,test/ssl_old_test.c,"('22049', '')",2023-09-13T14:30:34+02:00,2020-11-18T14:14:54+00:00
388a8e731445d190a46ec27b2ff5b4bf334d526b,9a48b07ee40b9d4f0f00f0a0822b1296fefb10eb,crypto/pkcs12/p12_crt.c,"('12', '')",2023-09-15T16:06:25+02:00,2002-10-03T23:53:52+00:00
0ca5cf989101cae6ffeaef3518e99839fbccb9ba,0239fb3db77e9de2031c5054854cba8e417c1b72,providers/implementations/ciphers/cipher_aes_gcm.c,"('22076', '')",2023-09-17T21:02:58+10:00,2023-09-12T15:59:11+02:00
0ca5cf989101cae6ffeaef3518e99839fbccb9ba,0239fb3db77e9de2031c5054854cba8e417c1b72,providers/implementations/ciphers/cipher_aria_ccm.c,"('22076', '')",2023-09-17T21:02:58+10:00,2023-09-12T15:59:11+02:00
0ca5cf989101cae6ffeaef3518e99839fbccb9ba,0239fb3db77e9de2031c5054854cba8e417c1b72,providers/implementations/ciphers/cipher_aria_gcm.c,"('22076', '')",2023-09-17T21:02:58+10:00,2023-09-12T15:59:11+02:00
0ca5cf989101cae6ffeaef3518e99839fbccb9ba,0239fb3db77e9de2031c5054854cba8e417c1b72,providers/implementations/ciphers/cipher_sm4_ccm.c,"('22076', '')",2023-09-17T21:02:58+10:00,2023-09-12T15:59:11+02:00
0ca5cf989101cae6ffeaef3518e99839fbccb9ba,0239fb3db77e9de2031c5054854cba8e417c1b72,providers/implementations/ciphers/cipher_sm4_gcm.c,"('22076', '')",2023-09-17T21:02:58+10:00,2023-09-12T15:59:11+02:00
8c040c086ca11a519975c58961a5dc933aa6524a,a7e4ca5b4e1932cb91ea21047403c87a033e524a,apps/lib/apps.c,"('22049', '')",2023-09-21T14:39:36+02:00,2021-05-25T15:16:54+02:00
1acc3e8cc3c69187b55cc557c1bc03278ab38063,b247113c053903ebb61a54ba5324847ba883ed70,crypto/evp/pmeth_lib.c,"('14859', '')",2023-09-22T15:07:49-04:00,2021-04-19T11:36:16+02:00
82496b8663f20ff12f02adbe46a060a94b0cbfc5,6bcc4475fcdb2ea5daae80cbb2a5a5fcf677ac23,doc/man3/PKCS5_PBKDF2_HMAC.pod,"('22168', '')",2023-10-04T12:19:22+02:00,2014-04-26T21:44:26+01:00
4bad474746472f08b0247b5afa81ddc71df98d5f,d858c87653257185ead1c5baf3d84cd7276dd912,crypto/bio/bss_dgram.c,"('20643', '')",2023-10-05T19:09:06+02:00,2016-02-03T19:40:32+01:00
4bad474746472f08b0247b5afa81ddc71df98d5f,7e159e0133d28bec9148446e8f4dd86c0216d819,crypto/bio/bss_dgram.c,"('20643', '')",2023-10-05T19:09:06+02:00,2011-12-25T14:45:15+00:00
581c87b088105db0bddaf80a572b45a23b74e929,30224a248495ad604a06b8977fa3aa1cc75b9d0d,test/bio_addr_test.c,"('22218', '')",2023-10-09T10:15:40+02:00,2023-09-25T07:46:45+10:00
ac0677bd2394c04632f7ad526879a866b6ed149f,1a5ae1da14f24a170c200c653c8b81e4a2966d3e,crypto/cmp/cmp_http.c,"('21120', '')",2023-10-10T20:36:06+02:00,2020-09-01T18:53:41+02:00
eaee1765a49c6a8ba728e3e2d18bb67bff8aaa55,5357c10624bedaeed984ef4ff370096911ee2ddf,crypto/dh/dh_check.c,"('22287', '')",2023-10-11T16:22:27+02:00,2020-10-06T09:04:19+10:00
eaee1765a49c6a8ba728e3e2d18bb67bff8aaa55,5357c10624bedaeed984ef4ff370096911ee2ddf,crypto/dsa/dsa_check.c,"('22287', '')",2023-10-11T16:22:27+02:00,2020-10-06T09:04:19+10:00
eaee1765a49c6a8ba728e3e2d18bb67bff8aaa55,bcec03c33cc00a7b5eb89ebeeee59e604570a86a,crypto/ffc/ffc_key_validate.c,"('22287', '')",2023-10-11T16:22:27+02:00,2023-02-07T17:05:10+01:00
eaee1765a49c6a8ba728e3e2d18bb67bff8aaa55,8083fd3a183d4c881d6b15727cbc6cb7faeb3280,crypto/ffc/ffc_key_validate.c,"('22287', '')",2023-10-11T16:22:27+02:00,2020-02-16T13:03:46+10:00
eaee1765a49c6a8ba728e3e2d18bb67bff8aaa55,4718326a46ad460fefc5cc240a8599af4b5993c7,providers/implementations/keymgmt/dh_kmgmt.c,"('22287', '')",2023-10-11T16:22:27+02:00,2021-02-22T13:31:31+10:00
eaee1765a49c6a8ba728e3e2d18bb67bff8aaa55,bcec03c33cc00a7b5eb89ebeeee59e604570a86a,test/ffc_internal_test.c,"('22287', '')",2023-10-11T16:22:27+02:00,2023-02-07T17:05:10+01:00
eaee1765a49c6a8ba728e3e2d18bb67bff8aaa55,8083fd3a183d4c881d6b15727cbc6cb7faeb3280,test/ffc_internal_test.c,"('22287', '')",2023-10-11T16:22:27+02:00,2020-02-16T13:03:46+10:00
eaee1765a49c6a8ba728e3e2d18bb67bff8aaa55,5357c10624bedaeed984ef4ff370096911ee2ddf,test/ffc_internal_test.c,"('22287', '')",2023-10-11T16:22:27+02:00,2020-10-06T09:04:19+10:00
cd138c33d82cc889fe6a16d18806fbe939279d25,3bc38ba0712283bbbd57994af0259791dc42e704,test/quic_multistream_test.c,"('22106', '')",2023-10-13T18:26:22+01:00,2023-08-30T08:28:22+01:00
bd160912dcc5e39bcdc925d9aa6538f20e37ad16,bf3f8f2c0ea7bdfb007079aade8e01a06e79874f,crypto/cms/cms_enc.c,"('22225', '')",2023-10-18T16:49:11+02:00,2022-12-22T11:01:06+01:00
bd160912dcc5e39bcdc925d9aa6538f20e37ad16,c870a465864259f0bdec0953ad085da31941bc27,test/recipes/80-test_cms.t,"('22225', '')",2023-10-18T16:49:11+02:00,2023-09-08T16:31:47+10:00
2647726bd3ca63dc5f07ae3f10e16dff35d95626,c3a4fa4cb849ba300d4691154c0c12ac19d24710,crypto/rsa/rsa_lib.c,"('29135', '')",2023-10-18T18:08:02+02:00,2019-10-17T18:07:45+02:00
7998e7dc07d8f1f516af32887f2490c03cd8c594,5516d20226c496c2b22fa741698b4d48dad0428f,crypto/rand/prov_seed.c,"('22332', '')",2023-10-24T11:14:11+01:00,2023-10-20T09:48:34+01:00
7998e7dc07d8f1f516af32887f2490c03cd8c594,4cde7585ce8eb53682256ba79e6af1949498fbfe,crypto/rand/prov_seed.c,"('22332', '')",2023-10-24T11:14:11+01:00,2023-09-27T17:23:04+01:00
7998e7dc07d8f1f516af32887f2490c03cd8c594,9ed185a926cc1b8527bba8efa28a6b15392484ce,providers/implementations/rands/seed_src.c,"('22332', '')",2023-10-24T11:14:11+01:00,2021-02-17T13:10:49+10:00
7998e7dc07d8f1f516af32887f2490c03cd8c594,e077455e9e57ed4ee4676996b4a9aa11df6327a6,providers/implementations/rands/seed_src.c,"('22332', '')",2023-10-24T11:14:11+01:00,2022-10-05T14:02:03+02:00
7998e7dc07d8f1f516af32887f2490c03cd8c594,52dcc011191ad1a40fd52ae92ef009309deaca52,providers/implementations/rands/seed_src.c,"('22332', '')",2023-10-24T11:14:11+01:00,2021-09-21T18:37:14+02:00
af0025fc40779cc98c06db7e29936f9d5de8cc9e,dd8dec69b825c9fdafc26a200961702d850496b5,doc/man3/BN_mod_inverse.pod,"('21110', '')",2023-10-26T15:25:47+01:00,2000-01-23T22:06:24+00:00
0fbc50ef0cb8894973d4739af62e95be825b7ccf,63b996e752ac698186c38177232280e6515d571b,crypto/modes/asm/aes-gcm-avx512.pl,"('20954', '')",2023-10-26T15:27:19+01:00,2022-02-10T15:10:12+01:00
42772df59bef7422060fbe70551c72d804bc669a,c2500f658bbf378a94a76420ea7ef3d2bff17f9c,test/ssl_old_test.c,"('22367', '')",2023-10-26T15:32:37+01:00,2017-07-14T07:35:17+10:00
42772df59bef7422060fbe70551c72d804bc669a,58964a492275ca9a59a0cd9c8155cb2491b4b909,test/ssl_old_test.c,"('22367', '')",2023-10-26T15:32:37+01:00,1998-12-21T10:56:39+00:00
42772df59bef7422060fbe70551c72d804bc669a,d02b48c63a58ea4367a0e905979f140b7d090f86,test/ssl_old_test.c,"('22367', '')",2023-10-26T15:32:37+01:00,1998-12-21T10:52:47+00:00
42772df59bef7422060fbe70551c72d804bc669a,f9e550341281b0d344f7a5e7ac2ace79f88a3184,test/ssl_old_test.c,"('22367', '')",2023-10-26T15:32:37+01:00,2016-03-21T16:33:59+00:00
42772df59bef7422060fbe70551c72d804bc669a,b7dffce017aa045272c42eeb5da40804015a759a,test/ssl_old_test.c,"('22367', '')",2023-10-26T15:32:37+01:00,2016-03-27T23:59:04+02:00
42772df59bef7422060fbe70551c72d804bc669a,7946ab33cecce60afcc00afc8fc18f31f9e66bff,test/ssl_old_test.c,"('22367', '')",2023-10-26T15:32:37+01:00,2016-01-02T10:47:52-05:00
83efd7170bfa48a3263fcf8c771a6029646e8ad2,0b3a4ef27a6c2a427dc2d4a87c52677d57c90f4c,crypto/cms/cms_rsa.c,"('22336', '')",2023-10-30T07:59:06+00:00,2020-10-15T10:00:19+01:00
83efd7170bfa48a3263fcf8c771a6029646e8ad2,9944df112ffbe4b6855b6a9bf88720803277cc23,crypto/cms/cms_rsa.c,"('22336', '')",2023-10-30T07:59:06+00:00,2022-01-07T10:42:44+01:00
74ff15e1a1987686812c465ee3200bc25efa0e8f,d07b763bb9073945ba5e9912e56bc51fe18bdcb5,apps/s_client.c,"('22551', '')",2023-11-01T10:20:19+00:00,2023-03-30T08:53:39+01:00
d1338fcf12672ef4a3d417f5dd03e342710ee5b3,be4c3446a475a8449aa00e550de9de887ec44a70,doc/designs/ddd/Makefile,"('', '253')",2023-11-01T15:38:41+00:00,2023-09-01T10:45:34+01:00
d1338fcf12672ef4a3d417f5dd03e342710ee5b3,ec36534cbbf57999b90cbb36404d9daa599a9ae4,doc/designs/ddd/Makefile,"('', '253')",2023-11-01T15:38:41+00:00,2022-06-24T16:00:00+02:00
d1338fcf12672ef4a3d417f5dd03e342710ee5b3,30302c66bd47220f6fa65f32bc510d3e679ec3d9,doc/designs/ddd/ddd-01-conn-blocking.c,"('', '253')",2023-11-01T15:38:41+00:00,2023-09-01T10:45:34+01:00
d1338fcf12672ef4a3d417f5dd03e342710ee5b3,ec36534cbbf57999b90cbb36404d9daa599a9ae4,doc/designs/ddd/ddd-01-conn-blocking.c,"('', '253')",2023-11-01T15:38:41+00:00,2022-06-24T16:00:00+02:00
d1338fcf12672ef4a3d417f5dd03e342710ee5b3,e1d0c930c1a7913a2d67c3b8426cd6376d26bd46,doc/designs/ddd/ddd-02-conn-nonblocking-threads.c,"('', '253')",2023-11-01T15:38:41+00:00,2023-09-01T10:45:34+01:00
d1338fcf12672ef4a3d417f5dd03e342710ee5b3,30302c66bd47220f6fa65f32bc510d3e679ec3d9,doc/designs/ddd/ddd-02-conn-nonblocking.c,"('', '253')",2023-11-01T15:38:41+00:00,2023-09-01T10:45:34+01:00
d1338fcf12672ef4a3d417f5dd03e342710ee5b3,ec36534cbbf57999b90cbb36404d9daa599a9ae4,doc/designs/ddd/ddd-02-conn-nonblocking.c,"('', '253')",2023-11-01T15:38:41+00:00,2022-06-24T16:00:00+02:00
d1338fcf12672ef4a3d417f5dd03e342710ee5b3,30302c66bd47220f6fa65f32bc510d3e679ec3d9,doc/designs/ddd/ddd-03-fd-blocking.c,"('', '253')",2023-11-01T15:38:41+00:00,2023-09-01T10:45:34+01:00
d1338fcf12672ef4a3d417f5dd03e342710ee5b3,ec36534cbbf57999b90cbb36404d9daa599a9ae4,doc/designs/ddd/ddd-03-fd-blocking.c,"('', '253')",2023-11-01T15:38:41+00:00,2022-06-24T16:00:00+02:00
d1338fcf12672ef4a3d417f5dd03e342710ee5b3,30302c66bd47220f6fa65f32bc510d3e679ec3d9,doc/designs/ddd/ddd-04-fd-nonblocking.c,"('', '253')",2023-11-01T15:38:41+00:00,2023-09-01T10:45:34+01:00
d1338fcf12672ef4a3d417f5dd03e342710ee5b3,ec36534cbbf57999b90cbb36404d9daa599a9ae4,doc/designs/ddd/ddd-04-fd-nonblocking.c,"('', '253')",2023-11-01T15:38:41+00:00,2022-06-24T16:00:00+02:00
d1338fcf12672ef4a3d417f5dd03e342710ee5b3,30302c66bd47220f6fa65f32bc510d3e679ec3d9,doc/designs/ddd/ddd-05-mem-nonblocking.c,"('', '253')",2023-11-01T15:38:41+00:00,2023-09-01T10:45:34+01:00
d1338fcf12672ef4a3d417f5dd03e342710ee5b3,ec36534cbbf57999b90cbb36404d9daa599a9ae4,doc/designs/ddd/ddd-05-mem-nonblocking.c,"('', '253')",2023-11-01T15:38:41+00:00,2022-06-24T16:00:00+02:00
d1338fcf12672ef4a3d417f5dd03e342710ee5b3,30302c66bd47220f6fa65f32bc510d3e679ec3d9,doc/designs/ddd/ddd-06-mem-uv.c,"('', '253')",2023-11-01T15:38:41+00:00,2023-09-01T10:45:34+01:00
d1338fcf12672ef4a3d417f5dd03e342710ee5b3,ec36534cbbf57999b90cbb36404d9daa599a9ae4,doc/designs/ddd/ddd-06-mem-uv.c,"('', '253')",2023-11-01T15:38:41+00:00,2022-06-24T16:00:00+02:00
a6eb287a667ccbc241c59b23b151672e450bda4b,e26dc8e3d54a414ba9dc85f54e13112617e32556,test/quic_multistream_test.c,"('22348', '')",2023-11-02T08:11:31+00:00,2023-07-17T08:17:57+10:00
56d1ab3b6c7468ce0f534f09e305a539101f9c3d,8593ff00cc66e330228164ae5422f80ef93ed35d,doc/man7/EVP_MAC-KMAC.pod,"('22381', '')",2023-11-06T07:48:11+00:00,2021-03-03T14:08:00+01:00
a03108778044cc0d428ce38084ef6f318446fbe3,c8003ad5e939a6c5fc0049c9b7ed1e99fbe9511b,ssl/priority_queue.c,"('22644', '')",2023-11-08T11:09:12+00:00,2022-06-22T13:05:39+10:00
22b482a8b6f0c0e422c9b926c26d906ac6909106,5881dd2c080c10ab9f9ca38a2db64deaa79f853a,test/quic_multistream_test.c,"('22588', '')",2023-11-08T15:55:40+01:00,2023-09-06T10:32:13+01:00
22b482a8b6f0c0e422c9b926c26d906ac6909106,99d6b9f9e2fbf272160a07bed5f4ab7ce2b3e20e,test/quic_multistream_test.c,"('22588', '')",2023-11-08T15:55:40+01:00,2023-09-06T10:32:13+01:00
11179b3e8de8cd566af1215093db793ac3ed0f91,f9fcc7c727f0589fcd1f28ef09c8e10deee4f229,test/helpers/quictestlib.c,"('0', '');('1', '');('2', '');('3', '');('4', '');('5', '')",2023-11-08T15:55:40+01:00,2023-07-06T12:55:21+10:00
11179b3e8de8cd566af1215093db793ac3ed0f91,a2026db2643db1e34cc25960e9ef74d08bcdee5a,test/helpers/quictestlib.c,"('0', '');('1', '');('2', '');('3', '');('4', '');('5', '')",2023-11-08T15:55:40+01:00,2023-09-22T13:56:43+01:00
11179b3e8de8cd566af1215093db793ac3ed0f91,617cab094f0f0d4e71f8b9da5663be8ab06cba92,test/helpers/quictestlib.c,"('0', '');('1', '');('2', '');('3', '');('4', '');('5', '')",2023-11-08T15:55:40+01:00,2023-08-22T12:31:46+02:00
0ddcb55b602800d4a1bcf1e76ca32939ed4fdaa4,c60330cb0efcde5fea80113c110499d352b2abca,Configurations/50-nonstop.conf,"('22588', '')",2023-11-14T11:05:57+01:00,2020-09-24T08:06:50+02:00
0ddcb55b602800d4a1bcf1e76ca32939ed4fdaa4,650c66873793bed505802f316b15772a0f887743,Configurations/50-nonstop.conf,"('22588', '')",2023-11-14T11:05:57+01:00,2021-04-01T15:52:25+02:00
11e61b3174762ec21ce0875a6449c61e316b4a0b,8349c02e86310d0263b97a26fefd24ab83571ae8,providers/implementations/digests/blake2_prov.c,"('22708', '')",2023-11-15T08:41:06+01:00,2023-11-08T09:41:49+01:00
86db958835d1f8ba9ce49a9f93b5309c3d13b91c,66f4782f1452d6fbfab78822b340a99aaeacc2f0,demos/Makefile,"('17806', '')",2023-11-15T08:43:23+01:00,2023-10-25T09:21:07+01:00
86db958835d1f8ba9ce49a9f93b5309c3d13b91c,f4566dff06d2539dd01f54c817e2b952b64452e4,demos/bio/Makefile,"('17806', '')",2023-11-15T08:43:23+01:00,2016-09-20T18:24:24+02:00
86db958835d1f8ba9ce49a9f93b5309c3d13b91c,ab3e8f63154c7daea9e67846aa83b6e1de7f8969,demos/bio/Makefile,"('17806', '')",2023-11-15T08:43:23+01:00,2017-07-07T11:44:52+10:00
86db958835d1f8ba9ce49a9f93b5309c3d13b91c,66f4782f1452d6fbfab78822b340a99aaeacc2f0,demos/bio/Makefile,"('17806', '')",2023-11-15T08:43:23+01:00,2023-10-25T09:21:07+01:00
86db958835d1f8ba9ce49a9f93b5309c3d13b91c,b000a2f95bb9488ad88ba39db770e8b94031eea0,demos/bio/Makefile,"('17806', '')",2023-11-15T08:43:23+01:00,2021-04-16T09:54:19+02:00
86db958835d1f8ba9ce49a9f93b5309c3d13b91c,919ba009429b3617e975933f37a23be996a33b8d,demos/bio/sconnect.c,"('17806', '')",2023-11-15T08:43:23+01:00,2016-01-05T19:31:49-05:00
86db958835d1f8ba9ce49a9f93b5309c3d13b91c,d396da33130aba2e77478d00fd369eb8d34bd8bf,demos/cipher/Makefile,"('17806', '')",2023-11-15T08:43:23+01:00,2017-05-08T20:09:57+02:00
86db958835d1f8ba9ce49a9f93b5309c3d13b91c,ab3e8f63154c7daea9e67846aa83b6e1de7f8969,demos/cipher/Makefile,"('17806', '')",2023-11-15T08:43:23+01:00,2017-07-07T11:44:52+10:00
86db958835d1f8ba9ce49a9f93b5309c3d13b91c,66f4782f1452d6fbfab78822b340a99aaeacc2f0,demos/cipher/Makefile,"('17806', '')",2023-11-15T08:43:23+01:00,2023-10-25T09:21:07+01:00
86db958835d1f8ba9ce49a9f93b5309c3d13b91c,bebc6c899943cc3f519501aee221c9d0eb10fcfd,demos/cipher/Makefile,"('17806', '')",2023-11-15T08:43:23+01:00,2022-09-19T08:40:27+10:00
86db958835d1f8ba9ce49a9f93b5309c3d13b91c,376972773469e59a19acb9ebdecd3ddc290e391b,demos/cipher/ariacbc.c,"('17806', '')",2023-11-15T08:43:23+01:00,2022-03-07T08:02:54+11:00
86db958835d1f8ba9ce49a9f93b5309c3d13b91c,9257a89b6f25dfa5aeee7114baec8ea992fcf5e5,demos/cms/Makefile,"('17806', '')",2023-11-15T08:43:23+01:00,2023-11-10T13:06:46+01:00
86db958835d1f8ba9ce49a9f93b5309c3d13b91c,1728756255e182dcbdbea7b5b9fcfe46fc39ef9a,demos/cms/cms_ddec.c,"('17806', '')",2023-11-15T08:43:23+01:00,2008-04-11T23:52:26+00:00
86db958835d1f8ba9ce49a9f93b5309c3d13b91c,3b28bc9910e12a8c34fb4643788e94b5c3bd184d,demos/cms/cms_dec.c,"('17806', '')",2023-11-15T08:43:23+01:00,2008-04-11T16:52:45+00:00
86db958835d1f8ba9ce49a9f93b5309c3d13b91c,3b28bc9910e12a8c34fb4643788e94b5c3bd184d,demos/cms/cms_sign.c,"('17806', '')",2023-11-15T08:43:23+01:00,2008-04-11T16:52:45+00:00
86db958835d1f8ba9ce49a9f93b5309c3d13b91c,3b28bc9910e12a8c34fb4643788e94b5c3bd184d,demos/cms/cms_sign2.c,"('17806', '')",2023-11-15T08:43:23+01:00,2008-04-11T16:52:45+00:00
86db958835d1f8ba9ce49a9f93b5309c3d13b91c,66f4782f1452d6fbfab78822b340a99aaeacc2f0,demos/digest/Makefile,"('17806', '')",2023-11-15T08:43:23+01:00,2023-10-25T09:21:07+01:00
86db958835d1f8ba9ce49a9f93b5309c3d13b91c,4c8cdcd1cf74747a80b4f7dd323cd83ea6c985d8,demos/digest/Makefile,"('17806', '')",2023-11-15T08:43:23+01:00,2022-03-04T16:11:46+01:00
86db958835d1f8ba9ce49a9f93b5309c3d13b91c,29ce1066bc54838ecb835244b03d763b55d7fadb,demos/digest/Makefile,"('17806', '')",2023-11-15T08:43:23+01:00,2021-03-06T10:13:16+01:00
86db958835d1f8ba9ce49a9f93b5309c3d13b91c,a4b7136ebfd154636f607c50aaeec778a75b2d26,demos/encode/Makefile,"('17806', '')",2023-11-15T08:43:23+01:00,2022-09-09T07:26:42+10:00
86db958835d1f8ba9ce49a9f93b5309c3d13b91c,66f4782f1452d6fbfab78822b340a99aaeacc2f0,demos/encode/Makefile,"('17806', '')",2023-11-15T08:43:23+01:00,2023-10-25T09:21:07+01:00
86db958835d1f8ba9ce49a9f93b5309c3d13b91c,1483b37e7a2c952eed5f6c7f5c0be9635aa3a6ea,demos/encode/Makefile,"('17806', '')",2023-11-15T08:43:23+01:00,2022-03-21T14:06:09+11:00
86db958835d1f8ba9ce49a9f93b5309c3d13b91c,35530b117fcf54cf733c485e9e2e267963c081ee,demos/encrypt/Makefile,"('17806', '')",2023-11-15T08:43:23+01:00,2021-11-16T15:58:23+00:00
86db958835d1f8ba9ce49a9f93b5309c3d13b91c,66f4782f1452d6fbfab78822b340a99aaeacc2f0,demos/encrypt/Makefile,"('17806', '')",2023-11-15T08:43:23+01:00,2023-10-25T09:21:07+01:00
86db958835d1f8ba9ce49a9f93b5309c3d13b91c,35530b117fcf54cf733c485e9e2e267963c081ee,demos/encrypt/rsa_encrypt.c,"('17806', '')",2023-11-15T08:43:23+01:00,2021-11-16T15:58:23+00:00
86db958835d1f8ba9ce49a9f93b5309c3d13b91c,a5a0c6a372d2cb9fbcec627e5a338c6f79aa0b16,demos/guide/Makefile,"('17806', '')",2023-11-15T08:43:23+01:00,2023-06-14T13:08:37+10:00
86db958835d1f8ba9ce49a9f93b5309c3d13b91c,23fe02e59785f0cfaa6d50aa3fa0d82bffe22a8d,demos/guide/Makefile,"('17806', '')",2023-11-15T08:43:23+01:00,2023-06-28T09:53:22+10:00
86db958835d1f8ba9ce49a9f93b5309c3d13b91c,584140fa4b0a037c85b58722a08ba6fd0ee086ce,demos/guide/Makefile,"('17806', '')",2023-11-15T08:43:23+01:00,2023-08-25T11:42:51+01:00
86db958835d1f8ba9ce49a9f93b5309c3d13b91c,b71784f741d5a90712607f57a45912292fba9573,demos/guide/Makefile,"('17806', '')",2023-11-15T08:43:23+01:00,2023-09-08T15:44:37+01:00
86db958835d1f8ba9ce49a9f93b5309c3d13b91c,0295364548bbab92b7002451c432489b55229ab8,demos/guide/Makefile,"('17806', '')",2023-11-15T08:43:23+01:00,2023-09-08T15:44:37+01:00
86db958835d1f8ba9ce49a9f93b5309c3d13b91c,e33af8000f2e2f4700d9845dce5bbcad9bf77c92,demos/http3/Makefile,"('17806', '')",2023-11-15T08:43:23+01:00,2023-10-19T08:28:59+01:00
86db958835d1f8ba9ce49a9f93b5309c3d13b91c,a205860404f219e4c07424ebe49b817bcaa6d488,demos/kdf/Makefile,"('17806', '')",2023-11-15T08:43:23+01:00,2021-06-18T17:06:31+10:00
86db958835d1f8ba9ce49a9f93b5309c3d13b91c,66f4782f1452d6fbfab78822b340a99aaeacc2f0,demos/kdf/Makefile,"('17806', '')",2023-11-15T08:43:23+01:00,2023-10-25T09:21:07+01:00
86db958835d1f8ba9ce49a9f93b5309c3d13b91c,66f4782f1452d6fbfab78822b340a99aaeacc2f0,demos/keyexch/Makefile,"('17806', '')",2023-11-15T08:43:23+01:00,2023-10-25T09:21:07+01:00
86db958835d1f8ba9ce49a9f93b5309c3d13b91c,3dafeacef8d7bf82e462cc52659681108db42e43,demos/mac/Makefile,"('17806', '')",2023-11-15T08:43:23+01:00,2022-03-07T09:22:29+11:00
86db958835d1f8ba9ce49a9f93b5309c3d13b91c,66f4782f1452d6fbfab78822b340a99aaeacc2f0,demos/mac/Makefile,"('17806', '')",2023-11-15T08:43:23+01:00,2023-10-25T09:21:07+01:00
86db958835d1f8ba9ce49a9f93b5309c3d13b91c,cdf0a5c46032ba4c39d93a7bec52494b4808830f,demos/mac/Makefile,"('17806', '')",2023-11-15T08:43:23+01:00,2022-07-13T11:17:37+02:00
86db958835d1f8ba9ce49a9f93b5309c3d13b91c,ad083f9b0ab81d094c2dbb8f5e2a5fb7738a0bfe,demos/pkey/EVP_PKEY_RSA_keygen.c,"('17806', '')",2023-11-15T08:43:23+01:00,2022-03-14T09:52:30+01:00
86db958835d1f8ba9ce49a9f93b5309c3d13b91c,8cf78d634ba389573d8006c36bce2f0bc36e43f0,demos/pkey/Makefile,"('17806', '')",2023-11-15T08:43:23+01:00,2021-05-27T18:51:36+10:00
86db958835d1f8ba9ce49a9f93b5309c3d13b91c,66f4782f1452d6fbfab78822b340a99aaeacc2f0,demos/pkey/Makefile,"('17806', '')",2023-11-15T08:43:23+01:00,2023-10-25T09:21:07+01:00
86db958835d1f8ba9ce49a9f93b5309c3d13b91c,ad083f9b0ab81d094c2dbb8f5e2a5fb7738a0bfe,demos/pkey/Makefile,"('17806', '')",2023-11-15T08:43:23+01:00,2022-03-14T09:52:30+01:00
86db958835d1f8ba9ce49a9f93b5309c3d13b91c,de1164102083730298e4f53eb465c9324aa6a0c0,demos/pkey/Makefile,"('17806', '')",2023-11-15T08:43:23+01:00,2022-12-22T12:09:31+01:00
86db958835d1f8ba9ce49a9f93b5309c3d13b91c,66f4782f1452d6fbfab78822b340a99aaeacc2f0,demos/signature/Makefile,"('17806', '')",2023-11-15T08:43:23+01:00,2023-10-25T09:21:07+01:00
86db958835d1f8ba9ce49a9f93b5309c3d13b91c,e9492d1cecf459261f1f5ac0eb03e9c631600537,demos/signature/Makefile,"('17806', '')",2023-11-15T08:43:23+01:00,2022-03-07T09:25:00+11:00
86db958835d1f8ba9ce49a9f93b5309c3d13b91c,691c9cd16b11e7350eb6d591664334fd5c951050,demos/signature/Makefile,"('17806', '')",2023-11-15T08:43:23+01:00,2021-06-03T15:21:17+10:00
86db958835d1f8ba9ce49a9f93b5309c3d13b91c,09ff84bd2752cac649f57cfbf95b49dbce1c69ee,demos/smime/smdec.c,"('17806', '')",2023-11-15T08:43:23+01:00,2023-04-24T14:39:19+02:00
86db958835d1f8ba9ce49a9f93b5309c3d13b91c,b2b2dafc287a948e1118de3aed49b4517b2b7fb2,demos/smime/smdec.c,"('17806', '')",2023-11-15T08:43:23+01:00,2007-04-13T20:40:47+00:00
86db958835d1f8ba9ce49a9f93b5309c3d13b91c,09ff84bd2752cac649f57cfbf95b49dbce1c69ee,demos/smime/smenc.c,"('17806', '')",2023-11-15T08:43:23+01:00,2023-04-24T14:39:19+02:00
86db958835d1f8ba9ce49a9f93b5309c3d13b91c,09ff84bd2752cac649f57cfbf95b49dbce1c69ee,demos/smime/smsign.c,"('17806', '')",2023-11-15T08:43:23+01:00,2023-04-24T14:39:19+02:00
86db958835d1f8ba9ce49a9f93b5309c3d13b91c,b2b2dafc287a948e1118de3aed49b4517b2b7fb2,demos/smime/smsign.c,"('17806', '')",2023-11-15T08:43:23+01:00,2007-04-13T20:40:47+00:00
86db958835d1f8ba9ce49a9f93b5309c3d13b91c,09ff84bd2752cac649f57cfbf95b49dbce1c69ee,demos/smime/smsign2.c,"('17806', '')",2023-11-15T08:43:23+01:00,2023-04-24T14:39:19+02:00
86db958835d1f8ba9ce49a9f93b5309c3d13b91c,b2b2dafc287a948e1118de3aed49b4517b2b7fb2,demos/smime/smsign2.c,"('17806', '')",2023-11-15T08:43:23+01:00,2007-04-13T20:40:47+00:00
86db958835d1f8ba9ce49a9f93b5309c3d13b91c,b2b2dafc287a948e1118de3aed49b4517b2b7fb2,demos/smime/smver.c,"('17806', '')",2023-11-15T08:43:23+01:00,2007-04-13T20:40:47+00:00
86db958835d1f8ba9ce49a9f93b5309c3d13b91c,801c638c50406c93d683c1ab8bd1d430cff4b6d0,demos/sslecho/main.c,"('17806', '')",2023-11-15T08:43:23+01:00,2022-04-12T15:12:57+01:00
86db958835d1f8ba9ce49a9f93b5309c3d13b91c,801c638c50406c93d683c1ab8bd1d430cff4b6d0,demos/sslecho/makefile,"('17806', '')",2023-11-15T08:43:23+01:00,2022-04-12T15:12:57+01:00
86db958835d1f8ba9ce49a9f93b5309c3d13b91c,66f4782f1452d6fbfab78822b340a99aaeacc2f0,demos/sslecho/makefile,"('17806', '')",2023-11-15T08:43:23+01:00,2023-10-25T09:21:07+01:00
a091bc6022b23c0b1caf1c7acbb1f15bdf290816,38b051a1fedc79ebf24a96de2e9a326ad3665baf,ssl/d1_lib.c,"('22664', '')",2023-11-21T13:09:28+01:00,2022-07-28T10:04:28+01:00
a091bc6022b23c0b1caf1c7acbb1f15bdf290816,40f37188a63c988c66bfece95280b67158998e64,ssl/d1_lib.c,"('22664', '')",2023-11-21T13:09:28+01:00,2015-03-26T15:02:00+00:00
a091bc6022b23c0b1caf1c7acbb1f15bdf290816,b9e37f8f573de1951655f6d8684f2f65ffc6905b,ssl/statem/statem_dtls.c,"('22664', '')",2023-11-21T13:09:28+01:00,2022-10-20T14:39:33+01:00
a091bc6022b23c0b1caf1c7acbb1f15bdf290816,20b82b514d81a64f5b240788e5051167456af379,ssl/statem/statem_dtls.c,"('22664', '')",2023-11-21T13:09:28+01:00,2013-12-20T23:46:16+00:00
a091bc6022b23c0b1caf1c7acbb1f15bdf290816,0f113f3ee4d629ef9a4a30911b22b224772085e5,ssl/statem/statem_dtls.c,"('22664', '')",2023-11-21T13:09:28+01:00,2015-01-22T09:20:09+00:00
1da7c09f7987a227701b6324e56003a89e9febf2,a24e62f54b48d01832fd0b80f97115927a777a0f,crypto/perlasm/x86_64-xlate.pl,"('22594', '')",2023-11-24T17:21:39+01:00,2020-03-03T10:51:58+01:00
990d9ff508070757912c000f0c4132dbb5a0bb0a,0f113f3ee4d629ef9a4a30911b22b224772085e5,crypto/bn/bn_nist.c,"('12247', '')",2023-11-30T18:42:51+01:00,2015-01-22T09:20:09+00:00
49e9436af3d85963fd6156b7d6f33e0734bf5ba9,96ea4ae91c7fda9fd28a013182b0e8dc67b7ac7d,crypto/x509/v3_asid.c,"('22700', '')",2023-12-01T11:03:24+01:00,2006-11-27T14:18:05+00:00
0541fa7802cf0c3a9b28d126066c909736fc5ec8,32d3c3abf3b74df1d9ebe562ba90f4dc3bdf2d4f,crypto/encode_decode/decoder_pkey.c,"('22939', '')",2023-12-06T13:59:13+01:00,2023-07-17T08:12:06+10:00
5cd17920167a8b4f7a81722a1ed3b514115702de,769302a68bad66a29cc9b8e765bc2afb102172b1,Configurations/50-nonstop.conf,"('22798', '')",2023-12-12T10:39:54-05:00,2020-11-01T06:27:09+01:00
5cd17920167a8b4f7a81722a1ed3b514115702de,d793a3253bada9b61e5ccd5f8caaa4bfc4f4faa6,Configurations/50-nonstop.conf,"('22798', '')",2023-12-12T10:39:54-05:00,2022-12-22T12:31:07+01:00
5cd17920167a8b4f7a81722a1ed3b514115702de,c60330cb0efcde5fea80113c110499d352b2abca,Configurations/50-nonstop.conf,"('22798', '')",2023-12-12T10:39:54-05:00,2020-09-24T08:06:50+02:00
5cd17920167a8b4f7a81722a1ed3b514115702de,1501de3380aa1907a6b27c734a3c30f0962048ed,Configurations/50-nonstop.conf,"('22798', '')",2023-12-12T10:39:54-05:00,2021-08-25T16:51:47+02:00
5cd17920167a8b4f7a81722a1ed3b514115702de,58608c7c7ac664e03d8f4acffd9420e56d148320,Configurations/50-nonstop.conf,"('22798', '')",2023-12-12T10:39:54-05:00,2020-10-14T04:16:59+02:00
5cd17920167a8b4f7a81722a1ed3b514115702de,0ddcb55b602800d4a1bcf1e76ca32939ed4fdaa4,Configurations/50-nonstop.conf,"('22798', '')",2023-12-12T10:39:54-05:00,2023-11-14T11:05:57+01:00
5cd17920167a8b4f7a81722a1ed3b514115702de,648cf9249e6ec60e0af50d5d903e05244b837cb0,NOTES-NONSTOP.md,"('22798', '')",2023-12-12T10:39:54-05:00,2020-10-28T17:18:26+01:00
5cd17920167a8b4f7a81722a1ed3b514115702de,d720e60357c0a477ff547edac539d15b0a9e320e,NOTES-NONSTOP.md,"('22798', '')",2023-12-12T10:39:54-05:00,2021-07-01T11:46:08+10:00
9277ed0a4fc082807ad8d8f66925fb7968437cf6,506ff20662a228b17840f0b49865a927a45c2908,CHANGES.md,"('23105', '')",2023-12-27T09:32:48+01:00,2023-12-21T09:22:40-05:00
9277ed0a4fc082807ad8d8f66925fb7968437cf6,506ff20662a228b17840f0b49865a927a45c2908,crypto/provider_conf.c,"('23105', '')",2023-12-27T09:32:48+01:00,2023-12-21T09:22:40-05:00
9277ed0a4fc082807ad8d8f66925fb7968437cf6,07ba69483a7d8005a53284cbde55b9dac8c5c554,crypto/provider_conf.c,"('23105', '')",2023-12-27T09:32:48+01:00,2021-12-01T15:49:38+01:00
73ebaac827180bb51ccf807673758d7d06d5db21,33847508d5605d8dbe868d7694a4eff79d785404,crypto/asn1/a_mbstr.c,"('0', '');('1', '');('10', '');('11', '');('12', '');('13', '');('14', '');('15', '');('16', '');('17', '');('18', '');('19', '');('2', '');('20', '');('3', '');('4', '');('5', '');('6', '');('7', '');('8', '');('9', '')",2023-12-29T10:23:29+01:00,2022-07-19T08:44:19+02:00
73ebaac827180bb51ccf807673758d7d06d5db21,0f113f3ee4d629ef9a4a30911b22b224772085e5,crypto/asn1/a_mbstr.c,"('0', '');('1', '');('10', '');('11', '');('12', '');('13', '');('14', '');('15', '');('16', '');('17', '');('18', '');('19', '');('2', '');('20', '');('3', '');('4', '');('5', '');('6', '');('7', '');('8', '');('9', '')",2023-12-29T10:23:29+01:00,2015-01-22T09:20:09+00:00
f1f0731ddf6cb31d62a2c0f406b009ae9817ed7f,8e39049d38ebe8b8398d6c4aa8a6f7cef9712132,crypto/x509/x509_req.c,"('8026', '')",2024-01-03T12:50:54+01:00,2022-09-10T15:42:29+02:00
f1f0731ddf6cb31d62a2c0f406b009ae9817ed7f,ccfce835e07210064450a58ce189d0e622a1fccf,util/missingcrypto.txt,"('8026', '')",2024-01-03T12:50:54+01:00,2019-12-21T22:53:54+01:00
3348713ad390372ba5a0a0f98b46b2f637475e47,762970bd686c4aa8ea7169e7f76d5a4ce665da93,doc/man3/PKCS12_create.pod,"('23151', '')",2024-01-04T16:42:41+00:00,2021-03-10T17:12:48+01:00
3348713ad390372ba5a0a0f98b46b2f637475e47,8c4b69d3ab47f5a1c3cc96c9260b3ef5e9b1b00c,doc/man3/PKCS12_create.pod,"('23151', '')",2024-01-04T16:42:41+00:00,2002-10-09T17:05:05+00:00
2995be50e8c2f2ef907866e35347be1e200558a2,086e32a6c7df4588834bc4d033a00382fd313b58,test/ssl_old_test.c,"('23184', '')",2024-01-05T12:13:19+01:00,2011-05-19T18:09:02+00:00
2995be50e8c2f2ef907866e35347be1e200558a2,fd28a41ec899eb8749e21d11441fd4df35ed9a07,test/ssl_old_test.c,"('23184', '')",2024-01-05T12:13:19+01:00,2014-10-27T16:25:17+01:00
2995be50e8c2f2ef907866e35347be1e200558a2,e968089485b10040ce96be49c1e6d327bfc47226,test/ssl_old_test.c,"('23184', '')",2024-01-05T12:13:19+01:00,2006-03-12T22:16:57+00:00
2995be50e8c2f2ef907866e35347be1e200558a2,55f78baf32f213301a0e8d6c6e7f40bd3b9857b1,test/ssl_old_test.c,"('23184', '')",2024-01-05T12:13:19+01:00,2002-11-28T18:54:30+00:00
2995be50e8c2f2ef907866e35347be1e200558a2,0f113f3ee4d629ef9a4a30911b22b224772085e5,test/ssl_old_test.c,"('23184', '')",2024-01-05T12:13:19+01:00,2015-01-22T09:20:09+00:00
3077bfb78e6fcca006359dc9e3f2b37ad104222d,e84193e43dbd3da23845ef9fcfcb5e364049a396,Configurations/descrip.mms.tmpl,"('22899', '')",2024-01-08T07:28:19+01:00,2016-02-10T14:36:32+01:00
3077bfb78e6fcca006359dc9e3f2b37ad104222d,84af1bae68950a6993b56e39beff905d23fb74c8,Configurations/descrip.mms.tmpl,"('22899', '')",2024-01-08T07:28:19+01:00,2016-02-22T16:36:58+01:00
3077bfb78e6fcca006359dc9e3f2b37ad104222d,0f2d3e4e4e88e92998329aab0fd912d89dc4a836,Configurations/descrip.mms.tmpl,"('22899', '')",2024-01-08T07:28:19+01:00,2016-02-26T15:06:46+01:00
3077bfb78e6fcca006359dc9e3f2b37ad104222d,fa849d738df6152441e0c50e26acfb03e6f8a3eb,VMS/openssl_ivp.com.in,"('22899', '')",2024-01-08T07:28:19+01:00,2016-08-03T15:44:37+02:00
3077bfb78e6fcca006359dc9e3f2b37ad104222d,fa849d738df6152441e0c50e26acfb03e6f8a3eb,VMS/openssl_shutdown.com.in,"('22899', '')",2024-01-08T07:28:19+01:00,2016-08-03T15:44:37+02:00
3077bfb78e6fcca006359dc9e3f2b37ad104222d,fa849d738df6152441e0c50e26acfb03e6f8a3eb,VMS/openssl_startup.com.in,"('22899', '')",2024-01-08T07:28:19+01:00,2016-08-03T15:44:37+02:00
576a3572bebf6115df1c03527114cbf74d06f861,e1178600cc5d40b1e21c4a01d224afd2d8c7498a,providers/implementations/ciphers/cipher_aes.h,"('23175', '')",2024-01-12T10:34:39+01:00,2019-08-22T11:42:54+10:00
576a3572bebf6115df1c03527114cbf74d06f861,e1178600cc5d40b1e21c4a01d224afd2d8c7498a,providers/implementations/ciphers/cipher_aes_hw_s390x.inc,"('23175', '')",2024-01-12T10:34:39+01:00,2019-08-22T11:42:54+10:00
971028535e6531c89449e06b1f6862c18f04ff91,9a41a3c6a453a90d6c6cf106480a4a72b08b14f9,crypto/chacha/asm/chacha-loongarch64.pl,"('22817', '');('23300', '')",2024-01-17T09:40:04+01:00,2023-09-11T08:49:09+10:00
5c42ced0ff974a59af98b75e54136f4282718266,739a1eb1961cdc3b1597a040766f3cb359d095f6,crypto/lhash/lhash.c,"('0', '');('1', '');('2', '');('22896', '')",2024-01-17T10:47:04-05:00,2016-05-20T10:48:29-04:00
5c42ced0ff974a59af98b75e54136f4282718266,18602745de52e5869f3865245c3c72986831dae2,crypto/lhash/lhash.c,"('0', '');('1', '');('2', '');('22896', '')",2024-01-17T10:47:04-05:00,2001-01-09T00:02:09+00:00
5c42ced0ff974a59af98b75e54136f4282718266,d02b48c63a58ea4367a0e905979f140b7d090f86,crypto/lhash/lhash.c,"('0', '');('1', '');('2', '');('22896', '')",2024-01-17T10:47:04-05:00,1998-12-21T10:52:47+00:00
5c42ced0ff974a59af98b75e54136f4282718266,385d81380cb8aa062b9d7e2c678419623c7db484,crypto/lhash/lhash.c,"('0', '');('1', '');('2', '');('22896', '')",2024-01-17T10:47:04-05:00,2000-12-01T20:31:52+00:00
5c42ced0ff974a59af98b75e54136f4282718266,75caab2718aecc8eea78945083e9d3d671f2be53,doc/man3/OPENSSL_LH_COMPFUNC.pod,"('0', '');('1', '');('2', '');('22896', '')",2024-01-17T10:47:04-05:00,2023-12-13T15:26:59+00:00
5c42ced0ff974a59af98b75e54136f4282718266,739a1eb1961cdc3b1597a040766f3cb359d095f6,include/openssl/lhash.h.in,"('0', '');('1', '');('2', '');('22896', '')",2024-01-17T10:47:04-05:00,2016-05-20T10:48:29-04:00
5c42ced0ff974a59af98b75e54136f4282718266,5317b6ee1fc3db20de5976fbb46cc49a45c0768a,include/openssl/lhash.h.in,"('0', '');('1', '');('2', '');('22896', '')",2024-01-17T10:47:04-05:00,2022-06-22T09:36:14+02:00
5c42ced0ff974a59af98b75e54136f4282718266,62d0577e0d5e3703436d0fba362d516481291810,include/openssl/lhash.h.in,"('0', '');('1', '');('2', '');('22896', '')",2024-01-17T10:47:04-05:00,2016-01-11T17:50:27+00:00
ff78d94b131d7bb3b761509d3ce0dd864b1420e3,cf89a80e25b79ae0e6004e4a2509bf656fb59168,apps/req.c,"('0', '');('1', '');('10', '');('11', '');('2', '');('3', '');('4', '');('5', '');('6', '');('7', '');('8', '');('9', '')",2024-01-24T11:54:21+01:00,2015-05-25T19:13:26-04:00
5fb065589d3a4dfeeb6d48b0561ab3145ceb2127,3f9175c7a46b13a3528d9b5776030a78eb1f9454,ssl/ssl_lib.c,"('23255', '')",2024-01-31T10:10:41+00:00,2023-01-24T17:16:29+00:00
5fb065589d3a4dfeeb6d48b0561ab3145ceb2127,6d814fd6074b5f293abc3f19a190d3e34c426b6a,ssl/ssl_lib.c,"('23255', '')",2024-01-31T10:10:41+00:00,2022-11-14T07:51:17+00:00
20ddfe78e9ddc0aba8208616e1b0b33cb12f77f5,99fd5b2b103f701151f4eb3fe0500ae0388e5136,include/internal/refcount.h,"('23414', '')",2024-01-31T10:24:50+00:00,2023-07-01T21:18:08+10:00
99fb31c167e322186c6f576cfaa8f433f4fed117,c60330cb0efcde5fea80113c110499d352b2abca,Configurations/50-nonstop.conf,"('23135', '')",2024-02-01T20:26:42-05:00,2020-09-24T08:06:50+02:00
99fb31c167e322186c6f576cfaa8f433f4fed117,06f81af8fc5cf04af828487fbd83bff7f3049a3a,Configure,"('23135', '')",2024-02-01T20:26:42-05:00,2020-12-04T16:20:53+01:00
99fb31c167e322186c6f576cfaa8f433f4fed117,7b2625274f5d5ec90aee522ec4e4f3aa08fa5b70,NOTES-NONSTOP.md,"('23135', '')",2024-02-01T20:26:42-05:00,2023-02-08T16:09:58+01:00
ed0f79c7ae63f7f29c9bfce2e0f960f0803be350,8a0f65f06b0b0fa0411175bcd764c818d9c52469,crypto/aes/build.info,"('23436', '')",2024-02-02T14:12:49+01:00,2021-05-14T09:37:35+02:00
ed0f79c7ae63f7f29c9bfce2e0f960f0803be350,12186377cb987c4527d286e91e735e8261a45669,crypto/ec/build.info,"('23436', '')",2024-02-02T14:12:49+01:00,2022-07-14T14:02:59+02:00
ed0f79c7ae63f7f29c9bfce2e0f960f0803be350,a8b238f0e4c1198935e066ef19579ca694253286,crypto/sha/build.info,"('23436', '')",2024-02-02T14:12:49+01:00,2022-07-11T09:28:19+10:00
ed0f79c7ae63f7f29c9bfce2e0f960f0803be350,15b7175f558bf9eb057ec3266685486f727dd70f,crypto/sm4/build.info,"('23436', '')",2024-02-02T14:12:49+01:00,2022-01-18T11:52:14+01:00
1751185154ab1f1a796e0f39567fe51c8e24b78d,6399d7856c75abde9ed23782d10960013de03810,crypto/ec/asm/ecp_sm2p256-armv8.pl,"('23368', '')",2024-02-06T12:35:57+01:00,2023-08-24T14:57:35+02:00
387b93e14907cd8203d6f2c9d78e49df01cb6e1f,2145ba5e8383184d7f212500ec2f759bdf08503a,test/evp_extra_test.c,"('23129', '')",2024-02-07T11:15:50+01:00,2021-03-28T16:38:57+10:00
387b93e14907cd8203d6f2c9d78e49df01cb6e1f,f3be536686654016adc9e22024c06036f949f2b0,test/evp_pkey_provided_test.c,"('23129', '')",2024-02-07T11:15:50+01:00,2024-01-09T12:03:32+01:00
387b93e14907cd8203d6f2c9d78e49df01cb6e1f,2145ba5e8383184d7f212500ec2f759bdf08503a,test/evp_pkey_provided_test.c,"('23129', '')",2024-02-07T11:15:50+01:00,2021-03-28T16:38:57+10:00
387b93e14907cd8203d6f2c9d78e49df01cb6e1f,2145ba5e8383184d7f212500ec2f759bdf08503a,test/keymgmt_internal_test.c,"('23129', '')",2024-02-07T11:15:50+01:00,2021-03-28T16:38:57+10:00
ecabdf39aa461c7d78f2c6ce24d1f168a7cbc7c5,504ff2a4ef5f26990a48ca3d664ac1e5d9cb20b9,Configure,"('22853', '')",2024-02-08T11:39:51+01:00,2023-12-07T07:44:52+01:00
ecabdf39aa461c7d78f2c6ce24d1f168a7cbc7c5,b684ee2ce4bbf2c877d2cdc39e095d52ea3fe2a3,Configure,"('22853', '')",2024-02-08T11:39:51+01:00,2023-06-08T07:53:10+02:00
f4ed6eed2c8fcb1852938683669218655fe4f894,57e7401fc5c6af8e9266a721be669a3b70fbfb3f,ssl/t1_lib.c,"('23624', '')",2024-02-22T12:48:21+01:00,2021-04-19T10:39:12+01:00
f4ed6eed2c8fcb1852938683669218655fe4f894,c8e3a4c61346915a30b0c3594a7710753b8d1126,test/sslapitest.c,"('23624', '')",2024-02-22T12:48:21+01:00,2020-10-14T18:42:58+03:00
f4ed6eed2c8fcb1852938683669218655fe4f894,5ae54dbac17b1408f70dfc273cd467734d065767,test/sslapitest.c,"('23624', '')",2024-02-22T12:48:21+01:00,2020-12-11T10:56:22+00:00
f4ed6eed2c8fcb1852938683669218655fe4f894,ee58915cfd9d0ad67f52d43cc1a2ce549049d248,test/tls-provider.c,"('23624', '')",2024-02-22T12:48:21+01:00,2023-02-24T11:02:48+11:00
c5cc9c419a0a8d97a44f01f95f0e213f56da4574,82bd7c2cbd3a4b38321fb9053b8aa0f5d100cf54,crypto/o_str.c,"('23363', '')",2024-03-01T10:50:01+01:00,2019-08-12T12:50:41+02:00
6134e8e6ddc25c403fd1fab3f510a850a8843e62,d6961af1acbdf29b684f3307578bd03890a26a9c,test/recipes/60-test_x509_load_cert_file.t,"('23693', '')",2024-03-07T11:03:31+01:00,2023-12-04T09:52:33+01:00
6134e8e6ddc25c403fd1fab3f510a850a8843e62,d6961af1acbdf29b684f3307578bd03890a26a9c,test/x509_load_cert_file_test.c,"('23693', '')",2024-03-07T11:03:31+01:00,2023-12-04T09:52:33+01:00
d60b37506da65f3aebc5043984b3ec78fd53f75f,d02b48c63a58ea4367a0e905979f140b7d090f86,crypto/bio/bio_lib.c,"('23655', '')",2024-03-11T11:34:25+00:00,1998-12-21T10:52:47+00:00
d60b37506da65f3aebc5043984b3ec78fd53f75f,91da5e7710ba9cd36c5aef0a8056d5a0eb8bf524,doc/man3/BIO_find_type.pod,"('23655', '')",2024-03-11T11:34:25+00:00,2016-07-08T12:55:45-04:00
d60b37506da65f3aebc5043984b3ec78fd53f75f,cfd3bb1785581def14fe8851906887d167b2f0f3,doc/man3/BIO_find_type.pod,"('23655', '')",2024-03-11T11:34:25+00:00,2000-09-07T13:04:27+00:00
d60b37506da65f3aebc5043984b3ec78fd53f75f,8b8d963db5bb619fbada014f294fd09a855a2650,doc/man3/BIO_meth_new.pod,"('23655', '')",2024-03-11T11:34:25+00:00,2016-08-19T21:04:41-04:00
d60b37506da65f3aebc5043984b3ec78fd53f75f,85556b4dec97b1402e1edeaef6ffc0e9cd931457,doc/man3/BIO_meth_new.pod,"('23655', '')",2024-03-11T11:34:25+00:00,2016-03-29T17:40:54+01:00
d60b37506da65f3aebc5043984b3ec78fd53f75f,682fd21afb5428b5716e62eaefb09a7419f9cfd7,test/build.info,"('23655', '')",2024-03-11T11:34:25+00:00,2023-12-21T13:38:31-05:00
5df34ca70a6edc4c0698a6e98add6450b9ce24ff,e84b5fcc1b1d599173eaab07790c06a532981e50,util/perl/OpenSSL/paramnames.pm,"('23672', '')",2024-03-11T12:08:00+00:00,2023-06-02T15:13:20+10:00
7f8aba2f44e9ca65b8a95987fa6c46020e1bdd6d,8f965908a53b4f0c5a735739e8a273a3a33a976e,doc/man3/OSSL_HTTP_REQ_CTX.pod,"('22264', '')",2024-03-12T19:35:41+01:00,2021-05-12T15:11:51+02:00
4a9e48f727ce7ad924c53a55b301e426d7e43863,82d28c6b3cbd8074faaa34cc2ce57dacc580792f,crypto/sleep.c,"('23923', '');('23927', '');('23928', '')",2024-03-23T09:22:31-04:00,2022-10-06T08:01:09+02:00
5f8b812931e5da24df08913c05ff8e4f4494f014,d0e1a0ae701cfaca7f3dd3bf28a3f934a6408813,test/threadstest.c,"('24000', '')",2024-04-02T04:12:16-04:00,2024-02-01T08:33:25-05:00
c45ca0656f8d1fe43b8cf444c88d295a063341ca,c781eb1c63c243cb64dbe3066a43dc172aaab3b8,crypto/bn/rsaz_exp_x2.c,"('21088', '')",2024-04-02T13:21:59-04:00,2021-03-22T09:48:00+00:00
6b566687b58fde08b28e3331377f050768fad89b,7c14d0c1c0ece97f7406b4df466df6439146d6c6,crypto/evp/pmeth_lib.c,"('23448', '')",2024-04-09T20:19:07+02:00,2021-05-24T10:12:18+10:00
6b566687b58fde08b28e3331377f050768fad89b,5a285addbf39f91d567f95f04b2b41764127950d,test/pkey_meth_kdf_test.c,"('23448', '')",2024-04-09T20:19:07+02:00,2019-02-13T12:11:49+01:00
6b566687b58fde08b28e3331377f050768fad89b,b73b4d73de328de73c5a74ccc53291cd86a141e9,test/pkey_meth_kdf_test.c,"('23448', '')",2024-04-09T20:19:07+02:00,2017-08-21T10:05:14+01:00
6b566687b58fde08b28e3331377f050768fad89b,05d2f72e79cdb1736681726dcd9a325491acf002,test/pkey_meth_kdf_test.c,"('23448', '')",2024-04-09T20:19:07+02:00,2020-08-10T14:51:59+01:00
6b566687b58fde08b28e3331377f050768fad89b,6aa907a6bf4d533da657dbb7176012fab40a0544,test/pkey_meth_kdf_test.c,"('23448', '')",2024-04-09T20:19:07+02:00,2017-08-08T15:44:49+01:00
6b566687b58fde08b28e3331377f050768fad89b,ac2d58c72b4dc4a8c74eef893000306bf78a30fd,test/pkey_meth_kdf_test.c,"('23448', '')",2024-04-09T20:19:07+02:00,2020-08-10T14:51:57+01:00
b3be6cc89e4dcfafe8f8be97e9519c26af2d19f5,98283a61f5b792dde0f0e1d9a616ec6e232b57b6,apps/speed.c,"('23657', '')",2024-04-09T20:27:39+02:00,2023-02-07T11:56:27-05:00
491bbb444c4b654de14adc7031eb44e88a101edb,ab90718953eabbd8fa519895387d065c94418f5c,Configurations/10-main.conf,"('24075', '')",2024-04-11T13:06:49+02:00,2018-02-14T12:30:12+01:00
8e5918fb8eb90289a0c89f6a4c6d623ecf49cf43,d0e1a0ae701cfaca7f3dd3bf28a3f934a6408813,crypto/threads_win.c,"('24085', '')",2024-04-11T12:22:33-04:00,2024-02-01T08:33:25-05:00
682ed1b86ebe97036ab37897d528343d0e4def69,96ea4ae91c7fda9fd28a013182b0e8dc67b7ac7d,crypto/x509/v3_addr.c,"('24098', '')",2024-04-12T10:56:28+02:00,2006-11-27T14:18:05+00:00
875db35ac63beb0e5a3d520743fa55ad2e5ccd1d,9d2f7e1f611f03e65f25adf08b76e08821b315da,crypto/provider_core.c,"('24095', '')",2024-04-12T10:58:38+02:00,2023-08-30T21:55:47+02:00
c062403abd71550057b3647b01cc8af4cc2fc18c,664e096cf94b1a2f72b3c562dd93db7e13b235f4,crypto/bio/bss_dgram.c,"('23251', '')",2024-04-16T16:36:57+02:00,2022-09-01T18:03:10+10:00
c062403abd71550057b3647b01cc8af4cc2fc18c,fc11028089c374bb24655895c90eaf069c3cee6f,test/quic_client_test.c,"('23251', '')",2024-04-16T16:36:57+02:00,2023-03-22T10:13:30+11:00
1692e0d225a7cf513933c05207ceeace4dc85539,8120223773d4c707dd43d9cc42a7fcab19609813,test/recipes/25-test_req.t,"('21716', '')",2024-04-18T14:20:54+02:00,2024-04-09T20:13:31+02:00
1692e0d225a7cf513933c05207ceeace4dc85539,8120223773d4c707dd43d9cc42a7fcab19609813,test/recipes/25-test_x509.t,"('21716', '')",2024-04-18T14:20:54+02:00,2024-04-09T20:13:31+02:00
6594baf6457c64f6fce3ec60cb2617f75d98d159,0491691342cf8fefb61de14b8edd56a937b458ac,doc/man7/ossl-guide-migration.pod,"('23854', '')",2024-04-19T14:16:28-04:00,2021-05-21T15:01:47+02:00
98161274636dca12e3bfafab7d2d2ac28f4d7c30,5ab3ec1bb1eaa795d775f5896818cfaa84d33a1a,doc/man3/EVP_PKEY_CTX_ctrl.pod,"('1', '')",2024-04-22T15:56:40+02:00,2022-12-12T11:30:52+01:00
98161274636dca12e3bfafab7d2d2ac28f4d7c30,7fc67e0a33102aa47bbaa56533eeecb98c0450f7,doc/man3/EVP_PKEY_CTX_ctrl.pod,"('1', '')",2024-04-22T15:56:40+02:00,2022-12-12T11:30:52+01:00
98161274636dca12e3bfafab7d2d2ac28f4d7c30,7fc67e0a33102aa47bbaa56533eeecb98c0450f7,doc/man3/EVP_PKEY_decrypt.pod,"('1', '')",2024-04-22T15:56:40+02:00,2022-12-12T11:30:52+01:00
98161274636dca12e3bfafab7d2d2ac28f4d7c30,8548d3bfc9fbbbe86027c685c24df393daa88674,doc/man3/RSA_public_encrypt.pod,"('1', '')",2024-04-22T15:56:40+02:00,2022-12-13T18:15:21+01:00
98161274636dca12e3bfafab7d2d2ac28f4d7c30,7fc67e0a33102aa47bbaa56533eeecb98c0450f7,doc/man3/RSA_public_encrypt.pod,"('1', '')",2024-04-22T15:56:40+02:00,2022-12-12T11:30:52+01:00
98161274636dca12e3bfafab7d2d2ac28f4d7c30,9b86974e0c705ea321ddbc9a9d8562c894809e5b,doc/man3/RSA_public_encrypt.pod,"('1', '')",2024-04-22T15:56:40+02:00,2015-08-21T15:11:50-04:00
98161274636dca12e3bfafab7d2d2ac28f4d7c30,5ab3ec1bb1eaa795d775f5896818cfaa84d33a1a,doc/man7/provider-asym_cipher.pod,"('1', '')",2024-04-22T15:56:40+02:00,2022-12-12T11:30:52+01:00
3dcd85139f30625f2e4d072fe2b0f211f76f819c,6849b73ccc38ea95e4b9d50b01e1c94f5ce8bca7,ssl/ssl_lib.c,"('23722', '')",2024-04-26T17:10:34+02:00,2020-11-11T12:12:11+01:00
2d29a8a7e8ef42050d2b08ca8cec9e4d9f0a0bb7,63b64f19c13d59d68dc2e525f454aea62a739842,crypto/ess/ess_lib.c,"('24224', '')",2024-04-30T09:21:30+02:00,2021-03-18T07:03:53+01:00
c04901be78768eb698d575d0b046940a5cb2aa5b,f597acb71b67bfa8f2e342301ebce2059408ac27,fuzz/hashtable.c,"('24272', '')",2024-04-30T12:53:51+02:00,2024-04-24T12:03:30+10:00
af75373eeab6040aba243dd7629fb6f8244f2f5d,bc5d9cc8711e86d5c25b81c58dfae531536e61fc,crypto/x509/by_dir.c,"('', '63049');('0', '');('1', '');('10', '');('11', '');('12', '');('13', '');('14', '');('15', '');('16', '');('17', '');('18', '');('19', '');('2', '');('20', '');('21', '');('22', '');('23', '');('3', '');('4', '');('5', '');('6', '');('7', '');('8', '');('9', '')",2024-04-30T17:21:56+02:00,2023-07-25T17:02:20+02:00
af75373eeab6040aba243dd7629fb6f8244f2f5d,efe0222f5c9e07167aeac80d4d5e3d67aa8f1f36,crypto/x509/by_dir.c,"('', '63049');('0', '');('1', '');('10', '');('11', '');('12', '');('13', '');('14', '');('15', '');('16', '');('17', '');('18', '');('19', '');('2', '');('20', '');('21', '');('22', '');('23', '');('3', '');('4', '');('5', '');('6', '');('7', '');('8', '');('9', '')",2024-04-30T17:21:56+02:00,2023-05-01T17:14:42+10:00
1848c561ec39a9ea91ff1bf740a554be274f98b0,a9c6d221055c3a85edb23b1364cd60baafed4b9f,test/build.info,"('22605', '')",2024-05-01T08:51:28+01:00,2017-04-24T18:09:01+02:00
1848c561ec39a9ea91ff1bf740a554be274f98b0,976e53232d4ee8174e2e0f5a15ad04a9d7bea351,test/sslapitest.c,"('22605', '')",2024-05-01T08:51:28+01:00,2017-08-31T15:03:35+01:00
1848c561ec39a9ea91ff1bf740a554be274f98b0,5718fe45605681c4d33e43e689491172af0b46c1,test/sslapitest.c,"('22605', '')",2024-05-01T08:51:28+01:00,2018-04-17T16:51:03+01:00
1848c561ec39a9ea91ff1bf740a554be274f98b0,5a42141565a4074167b006e7a28a822176b40f86,test/sslapitest.c,"('22605', '')",2024-05-01T08:51:28+01:00,2018-07-02T15:06:12+01:00
1848c561ec39a9ea91ff1bf740a554be274f98b0,710756a9b384c9e9eaaf42acaf429aebc2a822a1,test/sslapitest.c,"('22605', '')",2024-05-01T08:51:28+01:00,2017-04-26T13:42:57-04:00
1848c561ec39a9ea91ff1bf740a554be274f98b0,0b2b0be948404cefe7160c9b1096bc554e982f03,test/sslapitest.c,"('22605', '')",2024-05-01T08:51:28+01:00,2020-05-15T12:31:15-07:00
067fbc01b9e867b31c71091d62f0f9012dc9e41a,64d9b626aae49154bd44edf8fb1a3eca133445a3,.github/workflows/cross-compiles.yml,"('24272', '')",2024-05-02T15:34:21+02:00,2021-07-28T10:30:45+10:00
6d2a01cdfb56fdb8ea5d5dd417724e6906c8b8e2,8931b30d8478b0bd24af251fac64e7b0bf121369,crypto/cms/cms_asn1.c,"('21985', '')",2024-05-06T10:13:20+02:00,2008-03-12T21:14:28+00:00
6d2a01cdfb56fdb8ea5d5dd417724e6906c8b8e2,df2ee0e27d2db02660c1d15fe6a3e38be9df0a60,crypto/cms/cms_asn1.c,"('21985', '')",2024-05-06T10:13:20+02:00,2015-09-11T04:51:55+01:00
6d2a01cdfb56fdb8ea5d5dd417724e6906c8b8e2,e2f6960fc5fe1d6eb2178adf51db1ed206ff9e90,crypto/cms/cms_env.c,"('21985', '')",2024-05-06T10:13:20+02:00,2022-06-28T17:51:21+02:00
6d2a01cdfb56fdb8ea5d5dd417724e6906c8b8e2,13342efbb9e16ec8f97b1ac5ab4aa2b3b3490596,crypto/cms/cms_env.c,"('21985', '')",2024-05-06T10:13:20+02:00,2023-08-10T12:09:38+02:00
6d2a01cdfb56fdb8ea5d5dd417724e6906c8b8e2,d8652be06e2778e8898453a391deb7253e1a35a2,crypto/cms/cms_lib.c,"('21985', '')",2024-05-06T10:13:20+02:00,2020-10-01T09:25:20+01:00
6d2a01cdfb56fdb8ea5d5dd417724e6906c8b8e2,c1669f41eab0e2d9a8c2498718d06b4cd48a9890,crypto/cms/cms_lib.c,"('21985', '')",2024-05-06T10:13:20+02:00,2020-08-09T17:34:52+10:00
6d2a01cdfb56fdb8ea5d5dd417724e6906c8b8e2,13342efbb9e16ec8f97b1ac5ab4aa2b3b3490596,crypto/cms/cms_lib.c,"('21985', '')",2024-05-06T10:13:20+02:00,2023-08-10T12:09:38+02:00
6d2a01cdfb56fdb8ea5d5dd417724e6906c8b8e2,13342efbb9e16ec8f97b1ac5ab4aa2b3b3490596,crypto/cms/cms_local.h,"('21985', '')",2024-05-06T10:13:20+02:00,2023-08-10T12:09:38+02:00
6d2a01cdfb56fdb8ea5d5dd417724e6906c8b8e2,e365352d6a6368039392fed14a328f8c0bf955c3,crypto/cms/cms_sd.c,"('21985', '')",2024-05-06T10:13:20+02:00,2013-06-21T21:33:00+01:00
6d2a01cdfb56fdb8ea5d5dd417724e6906c8b8e2,1666eec83722ff9e2c80ec8fe86c71b317959591,crypto/cms/cms_sd.c,"('21985', '')",2024-05-06T10:13:20+02:00,2021-03-12T08:27:11+10:00
6d2a01cdfb56fdb8ea5d5dd417724e6906c8b8e2,320bfc1be79513f2a782f9ee8894cf7a7b9ffe2d,crypto/cms/cms_smime.c,"('21985', '')",2024-05-06T10:13:20+02:00,2008-03-14T19:37:56+00:00
7cbca5a6d6e792c75c414e1f3fb22e2afae67988,7489ada9f3fd902c5bc3c58cc03a90de2800d0ab,test/v3ext.c,"('23897', '')",2024-05-08T10:53:54+02:00,2022-11-16T17:19:39+01:00
2a5d733e64f009f758163da852f1e7fee6aea0a2,ee58915cfd9d0ad67f52d43cc1a2ce549049d248,test/tls-provider.c,"('24101', '')",2024-05-10T13:51:55+02:00,2023-02-24T11:02:48+11:00
50153ad2bb767a6e79e5c0c569f136f723a32700,3e191f487907a474b6bd6e497043d1560972e7d7,test/recipes/90-test_sysdefault.t,"('24383', '')",2024-05-15T12:14:24+02:00,2024-05-09T09:20:58+02:00
50153ad2bb767a6e79e5c0c569f136f723a32700,8a5ed9dce8ee36b4bb05cb928fa7a01aba6d8e41,test/sysdefaulttest.c,"('24383', '')",2024-05-15T12:14:24+02:00,2018-03-19T10:22:49-04:00
50153ad2bb767a6e79e5c0c569f136f723a32700,21819f78b057c254254646a7854bfad0cd40ed83,test/sysdefaulttest.c,"('24383', '')",2024-05-15T12:14:24+02:00,2024-05-09T09:20:25+02:00
4dbd4925dfc61d93df678df607504f62b0ac3dcc,c48c32807f2d945a9672c48b59bff4083885a5bc,test/threadpool_test.c,"('24104', '')",2024-05-20T10:11:35+02:00,2022-11-22T17:08:23+01:00
7884bedc04b90bcdd46cb52e525ebe6aa1bedae5,fc807a0349bbddb00273465097177025d9b4e25e,crypto/perlasm/x86_64-xlate.pl,"('24184', '')",2024-05-22T15:15:04+02:00,2024-04-17T09:33:57+02:00
434e7f7cb4259f8c8c1463fd38fe723b3efca887,2556aec5d07546963eddc2df6824729fc218f41b,test/ecstresstest.c,"('24476', '')",2024-05-28T15:54:40+02:00,2017-06-21T09:24:01-04:00
0986e128ff258d482cab712aa617a533db5588ea,4dde554c6ae2375ce53b24cc535124355c339462,test/cmp_hdr_test.c,"('24475', '')",2024-05-30T18:43:12+02:00,2019-10-29T14:17:39+00:00
5bbdbce856c7ca132e039a24a315618484874c81,504e72fc1a1432d5266bd6e8909648c49884a36c,crypto/conf/conf_mod.c,"('24111', '')",2024-06-05T13:15:29+02:00,2024-02-01T08:33:25-05:00
140540189c67ba94188165b1144fdfb5b248bc02,194fcc9ae09ea7cbe0b3b60c67061e51bb24de79,test/prov_config_test.c,"('24106', '')",2024-06-07T08:42:46+02:00,2021-08-27T09:52:19+10:00
140540189c67ba94188165b1144fdfb5b248bc02,682fd21afb5428b5716e62eaefb09a7419f9cfd7,test/prov_config_test.c,"('24106', '')",2024-06-07T08:42:46+02:00,2023-12-21T13:38:31-05:00
1977c00f00ad0546421a5ec0b40c1326aee4cddb,70f0ea280af0bed9fb48b20b61c7a12c7f03e6d9,ssl/quic/quic_trace.c,"('24340', '')",2024-06-10T10:45:54+02:00,2023-05-24T12:18:33+01:00
b893ceef2feb6b64504446f984ee5a57d2b69d1f,b434b2c08d2025936fb8b7ece3a5908613333f6b,crypto/cmp/cmp_vfy.c,"('23706', '')",2024-06-17T10:54:03+02:00,2020-09-08T23:24:42+02:00
7301759afedffaf2f106495b3b171de9abfa2d2a,9a48b07ee40b9d4f0f00f0a0822b1296fefb10eb,crypto/pkcs12/p12_crt.c,"('24453', '')",2024-06-18T13:36:56-04:00,2002-10-03T23:53:52+00:00
7301759afedffaf2f106495b3b171de9abfa2d2a,8d8c7266d4de9887fb0190a0770df9dc254a16a3,crypto/pkcs12/p12_crt.c,"('24453', '')",2024-06-18T13:36:56-04:00,1999-03-28T23:17:34+00:00
7301759afedffaf2f106495b3b171de9abfa2d2a,0f113f3ee4d629ef9a4a30911b22b224772085e5,crypto/pkcs12/p12_crt.c,"('24453', '')",2024-06-18T13:36:56-04:00,2015-01-22T09:20:09+00:00
fa495604516a610d988f02298c8d97a6ac4777bb,cf72c7579201086cee303eadcb60bd28eff78dd9,ssl/statem/extensions.c,"('18121', '');('18130', '')",2024-06-20T16:49:51+02:00,2017-11-05T17:46:48+01:00
fa495604516a610d988f02298c8d97a6ac4777bb,c48ffbcca1d0213c6bcbe85de7bb5dd23c76438d,ssl/statem/extensions.c,"('18121', '');('18130', '')",2024-06-20T16:49:51+02:00,2020-11-11T12:12:23+01:00
fa495604516a610d988f02298c8d97a6ac4777bb,f63a17d66dec01c123630682e0b20450b34c086a,ssl/statem/extensions.c,"('18121', '');('18130', '')",2024-06-20T16:49:51+02:00,2017-12-04T13:31:48+00:00
fa495604516a610d988f02298c8d97a6ac4777bb,cf72c7579201086cee303eadcb60bd28eff78dd9,ssl/statem/extensions_srvr.c,"('18121', '');('18130', '')",2024-06-20T16:49:51+02:00,2017-11-05T17:46:48+01:00
fa495604516a610d988f02298c8d97a6ac4777bb,f63a17d66dec01c123630682e0b20450b34c086a,ssl/statem/extensions_srvr.c,"('18121', '');('18130', '')",2024-06-20T16:49:51+02:00,2017-12-04T13:31:48+00:00
663dbc9c9c897392a9f9d18aa9a8400ca024dc5d,6b566687b58fde08b28e3331377f050768fad89b,crypto/evp/pmeth_lib.c,"('24611', '')",2024-06-21T16:41:33+02:00,2024-04-09T20:19:07+02:00
a9064366e8dcff56c722d0c8f1306d84d6c3f255,7d2c0a4b1feb152ee1190dfedc65dfd1c928f9e5,test/x509_req_test.c,"('0', '');('1', '');('2', '');('3', '');('4', '');('5', '');('6', '');('7', '');('8', '');('9', '')",2024-06-25T16:09:22+02:00,2024-06-21T15:40:45-04:00
68c7575afc5ec33fd44c9c1c571d882d6095c8ef,e900942587a18cdd6e3b064d6b21c9ce36a7b640,.github/workflows/os-zoo.yml,"('24739', '')",2024-06-28T11:17:59+02:00,2023-09-20T08:17:17+10:00
3f4da93678497fe64d262d03c388932f7ecfe74e,cd3f8c1b11b0b9f4163bc8c62cbae38aec1b4030,crypto/bio/bio_addr.c,"('24517', '')",2024-07-03T15:03:00-04:00,2021-03-14T15:33:34+10:00
3f4da93678497fe64d262d03c388932f7ecfe74e,c2e4e5d248567d4eea5bf6d525bdbcc09099ba6e,crypto/bio/bio_addr.c,"('24517', '')",2024-07-03T15:03:00-04:00,2016-07-19T23:49:54+02:00
3f4da93678497fe64d262d03c388932f7ecfe74e,cd3f8c1b11b0b9f4163bc8c62cbae38aec1b4030,crypto/engine/eng_table.c,"('24517', '')",2024-07-03T15:03:00-04:00,2021-03-14T15:33:34+10:00
3f4da93678497fe64d262d03c388932f7ecfe74e,92714455af3147405b6ce1532187bbbf960e5136,crypto/engine/eng_table.c,"('24517', '')",2024-07-03T15:03:00-04:00,2010-01-28T17:49:25+00:00
3f4da93678497fe64d262d03c388932f7ecfe74e,5c4328f04f63bc288d4e069e1453ab18b0309f16,doc/man3/CRYPTO_THREAD_run_once.pod,"('24517', '')",2024-07-03T15:03:00-04:00,2016-05-16T12:16:26-04:00
c215d75f94fcaa598817e739221f33b71b53fb39,a30823c80f8c1f4ac22fb358cab65ce4e81a5046,crypto/bio/bf_readbuff.c,"('23915', '')",2024-07-08T21:55:30+02:00,2021-03-11T07:57:31+10:00
d8def79838cd0d5e7c21d217aa26edb5229f0ab4,f0191d0b1373bb7b0c50a0103d63791f51ed3398,crypto/property/property.c,"('24672', '')",2024-07-09T11:27:53+02:00,2021-06-15T16:21:31+02:00
2a45839778955ffcab01918f10544d46e42f9a5b,b6ef3c7089e887427cde8c550e28211dc0c22dd1,doc/man3/BN_set_bit.pod,"('5537', '')",2024-07-10T11:49:00+02:00,2020-08-28T19:25:08+10:00
2a45839778955ffcab01918f10544d46e42f9a5b,dd8dec69b825c9fdafc26a200961702d850496b5,doc/man3/BN_set_bit.pod,"('5537', '')",2024-07-10T11:49:00+02:00,2000-01-23T22:06:24+00:00
9884568569feb559cea2496a3326259a53db0860,06da14737369e7c90899aed4bb21cce9a0910d29,test/evp_test.c,"('551', '')",2024-07-15T10:10:00+10:00,2024-07-11T08:29:54+10:00
c1a27bdeb9a4f915aa92ed0e74ed48a1f9b94176,c768ccebc718ea0ed6afc5147fe4079fff632cd6,exporters/cmake/OpenSSLConfig.cmake.in,"('24678', '');('24874', '')",2024-07-16T11:12:04-04:00,2023-11-15T08:22:29+01:00
f54e4bc51b78c10dc99a61c087861ee2c11d7a41,0f113f3ee4d629ef9a4a30911b22b224772085e5,crypto/conf/conf_def.c,"('8038', '')",2024-07-16T21:32:40+02:00,2015-01-22T09:20:09+00:00
d7af3f7aa7c0d311c472e65b00928771192e6a06,3c95ef22df55cb2d9dc64ce1f3be6e5a8ee63206,ssl/statem/statem_clnt.c,"('2220', '');('4701', '');('4703', '')",2024-07-18T16:13:41+02:00,2023-03-28T13:49:54-04:00
0b67643ade24286dddb0ce1b44a8a8c366e85ecb,21dfb975968d73b9cd40835d2cd436602079e853,ssl/ssl_conf.c,"('552', '')",2024-07-18T19:07:52+02:00,2024-07-10T11:44:39+02:00
4f619ca622b6c36626ddc9a04b0b8589d7802dc0,f328adff43c5916e149abd598f06898ecd4762f5,fuzz/quic-srtm.c,"('679', '')",2024-07-23T08:20:15-04:00,2023-11-23T14:46:01+00:00
4811efe12fd1af9554718ae15996470a5c2ecd70,e6ed2b9108830b23cda5632a4940b7f718f58676,test/bio_enc_test.c,"('779', '')",2024-07-27T10:07:35-04:00,2016-08-21T23:34:26+02:00
0beef0ba00f7864b7367899d859509a99237fcf0,2ac569a67b9d0980efa2d8061a6a61e0645f37a7,util/mkinstallvars.pl,"('24986', '')",2024-08-03T09:09:02-04:00,2023-11-15T08:22:29+01:00
29a0f0403f9b678bb921e37f6ebaf16f8d467dcf,4388417157ce77974888089ec133d26d7bb0f465,test/recipes/80-test_cms.t,"('1', '')",2024-08-07T19:35:51+02:00,2021-06-02T14:49:13+02:00
29a0f0403f9b678bb921e37f6ebaf16f8d467dcf,88b8a5279f452027c193c2de7909dd9f7c9736c6,test/recipes/80-test_cms.t,"('1', '')",2024-08-07T19:35:51+02:00,2015-09-07T16:10:57+02:00
29a0f0403f9b678bb921e37f6ebaf16f8d467dcf,28ba642779ec5c320fc95515bce17bda5e531105,test/recipes/80-test_cms.t,"('1', '')",2024-08-07T19:35:51+02:00,2020-08-09T17:34:52+10:00
29a0f0403f9b678bb921e37f6ebaf16f8d467dcf,4b3327e70e1e97550a65a5d4aa26e017770e2214,test/recipes/80-test_cms.t,"('1', '')",2024-08-07T19:35:51+02:00,2020-02-18T09:45:53+01:00
2ec4e9501423cdc886c5a300b4f8bb249a3df4da,cd2cdb6158086c4904d186c718c887cc693b906d,doc/man3/SSL_CTX_set1_curves.pod,"('', '22203')",2024-08-15T19:42:50+02:00,2024-03-06T10:42:05+01:00
2ec4e9501423cdc886c5a300b4f8bb249a3df4da,dfa1f5476e86f330f708c1396f577c01d10c545c,doc/man3/SSL_CTX_set1_curves.pod,"('', '22203')",2024-08-15T19:42:50+02:00,2019-06-12T10:18:34+01:00
2ec4e9501423cdc886c5a300b4f8bb249a3df4da,de4d764e3271ce09d28c0d6d7bce3dc9d8b85ab9,doc/man3/SSL_CTX_set1_curves.pod,"('', '22203')",2024-08-15T19:42:50+02:00,2016-11-10T15:05:36+00:00
2ec4e9501423cdc886c5a300b4f8bb249a3df4da,8377f26c2e6dadd9a1728805cd895fa94669f2d0,doc/man3/SSL_CTX_set1_curves.pod,"('', '22203')",2024-08-15T19:42:50+02:00,2022-10-07T10:01:48+01:00
d550d2aae531c6fa2e10b1a30d2acdf373663889,adf7e6d1d63890f037625031789ed042187c3947,crypto/asn1/tasn_fre.c,"('23713', '')",2024-08-16T10:07:52+02:00,2021-03-18T17:52:37+10:00
d550d2aae531c6fa2e10b1a30d2acdf373663889,a727627922b8a9ec6628ffaa2054b4b3833d674b,test/crltest.c,"('23713', '')",2024-08-16T10:07:52+02:00,2019-01-31T19:10:57+01:00
d550d2aae531c6fa2e10b1a30d2acdf373663889,83951a9979784ffa701e945b86f2f0bc2caead8e,test/crltest.c,"('23713', '')",2024-08-16T10:07:52+02:00,2024-08-16T10:07:52+02:00
d6048344398ec75996fee1f465abb61ab3aa377e,a31011e8e0ea18f1cc79d7eb53238768ae9369c6,crypto/rand/randfile.c,"('25064', '')",2024-08-19T11:10:43+02:00,1999-10-26T01:56:29+00:00
60358f2c5e3a26e516ece2e075d0fd4198665412,f4bbb37c4c95ea8cdb4b3470098a1b5d7d1977ed,ssl/statem/extensions.c,"('25040', '')",2024-08-21T15:35:51+02:00,2017-01-30T10:18:20+00:00
60358f2c5e3a26e516ece2e075d0fd4198665412,aff9929b43cba794e5b99a9be5c8ca47873154d1,ssl/statem/extensions.c,"('25040', '')",2024-08-21T15:35:51+02:00,2017-02-14T13:14:25+00:00
60358f2c5e3a26e516ece2e075d0fd4198665412,c48ffbcca1d0213c6bcbe85de7bb5dd23c76438d,ssl/statem/extensions.c,"('25040', '')",2024-08-21T15:35:51+02:00,2020-11-11T12:12:23+01:00
c6c6af18ea5f8dd7aa2bd54b63fcb813ee6c2394,e1289d90d0069ea1c3ea8ae80bfc3916077ec24e,test/endecode_test.c,"('25327', '')",2024-08-30T11:42:40+02:00,2022-09-16T08:34:53+10:00
5efc57caf229748fd4f85b05463f96b11679100d,3410a72dce57651e08d5d2143409cde0205a8f3b,crypto/cms/cms_rsa.c,"('22680', '')",2024-09-05T17:04:59+02:00,2023-06-01T10:02:28+10:00
5387b71acb833f1f635ab4a20ced0863747ef5c1,c82c3462267afdbbaa53e11da0508ce4e03c02b3,crypto/pem/pem_pk8.c,"('8441', '')",2024-09-09T08:58:03+02:00,2018-05-12T10:19:51+02:00
5387b71acb833f1f635ab4a20ced0863747ef5c1,1241126adf6c451d6a7115ffdc68fa64c4d55593,crypto/pem/pem_pk8.c,"('8441', '')",2024-09-09T08:58:03+02:00,2001-07-27T02:22:42+00:00
5387b71acb833f1f635ab4a20ced0863747ef5c1,3816be5d4a6a1f17dc4b7d398c42398c48e62e1a,crypto/ui/ui_util.c,"('8441', '')",2024-09-09T08:58:03+02:00,2017-06-28T14:24:28+02:00
5387b71acb833f1f635ab4a20ced0863747ef5c1,0fe1fc858a0519c3866c0d2e88513e677b674926,crypto/ui/ui_util.c,"('8441', '')",2024-09-09T08:58:03+02:00,2017-01-11T18:27:27+01:00
8cc0a97d60f4b77def4df9fee41740ffb2fb5563,f3090fc710e30a749acaf9e5dfbe20dd163cf15d,providers/implementations/signature/ecdsa_sig.c,"('25012', '')",2024-09-09T09:51:50+02:00,2022-11-30T07:31:53+00:00
f0fd24d5f39a6363f6cf66dae760154a3bad7014,f5a3669c8bc9cd1ea00f2bb7d058a752e6d2f152,crypto/thread/build.info,"('25337', '')",2024-09-10T16:36:39+02:00,2022-11-22T17:08:23+01:00
645edf50f0274448174d9739543bf01b1708b2f5,3837c202b5e91f009d1508a8f3608c94515ca776,providers/implementations/ciphers/cipher_aes_ocb.c,"('8331', '')",2024-09-13T10:10:34+02:00,2019-09-19T20:10:25+10:00
daead12df04e2257bd5f2f8441a3c2965ef102ee,f596bbe4da779b56eea34d96168b557d78e1149a,crypto/chacha/asm/chachap10-ppc.pl,"('25451', '')",2024-09-19T11:13:35+02:00,2022-02-22T16:58:55+11:00
8ac42a5f418cbe2797bc423b694ac5af605b5c7a,0f113f3ee4d629ef9a4a30911b22b224772085e5,crypto/ec/ec_asn1.c,"('25493', '')",2024-09-26T10:04:30+02:00,2015-01-22T09:20:09+00:00
4f899849ceec7cd8e45da9aa1802df782cf80202,80f4fd18f72c0d3faae864da6979b83acc4f89a2,doc/man3/EVP_PKEY_decapsulate.pod,"('25448', '')",2024-09-26T10:29:57+02:00,2020-09-19T18:08:46+10:00
4f899849ceec7cd8e45da9aa1802df782cf80202,80f4fd18f72c0d3faae864da6979b83acc4f89a2,doc/man3/EVP_PKEY_encapsulate.pod,"('25448', '')",2024-09-26T10:29:57+02:00,2020-09-19T18:08:46+10:00
d927eb295058f399bd99eb3d4dadd8532acfedd1,39dc3c0f347cb4155d6336f9484d0d646b306671,doc/man7/EVP_RAND-CRNG-TEST.pod,"('25526', '')",2024-09-30T17:57:18+10:00,2024-09-19T08:44:14+10:00
0081964805421e81cfa804474b1005985d5c6278,5ac48fd813768d7246529358bbee292e4632c4f9,test/rand_test.c,"('25526', '')",2024-09-30T17:58:09+10:00,2024-09-19T08:44:14+10:00
d8b7a6eae9383fced785b9f4e2f24da0dc0a082d,ec5add8784a2ffacd3391daae7937e04225da9da,crypto/pkcs7/pk7_doit.c,"('25594', '')",2024-10-07T17:55:13+02:00,2000-12-31T17:31:57+00:00
73e720c3a5164d28ffbcbf06aa88ecdfd8b2fe7f,796b2caa9e2f0c1cc0a5421d553178ff80c06d51,test/evp_libctx_test.c,"('25522', '');('25632', '')",2024-10-08T09:28:32+02:00,2024-10-07T17:47:17+02:00
99548cd16e9dfd850a3958e417b9e02950f208f4,16feca71544681cabf873fecd3f860f9853bdf07,engines/e_loader_attic.c,"('', '25112')",2024-10-10T20:47:48+02:00,2020-09-03T17:48:32+02:00
99548cd16e9dfd850a3958e417b9e02950f208f4,8ae40cf57d2138af92a3479e23f35037ae8c5c30,providers/implementations/encode_decode/encode_key2text.c,"('', '25112')",2024-10-10T20:47:48+02:00,2020-09-09T16:35:22+02:00
99548cd16e9dfd850a3958e417b9e02950f208f4,63f187cfedd21550094b5d69a52f7f617545b209,providers/implementations/storemgmt/file_store.c,"('', '25112')",2024-10-10T20:47:48+02:00,2020-09-03T17:48:32+02:00
8e008cb8b23ec7dc75c45a66eeed09c815b11cd2,c4e7870ac1af6f629e021391b16d9671742db95f,crypto/bn/bn_gf2m.c,"('', '19826')",2024-10-16T09:21:33+02:00,2006-06-18T22:00:57+00:00
8e008cb8b23ec7dc75c45a66eeed09c815b11cd2,1dc920c8de5b7109727a21163843feecdf06a8cf,crypto/bn/bn_gf2m.c,"('', '19826')",2024-10-16T09:21:33+02:00,2002-08-02T13:03:55+00:00
7b36037e2201ea6927458c1b5fc31502d0747b6f,8a8d9e190533ee41e8b231b18c7837f98f1ae231,util/mkbuildinf.pl,"('25475', '')",2024-10-17T12:42:45+02:00,2017-11-27T14:34:14-05:00
144b9ebc3e444803643d90fee45d588be83361dd,db87f89b7393eea395b82050c7fc4e1869ef112e,test/recipes/95-test_external_tlsfuzzer_data/cert.json.in,"('25298', '')",2024-10-21T11:40:16+01:00,2022-01-05T11:24:51+01:00
e8d963594f8e2be6428e6244eee37e31ad7eca36,70d45893d0decc1ac2431a20db6750bc70cbaea5,ssl/quic/quic_wire_pkt.c,"('25625', '')",2024-10-23T15:14:08+02:00,2023-01-13T13:20:10+00:00
3d3bb26a13dcc67f99e66de6a44ae9ced117f64b,4439ed16c5742e5ffb0417d45677900e77b299f2,util/perl/TLSProxy/Proxy.pm,"('23992', '')",2024-10-23T15:45:57+02:00,2024-02-09T08:11:23+00:00
607a46d003f472d4bce646f3df6e85725094d68a,6b1fe3d059d8c5b3b86a7203faf59a7538fc9f0d,apps/speed.c,"('', '24250');('', '24686')",2024-11-04T10:04:23+01:00,2017-12-09T21:43:39+01:00
607a46d003f472d4bce646f3df6e85725094d68a,ed576acdf591d4164905ab98e89ca5a3b99d90ab,apps/speed.c,"('', '24250');('', '24686')",2024-11-04T10:04:23+01:00,2021-06-01T12:40:00+02:00
607a46d003f472d4bce646f3df6e85725094d68a,b3be6cc89e4dcfafe8f8be97e9519c26af2d19f5,apps/speed.c,"('', '24250');('', '24686')",2024-11-04T10:04:23+01:00,2024-04-09T20:27:39+02:00
607a46d003f472d4bce646f3df6e85725094d68a,5c8c2e6b484d5845cc26a0b634c872e2d102037a,apps/speed.c,"('', '24250');('', '24686')",2024-11-04T10:04:23+01:00,2021-07-09T09:18:10+10:00
607a46d003f472d4bce646f3df6e85725094d68a,d02b7e09317d6d1bd9626727fbc58c4981881360,apps/speed.c,"('', '24250');('', '24686')",2024-11-04T10:04:23+01:00,2019-12-09T09:52:02+01:00
607a46d003f472d4bce646f3df6e85725094d68a,9309b0b8c778fcdb0e1bd08522f694be1e963eb5,apps/speed.c,"('', '24250');('', '24686')",2024-11-04T10:04:23+01:00,2024-08-14T18:21:28+02:00
607a46d003f472d4bce646f3df6e85725094d68a,861f265a407d5de81c79b6917139e66cdfb0f367,apps/speed.c,"('', '24250');('', '24686')",2024-11-04T10:04:23+01:00,2021-02-24T16:53:18+01:00
607a46d003f472d4bce646f3df6e85725094d68a,5d238a1032fee0e4759c2ed7fbd09cb9d7125a72,apps/speed.c,"('', '24250');('', '24686')",2024-11-04T10:04:23+01:00,2019-05-23T16:12:27+02:00
607a46d003f472d4bce646f3df6e85725094d68a,0f113f3ee4d629ef9a4a30911b22b224772085e5,apps/speed.c,"('', '24250');('', '24686')",2024-11-04T10:04:23+01:00,2015-01-22T09:20:09+00:00
607a46d003f472d4bce646f3df6e85725094d68a,0113ec8460a918f8bc782130db8f75540b3b1ab2,apps/speed.c,"('', '24250');('', '24686')",2024-11-04T10:04:23+01:00,2022-07-29T08:32:16-04:00
607a46d003f472d4bce646f3df6e85725094d68a,98283a61f5b792dde0f0e1d9a616ec6e232b57b6,apps/speed.c,"('', '24250');('', '24686')",2024-11-04T10:04:23+01:00,2023-02-07T11:56:27-05:00
607a46d003f472d4bce646f3df6e85725094d68a,c8269881093324b881b81472be037055571f73f3,apps/speed.c,"('', '24250');('', '24686')",2024-11-04T10:04:23+01:00,2015-04-30T23:12:39+01:00
607a46d003f472d4bce646f3df6e85725094d68a,7da84e0f0088fc9d575039fb173f12af0ae25832,apps/speed.c,"('', '24250');('', '24686')",2024-11-04T10:04:23+01:00,2018-07-12T14:26:29+02:00
607a46d003f472d4bce646f3df6e85725094d68a,07626ea9e5400bd857a58a4da06756748701e9ed,apps/speed.c,"('', '24250');('', '24686')",2024-11-04T10:04:23+01:00,2023-03-15T08:46:54+11:00
607a46d003f472d4bce646f3df6e85725094d68a,44ca7565a6c73cbff17ee94c9f83b871c8c91445,apps/speed.c,"('', '24250');('', '24686')",2024-11-04T10:04:23+01:00,2018-05-30T18:26:21+02:00
607a46d003f472d4bce646f3df6e85725094d68a,fe4f66d262819b8af1c459dbdcab87f0fe76a551,apps/speed.c,"('', '24250');('', '24686')",2024-11-04T10:04:23+01:00,2017-10-10T07:56:07+10:00
40237bf97aeb855856e7b74ed393e1767631e1a2,38b051a1fedc79ebf24a96de2e9a326ad3665baf,ssl/ssl_lib.c,"('25878', '')",2024-11-08T14:36:17+01:00,2022-07-28T10:04:28+01:00
40237bf97aeb855856e7b74ed393e1767631e1a2,3c83c5ba4f6502c708b7a5f55c98a10e312668da,ssl/ssl_lib.c,"('25878', '')",2024-11-08T14:36:17+01:00,2019-02-14T13:54:56+00:00
0abbd3e5ac0a3a7af69849b1a5010b4f0616ca37,0b67643ade24286dddb0ce1b44a8a8c366e85ecb,ssl/ssl_conf.c,"('25906', '')",2024-11-13T12:00:26+01:00,2024-07-18T19:07:52+02:00
0abbd3e5ac0a3a7af69849b1a5010b4f0616ca37,21dfb975968d73b9cd40835d2cd436602079e853,ssl/ssl_conf.c,"('25906', '')",2024-11-13T12:00:26+01:00,2024-07-10T11:44:39+02:00
bbfffbcaf38dff61fe7a1fcbfa6af9a818e1e188,abfe3d5128b4c04f4bf288d03833481dbe52ee4c,ssl/quic/quic_impl.c,"('25410', '')",2024-11-13T10:55:08-05:00,2023-07-17T08:17:57+10:00
15c6580a76814fb67bff07b9247bb97d40240011,9d90b65888740b8f8fea6fb359d2314c607a86d7,test/quic_multistream_test.c,"('25410', '')",2024-11-13T10:55:16-05:00,2024-02-19T10:15:46+01:00
15c6580a76814fb67bff07b9247bb97d40240011,ed835673ae5d99cac39d0bef6677597a68d1e248,test/quic_multistream_test.c,"('25410', '')",2024-11-13T10:55:16-05:00,2023-05-12T14:47:13+01:00
f4550fb5b518d2b910222bca2317d813cf092b53,5056133cc7d6c52033c25b2e1f7762bcafcce760,providers/implementations/keymgmt/dsa_kmgmt.c,"('25905', '')",2024-11-29T19:01:01+01:00,2023-12-14T11:17:48+01:00
3bf273b21b3e21cca9cd143ed9016397bd7dbb57,96d7852cbd0c7861cce155e1dc8c621648c0ba70,include/internal/refcount.h,"('25660', '')",2024-12-10T14:58:08+01:00,2018-08-16T09:31:35+02:00
02e72ccffacf2d01295810798ca1c86a438ee712,0b3a4ef27a6c2a427dc2d4a87c52677d57c90f4c,crypto/cms/cms_dh.c,"('25824', '')",2024-12-11T18:03:34+01:00,2020-10-15T10:00:19+01:00
c93f4a1e75efbb10153b2520a10e5a19a4479fdf,ad062480f7490197b174edad8625ce40d74f6e68,providers/implementations/kem/ec_kem.c,"('26213', '')",2024-12-30T17:13:43+01:00,2022-11-25T16:26:55+00:00
2f67a3dc3253b2fee472719eb5b8b02864848179,a05515460743da8afd2f5e66b4ce56c23c4a0ea1,test/evp_extra_test.c,"('26276', '')",2025-01-06T20:46:08+01:00,2024-12-17T11:59:32+00:00
89e2c6f61ebbf2ee0b0b742eb66cba0583fc6813,157c40e4d0a2c901e2dc0ee29b80a079a548d008,include/internal/quic_types.h,"('26324', '')",2025-01-08T11:17:01-05:00,2023-07-19T13:02:07+10:00
6a2472fb3e958c029989286d9272bd2b23738f85,e7cbb09fdf8d835bd0d88b4b288edfd525be569c,crypto/http/http_lib.c,"('26337', '')",2025-01-09T12:03:52+01:00,2023-04-28T09:55:27+02:00
3cfcf820bd667d0b0253dacda5af533c99f5631d,12e96a23604a7aa1cd8f83486b02f1bcab6d468f,crypto/err/openssl.txt,"('26316', '')",2025-01-09T15:44:18+01:00,2022-10-18T09:30:18-04:00
e87a3473fd1e9d901a89d4b14a53826723357701,488f16e31b8f5ec2513410929325d0830d76762d,util/mkbuildinf.pl,"('26253', '')",2025-01-10T11:56:38+01:00,2014-12-19T14:02:15+00:00
37a954e5c39d94c5aa60cb694071c3ee82610997,1738eb212bacb71d66db25e1a38ce2d420b72e35,test/recipes/80-test_cmp_http.t,"('23992', '')",2025-01-13T20:19:10+01:00,2023-03-25T10:31:25+01:00
25f8e2c15b701514b7b2fe652634289b6fb8581f,d0e1a0ae701cfaca7f3dd3bf28a3f934a6408813,crypto/threads_pthread.c,"('26356', '')",2025-01-13T17:13:48-05:00,2024-02-01T08:33:25-05:00
25f8e2c15b701514b7b2fe652634289b6fb8581f,d0e1a0ae701cfaca7f3dd3bf28a3f934a6408813,crypto/threads_win.c,"('26356', '')",2025-01-13T17:13:48-05:00,2024-02-01T08:33:25-05:00
3294dcdbc2e3fc1e615b5e8c01813eefaf5a9f6f,dd4134101fb41261b20fe47fdf9068c84e923102,crypto/x509/v3_purp.c,"('25873', '')",2025-01-20T08:41:19+01:00,1999-12-02T02:33:56+00:00
3294dcdbc2e3fc1e615b5e8c01813eefaf5a9f6f,14a6c6a4e1eb8127514e6f5319701a1d7c3f5e82,crypto/x509/v3err.c,"('25873', '')",2025-01-20T08:41:19+01:00,2020-11-24T15:22:33+01:00
3294dcdbc2e3fc1e615b5e8c01813eefaf5a9f6f,1e41dadfa7b9f792ed0f4714a3d3d36f070cf30e,crypto/x509/v3err.c,"('25873', '')",2025-01-20T08:41:19+01:00,2020-09-11T07:42:22+02:00
3294dcdbc2e3fc1e615b5e8c01813eefaf5a9f6f,52df25cf2e656146cb3b206d8220124f0417d03f,crypto/x509/v3err.c,"('25873', '')",2025-01-20T08:41:19+01:00,2017-06-07T15:12:03-04:00
3294dcdbc2e3fc1e615b5e8c01813eefaf5a9f6f,0f113f3ee4d629ef9a4a30911b22b224772085e5,crypto/x509/v3err.c,"('25873', '')",2025-01-20T08:41:19+01:00,2015-01-22T09:20:09+00:00
3294dcdbc2e3fc1e615b5e8c01813eefaf5a9f6f,eacd30a703b52f5b3e8e70b58f99bd1128458c7c,doc/man3/X509_check_purpose.pod,"('25873', '')",2025-01-20T08:41:19+01:00,2020-04-11T11:26:58+01:00
3294dcdbc2e3fc1e615b5e8c01813eefaf5a9f6f,54b40531307fcaba1206e98f4cae73f0532fbdbb,doc/man3/X509_check_purpose.pod,"('25873', '')",2025-01-20T08:41:19+01:00,2021-07-29T15:41:35+01:00
3294dcdbc2e3fc1e615b5e8c01813eefaf5a9f6f,c8f717fe87632b3a29ad5d82718df28209ba72dd,include/openssl/x509v3.h.in,"('25873', '')",2025-01-20T08:41:19+01:00,2016-06-15T13:22:38-04:00
3294dcdbc2e3fc1e615b5e8c01813eefaf5a9f6f,798757762a2b1a952147b602fd37fd6fe317e26f,include/openssl/x509v3.h.in,"('25873', '')",2025-01-20T08:41:19+01:00,1999-10-25T19:36:01+00:00
3294dcdbc2e3fc1e615b5e8c01813eefaf5a9f6f,6d0d5431d4e3e5d8a29166be3ba9362fb988a312,include/openssl/x509v3.h.in,"('25873', '')",2025-01-20T08:41:19+01:00,2000-02-26T08:36:46+00:00
3294dcdbc2e3fc1e615b5e8c01813eefaf5a9f6f,926a56bfe380e82ebd07c79ccc7d1d9524c0aca6,include/openssl/x509v3.h.in,"('25873', '')",2025-01-20T08:41:19+01:00,2001-05-10T00:13:59+00:00
3294dcdbc2e3fc1e615b5e8c01813eefaf5a9f6f,ccfce835e07210064450a58ce189d0e622a1fccf,util/missingcrypto.txt,"('25873', '')",2025-01-20T08:41:19+01:00,2019-12-21T22:53:54+01:00
908bc0994d70f3d8e74052549a8e343e030ab6a7,5b36728d974578f2c74e9f3d2ee6472187084882,crypto/sm4/asm/sm4-armv8.pl,"('26458', '')",2025-01-21T18:21:19+01:00,2025-01-17T17:33:41+01:00
908bc0994d70f3d8e74052549a8e343e030ab6a7,5b36728d974578f2c74e9f3d2ee6472187084882,crypto/sm4/asm/vpsm4-armv8.pl,"('26458', '')",2025-01-21T18:21:19+01:00,2025-01-17T17:33:41+01:00
908bc0994d70f3d8e74052549a8e343e030ab6a7,5b36728d974578f2c74e9f3d2ee6472187084882,crypto/sm4/asm/vpsm4_ex-armv8.pl,"('26458', '')",2025-01-21T18:21:19+01:00,2025-01-17T17:33:41+01:00
b6f2ff93639d9c71aae62dfc72082dd0829c2170,e5499a3cac1e823c3e0697e8667e952317b70cc8,engines/e_afalg.c,"('26521', '')",2025-01-24T14:26:16+01:00,2021-03-09T22:08:59+10:00
a59efbfc7ecb0197a48655b27a6d7e808d4a3040,b196e7d936fb377d9c5b305748ac25ff0e53ef6d,crypto/pem/pem_lib.c,"('26476', '')",2025-01-24T17:14:39+01:00,2015-04-28T15:28:14-04:00
becc0078f8215ffc062f5ba06c73ba51d3b14b6e,b863e1e4c69068e4166bdfbbf9f04bb07991dd40,Configurations/50-win-clang-cl.conf,"('16', '')",2025-02-06T17:29:39+01:00,2022-11-24T06:36:47+00:00
d69c014608acdfa37839d49412e6d6974ac539a0,8c1cbc72105ffd493b48e65f8f5fd3657dedb28c,doc/man3/SSL_CONF_cmd.pod,"('21633', '');('25605', '')",2025-02-10T11:43:56-05:00,2020-07-05T01:49:20+02:00
d69c014608acdfa37839d49412e6d6974ac539a0,8b3efb53027dd4f7d51b7ca9dd9658f02d6f1b1a,doc/man3/SSL_CONF_cmd.pod,"('21633', '');('25605', '')",2025-02-10T11:43:56-05:00,2020-01-31T16:33:53+01:00
d69c014608acdfa37839d49412e6d6974ac539a0,357e27342e9bbe8d45e8be079a11588e7905fc55,doc/man3/SSL_CTX_set1_curves.pod,"('21633', '');('25605', '')",2025-02-10T11:43:56-05:00,2024-11-04T11:49:49+01:00
d69c014608acdfa37839d49412e6d6974ac539a0,2ec4e9501423cdc886c5a300b4f8bb249a3df4da,doc/man3/SSL_CTX_set1_curves.pod,"('21633', '');('25605', '')",2025-02-10T11:43:56-05:00,2024-08-15T19:42:50+02:00
d69c014608acdfa37839d49412e6d6974ac539a0,8377f26c2e6dadd9a1728805cd895fa94669f2d0,doc/man3/SSL_CTX_set1_curves.pod,"('21633', '');('25605', '')",2025-02-10T11:43:56-05:00,2022-10-07T10:01:48+01:00
d69c014608acdfa37839d49412e6d6974ac539a0,260009d877bfd6fe75aef08ecf4c366127f1f78e,ssl/s3_lib.c,"('21633', '');('25605', '')",2025-02-10T11:43:56-05:00,2020-06-19T10:19:31+01:00
d69c014608acdfa37839d49412e6d6974ac539a0,38b051a1fedc79ebf24a96de2e9a326ad3665baf,ssl/s3_lib.c,"('21633', '');('25605', '')",2025-02-10T11:43:56-05:00,2022-07-28T10:04:28+01:00
d69c014608acdfa37839d49412e6d6974ac539a0,260009d877bfd6fe75aef08ecf4c366127f1f78e,ssl/ssl_lib.c,"('21633', '');('25605', '')",2025-02-10T11:43:56-05:00,2020-06-19T10:19:31+01:00
d69c014608acdfa37839d49412e6d6974ac539a0,de4d764e3271ce09d28c0d6d7bce3dc9d8b85ab9,ssl/ssl_lib.c,"('21633', '');('25605', '')",2025-02-10T11:43:56-05:00,2016-11-10T15:05:36+00:00
d69c014608acdfa37839d49412e6d6974ac539a0,9e84a42db497e06a38f804b5acd09b6aa4f87db3,ssl/ssl_local.h,"('21633', '');('25605', '')",2025-02-10T11:43:56-05:00,2017-09-22T22:59:42+01:00
d69c014608acdfa37839d49412e6d6974ac539a0,cd0fb43cbe2774220f2702b8289faec590a72d01,ssl/ssl_local.h,"('21633', '');('25605', '')",2025-02-10T11:43:56-05:00,2019-06-18T13:36:25+01:00
d69c014608acdfa37839d49412e6d6974ac539a0,aff8c126fd8db84fa4ef623997a8c4200a14a44f,ssl/ssl_local.h,"('21633', '');('25605', '')",2025-02-10T11:43:56-05:00,2017-01-09T22:26:47-05:00
d69c014608acdfa37839d49412e6d6974ac539a0,260009d877bfd6fe75aef08ecf4c366127f1f78e,ssl/ssl_local.h,"('21633', '');('25605', '')",2025-02-10T11:43:56-05:00,2020-06-19T10:19:31+01:00
d69c014608acdfa37839d49412e6d6974ac539a0,aff9929b43cba794e5b99a9be5c8ca47873154d1,ssl/statem/extensions.c,"('21633', '');('25605', '')",2025-02-10T11:43:56-05:00,2017-02-14T13:14:25+00:00
d69c014608acdfa37839d49412e6d6974ac539a0,7a949ae5f1799a6629cf6deb44ae0f38455a73dd,ssl/statem/extensions.c,"('21633', '');('25605', '')",2025-02-10T11:43:56-05:00,2023-06-23T14:14:59+01:00
d69c014608acdfa37839d49412e6d6974ac539a0,319a33d0060b77d9446894b8a386718abcaee1a4,ssl/statem/extensions.c,"('21633', '');('25605', '')",2025-02-10T11:43:56-05:00,2017-02-14T13:14:25+00:00
d69c014608acdfa37839d49412e6d6974ac539a0,c36001c3a89691e21dc4940425fc880c89c57ffc,ssl/statem/extensions.c,"('21633', '');('25605', '')",2025-02-10T11:43:56-05:00,2018-01-24T18:02:36+00:00
d69c014608acdfa37839d49412e6d6974ac539a0,f290663148ddddaffc0dc8737b08a244b49a76ba,ssl/statem/extensions.c,"('21633', '');('25605', '')",2025-02-10T11:43:56-05:00,2023-11-30T18:40:44+01:00
d69c014608acdfa37839d49412e6d6974ac539a0,f48d826e33cac6f88cf41da0af9f54a287bdbadd,ssl/statem/extensions.c,"('21633', '');('25605', '')",2025-02-10T11:43:56-05:00,2017-10-06T13:23:45+01:00
d69c014608acdfa37839d49412e6d6974ac539a0,555cbb328ee2eaa9356cd23e2194c1600653c500,ssl/statem/extensions.c,"('21633', '');('25605', '')",2025-02-10T11:43:56-05:00,2019-04-29T17:26:09+01:00
d69c014608acdfa37839d49412e6d6974ac539a0,2248dbebeeedd77f08d67e3dcd9031f6c1f0894f,ssl/statem/extensions_clnt.c,"('21633', '');('25605', '')",2025-02-10T11:43:56-05:00,2017-02-14T13:14:25+00:00
d69c014608acdfa37839d49412e6d6974ac539a0,b186a592833ea4efd8e18d053955abde179e1b3d,ssl/statem/extensions_clnt.c,"('21633', '');('25605', '')",2025-02-10T11:43:56-05:00,2017-05-17T15:23:49+01:00
d69c014608acdfa37839d49412e6d6974ac539a0,f63a17d66dec01c123630682e0b20450b34c086a,ssl/statem/extensions_clnt.c,"('21633', '');('25605', '')",2025-02-10T11:43:56-05:00,2017-12-04T13:31:48+00:00
d69c014608acdfa37839d49412e6d6974ac539a0,9e84a42db497e06a38f804b5acd09b6aa4f87db3,ssl/statem/extensions_clnt.c,"('21633', '');('25605', '')",2025-02-10T11:43:56-05:00,2017-09-22T22:59:42+01:00
d69c014608acdfa37839d49412e6d6974ac539a0,ab83e31414286ccdc35fbacf976f64a910a6c718,ssl/statem/extensions_clnt.c,"('21633', '');('25605', '')",2025-02-10T11:43:56-05:00,2016-12-08T17:18:30+00:00
d69c014608acdfa37839d49412e6d6974ac539a0,38b051a1fedc79ebf24a96de2e9a326ad3665baf,ssl/statem/extensions_clnt.c,"('21633', '');('25605', '')",2025-02-10T11:43:56-05:00,2022-07-28T10:04:28+01:00
d69c014608acdfa37839d49412e6d6974ac539a0,f48d826e33cac6f88cf41da0af9f54a287bdbadd,ssl/statem/extensions_clnt.c,"('21633', '');('25605', '')",2025-02-10T11:43:56-05:00,2017-10-06T13:23:45+01:00
d69c014608acdfa37839d49412e6d6974ac539a0,7b1ec1cfb76dfd71519d4a1482be0355817b06fc,ssl/statem/extensions_clnt.c,"('21633', '');('25605', '')",2025-02-10T11:43:56-05:00,2017-05-09T17:23:58+01:00
d69c014608acdfa37839d49412e6d6974ac539a0,16f0e91cf82e13c327f0b0402459dfbf78ef787c,ssl/statem/extensions_clnt.c,"('21633', '');('25605', '')",2025-02-10T11:43:56-05:00,2022-10-07T10:01:48+01:00
d69c014608acdfa37839d49412e6d6974ac539a0,3847d426e3a530786b82fecfdbc9793b44b88cd3,ssl/statem/extensions_clnt.c,"('21633', '');('25605', '')",2025-02-10T11:43:56-05:00,2017-02-14T13:14:25+00:00
d69c014608acdfa37839d49412e6d6974ac539a0,c48ffbcca1d0213c6bcbe85de7bb5dd23c76438d,ssl/statem/extensions_clnt.c,"('21633', '');('25605', '')",2025-02-10T11:43:56-05:00,2020-11-11T12:12:23+01:00
d69c014608acdfa37839d49412e6d6974ac539a0,555cbb328ee2eaa9356cd23e2194c1600653c500,ssl/statem/extensions_clnt.c,"('21633', '');('25605', '')",2025-02-10T11:43:56-05:00,2019-04-29T17:26:09+01:00
d69c014608acdfa37839d49412e6d6974ac539a0,d5530efada83825ef239a8458db541adc4b422ec,ssl/statem/extensions_srvr.c,"('21633', '');('25605', '')",2025-02-10T11:43:56-05:00,2022-02-17T13:21:01+11:00
d69c014608acdfa37839d49412e6d6974ac539a0,5ac8fb584a0ba8e4223e98b87a5416d67340360e,ssl/statem/extensions_srvr.c,"('21633', '');('25605', '')",2025-02-10T11:43:56-05:00,2020-10-20T16:39:41+01:00
d69c014608acdfa37839d49412e6d6974ac539a0,0a10825a009c830125fef94c81d34e41300a24a5,ssl/statem/extensions_srvr.c,"('21633', '');('25605', '')",2025-02-10T11:43:56-05:00,2021-11-26T06:45:19+01:00
d69c014608acdfa37839d49412e6d6974ac539a0,247b8e52527ed4facd9ff07cdef0df819193c0c3,ssl/statem/extensions_srvr.c,"('21633', '');('25605', '')",2025-02-10T11:43:56-05:00,2022-10-12T15:55:58+01:00
d69c014608acdfa37839d49412e6d6974ac539a0,7da160b0f46d832dbf285cb0b48ae56d4a8b884d,ssl/statem/extensions_srvr.c,"('21633', '');('25605', '')",2025-02-10T11:43:56-05:00,2016-12-08T17:18:12+00:00
d69c014608acdfa37839d49412e6d6974ac539a0,ada66e78ef535fe80e422bbbadffe8e7863d457c,ssl/statem/extensions_srvr.c,"('21633', '');('25605', '')",2025-02-10T11:43:56-05:00,2020-02-20T19:04:57+10:00
d69c014608acdfa37839d49412e6d6974ac539a0,25670f3e87d3a9e7ea8ffb2b717a288e2b3024f5,ssl/statem/extensions_srvr.c,"('21633', '');('25605', '')",2025-02-10T11:43:56-05:00,2016-12-08T17:18:06+00:00
d69c014608acdfa37839d49412e6d6974ac539a0,16f0e91cf82e13c327f0b0402459dfbf78ef787c,ssl/statem/extensions_srvr.c,"('21633', '');('25605', '')",2025-02-10T11:43:56-05:00,2022-10-07T10:01:48+01:00
d69c014608acdfa37839d49412e6d6974ac539a0,43b95d736561e64dd7c1c97555f39a98c56d1ae3,ssl/statem/extensions_srvr.c,"('21633', '');('25605', '')",2025-02-10T11:43:56-05:00,2017-09-26T13:00:26+01:00
d69c014608acdfa37839d49412e6d6974ac539a0,f48d826e33cac6f88cf41da0af9f54a287bdbadd,ssl/statem/extensions_srvr.c,"('21633', '');('25605', '')",2025-02-10T11:43:56-05:00,2017-10-06T13:23:45+01:00
d69c014608acdfa37839d49412e6d6974ac539a0,43054d3d734a8fa8a3d2da20c206a47d4060b7bd,ssl/statem/extensions_srvr.c,"('21633', '');('25605', '')",2025-02-10T11:43:56-05:00,2018-01-24T18:02:35+00:00
d69c014608acdfa37839d49412e6d6974ac539a0,c48ffbcca1d0213c6bcbe85de7bb5dd23c76438d,ssl/statem/extensions_srvr.c,"('21633', '');('25605', '')",2025-02-10T11:43:56-05:00,2020-11-11T12:12:23+01:00
d69c014608acdfa37839d49412e6d6974ac539a0,555cbb328ee2eaa9356cd23e2194c1600653c500,ssl/statem/extensions_srvr.c,"('21633', '');('25605', '')",2025-02-10T11:43:56-05:00,2019-04-29T17:26:09+01:00
d69c014608acdfa37839d49412e6d6974ac539a0,aff9929b43cba794e5b99a9be5c8ca47873154d1,ssl/statem/statem_lib.c,"('21633', '');('25605', '')",2025-02-10T11:43:56-05:00,2017-02-14T13:14:25+00:00
d69c014608acdfa37839d49412e6d6974ac539a0,aff9929b43cba794e5b99a9be5c8ca47873154d1,ssl/statem/statem_local.h,"('21633', '');('25605', '')",2025-02-10T11:43:56-05:00,2017-02-14T13:14:25+00:00
d69c014608acdfa37839d49412e6d6974ac539a0,d0595f170c225b918a980f49c5d16ec53545a6ad,ssl/t1_lib.c,"('21633', '');('25605', '')",2025-02-10T11:43:56-05:00,2012-03-28T15:05:04+00:00
d69c014608acdfa37839d49412e6d6974ac539a0,260009d877bfd6fe75aef08ecf4c366127f1f78e,ssl/t1_lib.c,"('21633', '');('25605', '')",2025-02-10T11:43:56-05:00,2020-06-19T10:19:31+01:00
d69c014608acdfa37839d49412e6d6974ac539a0,62ea5ffa7c8882ba90b26ab1deb0d977dcb5165c,ssl/t1_lib.c,"('21633', '');('25605', '')",2025-02-10T11:43:56-05:00,2023-03-24T13:40:12+01:00
d69c014608acdfa37839d49412e6d6974ac539a0,357e27342e9bbe8d45e8be079a11588e7905fc55,ssl/t1_lib.c,"('21633', '');('25605', '')",2025-02-10T11:43:56-05:00,2024-11-04T11:49:49+01:00
d69c014608acdfa37839d49412e6d6974ac539a0,9e84a42db497e06a38f804b5acd09b6aa4f87db3,ssl/t1_lib.c,"('21633', '');('25605', '')",2025-02-10T11:43:56-05:00,2017-09-22T22:59:42+01:00
d69c014608acdfa37839d49412e6d6974ac539a0,10f65f7282d07c308cba5e26488bc504f56abc8a,ssl/t1_lib.c,"('21633', '');('25605', '')",2025-02-10T11:43:56-05:00,2024-03-06T10:42:05+01:00
d69c014608acdfa37839d49412e6d6974ac539a0,2747d73c1466c487daf64a1234b6fe2e8a62ac75,ssl/t1_lib.c,"('21633', '');('25605', '')",2025-02-10T11:43:56-05:00,2015-01-24T14:46:50+01:00
d69c014608acdfa37839d49412e6d6974ac539a0,57e7401fc5c6af8e9266a721be669a3b70fbfb3f,ssl/t1_lib.c,"('21633', '');('25605', '')",2025-02-10T11:43:56-05:00,2021-04-19T10:39:12+01:00
d69c014608acdfa37839d49412e6d6974ac539a0,0c8e98e615d3522592a5bde6fcef43e42eb70deb,ssl/tls_depr.c,"('21633', '');('25605', '')",2025-02-10T11:43:56-05:00,2021-01-26T15:26:49+01:00
a31dfb0ee655b1b9a181d05f32975a9a42fd9785,73977a04241e5bff87a86f0aa0f444b0c7c79492,demos/http3/ossl-nghttp3-demo-server.c,"('752', '')",2025-02-17T11:27:32-05:00,2025-02-17T11:27:32-05:00
20a2f3beba9be6e226a0633b60c29e8a928ccd21,5b234be4c44f5b178bc69da3d610ae1b70441873,crypto/ec/ec_key.c,"('26779', '')",2025-02-19T09:30:25-05:00,2022-11-02T08:42:46+11:00
84694d2baa964abcd4f3d57a2a85a8369743476c,d69c014608acdfa37839d49412e6d6974ac539a0,ssl/statem/extensions_srvr.c,"('1106', '')",2025-02-19T17:08:53+01:00,2025-02-10T11:43:56-05:00
00a173af77c878065c1370a40782aac04c4c83a8,e98940d6f6da8347ca7a8c5cb9f7c528c6133c8d,.github/workflows/ci.yml,"('26798', '')",2025-02-21T14:01:51+01:00,2024-03-06T20:44:48+00:00
00a173af77c878065c1370a40782aac04c4c83a8,f2db70962cacc2602bc614d51e0610085c99e999,.github/workflows/ci.yml,"('26798', '')",2025-02-21T14:01:51+01:00,2024-03-21T17:57:50+00:00
3be71de4d925a4ef0a053327ff6a83728742c039,75bc132dec23ac43e8baa85ee1d37c13d52f2f09,fuzz/slh-dsa.c,"('', '397734693');('1109', '')",2025-02-22T14:29:56-05:00,2025-02-18T10:24:02+01:00
a6f512a1e6c1c2e3e1efaad51a6fcf65f260bbb1,a02077d4d7aeb0c99cc88cdfc7c131e48f98c4de,crypto/threads_pthread.c,"('23974', '')",2025-02-25T10:38:26+01:00,2024-04-16T09:18:01+02:00
a6f512a1e6c1c2e3e1efaad51a6fcf65f260bbb1,f5b5a35c84626823364b0c8535b968c106690a56,crypto/threads_pthread.c,"('23974', '')",2025-02-25T10:38:26+01:00,2024-04-10T09:18:07+02:00
be5965acad7a1c45e49411bcf4abad99d106a7c1,6dcb100f89d0ef081771d533fed342412ac7a13f,ssl/ssl_cert.c,"('26480', '')",2025-02-25T15:50:45+01:00,2019-11-03T18:38:23+01:00
395a83a617a09c1ae02e8040386f9acb356d13c1,f538b42155283879d1a55708292105437a96700d,ssl/quic/quic_channel.c,"('26241', '')",2025-02-25T15:55:46+01:00,2023-01-13T13:20:14+00:00
395a83a617a09c1ae02e8040386f9acb356d13c1,617b459ddfabe5c2fbfc28808126999d936218fe,ssl/quic/quic_channel.c,"('26241', '')",2025-02-25T15:55:46+01:00,2023-09-01T10:45:34+01:00
395a83a617a09c1ae02e8040386f9acb356d13c1,b1b06da2a3968abc552c1a440cba1b91bd6e34c2,ssl/quic/quic_channel.c,"('26241', '')",2025-02-25T15:55:46+01:00,2023-01-19T13:17:39+00:00
395a83a617a09c1ae02e8040386f9acb356d13c1,1957148384c72ea7bc33a5c415d8f84526ed6480,ssl/quic/quic_record_tx.c,"('26241', '')",2025-02-25T15:55:46+01:00,2022-09-02T10:03:55+02:00
395a83a617a09c1ae02e8040386f9acb356d13c1,a73078b79fc6f229b95312dcb20e4f61120a108c,ssl/quic/quic_txp.c,"('26241', '')",2025-02-25T15:55:46+01:00,2022-11-24T08:15:20+00:00
69d15b28afc21d11354fb949de3cd642609d0c24,451cb23c41c90d5a02902b3a77551aa9ee1c6956,providers/fips/self_test_data.inc,"('26876', '')",2025-02-26T12:13:03+01:00,2023-03-07T18:28:54+01:00
69d15b28afc21d11354fb949de3cd642609d0c24,acd3e548bc2cfd21985c98624bc78036401fd018,providers/fips/self_test_data.inc,"('26876', '')",2025-02-26T12:13:03+01:00,2020-12-11T10:59:32+10:00
69d15b28afc21d11354fb949de3cd642609d0c24,f7fd43402c73dcc2d8fced1fca60f7da9a3a2a45,providers/fips/self_test_data.inc,"('26876', '')",2025-02-26T12:13:03+01:00,2024-08-23T11:07:36+02:00
f86acc9434e3b1ff8bc11bac6210dbef25cbb4b1,3fd59700357072c567785a1fb1430a55ef7bd45b,crypto/evp/encode.c,"('26677', '')",2025-02-27T17:38:57+00:00,2018-04-13T09:37:38+01:00
f86acc9434e3b1ff8bc11bac6210dbef25cbb4b1,3cdd1e94b1d71f2ce3002738f9506da91fe2af45,crypto/evp/encode.c,"('26677', '')",2025-02-27T17:38:57+00:00,2015-09-17T19:48:14+02:00
f86acc9434e3b1ff8bc11bac6210dbef25cbb4b1,0f113f3ee4d629ef9a4a30911b22b224772085e5,crypto/evp/encode.c,"('26677', '')",2025-02-27T17:38:57+00:00,2015-01-22T09:20:09+00:00
f86acc9434e3b1ff8bc11bac6210dbef25cbb4b1,7ed6de997f62466271ef7ff6016026e1fdc76963,doc/man3/EVP_EncodeInit.pod,"('26677', '')",2025-02-27T17:38:57+00:00,2024-09-05T09:35:49+02:00
f86acc9434e3b1ff8bc11bac6210dbef25cbb4b1,e3d378bcf1324fb6958366f21539e1e0533225f1,test/evp_test.c,"('26677', '')",2025-02-27T17:38:57+00:00,2017-05-26T11:01:50+02:00
f86acc9434e3b1ff8bc11bac6210dbef25cbb4b1,5f4983f99b50b02392336da93ada70ea4f77b1eb,test/evp_test.c,"('26677', '')",2025-02-27T17:38:57+00:00,2024-05-06T08:57:51+10:00
f86acc9434e3b1ff8bc11bac6210dbef25cbb4b1,6c5943c9f619fdad08b8c6d01b12bd500a6c605a,test/evp_test.c,"('26677', '')",2025-02-27T17:38:57+00:00,2017-05-11T11:28:29-04:00
aaad33c5ac1ce574229066ca3ce47ef3510a6e8d,dd2b22d88c9c974f4ca6bce2550f89ac7fb76839,crypto/build.info,"('26672', '')",2025-03-01T14:46:03-05:00,2024-07-09T04:01:30-04:00
aaad33c5ac1ce574229066ca3ce47ef3510a6e8d,9343d3fe3bc5a4a2d6461c640d34a96e950177ad,crypto/err/openssl.ec,"('26672', '')",2025-03-01T14:46:03-05:00,2020-11-24T15:18:29+01:00
aaad33c5ac1ce574229066ca3ce47ef3510a6e8d,f5a46ed7fe66520c6f1016eb96e96cb241ba229f,ssl/build.info,"('26672', '')",2025-03-01T14:46:03-05:00,2020-11-24T15:21:44+01:00
aaad33c5ac1ce574229066ca3ce47ef3510a6e8d,b93f6c2db94f736b497ff31a793c1e6766eaf209,ssl/ssl_err_legacy.c,"('26672', '')",2025-03-01T14:46:03-05:00,2021-05-26T13:01:47+10:00
aaad33c5ac1ce574229066ca3ce47ef3510a6e8d,b93f6c2db94f736b497ff31a793c1e6766eaf209,ssl/ssl_init.c,"('26672', '')",2025-03-01T14:46:03-05:00,2021-05-26T13:01:47+10:00
aaad33c5ac1ce574229066ca3ce47ef3510a6e8d,c2e4e5d248567d4eea5bf6d525bdbcc09099ba6e,ssl/ssl_init.c,"('26672', '')",2025-03-01T14:46:03-05:00,2016-07-19T23:49:54+02:00
aaad33c5ac1ce574229066ca3ce47ef3510a6e8d,b1f1e7aebad6ece6d878ca7e823b4ad92e2415f3,ssl/ssl_init.c,"('26672', '')",2025-03-01T14:46:03-05:00,2016-03-07T17:17:21+00:00
aaad33c5ac1ce574229066ca3ce47ef3510a6e8d,660a1e0434eb5eb8548bea3ad35f3821d49c5c15,ssl/ssl_init.c,"('26672', '')",2025-03-01T14:46:03-05:00,2019-01-04T13:19:39+00:00
aaad33c5ac1ce574229066ca3ce47ef3510a6e8d,b184e3ef73200cb3b7914a603b43a5b8a074c85f,ssl/ssl_init.c,"('26672', '')",2025-03-01T14:46:03-05:00,2016-02-09T15:11:38+00:00
ac80e1e15dcd13c61392a706170c427250c7bb69,78df1c1f611796b6e86f5dbac6ffe45dca6f7c0f,doc/man7/EVP_KEM-ML-KEM.pod,"('26945', '')",2025-03-04T14:06:32+01:00,2025-02-14T10:50:57+01:00
108079fcbbde3bfd2966312ea6bd1912bc23673b,b4116b93727dcc65639469828aff93f25bf281d4,crypto/aes/asm/aesni-xts-avx512.pl,"('27049', '')",2025-03-19T08:03:50+11:00,2025-02-27T08:31:16-05:00
978e23a472a6acdee737ab70d0d74e173affa5ef,363b1e5daea4a01889e6ff27148018be63d33b9b,doc/man7/provider-digest.pod,"('26626', '')",2025-03-19T10:41:34+01:00,2020-06-24T22:01:22+02:00
6708df48d6e31a598df2fa24bbc907a762d9a371,d1c2c054a4b585eed8c883367d80e2a972c4846f,providers/implementations/signature/dsa_sig.c,"('27084', '')",2025-03-25T20:00:42+01:00,2024-08-30T11:54:13+02:00
6708df48d6e31a598df2fa24bbc907a762d9a371,e43b44824174fb35309b32db9c1cca5d6fdca74a,providers/implementations/signature/dsa_sig.c,"('27084', '')",2025-03-25T20:00:42+01:00,2020-09-18T14:20:38+01:00
6708df48d6e31a598df2fa24bbc907a762d9a371,6a2ab4a9c81c676570e849e474ce64f8c2dee2a9,providers/implementations/signature/dsa_sig.c,"('27084', '')",2025-03-25T20:00:42+01:00,2021-05-12T13:12:00+02:00
6708df48d6e31a598df2fa24bbc907a762d9a371,b69ca92a5e61745dc0e74bb5c1eef75e8b45f83f,providers/implementations/signature/ecdsa_sig.c,"('27084', '')",2025-03-25T20:00:42+01:00,2024-10-07T17:35:28+02:00
6708df48d6e31a598df2fa24bbc907a762d9a371,f68ba38e189088cae4c625c995dd3fcec01d657c,providers/implementations/signature/ecdsa_sig.c,"('27084', '')",2025-03-25T20:00:42+01:00,2024-08-30T11:54:13+02:00
78b1fdf4a101ae4909038e90b2c3c961be5a7064,3aefe30469e55c9d323e7ed246827a1aae0178f1,doc/internal/man3/bn_mul_words.pod,"('26399', '')",2025-03-26T15:49:31+01:00,2000-02-27T18:35:29+00:00
78b1fdf4a101ae4909038e90b2c3c961be5a7064,775c63fc023cbe1f2f6c2f512482a52986f55753,doc/internal/man3/bn_mul_words.pod,"('26399', '')",2025-03-26T15:49:31+01:00,2000-02-26T22:16:47+00:00
78b1fdf4a101ae4909038e90b2c3c961be5a7064,d6245b8952550c6f3fd8a61c0fab0fddf7275d15,doc/internal/man3/bn_mul_words.pod,"('26399', '')",2025-03-26T15:49:31+01:00,2009-10-28T13:52:07+00:00
78b1fdf4a101ae4909038e90b2c3c961be5a7064,5ee6cc11626114223fbcae1e51bc9302652406d2,doc/internal/man3/bn_mul_words.pod,"('26399', '')",2025-03-26T15:49:31+01:00,2000-02-27T02:38:41+00:00
131fff1b09e07eeb5db8b99d7e8f502d8c4fb1e5,6dfc57f8a901f2cb40664a9f2060a91943a7982c,test/helpers/noisydgrambio.c,"('27103', '')",2025-03-26T17:40:56+01:00,2023-10-06T10:24:58+02:00
131fff1b09e07eeb5db8b99d7e8f502d8c4fb1e5,21d2041da02c67218c94cef6792d8b84d810710b,test/helpers/noisydgrambio.c,"('27103', '')",2025-03-26T17:40:56+01:00,2023-10-04T10:51:51+11:00
131fff1b09e07eeb5db8b99d7e8f502d8c4fb1e5,8f67c6bb7cab70bbcc231ee3e18d140a2857ebdb,test/helpers/quictestlib.c,"('27103', '')",2025-03-26T17:40:56+01:00,2023-10-06T10:24:58+02:00
a5f98e6da521934455898d49c8b2152a60b46925,38b051a1fedc79ebf24a96de2e9a326ad3665baf,ssl/ssl_local.h,"('1', '');('1144', '');('25277', '')",2025-03-31T14:07:56+02:00,2022-07-28T10:04:28+01:00
a5f98e6da521934455898d49c8b2152a60b46925,f7aa318552c4ef62d902c480b59bd7c4513c0009,ssl/ssl_local.h,"('1', '');('1144', '');('25277', '')",2025-03-31T14:07:56+02:00,2016-05-09T17:46:23+01:00
a5f98e6da521934455898d49c8b2152a60b46925,ab83e31414286ccdc35fbacf976f64a910a6c718,ssl/statem/extensions_clnt.c,"('1', '');('1144', '');('25277', '')",2025-03-31T14:07:56+02:00,2016-12-08T17:18:30+00:00
a5f98e6da521934455898d49c8b2152a60b46925,93a77f9e2c66a4e63f732bb0d04695b4f951febb,ssl/t1_lib.c,"('1', '');('1144', '');('25277', '')",2025-03-31T14:07:56+02:00,2017-02-02T14:45:09+00:00
a5f98e6da521934455898d49c8b2152a60b46925,bcff020c36d7eecf00869261c17278bd9c54f48e,ssl/t1_lib.c,"('1', '');('1144', '');('25277', '')",2025-03-31T14:07:56+02:00,2025-03-09T23:19:37+01:00
a5f98e6da521934455898d49c8b2152a60b46925,54e3efff81f41f71fe17303d5ec6db49415e5d6d,ssl/t1_lib.c,"('1', '');('1144', '');('25277', '')",2025-03-31T14:07:56+02:00,2021-02-05T15:22:42+00:00
a5f98e6da521934455898d49c8b2152a60b46925,d61ff83be977d9622b98f61a49ab3c1ca2db78a1,ssl/t1_lib.c,"('1', '');('1144', '');('25277', '')",2025-03-31T14:07:56+02:00,2012-06-28T12:45:49+00:00
a5f98e6da521934455898d49c8b2152a60b46925,095a982bb49879e6dea1e846d744652b2bd30e18,ssl/t1_lib.c,"('1', '');('1144', '');('25277', '')",2025-03-31T14:07:56+02:00,2017-02-25T00:43:45+00:00
a5f98e6da521934455898d49c8b2152a60b46925,a87f3fe01a5a894aa27ccd6a239155fd129988e4,ssl/t1_lib.c,"('1', '');('1144', '');('25277', '')",2025-03-31T14:07:56+02:00,2020-04-21T13:32:35+01:00
a5f98e6da521934455898d49c8b2152a60b46925,bcff020c36d7eecf00869261c17278bd9c54f48e,test/recipes/95-test_external_tlsfuzzer_data/cert.json.in,"('1', '');('1144', '');('25277', '')",2025-03-31T14:07:56+02:00,2025-03-09T23:19:37+01:00
a5f98e6da521934455898d49c8b2152a60b46925,d8652be06e2778e8898453a391deb7253e1a35a2,test/sslapitest.c,"('1', '');('1144', '');('25277', '')",2025-03-31T14:07:56+02:00,2020-10-01T09:25:20+01:00
a5f98e6da521934455898d49c8b2152a60b46925,1a2a3a420609c2d540b544e5ae829a3cb468a6e3,test/sslapitest.c,"('1', '');('1144', '');('25277', '')",2025-03-31T14:07:56+02:00,2019-08-09T17:29:39+01:00
a5f98e6da521934455898d49c8b2152a60b46925,6725682d77510bf6d499957897d7be124d603f40,test/sslapitest.c,"('1', '');('1144', '');('25277', '')",2025-03-31T14:07:56+02:00,2020-07-24T22:53:27+10:00
a5f98e6da521934455898d49c8b2152a60b46925,5f2b7db09b6f9650ecf2b465ee9f737385623bd5,test/sslapitest.c,"('1', '');('1144', '');('25277', '')",2025-03-31T14:07:56+02:00,2020-08-20T12:37:35+02:00
a5f98e6da521934455898d49c8b2152a60b46925,7cb8fb07e8b71dc1fdcb0de10af7fed4347f6ea4,test/sslapitest.c,"('1', '');('1144', '');('25277', '')",2025-03-31T14:07:56+02:00,2019-06-26T12:20:55-05:00
a5f98e6da521934455898d49c8b2152a60b46925,e3f0362407f6f40e413d6dcb35888514dbaed6f8,test/sslapitest.c,"('1', '');('1144', '');('25277', '')",2025-03-31T14:07:56+02:00,2021-11-16T17:34:11+01:00
a5f98e6da521934455898d49c8b2152a60b46925,cd6fe29f5bad1a350a039673e06f83ec7a7ef619,test/sslapitest.c,"('1', '');('1144', '');('25277', '')",2025-03-31T14:07:56+02:00,2018-09-21T17:39:14+01:00
38bf6f3036d1baddbe4618a219aaf17d460091d9,15f9df40ff32f40681f38d73ddbdf0ccd83b1e94,ssl/quic/quic_method.c,"('27282', '')",2025-04-14T08:52:18+01:00,2025-02-17T11:27:32-05:00
1a81d509a001607e40eb49174fa555068bdf7c48,cd7a8e96bbdbedb05f7f13a8fb13fb5d9d0d17a6,crypto/chacha/asm/chacha-armv8-sve.pl,"('27197', '')",2025-04-14T15:43:58+01:00,2023-01-16T17:03:34+01:00
1a81d509a001607e40eb49174fa555068bdf7c48,71396cd048072b69559b46d98cfebfd4474cd712,crypto/sm3/asm/sm3-armv8.pl,"('27197', '')",2025-04-14T15:43:58+01:00,2022-01-14T11:40:05+01:00
1a81d509a001607e40eb49174fa555068bdf7c48,15b7175f558bf9eb057ec3266685486f727dd70f,crypto/sm4/asm/sm4-armv8.pl,"('27197', '')",2025-04-14T15:43:58+01:00,2022-01-18T11:52:14+01:00
d890ad2b96efea4f5f4b0db190017ce9a3897df7,fa4dd546c531ba2ec886531aa5adfd480ed2a094,apps/CA.pl.in,"('26595', '')",2025-04-15T15:22:54+01:00,2017-10-07T11:26:35-04:00
4f81470afadea3d1582d1df7f1b2b5e3ece63331,e33ffaca12c67a115142d9327405babd21718e97,doc/man3/CMS_sign.pod,"('27291', '')",2025-04-15T15:39:59+01:00,2008-04-08T22:27:10+00:00
4f81470afadea3d1582d1df7f1b2b5e3ece63331,4cfb986f279eab2479b7b818bc1e4c3fe63849ef,doc/man3/PKCS7_sign.pod,"('27291', '')",2025-04-15T15:39:59+01:00,2007-04-13T12:57:48+00:00
de67f90815f1dc1ec9f4a9670ae854b71933f7cc,5a5530a29abcf5d7ab7194d73b3807d568b06cbd,ssl/t1_trce.c,"('27303', '')",2025-04-15T15:53:26+01:00,2020-05-19T13:02:43+03:00
a0ff819e537854e7e96d26a0deb56d703006b40f,0d83b7b9036feea680ba45751df028ff5e86cd63,providers/implementations/ciphers/cipher_aes_cbc_hmac_sha.c,"('27117', '')",2025-04-16T08:44:12+01:00,2021-01-18T14:27:44+01:00
a0ff819e537854e7e96d26a0deb56d703006b40f,320d96a32c16de1adbf11f76819fe738f24665b1,providers/implementations/ciphers/cipher_aes_cbc_hmac_sha.c,"('27117', '')",2025-04-16T08:44:12+01:00,2020-06-20T09:46:30-07:00
a0ff819e537854e7e96d26a0deb56d703006b40f,8489026850b38447d8e3e68c4d4260585b7e8e3a,providers/implementations/ciphers/cipher_aes_ocb.c,"('27117', '')",2025-04-16T08:44:12+01:00,2020-08-11T07:07:37-07:00
a0ff819e537854e7e96d26a0deb56d703006b40f,320d96a32c16de1adbf11f76819fe738f24665b1,providers/implementations/ciphers/cipher_aes_ocb.c,"('27117', '')",2025-04-16T08:44:12+01:00,2020-06-20T09:46:30-07:00
a0ff819e537854e7e96d26a0deb56d703006b40f,089cb623be76b88a1eea6fcd135101037661bbc3,providers/implementations/ciphers/ciphercommon.c,"('27117', '')",2025-04-16T08:44:12+01:00,2019-10-08T09:19:10+10:00
a0ff819e537854e7e96d26a0deb56d703006b40f,8489026850b38447d8e3e68c4d4260585b7e8e3a,providers/implementations/ciphers/ciphercommon.c,"('27117', '')",2025-04-16T08:44:12+01:00,2020-08-11T07:07:37-07:00
a0ff819e537854e7e96d26a0deb56d703006b40f,320d96a32c16de1adbf11f76819fe738f24665b1,providers/implementations/ciphers/ciphercommon_ccm.c,"('27117', '')",2025-04-16T08:44:12+01:00,2020-06-20T09:46:30-07:00
a0ff819e537854e7e96d26a0deb56d703006b40f,8489026850b38447d8e3e68c4d4260585b7e8e3a,providers/implementations/ciphers/ciphercommon_ccm.c,"('27117', '')",2025-04-16T08:44:12+01:00,2020-08-11T07:07:37-07:00
a0ff819e537854e7e96d26a0deb56d703006b40f,8489026850b38447d8e3e68c4d4260585b7e8e3a,providers/implementations/ciphers/ciphercommon_gcm.c,"('27117', '')",2025-04-16T08:44:12+01:00,2020-08-11T07:07:37-07:00
a0ff819e537854e7e96d26a0deb56d703006b40f,320d96a32c16de1adbf11f76819fe738f24665b1,providers/implementations/ciphers/ciphercommon_gcm.c,"('27117', '')",2025-04-16T08:44:12+01:00,2020-06-20T09:46:30-07:00
a0ff819e537854e7e96d26a0deb56d703006b40f,5d677186e9e50ac9ed1e48d535044d4927775c28,test/params_api_test.c,"('27117', '')",2025-04-16T08:44:12+01:00,2019-03-19T17:42:05+10:00
8419baf31222c5f439b09ceb41f7a6e1916eab3b,606e0426a148034c8c131de9f31f7d3e38be99ea,providers/implementations/storemgmt/winstore_store.c,"('27355', '')",2025-04-16T09:42:16+01:00,2022-09-14T14:10:18+01:00
b13b8eb95e7ceca37b5e1c7079ba8f17a0fa9d89,99c166a1b0408e6d5c6efdc402fa859652048751,doc/man3/ASN1_item_sign.pod,"('22932', '')",2025-04-18T15:38:41+01:00,2021-02-15T11:18:13+10:00
23e3b3c0c5d8f29d95f518a1f0e40f3e1c63ead9,4f62f5d9af4fb4c7765859967ee39252e34ceeb9,doc/man7/provider-signature.pod,"('22932', '')",2025-04-18T15:38:41+01:00,2019-09-09T14:00:00+01:00
23e3b3c0c5d8f29d95f518a1f0e40f3e1c63ead9,edd3b7a309f8767fc7d8a5c4f7d350b53e144c1b,doc/man7/provider-signature.pod,"('22932', '')",2025-04-18T15:38:41+01:00,2020-03-15T21:34:29+10:00
f492649b99012b0b8ab5c83b66b20aa65bee1f1c,046a7aaa5e3c398b19fcdb5b486d57ab9c6ced30,apps/pkey.c,"('21708', '');('8', '')",2025-04-24T21:12:49+10:00,2021-01-11T19:35:34+01:00
f492649b99012b0b8ab5c83b66b20aa65bee1f1c,c87af534e6387dda5b81c762c83b19d014f156b2,apps/pkey.c,"('21708', '');('8', '')",2025-04-24T21:12:49+10:00,2018-08-24T15:33:26+03:00
f492649b99012b0b8ab5c83b66b20aa65bee1f1c,a571425492f628cee57684d43f44b4ad3df74a9a,test/recipes/15-test_pkey.t,"('21708', '');('8', '')",2025-04-24T21:12:49+10:00,2024-10-04T12:09:33+02:00
0efc439a3be54a6eb73015e997aa6a6f375b77ef,26a7d938c9bf932a55cb5e4e02abb48fe395c5cd,crypto/x509/x509_txt.c,"('14771', '')",2025-04-24T14:37:39+02:00,2017-10-18T16:05:06+01:00
fb555eb7a1d523e9df5584b44d16d0f72417bd19,d6056f085dc0d53663433d98eb105cb5f26624e7,crypto/bio/bio_print.c,"('26973', '')",2025-04-24T16:01:43+02:00,2016-05-27T10:23:18+01:00
fb555eb7a1d523e9df5584b44d16d0f72417bd19,5584fd7f3d306ea0f610be9d69e64050421b2a0d,test/bioprinttest.c,"('26973', '')",2025-04-24T16:01:43+02:00,2017-05-15T14:47:51+02:00
cb5bb8916fa0e044e6658c8b3db6d7c672cb25fe,072328dddb8371b865bd18caca9a77698e883c80,include/internal/quic_ssl.h,"('27347', '');('27348', '')",2025-04-24T20:10:44+02:00,2023-05-12T14:46:03+01:00
cb5bb8916fa0e044e6658c8b3db6d7c672cb25fe,072328dddb8371b865bd18caca9a77698e883c80,ssl/quic/quic_impl.c,"('27347', '');('27348', '')",2025-04-24T20:10:44+02:00,2023-05-12T14:46:03+01:00
cb5bb8916fa0e044e6658c8b3db6d7c672cb25fe,cb5c208bf2e39bf2367b051136c599cff1fc3683,ssl/quic/quic_impl.c,"('27347', '');('27348', '')",2025-04-24T20:10:44+02:00,2023-05-12T14:47:11+01:00
cb5bb8916fa0e044e6658c8b3db6d7c672cb25fe,22d53c88838d5899383af6955ae62ca4094308c3,ssl/quic/quic_impl.c,"('27347', '');('27348', '')",2025-04-24T20:10:44+02:00,2023-01-13T13:20:15+00:00
cb5bb8916fa0e044e6658c8b3db6d7c672cb25fe,67d43a7af530c98f0a98d72de1db9b0cfad98be0,ssl/quic/quic_impl.c,"('27347', '');('27348', '')",2025-04-24T20:10:44+02:00,2025-02-17T11:27:32-05:00
cb5bb8916fa0e044e6658c8b3db6d7c672cb25fe,f75b3d1db6d5d7eef347c19f3597692a8a20b7b9,ssl/quic/quic_impl.c,"('27347', '');('27348', '')",2025-04-24T20:10:44+02:00,2025-02-17T11:27:32-05:00
cb5bb8916fa0e044e6658c8b3db6d7c672cb25fe,6d495cc4de9efac980df0a70be5981fd94831d33,ssl/ssl_lib.c,"('27347', '');('27348', '')",2025-04-24T20:10:44+02:00,2023-05-12T14:47:09+01:00
29864f2b0f1046177e8048a5b17440893d3f9425,85cabd94958303859b1551364a609d4ff40b67a5,crypto/ec/ecp_nistp384.c,"('27350', '')",2025-04-25T20:04:31+02:00,2025-03-14T17:20:52+01:00
29864f2b0f1046177e8048a5b17440893d3f9425,01d901e470d9e035a3bd78e77b9438a4cc0da785,crypto/ec/ecp_nistp384.c,"('27350', '')",2025-04-25T20:04:31+02:00,2023-08-04T10:20:28-04:00
f417a91f2f27f660360bfd4bed83cba4b4df6a74,ac0677bd2394c04632f7ad526879a866b6ed149f,doc/man3/OSSL_CMP_CTX_new.pod,"('27459', '')",2025-04-28T17:25:58+02:00,2023-10-10T20:36:06+02:00
f417a91f2f27f660360bfd4bed83cba4b4df6a74,260878f7aab7b077f4ef9496e3541ec8c19c9d1c,doc/man3/OSSL_CMP_CTX_new.pod,"('27459', '')",2025-04-28T17:25:58+02:00,2023-02-08T16:29:00+01:00
f417a91f2f27f660360bfd4bed83cba4b4df6a74,40948c4c74099ae21843d9265dfe65f13cb9e6c5,doc/man3/OSSL_CMP_CTX_new.pod,"('27459', '')",2025-04-28T17:25:58+02:00,2024-06-17T10:54:03+02:00
f417a91f2f27f660360bfd4bed83cba4b4df6a74,5acd4007a0646ef1f9d0015ce438b891d1b24a62,doc/man3/OSSL_CMP_CTX_new.pod,"('27459', '')",2025-04-28T17:25:58+02:00,2023-01-23T10:54:29+01:00
f417a91f2f27f660360bfd4bed83cba4b4df6a74,1caaf073b071dcd184f10bd9cfbdb6ff73b9e945,doc/man3/OSSL_CMP_CTX_new.pod,"('27459', '')",2025-04-28T17:25:58+02:00,2024-01-17T15:03:41+01:00
f417a91f2f27f660360bfd4bed83cba4b4df6a74,92cae9b42de1eec3da7ef6ccb36188ff61f3e0df,doc/man3/OSSL_CMP_CTX_new.pod,"('27459', '')",2025-04-28T17:25:58+02:00,2022-03-18T20:20:12+01:00
f417a91f2f27f660360bfd4bed83cba4b4df6a74,7960dbec6801c1c98c848b81ca00e73625e8970b,doc/man3/OSSL_CMP_CTX_new.pod,"('27459', '')",2025-04-28T17:25:58+02:00,2019-09-27T10:53:11+01:00
f417a91f2f27f660360bfd4bed83cba4b4df6a74,89ed128d7a871b627693bfc1a89703d1a12cb402,doc/man3/OSSL_CMP_CTX_new.pod,"('27459', '')",2025-04-28T17:25:58+02:00,2023-07-17T08:48:26+10:00
f417a91f2f27f660360bfd4bed83cba4b4df6a74,0048817523b6b9d0bf514c90ad9c6a99167d0293,doc/man3/OSSL_CMP_CTX_new.pod,"('27459', '')",2025-04-28T17:25:58+02:00,2025-01-27T08:56:46+01:00
f417a91f2f27f660360bfd4bed83cba4b4df6a74,19f97fe6f10bf0d1daec26a9ae2ad919127c67d5,doc/man3/OSSL_CMP_CTX_new.pod,"('27459', '')",2025-04-28T17:25:58+02:00,2021-05-14T19:24:42+02:00
f417a91f2f27f660360bfd4bed83cba4b4df6a74,d3d0784e4147d2253ed4a13b7eafea4eeeaf38fb,doc/man3/OSSL_CMP_CTX_new.pod,"('27459', '')",2025-04-28T17:25:58+02:00,2020-05-13T19:42:00+02:00
f417a91f2f27f660360bfd4bed83cba4b4df6a74,aad086e2ae5f8d1b3b0934b1e67f7a426352727d,doc/man3/OSSL_CMP_CTX_new.pod,"('27459', '')",2025-04-28T17:25:58+02:00,2020-09-10T07:07:55+02:00
01ea08049815325bf7719499f58c3799aa3fb555,f5a50c2a07e288187c14b784be253b3a2a23483b,crypto/rand/rand_lib.c,"('27391', '')",2025-04-30T10:55:44+02:00,2021-01-14T17:30:46+00:00
01ea08049815325bf7719499f58c3799aa3fb555,3a01d5d65bdc95745e7ff762541b6394032e48a0,crypto/rand/rand_lib.c,"('27391', '')",2025-04-30T10:55:44+02:00,2024-10-09T13:53:10+11:00
01ea08049815325bf7719499f58c3799aa3fb555,7d615e2178fbffa53f05a67f68e5741374340308,crypto/rand/rand_lib.c,"('27391', '')",2025-04-30T10:55:44+02:00,2020-08-07T14:16:47+10:00
01ea08049815325bf7719499f58c3799aa3fb555,81aef6ba720971c09ad68f89d418c8d3d3f904f7,crypto/rand/rand_lib.c,"('27391', '')",2025-04-30T10:55:44+02:00,2020-12-09T12:20:32+10:00
01ea08049815325bf7719499f58c3799aa3fb555,cd4e6a351201270cd2769e1e2af7e9fb875a3f80,crypto/rand/rand_lib.c,"('27391', '')",2025-04-30T10:55:44+02:00,2021-02-02T12:21:21+00:00
01ea08049815325bf7719499f58c3799aa3fb555,6f20c6804e639230a2228810be0f682d452743e0,crypto/rand/rand_lib.c,"('27391', '')",2025-04-30T10:55:44+02:00,2024-09-19T08:44:14+10:00
01ea08049815325bf7719499f58c3799aa3fb555,1d180bbe8e2103f35328cf82fbde7fd23602735a,crypto/rand/rand_lib.c,"('27391', '')",2025-04-30T10:55:44+02:00,2020-12-09T22:28:52+10:00
67ad6a089804c3e78a2d9cd7058c8f2ddd86347c,3d5a7578e09a984c6475b1c008f5c76f850328cb,providers/implementations/ciphers/cipher_chacha20_hw.c,"('26998', '')",2025-05-07T11:19:50+10:00,2019-10-16T16:18:42+10:00
67ad6a089804c3e78a2d9cd7058c8f2ddd86347c,ed576acdf591d4164905ab98e89ca5a3b99d90ab,test/evp_test.c,"('26998', '')",2025-05-07T11:19:50+10:00,2021-06-01T12:40:00+02:00
67ad6a089804c3e78a2d9cd7058c8f2ddd86347c,e1491a2f15a985e642043f234240953886d2f989,test/evp_test.c,"('26998', '')",2025-05-07T11:19:50+10:00,2021-04-28T10:01:12+02:00
ce76714966227a2ba6a4ef80c2bd78bb36f6cffd,196b36f0d0c8bc9d227cb6ef2cc48fd6f4ed8c7e,crypto/sha/asm/sha512-x86_64.pl,"('27555', '')",2025-05-09T09:33:37+10:00,2025-04-03T11:14:42+11:00
35e431ed6daa894ee5385363cf4cfe4954312e4d,5a0991d0d94b966e0621b8123873b132877dc9d3,apps/cmp.c,"('27572', '')",2025-05-13T14:08:50+02:00,2020-09-10T12:07:33+02:00
831cbbb5dd4a569b12f3f1ae9a6688ccee8edd24,fb9339827bfba3e70719d245e905a22101010678,ssl/statem/statem_srvr.c,"('27530', '')",2025-05-13T14:11:20+02:00,2016-07-20T00:03:43+01:00
ae404a9b3bd052963b76434bcc97757d1d6d502e,f78f824c8e4064148af1186490e9b445871765fd,util/perl/TLSProxy/Proxy.pm,"('1213', '')",2025-06-06T09:38:09+02:00,2025-06-05T10:05:48-04:00
b0d363a2cb039eac2908b7cb00b395235373193e,1875e6db29fb832d3cac101024ccb1f690b35028,include/internal/e_os.h,"('27761', '')",2025-06-06T10:05:59+02:00,2005-07-05T11:44:45+00:00
b0d363a2cb039eac2908b7cb00b395235373193e,55c7a4cf112bf154ed405ee05a6b7924b6b1ba92,include/internal/e_os.h,"('27761', '')",2025-06-06T10:05:59+02:00,2014-09-30T21:05:33+02:00
b0d363a2cb039eac2908b7cb00b395235373193e,0f113f3ee4d629ef9a4a30911b22b224772085e5,include/internal/e_os.h,"('27761', '')",2025-06-06T10:05:59+02:00,2015-01-22T09:20:09+00:00
403ba31a02e47d37070036529966d5a94d98c6fd,28ea0a0c6a5e4e217c405340fa22a8503c7a17db,ssl/statem/extensions_cust.c,"('', '711')",2025-06-20T15:55:29+01:00,2014-08-28T17:06:52+01:00
403ba31a02e47d37070036529966d5a94d98c6fd,9ed90fd44cc1b8039d82610d90f56275d519c204,test/sslapitest.c,"('', '711')",2025-06-20T15:55:29+01:00,2025-05-30T06:44:38-04:00
403ba31a02e47d37070036529966d5a94d98c6fd,0c3e1f25b290722be3f2658c5a0d31c47d9c5806,test/sslapitest.c,"('', '711')",2025-06-20T15:55:29+01:00,2025-02-11T17:17:10+00:00
b6ff5598539bf91608246ed81b4b534cbea6539d,0f113f3ee4d629ef9a4a30911b22b224772085e5,apps/s_time.c,"('27856', '')",2025-06-20T14:56:44-04:00,2015-01-22T09:20:09+00:00
7bdc0d13d2b9ce1c1d0ec1f89dacc16e5d045314,4557e280086d9e300c56183b8ad0671857530dc5,apps/speed.c,"('', '27873')",2025-06-26T07:52:45-04:00,2023-03-31T14:19:18-04:00
902568bbd98a61d03495498b56e95e67e42cc71b,72a267331a603c925fae337e508d013eb0103c5e,crypto/rsa/rsa_crpt.c,"('', '1245');('1245', '')",2025-07-02T12:21:35-04:00,2011-01-25T17:35:10+00:00
902568bbd98a61d03495498b56e95e67e42cc71b,0b1a07c8a70486534526d8967f03e32806da5661,crypto/rsa/rsa_crpt.c,"('', '1245');('1245', '')",2025-07-02T12:21:35-04:00,2016-03-08T23:52:48+00:00
902568bbd98a61d03495498b56e95e67e42cc71b,8686c474807d3c7bcb722294f39ac4e5627e9fa2,crypto/rsa/rsa_crpt.c,"('', '1245');('1245', '')",2025-07-02T12:21:35-04:00,2017-08-25T16:23:07+01:00
902568bbd98a61d03495498b56e95e67e42cc71b,0f113f3ee4d629ef9a4a30911b22b224772085e5,crypto/rsa/rsa_lib.c,"('', '1245');('1245', '')",2025-07-02T12:21:35-04:00,2015-01-22T09:20:09+00:00
902568bbd98a61d03495498b56e95e67e42cc71b,9862e9aa98ee1e38fbcef8d1dd5db0e750eb5e8d,crypto/rsa/rsa_local.h,"('', '1245');('1245', '')",2025-07-02T12:21:35-04:00,2016-04-06T16:19:17+02:00
902568bbd98a61d03495498b56e95e67e42cc71b,c554155b58f5c0dda132048bb0a68a2d1a463d98,crypto/rsa/rsa_ossl.c,"('', '1245');('1245', '')",2025-07-02T12:21:35-04:00,2003-03-20T17:31:30+00:00
902568bbd98a61d03495498b56e95e67e42cc71b,90862ab4b2fb80ebbc89849bc28393da393022fb,crypto/rsa/rsa_ossl.c,"('', '1245');('1245', '')",2025-07-02T12:21:35-04:00,2017-08-25T16:23:07+01:00
902568bbd98a61d03495498b56e95e67e42cc71b,0b1a07c8a70486534526d8967f03e32806da5661,crypto/rsa/rsa_ossl.c,"('', '1245');('1245', '')",2025-07-02T12:21:35-04:00,2016-03-08T23:52:48+00:00
902568bbd98a61d03495498b56e95e67e42cc71b,d188a53617de68a707fe9459d4f4245d9a57cd9c,crypto/rsa/rsa_ossl.c,"('', '1245');('1245', '')",2025-07-02T12:21:35-04:00,2016-03-08T09:07:32-05:00
902568bbd98a61d03495498b56e95e67e42cc71b,4209ce68d8fe8b1506494efa03d378d05baf9ff8,crypto/rsa/rsa_ossl.c,"('', '1245');('1245', '')",2025-07-02T12:21:35-04:00,2023-04-04T12:13:27+02:00
902568bbd98a61d03495498b56e95e67e42cc71b,aefbcde29166caf851cf388361d70fd0dcf17d87,crypto/rsa/rsa_ossl.c,"('', '1245');('1245', '')",2025-07-02T12:21:35-04:00,2022-02-08T15:22:35+01:00
902568bbd98a61d03495498b56e95e67e42cc71b,675f605d44630d491f10c846344679e8fc90b119,crypto/rsa/rsa_ossl.c,"('', '1245');('1245', '')",2025-07-02T12:21:35-04:00,2006-06-14T08:55:23+00:00
902568bbd98a61d03495498b56e95e67e42cc71b,5679bcce070335745652c1b9689f6ba06c7b6596,crypto/rsa/rsa_ossl.c,"('', '1245');('1245', '')",2025-07-02T12:21:35-04:00,2003-04-02T09:50:22+00:00
902568bbd98a61d03495498b56e95e67e42cc71b,800e400de5ca30491577301ded618445b48c7911,crypto/rsa/rsa_ossl.c,"('', '1245');('1245', '')",2025-07-02T12:21:35-04:00,2005-04-26T22:31:48+00:00
902568bbd98a61d03495498b56e95e67e42cc71b,f53479f98a2f2a6149192c5e3ef4ddf0926dceba,crypto/rsa/rsa_ossl.c,"('', '1245');('1245', '')",2025-07-02T12:21:35-04:00,2023-05-30T17:39:29+01:00
902568bbd98a61d03495498b56e95e67e42cc71b,e077455e9e57ed4ee4676996b4a9aa11df6327a6,crypto/rsa/rsa_ossl.c,"('', '1245');('1245', '')",2025-07-02T12:21:35-04:00,2022-10-05T14:02:03+02:00
902568bbd98a61d03495498b56e95e67e42cc71b,e5641d7f052d163b92974dc845eef5e3f21f43ee,crypto/rsa/rsa_ossl.c,"('', '1245');('1245', '')",2025-07-02T12:21:35-04:00,2011-10-19T14:59:27+00:00
902568bbd98a61d03495498b56e95e67e42cc71b,cd3f8c1b11b0b9f4163bc8c62cbae38aec1b4030,crypto/rsa/rsa_ossl.c,"('', '1245');('1245', '')",2025-07-02T12:21:35-04:00,2021-03-14T15:33:34+10:00
902568bbd98a61d03495498b56e95e67e42cc71b,0f113f3ee4d629ef9a4a30911b22b224772085e5,crypto/rsa/rsa_ossl.c,"('', '1245');('1245', '')",2025-07-02T12:21:35-04:00,2015-01-22T09:20:09+00:00
ac6178c3f1835e7b1f640daaadc937ab202fda13,e8d6e0460b91a08a6ce073082c1db1c4c6707914,test/quicapitest.c,"('27806', '')",2025-07-03T15:41:01+01:00,2025-07-02T20:55:24-04:00
ac6178c3f1835e7b1f640daaadc937ab202fda13,20c3988bcd3f9a71864f031d6e60906398a4e547,test/quicapitest.c,"('27806', '')",2025-07-03T15:41:01+01:00,2025-07-02T20:55:24-04:00
b321bf25c88f2e604f3dd387dd14e1e6369895ad,ae404a9b3bd052963b76434bcc97757d1d6d502e,util/perl/TLSProxy/Proxy.pm,"('27940', '')",2025-07-09T12:08:37+02:00,2025-06-06T09:38:09+02:00
b321bf25c88f2e604f3dd387dd14e1e6369895ad,f78f824c8e4064148af1186490e9b445871765fd,util/perl/TLSProxy/Proxy.pm,"('27940', '')",2025-07-09T12:08:37+02:00,2025-06-05T10:05:48-04:00
f13abf37fd889977d77959c2e4da6f1de7f1d30f,b4fedba43caab2980e9d329422e7b0127d603949,crypto/ml_kem/ml_kem.c,"('', '1267')",2025-07-09T15:20:55-04:00,2025-07-07T15:40:47+02:00
162089af7c6894cf65b70be1fc7e7091be482a71,815dde3e2058eadad0e86cfaf9cb68fc3f597ddb,providers/implementations/keymgmt/ml_kem_kmgmt.c.in,"('', '1267')",2025-07-09T15:20:55-04:00,2025-07-07T15:40:47+02:00
d05ac3becdce6e9075642b9cbd00823662f8e119,c66bb88cb08adbc848271dd388aa9695c7e200be,crypto/perlasm/s390x.pm,"('', '1273')",2025-07-23T08:59:53-04:00,2019-01-05T09:38:40+01:00
d05ac3becdce6e9075642b9cbd00823662f8e119,51425094b5f696e767d0d8006ec2e7edba636b57,util/perl/OpenSSL/paramnames.pm,"('', '1273')",2025-07-23T08:59:53-04:00,2025-06-20T08:39:17+10:00
d05ac3becdce6e9075642b9cbd00823662f8e119,e96e0f8e420c42f28b0e86c9cf757f152f696321,util/perl/TLSProxy/Certificate.pm,"('', '1273')",2025-07-23T08:59:53-04:00,2017-01-06T10:25:13+00:00
d05ac3becdce6e9075642b9cbd00823662f8e119,dc5bcb88d819de55eb37460c122e02fec91c6d86,util/perl/TLSProxy/CertificateRequest.pm,"('', '1273')",2025-07-23T08:59:53-04:00,2019-09-06T10:07:11+01:00
d05ac3becdce6e9075642b9cbd00823662f8e119,adb403dea90cd3e2fb028bb16d44364a7b5d75d1,util/perl/TLSProxy/CertificateVerify.pm,"('', '1273')",2025-07-23T08:59:53-04:00,2017-01-10T23:02:50+00:00
d05ac3becdce6e9075642b9cbd00823662f8e119,3b3a00b62aab1e1016c2ad7f026b11cd3d0bc3b7,util/perl/TLSProxy/CertificateVerify.pm,"('', '1273')",2025-07-23T08:59:53-04:00,2024-02-09T08:13:32+00:00
d05ac3becdce6e9075642b9cbd00823662f8e119,9ce3ed2a586032690bef6a1c4e58df8d1c18f344,util/perl/TLSProxy/EncryptedExtensions.pm,"('', '1273')",2025-07-23T08:59:53-04:00,2016-12-08T17:19:16+00:00
d05ac3becdce6e9075642b9cbd00823662f8e119,ae937a096c6ce42d016281b91677f78de3f3cfe3,util/perl/TLSProxy/Message.pm,"('', '1273')",2025-07-23T08:59:53-04:00,2021-03-25T09:48:08+00:00
d05ac3becdce6e9075642b9cbd00823662f8e119,357d096a2963b8e5253ea53b6ab34e3fc706bea3,util/perl/TLSProxy/Message.pm,"('', '1273')",2025-07-23T08:59:53-04:00,2017-01-10T23:02:50+00:00
d05ac3becdce6e9075642b9cbd00823662f8e119,631c1206334adfb21758220362a56fa157a47596,util/perl/TLSProxy/Message.pm,"('', '1273')",2025-07-23T08:59:53-04:00,2015-08-11T20:27:46+01:00
d05ac3becdce6e9075642b9cbd00823662f8e119,7f6d90ac751e2dff6c1a7aad94ce9c5fdd0eb725,util/perl/TLSProxy/NewSessionTicket.pm,"('', '1273')",2025-07-23T08:59:53-04:00,2015-09-28T16:00:47+02:00
d05ac3becdce6e9075642b9cbd00823662f8e119,214c724e00d594c3eecf4b740ee7af772f0ee04a,util/perl/TLSProxy/NextProto.pm,"('', '1273')",2025-07-23T08:59:53-04:00,2024-06-27T10:30:52+01:00
d05ac3becdce6e9075642b9cbd00823662f8e119,35e742ecac9239539db016e1282b4cbdf501509c,util/perl/TLSProxy/ServerHello.pm,"('', '1273')",2025-07-23T08:59:53-04:00,2018-08-15T12:33:30+01:00
d05ac3becdce6e9075642b9cbd00823662f8e119,79d8c167857d1c776a6fbdb2aff166a126cab03e,util/perl/TLSProxy/ServerKeyExchange.pm,"('', '1273')",2025-07-23T08:59:53-04:00,2017-01-10T23:02:50+00:00
d05ac3becdce6e9075642b9cbd00823662f8e119,a1accbb1d704da9a25b18e7053ee191a8f510d93,util/perl/TLSProxy/ServerKeyExchange.pm,"('', '1273')",2025-07-23T08:59:53-04:00,2015-08-11T20:27:46+01:00
1f3af48c312a5f94612e9a822b78a3afdadc27c1,34b80d0622924d112b145fd36bfaad18616f2546,crypto/store/store_lib.c,"('12', '');('28010', '')",2025-07-26T11:33:56+02:00,2020-08-24T10:02:26+02:00
b9ff440dd613e0c65527ef7eaf565f618979ecce,72351b0d18078170af270418b2d5e9fc579cb1af,crypto/evp/asymcipher.c,"('', '27992')",2025-07-30T18:27:08+02:00,2025-05-20T21:19:34+02:00
b9ff440dd613e0c65527ef7eaf565f618979ecce,72351b0d18078170af270418b2d5e9fc579cb1af,crypto/evp/keymgmt_meth.c,"('', '27992')",2025-07-30T18:27:08+02:00,2025-05-20T21:19:34+02:00
b9ff440dd613e0c65527ef7eaf565f618979ecce,72351b0d18078170af270418b2d5e9fc579cb1af,crypto/evp/m_sigver.c,"('', '27992')",2025-07-30T18:27:08+02:00,2025-05-20T21:19:34+02:00
7f780be21608a2982cdf1c567e5afeb724b1e9a1,ce990ce83b55754df70b5abcb82e738fe3fc5c06,crypto/rand/rand_lib.c,"('0', '');('1', '');('10', '');('11', '');('12', '');('13', '');('1315', '');('14', '');('15', '');('2', '');('3', '');('4', '');('5', '');('6', '');('7', '');('8', '');('9', '')",2025-08-09T09:22:13-04:00,2025-06-20T13:01:39-04:00
036a46d2a4b00a004d05dc6a6d19be7184f8ecf1,504e72fc1a1432d5266bd6e8909648c49884a36c,crypto/conf/conf_mod.c,"('1315', '')",2025-08-09T09:22:13-04:00,2024-02-01T08:33:25-05:00
036a46d2a4b00a004d05dc6a6d19be7184f8ecf1,cc4ea5e00028e8e0fe3acbf5027497c077f84446,crypto/hashtable/hashtable.c,"('1315', '')",2025-08-09T09:22:13-04:00,2024-04-24T12:03:30+10:00
036a46d2a4b00a004d05dc6a6d19be7184f8ecf1,d0e1a0ae701cfaca7f3dd3bf28a3f934a6408813,crypto/threads_none.c,"('1315', '')",2025-08-09T09:22:13-04:00,2024-02-01T08:33:25-05:00
036a46d2a4b00a004d05dc6a6d19be7184f8ecf1,2cb068fb2259fe8a92d8d67bff7486ded5a31cf2,crypto/threads_pthread.c,"('1315', '')",2025-08-09T09:22:13-04:00,2025-06-20T13:01:39-04:00
036a46d2a4b00a004d05dc6a6d19be7184f8ecf1,24d16d3a1915a06a2130385a87de9a37fc09c4b9,crypto/threads_pthread.c,"('1315', '')",2025-08-09T09:22:13-04:00,2024-04-19T09:22:53-04:00
036a46d2a4b00a004d05dc6a6d19be7184f8ecf1,d0e1a0ae701cfaca7f3dd3bf28a3f934a6408813,crypto/threads_pthread.c,"('1315', '')",2025-08-09T09:22:13-04:00,2024-02-01T08:33:25-05:00
036a46d2a4b00a004d05dc6a6d19be7184f8ecf1,2cb068fb2259fe8a92d8d67bff7486ded5a31cf2,crypto/threads_win.c,"('1315', '')",2025-08-09T09:22:13-04:00,2025-06-20T13:01:39-04:00
036a46d2a4b00a004d05dc6a6d19be7184f8ecf1,24d16d3a1915a06a2130385a87de9a37fc09c4b9,crypto/threads_win.c,"('1315', '')",2025-08-09T09:22:13-04:00,2024-04-19T09:22:53-04:00
036a46d2a4b00a004d05dc6a6d19be7184f8ecf1,d0e1a0ae701cfaca7f3dd3bf28a3f934a6408813,crypto/threads_win.c,"('1315', '')",2025-08-09T09:22:13-04:00,2024-02-01T08:33:25-05:00
036a46d2a4b00a004d05dc6a6d19be7184f8ecf1,f597acb71b67bfa8f2e342301ebce2059408ac27,fuzz/hashtable.c,"('1315', '')",2025-08-09T09:22:13-04:00,2024-04-24T12:03:30+10:00
036a46d2a4b00a004d05dc6a6d19be7184f8ecf1,cc4ea5e00028e8e0fe3acbf5027497c077f84446,include/internal/hashtable.h,"('1315', '')",2025-08-09T09:22:13-04:00,2024-04-24T12:03:30+10:00
036a46d2a4b00a004d05dc6a6d19be7184f8ecf1,d0e1a0ae701cfaca7f3dd3bf28a3f934a6408813,include/internal/rcu.h,"('1315', '')",2025-08-09T09:22:13-04:00,2024-02-01T08:33:25-05:00
036a46d2a4b00a004d05dc6a6d19be7184f8ecf1,2a54ec0bdd76e93d2c1d92fc0b8e261ac0cea12d,test/lhash_test.c,"('1315', '')",2025-08-09T09:22:13-04:00,2024-04-24T12:03:30+10:00
036a46d2a4b00a004d05dc6a6d19be7184f8ecf1,d0e1a0ae701cfaca7f3dd3bf28a3f934a6408813,test/threadstest.c,"('1315', '')",2025-08-09T09:22:13-04:00,2024-02-01T08:33:25-05:00
2b76895152fe7c7bcd11b9ae6e712c0437aee8c3,d090695101a96fedd5457d1d867726ba5e92ddee,test/mem_alloc_test.c,"('', '1317')",2025-08-19T14:47:54-04:00,2025-08-08T12:22:10-04:00
39e286bd26c1e24fb354b30d729fb87015fc3bb3,316d5a982b2534af2238af3560db8fa103a9169a,apps/speed.c,"('27108', '')",2025-08-20T16:14:09+02:00,2023-05-11T12:21:23+10:00
39e286bd26c1e24fb354b30d729fb87015fc3bb3,4557e280086d9e300c56183b8ad0671857530dc5,apps/speed.c,"('27108', '')",2025-08-20T16:14:09+02:00,2023-03-31T14:19:18-04:00
546c5b3eadd202fb59127cba1856287fcc772383,32ab57cbb4877ce7e6b4eb3f9b3cfbb0ff7cd10b,crypto/ec/ecp_s390x_nistp.c,"('28313', '')",2025-08-21T18:18:23+10:00,2021-02-26T10:53:01+10:00
08951fb27306ad9b4365103b8616b8545658ffcc,0c48ee2bf513cbc2f1de2ff8bc11750e4b593620,crypto/x509/by_store.c,"('27529', '');('28171', '')",2025-08-21T14:39:43+02:00,2025-05-04T08:55:15+02:00
1d92f3b8b0e580f761a1d2789e2b81624420b098,5915a900af86db8625caa77a02fd50cf9a3b3e1b,include/internal/quic_stream_map.h,"('1291', '')",2025-08-21T14:43:03+02:00,2023-05-24T10:34:47+01:00
1d92f3b8b0e580f761a1d2789e2b81624420b098,cce6fccd4ebf21e6107590c4700808eb72d198e5,ssl/quic/quic_channel.c,"('1291', '')",2025-08-21T14:43:03+02:00,2023-12-21T08:11:59+00:00
1d92f3b8b0e580f761a1d2789e2b81624420b098,5f86ae32c29713aac559626c416cc1672d036cfc,ssl/quic/quic_channel.c,"('1291', '')",2025-08-21T14:43:03+02:00,2023-12-21T08:12:00+00:00
1d92f3b8b0e580f761a1d2789e2b81624420b098,b212d554e70930d8ebe425e535b0c3621b961541,ssl/quic/quic_channel.c,"('1291', '')",2025-08-21T14:43:03+02:00,2023-03-30T11:14:09+01:00
1d92f3b8b0e580f761a1d2789e2b81624420b098,5915a900af86db8625caa77a02fd50cf9a3b3e1b,ssl/quic/quic_channel.c,"('1291', '')",2025-08-21T14:43:03+02:00,2023-05-24T10:34:47+01:00
1d92f3b8b0e580f761a1d2789e2b81624420b098,f538b42155283879d1a55708292105437a96700d,ssl/quic/quic_channel.c,"('1291', '')",2025-08-21T14:43:03+02:00,2023-01-13T13:20:14+00:00
1d92f3b8b0e580f761a1d2789e2b81624420b098,40c8c756c86fc17751b989426aa66fb33319c4ca,ssl/quic/quic_channel.c,"('1291', '')",2025-08-21T14:43:03+02:00,2023-08-10T18:19:45+01:00
1d92f3b8b0e580f761a1d2789e2b81624420b098,8fbac4d70eff157b081933bee88fabedfec47b0b,ssl/quic/quic_channel.c,"('1291', '')",2025-08-21T14:43:03+02:00,2024-02-02T11:49:34+00:00
1d92f3b8b0e580f761a1d2789e2b81624420b098,5915a900af86db8625caa77a02fd50cf9a3b3e1b,ssl/quic/quic_stream_map.c,"('1291', '')",2025-08-21T14:43:03+02:00,2023-05-24T10:34:47+01:00
1d92f3b8b0e580f761a1d2789e2b81624420b098,9d6bd3d30f8068a5558efa0bda2db570500ff364,ssl/quic/quic_stream_map.c,"('1291', '')",2025-08-21T14:43:03+02:00,2023-08-25T15:10:43+02:00
1d92f3b8b0e580f761a1d2789e2b81624420b098,2f018d14f06d54c9528ac41d40e95d7638371e50,ssl/quic/quic_stream_map.c,"('1291', '')",2025-08-21T14:43:03+02:00,2023-07-17T08:17:57+10:00
1d92f3b8b0e580f761a1d2789e2b81624420b098,15c6580a76814fb67bff07b9247bb97d40240011,test/quic_multistream_test.c,"('1291', '')",2025-08-21T14:43:03+02:00,2024-11-13T10:55:16-05:00
0b091c88d7d50c542ee393ed31ef5a1b92eea476,630e3a168446ab7e269176bad5b1bf79ea54301a,NOTES-WINDOWS.md,"('', '28329')",2025-08-29T11:07:30-04:00,2024-07-09T04:01:44-04:00
a1cdea4907954b61e301f534c59420eeb3e378dc,9deaf83833382d909bde1ddceb0d2a80b775bc7f,test/bioprinttest.c,"('', '1362')",2025-09-03T07:47:33-04:00,2025-08-29T12:18:30-04:00
a1cdea4907954b61e301f534c59420eeb3e378dc,0b00e23df82af08ba04f482745bd7ddbff2da34b,test/bioprinttest.c,"('', '1362')",2025-09-03T07:47:33-04:00,2025-08-29T17:20:26-04:00
71c8e2baa3b9f1a6b1a545b874782ccbd7ed02fc,87c49f622e7fe9d93b3ab87b1edd5faa32fa6e74,crypto/x509/t_req.c,"('', '1362');('10', '')",2025-09-03T07:47:34-04:00,1999-08-09T22:38:05+00:00
9a8d7dc14201aeeed1e77d54208e4af96916fc4f,26a7d938c9bf932a55cb5e4e02abb48fe395c5cd,crypto/x509/x509_ext.c,"('13658', '');('28397', '')",2025-09-09T11:12:57+02:00,2017-10-18T16:05:06+01:00
3ae8755aa22a7b704d78453e3467f7355eb9c538,96d7e2733ef66e364f89aa394a6bdd49df48f2ae,providers/implementations/macs/kmac_prov.c.in,"('', '1419')",2025-09-12T13:35:32-04:00,2019-09-07T16:01:53+10:00
3ae8755aa22a7b704d78453e3467f7355eb9c538,f20a59cb1c21e360f000e541e2e41aceca515929,providers/implementations/macs/kmac_prov.c.in,"('', '1419')",2025-09-12T13:35:32-04:00,2019-09-11T08:27:27+10:00
3ae8755aa22a7b704d78453e3467f7355eb9c538,e97f468589e807e7f4722b150458edd53f374cd0,providers/implementations/macs/kmac_prov.c.in,"('', '1419')",2025-09-12T13:35:32-04:00,2024-04-01T15:16:44-04:00
3ae8755aa22a7b704d78453e3467f7355eb9c538,a829b735b645516041b55746e013692babd8cd31,providers/implementations/macs/kmac_prov.c.in,"('', '1419')",2025-09-12T13:35:32-04:00,2020-10-15T12:00:21+01:00
3ae8755aa22a7b704d78453e3467f7355eb9c538,d5efc853796be00510f9278ef077fe8b733d62b7,providers/implementations/macs/kmac_prov.c.in,"('', '1419')",2025-09-12T13:35:32-04:00,2025-09-03T10:26:24+10:00
ce7fae1bc31c35abfa6b0c2daa9f889f6b370a0d,9a1c4e41e8d3fd8fe9d1bd8eeb8b1e1df21da37f,crypto/evp/ctrl_params_translate.c,"('', '1432')",2025-09-16T09:41:38-04:00,2021-02-23T13:41:48+01:00
c5270b04b34676129f74175d3a1366ebdd6c805f,4a2d5fe812f8ab1f07c86ca1bc9d79081c70531d,test/radix/terp.c,"('', '1432')",2025-09-16T09:41:38-04:00,2025-02-17T11:27:32-05:00
ee16664f6a1887048638e3d645fac38fb9c7f0d2,927debaf7b4e83e47d3f016808acab947cc50ea2,test/recipes/25-test_verify.t,"('27984', '')",2025-09-17T08:36:16+02:00,2025-05-04T08:55:15+02:00
925e4fba1098036e8f8d22652cff6f64c5c7d571,d3a7ae64b337b494981a8868a63762db6a934fcf,crypto/ml_dsa/ml_dsa_key.c,"('28562', '')",2025-09-18T09:03:48+10:00,2025-02-14T10:46:03+01:00
d20cbc90e48cdd2a56444fc5d6f244d36362cb49,d2136d9e730ca13fe12d6ac4c9e093bb348331ce,crypto/ml_kem/ml_kem.c,"('28563', '')",2025-09-18T17:33:07+02:00,2025-02-14T10:50:57+01:00
d296f9653345d79ee316c053f63a489f001565a5,5949918f9afa85d72535676f114346ed541e0b1e,crypto/threads_pthread.c,"('27267', '')",2025-09-19T07:01:47+02:00,2025-02-13T20:23:48+01:00
60c4feacce6faf0e98167dc2ab2a1c2e85882049,ba2c314a60d9f42d1d2e63ea0f791cc04e03005b,include/openssl/opensslv.h.in,"('', '1621')",2025-09-20T09:22:07+02:00,2025-08-13T06:05:18+02:00
1e70e8080a5b8766cb5f8b81127f90db9081e856,abfe3d5128b4c04f4bf288d03833481dbe52ee4c,ssl/quic/quic_impl.c,"('28501', '')",2025-09-24T12:19:02+02:00,2023-07-17T08:17:57+10:00
051108ee53d5b0ff5a125d32acfbc7e20899b022,4f76d62f2384d3335bd1d043706995ae64b37348,crypto/evp/p_lib.c,"('27790', '')",2025-09-25T15:27:12+02:00,2020-04-08T15:29:14+02:00
051108ee53d5b0ff5a125d32acfbc7e20899b022,ed576acdf591d4164905ab98e89ca5a3b99d90ab,crypto/evp/p_lib.c,"('27790', '')",2025-09-25T15:27:12+02:00,2021-06-01T12:40:00+02:00
051108ee53d5b0ff5a125d32acfbc7e20899b022,051228353a9842eede597294603cc06a55e3a22c,test/fake_rsaprov.c,"('27790', '')",2025-09-25T15:27:12+02:00,2021-10-27T12:41:51+02:00
6387ec6d492caffa4c9bc137f1cb6c171366c7c7,3d5a7578e09a984c6475b1c008f5c76f850328cb,providers/implementations/ciphers/cipher_chacha20_poly1305.c.in,"('28137', '')",2025-10-02T10:07:32+02:00,2019-10-16T16:18:42+10:00
6387ec6d492caffa4c9bc137f1cb6c171366c7c7,062490dbd05a205824a239336f6a60bf00a7ca1d,test/evp_extra_test.c,"('28137', '')",2025-10-02T10:07:32+02:00,2021-03-17T17:51:16+10:00
6387ec6d492caffa4c9bc137f1cb6c171366c7c7,b4be6937f2a80aa48afd1e3de50749874e4ad9b5,test/evp_extra_test.c,"('28137', '')",2025-10-02T10:07:32+02:00,2019-11-29T10:41:06+00:00
ad26aee904413119c21ae1dafb10a156d0474e72,07687790a055a039bba93ee00ac970c9710f0669,crypto/bio/bss_dgram.c,"('28871', '')",2025-10-14T17:51:07+02:00,2022-09-08T17:23:23+01:00
b9e6d360100bc1184a96f98231d096238e8e2df4,6387ec6d492caffa4c9bc137f1cb6c171366c7c7,providers/implementations/ciphers/cipher_chacha20_poly1305.c.in,"('28730', '')",2025-10-14T17:58:14+02:00,2025-10-02T10:07:32+02:00
b9e6d360100bc1184a96f98231d096238e8e2df4,3bfe9005e5ae0b513bf5f449d6cf558f9b4d9e1f,providers/implementations/ciphers/ciphercommon_ccm.c.in,"('28730', '')",2025-10-14T17:58:14+02:00,2019-08-20T08:54:41+10:00
b9e6d360100bc1184a96f98231d096238e8e2df4,2e9645c8b9a81e7617395553088560847ac1b8c8,providers/implementations/ciphers/ciphercommon_gcm.c.in,"('28730', '')",2025-10-14T17:58:14+02:00,2019-09-20T12:25:28+10:00
dfc6f643c09aba831d4856597ef9633dda2fb6c4,a503e78be693b4c624ec30af15552a0f99738bc9,crypto/x509/x509_vfy.c,"('28623', '')",2025-10-21T15:24:44-04:00,2025-10-16T09:23:46-04:00
dfc6f643c09aba831d4856597ef9633dda2fb6c4,3c963394d0c7dad0bffdbc452f2c5354355a9720,crypto/x509/x509_vfy.c,"('28623', '')",2025-10-21T15:24:44-04:00,2025-10-16T09:23:38-04:00
9ef4f426157e8a100b816c962fea1a168010bde2,d8def79838cd0d5e7c21d217aa26edb5229f0ab4,crypto/property/property.c,"('', '24672');('', '27726');('27726', '')",2025-10-23T08:11:26-04:00,2024-07-09T11:27:53+02:00
86344acb02eb3718b0491b9915846667c55c95ff,dda4e259e51aeaf05a2417ef577accf778c9f6f6,doc/man3/CMS_EncryptedData_decrypt.pod,"('28607', '')",2025-11-10T20:41:44+01:00,2020-08-09T17:34:52+10:00
86344acb02eb3718b0491b9915846667c55c95ff,dda4e259e51aeaf05a2417ef577accf778c9f6f6,doc/man3/CMS_EncryptedData_encrypt.pod,"('28607', '')",2025-11-10T20:41:44+01:00,2020-08-09T17:34:52+10:00
86344acb02eb3718b0491b9915846667c55c95ff,ccfce835e07210064450a58ce189d0e622a1fccf,util/missingcrypto.txt,"('28607', '')",2025-11-10T20:41:44+01:00,2019-12-21T22:53:54+01:00
41d46b8f8ffed59da96e97692b82188786a724d2,47eeaf45b510d056efcd5382550ed73e4d1af377,Configurations/50-djgpp.conf,"('27514', '');('27595', '')",2025-11-10T21:23:57+01:00,2018-01-08T14:38:29+01:00
41d46b8f8ffed59da96e97692b82188786a724d2,abe256e7951e6d57f8f6b4364ea696eb4ead3852,Configurations/50-djgpp.conf,"('27514', '');('27595', '')",2025-11-10T21:23:57+01:00,2018-03-08T17:24:02+01:00
e24de9f31736fbf60a8a2a9364f91ab0bf9f100b,8931b30d8478b0bd24af251fac64e7b0bf121369,crypto/cms/cms_sd.c,"('13523', '')",2025-11-18T18:03:24+01:00,2008-03-12T21:14:28+00:00
e24de9f31736fbf60a8a2a9364f91ab0bf9f100b,0f113f3ee4d629ef9a4a30911b22b224772085e5,crypto/cms/cms_sd.c,"('13523', '')",2025-11-18T18:03:24+01:00,2015-01-22T09:20:09+00:00
e24de9f31736fbf60a8a2a9364f91ab0bf9f100b,72a99ef665b26fa207c0eee6e7e4842d1e42752c,crypto/cms/cms_sd.c,"('13523', '')",2025-11-18T18:03:24+01:00,2023-10-17T22:02:29+02:00
3ee16555ee768f722a86b492b4cec7e013e667e5,07342bad1bf850657e1a1f21188ee9a8a75e3a19,crypto/cms/cms_lib.c,"('28279', '')",2025-11-18T18:03:24+01:00,2022-04-02T10:42:16-04:00
3ee16555ee768f722a86b492b4cec7e013e667e5,07342bad1bf850657e1a1f21188ee9a8a75e3a19,crypto/cms/cms_local.h,"('28279', '')",2025-11-18T18:03:24+01:00,2022-04-02T10:42:16-04:00
3ee16555ee768f722a86b492b4cec7e013e667e5,8931b30d8478b0bd24af251fac64e7b0bf121369,crypto/cms/cms_sd.c,"('28279', '')",2025-11-18T18:03:24+01:00,2008-03-12T21:14:28+00:00
3ee16555ee768f722a86b492b4cec7e013e667e5,8fc120bda21b7ebe24db2283aa501ac0c396c026,crypto/cms/cms_sd.c,"('28279', '')",2025-11-18T18:03:24+01:00,2022-07-16T08:15:09+02:00
3ee16555ee768f722a86b492b4cec7e013e667e5,36f7ed5040d27a5446d66649986cb3595161f685,crypto/cms/cms_sd.c,"('28279', '')",2025-11-18T18:03:24+01:00,2014-08-15T22:38:19+02:00
3ee16555ee768f722a86b492b4cec7e013e667e5,53155f1c814be6d8bfdd77333a16ec9cee7fc3bb,crypto/cms/cms_sd.c,"('28279', '')",2025-11-18T18:03:24+01:00,2021-02-22T09:16:36+10:00
3ee16555ee768f722a86b492b4cec7e013e667e5,84af8027c5f2132a9166673e7a47b0f31c7cfe1d,crypto/cms/cms_sd.c,"('28279', '')",2025-11-18T18:03:24+01:00,2021-01-18T15:01:26+01:00
3ee16555ee768f722a86b492b4cec7e013e667e5,e365352d6a6368039392fed14a328f8c0bf955c3,crypto/cms/cms_sd.c,"('28279', '')",2025-11-18T18:03:24+01:00,2013-06-21T21:33:00+01:00
3ee16555ee768f722a86b492b4cec7e013e667e5,e24de9f31736fbf60a8a2a9364f91ab0bf9f100b,crypto/cms/cms_sd.c,"('28279', '')",2025-11-18T18:03:24+01:00,2025-11-18T18:03:24+01:00
3ee16555ee768f722a86b492b4cec7e013e667e5,07342bad1bf850657e1a1f21188ee9a8a75e3a19,crypto/cms/cms_sd.c,"('28279', '')",2025-11-18T18:03:24+01:00,2022-04-02T10:42:16-04:00
3ee16555ee768f722a86b492b4cec7e013e667e5,9311d0c471ca2eaa259e8c1bbbeb7c46394c7ba2,crypto/cms/cms_sd.c,"('28279', '')",2025-11-18T18:03:24+01:00,2020-11-13T09:35:02+01:00
3ee16555ee768f722a86b492b4cec7e013e667e5,0f113f3ee4d629ef9a4a30911b22b224772085e5,crypto/cms/cms_sd.c,"('28279', '')",2025-11-18T18:03:24+01:00,2015-01-22T09:20:09+00:00
3ee16555ee768f722a86b492b4cec7e013e667e5,07342bad1bf850657e1a1f21188ee9a8a75e3a19,crypto/cms/cms_smime.c,"('28279', '')",2025-11-18T18:03:24+01:00,2022-04-02T10:42:16-04:00
3ee16555ee768f722a86b492b4cec7e013e667e5,0f113f3ee4d629ef9a4a30911b22b224772085e5,crypto/cms/cms_smime.c,"('28279', '')",2025-11-18T18:03:24+01:00,2015-01-22T09:20:09+00:00
3ee16555ee768f722a86b492b4cec7e013e667e5,07342bad1bf850657e1a1f21188ee9a8a75e3a19,doc/man3/CMS_final.pod,"('28279', '')",2025-11-18T18:03:24+01:00,2022-04-02T10:42:16-04:00
3ee16555ee768f722a86b492b4cec7e013e667e5,ccfce835e07210064450a58ce189d0e622a1fccf,util/missingcrypto.txt,"('28279', '')",2025-11-18T18:03:24+01:00,2019-12-21T22:53:54+01:00
ecf3ac3b109154fa86d897d88c0c491134429c88,0f113f3ee4d629ef9a4a30911b22b224772085e5,crypto/asn1/asn1_gen.c,"('6570', '')",2025-11-18T18:08:26+01:00,2015-01-22T09:20:09+00:00
f480a73610708c10c044c17a36cdcc8b9233914d,0b9f90f5043e4cb8559448fb6270b0e7dd74e4b9,crypto/encode_decode/encoder_pkey.c,"('28249', '')",2025-11-18T19:35:01+01:00,2020-11-11T12:43:27+01:00
f480a73610708c10c044c17a36cdcc8b9233914d,48b62fb33aa0c5bce52b939fcd94780736491a5d,doc/man3/OSSL_DECODER_CTX.pod,"('28249', '')",2025-11-18T19:35:01+01:00,2020-09-20T17:31:54+02:00
f480a73610708c10c044c17a36cdcc8b9233914d,b8975c68b1a7796993759db22905d0ef05f7e077,doc/man3/OSSL_ENCODER_CTX.pod,"('28249', '')",2025-11-18T19:35:01+01:00,2020-09-20T17:31:22+02:00
f480a73610708c10c044c17a36cdcc8b9233914d,8a98a507fb9a06254c79af4d9c9104f5f300a032,doc/man3/OSSL_ENCODER_CTX.pod,"('28249', '')",2025-11-18T19:35:01+01:00,2020-11-11T12:43:27+01:00
00b112c024909cc94a84ba864cc2006f9a98ce4e,3ee16555ee768f722a86b492b4cec7e013e667e5,crypto/cms/cms_sd.c,"('29170', '')",2025-11-20T15:07:47+01:00,2025-11-18T18:03:24+01:00
00b112c024909cc94a84ba864cc2006f9a98ce4e,e72dbd8e13cbf5a16faaa6c911af5507593dd836,crypto/cms/cms_sd.c,"('29170', '')",2025-11-20T15:07:47+01:00,2021-03-22T15:40:04+01:00
00b112c024909cc94a84ba864cc2006f9a98ce4e,8931b30d8478b0bd24af251fac64e7b0bf121369,crypto/cms/cms_sd.c,"('29170', '')",2025-11-20T15:07:47+01:00,2008-03-12T21:14:28+00:00
00b112c024909cc94a84ba864cc2006f9a98ce4e,e077455e9e57ed4ee4676996b4a9aa11df6327a6,crypto/cms/cms_sd.c,"('29170', '')",2025-11-20T15:07:47+01:00,2022-10-05T14:02:03+02:00
00b112c024909cc94a84ba864cc2006f9a98ce4e,e24de9f31736fbf60a8a2a9364f91ab0bf9f100b,crypto/cms/cms_sd.c,"('29170', '')",2025-11-20T15:07:47+01:00,2025-11-18T18:03:24+01:00
e7251fa1a92bcb1fda1dad7f7e2e3ed2c0056e27,786b13fa7786db8f198c46090816d9a3e4ae72fb,crypto/rand/rand_lib.c,"('29039', '')",2025-11-21T14:15:07+01:00,2021-02-23T23:24:41+10:00
4d33baf56536f98d9cc5e73953e5c392df782154,0b67643ade24286dddb0ce1b44a8a8c366e85ecb,ssl/ssl_conf.c,"('28953', '')",2025-11-21T14:28:15+01:00,2024-07-18T19:07:52+02:00
4d33baf56536f98d9cc5e73953e5c392df782154,c649d10d3fee9fe22e4ae6bdf7f8117b91b92b03,ssl/ssl_conf.c,"('28953', '')",2025-11-21T14:28:15+01:00,2017-05-02T09:44:43+01:00
e64098d090a8fb568a798f9e304664c3223a4ee2,d0fff69dc958602b56872efc597bc0b153d20336,crypto/x509/x_crl.c,"('27445', '')",2025-11-26T15:43:44+01:00,2008-08-20T16:42:19+00:00
e64098d090a8fb568a798f9e304664c3223a4ee2,cb0c36d124991e35a9e778056ec8fce23a14dad5,crypto/x509/x_crl.c,"('27445', '')",2025-11-26T15:43:44+01:00,2022-05-25T14:06:34+02:00
7e50e034b0ca20dc492cfcffb41f974451da8ea9,b1b4b154fd389ac6254d49cfb11aee36c1c51b84,doc/man3/SSL_CTX_set_tlsext_status_cb.pod,"('28888', '')",2025-12-01T11:42:02+01:00,2025-07-25T17:24:37+02:00
7e50e034b0ca20dc492cfcffb41f974451da8ea9,b1b4b154fd389ac6254d49cfb11aee36c1c51b84,ssl/s3_lib.c,"('28888', '')",2025-12-01T11:42:02+01:00,2025-07-25T17:24:37+02:00
7e50e034b0ca20dc492cfcffb41f974451da8ea9,b1b4b154fd389ac6254d49cfb11aee36c1c51b84,test/helpers/handshake.c,"('28888', '')",2025-12-01T11:42:02+01:00,2025-07-25T17:24:37+02:00
7e50e034b0ca20dc492cfcffb41f974451da8ea9,b1b4b154fd389ac6254d49cfb11aee36c1c51b84,test/sslapitest.c,"('28888', '')",2025-12-01T11:42:02+01:00,2025-07-25T17:24:37+02:00
679a10110e4e60dbfe8acc87f5c697cebd501876,46a11faf3b86ddd2fcc687a0fcfd982e6d201626,apps/x509.c,"('28928', '')",2025-12-01T11:46:49+01:00,2021-02-28T11:46:34+01:00
679a10110e4e60dbfe8acc87f5c697cebd501876,dca67c0aa17010f2315bc5bf1915ad4509ff8e52,apps/x509.c,"('28928', '')",2025-12-01T11:46:49+01:00,2025-05-14T12:51:42+02:00
679a10110e4e60dbfe8acc87f5c697cebd501876,9c0586d5fc7988d2f8544f7884572a3b430406f6,doc/man1/openssl-x509.pod.in,"('28928', '')",2025-12-01T11:46:49+01:00,2019-10-03T10:33:54+10:00
679a10110e4e60dbfe8acc87f5c697cebd501876,2f0ea9365806895c313b6d8e2ce33428260e856c,doc/man1/openssl-x509.pod.in,"('28928', '')",2025-12-01T11:46:49+01:00,2019-10-09T10:42:57+02:00
679a10110e4e60dbfe8acc87f5c697cebd501876,0eb9acc24febb1f3f01f0320cfba9654cf66b0ac,test/recipes/25-test_x509.t,"('28928', '')",2025-12-01T11:46:49+01:00,2025-05-22T09:49:18+02:00
0c2a196af8ab9c12da27826fa6024ca1b22f6db1,bc37d996fcfd7f1c7c97728a563a40c0a251d908,crypto/conf/conf_mod.c,"('19243', '');('19248', '')",2025-12-03T14:15:51+01:00,2002-01-05T01:37:16+00:00
0c2a196af8ab9c12da27826fa6024ca1b22f6db1,0f113f3ee4d629ef9a4a30911b22b224772085e5,crypto/conf/conf_mod.c,"('19243', '');('19248', '')",2025-12-03T14:15:51+01:00,2015-01-22T09:20:09+00:00
0c2a196af8ab9c12da27826fa6024ca1b22f6db1,758229f7d22775d7547e3b3b886b7f6a289c6897,crypto/conf/conf_ssl.c,"('19243', '');('19248', '')",2025-12-03T14:15:51+01:00,2019-02-11T08:30:46+10:00
0c2a196af8ab9c12da27826fa6024ca1b22f6db1,7867bf1523bcb12796a5d9c3c7fe598837591991,crypto/conf/conf_ssl.c,"('19243', '');('19248', '')",2025-12-03T14:15:51+01:00,2025-08-08T12:22:10-04:00
0c2a196af8ab9c12da27826fa6024ca1b22f6db1,d8f031e890d35887047c35b60347ac385b989065,crypto/conf/conf_ssl.c,"('19243', '');('19248', '')",2025-12-03T14:15:51+01:00,2018-04-05T15:30:12+01:00
0c2a196af8ab9c12da27826fa6024ca1b22f6db1,d8f031e890d35887047c35b60347ac385b989065,include/internal/sslconf.h,"('19243', '');('19248', '')",2025-12-03T14:15:51+01:00,2018-04-05T15:30:12+01:00
0c2a196af8ab9c12da27826fa6024ca1b22f6db1,8a5ed9dce8ee36b4bb05cb928fa7a01aba6d8e41,ssl/ssl_mcnf.c,"('19243', '');('19248', '')",2025-12-03T14:15:51+01:00,2018-03-19T10:22:49-04:00
0c2a196af8ab9c12da27826fa6024ca1b22f6db1,59b1696c0c752aeba67f40c91d6769afbc40469b,ssl/ssl_mcnf.c,"('19243', '');('19248', '')",2025-12-03T14:15:51+01:00,2015-12-22T15:14:14+00:00
0c2a196af8ab9c12da27826fa6024ca1b22f6db1,d8f031e890d35887047c35b60347ac385b989065,ssl/ssl_mcnf.c,"('19243', '');('19248', '')",2025-12-03T14:15:51+01:00,2018-04-05T15:30:12+01:00
0c2a196af8ab9c12da27826fa6024ca1b22f6db1,b425001010044adbdbcd98f8682694b30b73bbf4,ssl/ssl_mcnf.c,"('19243', '');('19248', '')",2025-12-03T14:15:51+01:00,2020-10-15T11:59:53+01:00
0c2a196af8ab9c12da27826fa6024ca1b22f6db1,682fd21afb5428b5716e62eaefb09a7419f9cfd7,test/build.info,"('19243', '');('19248', '')",2025-12-03T14:15:51+01:00,2023-12-21T13:38:31-05:00
64e96ecf3c7edbd82322ddcc21a60be490ba2943,876188d8a308babf1d24f27f5a838bca044d1d32,util/find-doc-nits,"('29197', '')",2025-12-05T10:09:08-05:00,2025-09-09T09:47:11-04:00
64e96ecf3c7edbd82322ddcc21a60be490ba2943,4da42df5d332987fd01d259e5c77d57be432bd84,util/find-doc-nits,"('29197', '')",2025-12-05T10:09:08-05:00,2025-10-30T08:12:06-04:00
996d50da8fac4938fd910af96389c1e67ff1cb11,2fab90bb5e1937f1c2125eab144f7f6c39e70087,crypto/x509/x509_vfy.c,"('28758', '')",2025-12-11T12:40:57+01:00,2025-12-09T00:28:19-07:00
fed15f076fb22676208f70ec21b788589defd071,9d6b1ce6441c7cc6aed344f02d9f676ab5e04217,crypto/asn1/x_bignum.c,"('27407', '');('29210', '')",2025-12-12T15:02:06+01:00,2000-12-08T19:09:35+00:00
fed15f076fb22676208f70ec21b788589defd071,a7e974c7be90e2c9673e2ce6215a70f734eb8ad4,crypto/asn1/x_bignum.c,"('27407', '');('29210', '')",2025-12-12T15:02:06+01:00,2015-08-31T16:03:31-04:00
fed15f076fb22676208f70ec21b788589defd071,12a765a5235f181c2f4992b615eb5f892c368e88,crypto/asn1/x_bignum.c,"('27407', '');('29210', '')",2025-12-12T15:02:06+01:00,2019-10-09T21:32:15+02:00
fed15f076fb22676208f70ec21b788589defd071,311e903d8468e2a380d371609a10eda71de16c0e,crypto/asn1/x_bignum.c,"('27407', '');('29210', '')",2025-12-12T15:02:06+01:00,2019-09-06T16:11:27+01:00
fed15f076fb22676208f70ec21b788589defd071,e64098d090a8fb568a798f9e304664c3223a4ee2,test/crltest.c,"('27407', '');('29210', '')",2025-12-12T15:02:06+01:00,2025-11-26T15:43:44+01:00
1bfdcf90577f4474537da6b21474c02594f5868c,a47c685ea72d611ecf78d91e95120693b006d845,test/quicapitest.c,"('1766', '')",2025-12-16T10:18:37-05:00,2025-12-05T10:13:25-05:00
a28accadf709afbc3b29343fccde0304ab541884,1b035166bdb2d86e718ad51a55caffc8bc9504a7,providers/implementations/kdfs/snmpkdf.c,"('1765', '')",2025-12-17T13:45:22+01:00,2025-12-10T13:21:48+11:00
6f73fe1c688dc3e4c3815e8f33e5b672abeb28d3,e3713c365c2657236439fea00822a43aa396d112,crypto/evp/bio_ok.c,"('29413', '')",2025-12-21T14:26:15-05:00,2017-10-13T10:06:59-04:00
6f73fe1c688dc3e4c3815e8f33e5b672abeb28d3,e23d850ff3281220f33ed78d9ca4fcadfa279565,crypto/evp/bio_ok.c,"('29413', '')",2025-12-21T14:26:15-05:00,2020-07-11T10:00:33+02:00
6f73fe1c688dc3e4c3815e8f33e5b672abeb28d3,a146ae55ba479a5c7aa2a6afba1b2b93102a152c,crypto/evp/bio_ok.c,"('29413', '')",2025-12-21T14:26:15-05:00,2016-03-29T17:40:54+01:00
6f73fe1c688dc3e4c3815e8f33e5b672abeb28d3,e077455e9e57ed4ee4676996b4a9aa11df6327a6,crypto/evp/bio_ok.c,"('29413', '')",2025-12-21T14:26:15-05:00,2022-10-05T14:02:03+02:00
6f73fe1c688dc3e4c3815e8f33e5b672abeb28d3,3befffa39dbaf2688d823fcf2bdfc07d2487be48,crypto/evp/bio_ok.c,"('29413', '')",2025-12-21T14:26:15-05:00,2016-10-28T09:48:54+01:00
6f73fe1c688dc3e4c3815e8f33e5b672abeb28d3,0e1c06128adbfd2d88dc304db2262140bad045fd,crypto/evp/bio_ok.c,"('29413', '')",2025-12-21T14:26:15-05:00,2000-05-15T22:54:43+00:00
6f73fe1c688dc3e4c3815e8f33e5b672abeb28d3,f6c95e46c03025b2694241e1ad785d8bd3ac083b,crypto/evp/bio_ok.c,"('29413', '')",2025-12-21T14:26:15-05:00,2021-04-18T10:03:07+02:00
6f73fe1c688dc3e4c3815e8f33e5b672abeb28d3,0f71b77d5c6a86d459eab429d8b1258b746733ed,crypto/evp/bio_ok.c,"('29413', '')",2025-12-21T14:26:15-05:00,2004-07-25T20:13:30+00:00
6f73fe1c688dc3e4c3815e8f33e5b672abeb28d3,16f8d4ebf0fd4847fa83d9c61f4150273cb4f533,crypto/evp/bio_ok.c,"('29413', '')",2025-12-21T14:26:15-05:00,2015-05-05T22:18:59-04:00
6f73fe1c688dc3e4c3815e8f33e5b672abeb28d3,ed576acdf591d4164905ab98e89ca5a3b99d90ab,crypto/evp/bio_ok.c,"('29413', '')",2025-12-21T14:26:15-05:00,2021-06-01T12:40:00+02:00
6f73fe1c688dc3e4c3815e8f33e5b672abeb28d3,312904b216f917646ad1909ce8bca8bf8a52e5d7,crypto/evp/bio_ok.c,"('29413', '')",2025-12-21T14:26:15-05:00,2025-09-23T12:01:25+02:00
6f73fe1c688dc3e4c3815e8f33e5b672abeb28d3,cb1d435cac2a9a7bd6019f9f23648c8075251109,crypto/evp/bio_ok.c,"('29413', '')",2025-12-21T14:26:15-05:00,2016-05-09T09:06:06+01:00
6f73fe1c688dc3e4c3815e8f33e5b672abeb28d3,1f2235ea4e48a48f0c06406c22c8ae31a6ccaae6,crypto/evp/bio_ok.c,"('29413', '')",2025-12-21T14:26:15-05:00,2020-02-20T18:53:50+10:00
6f73fe1c688dc3e4c3815e8f33e5b672abeb28d3,d3442bc780473f0cd4f378bc31130d4579da640b,crypto/evp/bio_ok.c,"('29413', '')",2025-12-21T14:26:15-05:00,2000-02-20T23:43:02+00:00
6f73fe1c688dc3e4c3815e8f33e5b672abeb28d3,323f289c480b0a8eb15ed3be2befbcc0f86e8904,crypto/evp/bio_ok.c,"('29413', '')",2025-12-21T14:26:15-05:00,2001-06-19T22:30:40+00:00
6f73fe1c688dc3e4c3815e8f33e5b672abeb28d3,b6dcdbfc94c482f6c15ba725754fc9e827e41851,crypto/evp/bio_ok.c,"('29413', '')",2025-12-21T14:26:15-05:00,2009-09-23T23:43:49+00:00
6f73fe1c688dc3e4c3815e8f33e5b672abeb28d3,657e60fa00ddde3618600d6306be913214d30457,crypto/evp/bio_ok.c,"('29413', '')",2025-12-21T14:26:15-05:00,2000-02-03T23:23:24+00:00
6f73fe1c688dc3e4c3815e8f33e5b672abeb28d3,dbad169019598981174ff46c7a9bf58373b0e53a,crypto/evp/bio_ok.c,"('29413', '')",2025-12-21T14:26:15-05:00,2001-07-30T23:57:25+00:00
6f73fe1c688dc3e4c3815e8f33e5b672abeb28d3,6b691a5c85ddc4e407e32781841fee5c029506cd,crypto/evp/bio_ok.c,"('29413', '')",2025-12-21T14:26:15-05:00,1999-04-19T21:31:43+00:00
6f73fe1c688dc3e4c3815e8f33e5b672abeb28d3,27ab91951c96364351f1ea0652dbf14622440345,crypto/evp/bio_ok.c,"('29413', '')",2025-12-21T14:26:15-05:00,2017-12-09T21:27:29+01:00
6f73fe1c688dc3e4c3815e8f33e5b672abeb28d3,04f6b0fd9110c85c3c0d6d1172005d1c6755ac86,crypto/evp/bio_ok.c,"('29413', '')",2025-12-21T14:26:15-05:00,2016-03-21T16:49:10-04:00
6f73fe1c688dc3e4c3815e8f33e5b672abeb28d3,0f113f3ee4d629ef9a4a30911b22b224772085e5,crypto/evp/bio_ok.c,"('29413', '')",2025-12-21T14:26:15-05:00,2015-01-22T09:20:09+00:00
6f73fe1c688dc3e4c3815e8f33e5b672abeb28d3,d07aee2c7a33e77d97d8e13811af3637e3849cb2,crypto/evp/bio_ok.c,"('29413', '')",2025-12-21T14:26:15-05:00,2016-10-28T09:48:54+01:00
6f73fe1c688dc3e4c3815e8f33e5b672abeb28d3,a614af95531dd9f168aa4b71bd1195b4fdfe1794,crypto/evp/bio_ok.c,"('29413', '')",2025-12-21T14:26:15-05:00,2020-11-27T13:58:59+01:00
6f73fe1c688dc3e4c3815e8f33e5b672abeb28d3,e778802f53c8d47e96a6e4cbc776eb6e1d4c461a,crypto/evp/bio_ok.c,"('29413', '')",2025-12-21T14:26:15-05:00,1999-04-17T21:25:43+00:00
6f73fe1c688dc3e4c3815e8f33e5b672abeb28d3,26a7d938c9bf932a55cb5e4e02abb48fe395c5cd,crypto/evp/bio_ok.c,"('29413', '')",2025-12-21T14:26:15-05:00,2017-10-18T16:05:06+01:00
6f73fe1c688dc3e4c3815e8f33e5b672abeb28d3,14c45338e986d5827f1e944d0cffe54a7f4697ea,crypto/evp/bio_ok.c,"('29413', '')",2025-12-21T14:26:15-05:00,2024-08-29T10:29:53+02:00
6f73fe1c688dc3e4c3815e8f33e5b672abeb28d3,bb86c43fa88ce485b13f94514dddb08ce8f60280,crypto/evp/bio_ok.c,"('29413', '')",2025-12-21T14:26:15-05:00,2025-07-02T17:26:26+02:00
6f73fe1c688dc3e4c3815e8f33e5b672abeb28d3,1745a3fb9fde6ee8c3c505b597e63db08e39c367,crypto/evp/bio_ok.c,"('29413', '')",2025-12-21T14:26:15-05:00,1999-02-23T21:45:23+00:00
6f73fe1c688dc3e4c3815e8f33e5b672abeb28d3,68756b12f55cb23536d531695619ad4a567916ab,crypto/evp/bio_ok.c,"('29413', '')",2025-12-21T14:26:15-05:00,2019-07-01T10:09:22+02:00
6f73fe1c688dc3e4c3815e8f33e5b672abeb28d3,77a01145be26ceeefa6870e1e9dd7f99ac123fa3,crypto/evp/bio_ok.c,"('29413', '')",2025-12-21T14:26:15-05:00,2015-12-07T17:36:57+01:00
6f73fe1c688dc3e4c3815e8f33e5b672abeb28d3,2fab90bb5e1937f1c2125eab144f7f6c39e70087,crypto/evp/bio_ok.c,"('29413', '')",2025-12-21T14:26:15-05:00,2025-12-09T00:28:19-07:00
6f73fe1c688dc3e4c3815e8f33e5b672abeb28d3,bcbc7d60679b79fa4347e33c865306dce41ed985,crypto/evp/bio_ok.c,"('29413', '')",2025-12-21T14:26:15-05:00,2023-08-04T10:30:58-04:00
6f73fe1c688dc3e4c3815e8f33e5b672abeb28d3,3205db2bfecdd83d321455a6302628f39b336be4,crypto/evp/bio_ok.c,"('29413', '')",2025-12-21T14:26:15-05:00,2004-07-25T19:37:41+00:00
6f73fe1c688dc3e4c3815e8f33e5b672abeb28d3,bfb0641f932490c2e7fb5f9f7cb4a88017a5abfa,crypto/evp/bio_ok.c,"('29413', '')",2025-12-21T14:26:15-05:00,2015-12-07T17:40:20+01:00
6f73fe1c688dc3e4c3815e8f33e5b672abeb28d3,fce78bd4ede74d4fa7bd1c8195d8f7bc9403bd4c,crypto/evp/bio_ok.c,"('29413', '')",2025-12-21T14:26:15-05:00,2017-12-15T19:33:48+01:00
6f73fe1c688dc3e4c3815e8f33e5b672abeb28d3,266483d2f56b0764849797f31866bfd84f9c3aa8,crypto/evp/bio_ok.c,"('29413', '')",2025-12-21T14:26:15-05:00,2015-03-25T12:38:07+00:00
6f73fe1c688dc3e4c3815e8f33e5b672abeb28d3,37bbe449294b63f87b03e792cae465b0b095299a,crypto/evp/bio_ok.c,"('29413', '')",2025-12-21T14:26:15-05:00,2021-06-08T19:32:17+10:00
6f73fe1c688dc3e4c3815e8f33e5b672abeb28d3,07c244f0cdb0dc47611b95e3f89f52b75b90a814,crypto/evp/build.info,"('29413', '')",2025-12-21T14:26:15-05:00,2019-06-15T00:34:02+02:00
6f73fe1c688dc3e4c3815e8f33e5b672abeb28d3,04f6b0fd9110c85c3c0d6d1172005d1c6755ac86,include/openssl/evp.h,"('29413', '')",2025-12-21T14:26:15-05:00,2016-03-21T16:49:10-04:00
6f73fe1c688dc3e4c3815e8f33e5b672abeb28d3,8752f7fc024603b2e98058303cb106eeeb233212,util/libcrypto.num,"('29413', '')",2025-12-21T14:26:15-05:00,2025-10-30T08:18:58-04:00
6f73fe1c688dc3e4c3815e8f33e5b672abeb28d3,ccfce835e07210064450a58ce189d0e622a1fccf,util/missingcrypto.txt,"('29413', '')",2025-12-21T14:26:15-05:00,2019-12-21T22:53:54+01:00
441a2c105c7074502b0dc4ccd4aa2ed11d305556,ebd690b1eb0d95c6784e2f36dd86d72670b82794,crypto/modes/asm/aes-gcm-ppc.pl,"('29516', '')",2025-12-31T16:38:21-05:00,2025-12-19T15:08:27+01:00
90d6c3b260409101e5be31fedb7677e1c2448e4c,71beab84e6e2c5bda417b309a16c3ec4eee38859,Configurations/unix-Makefile.tmpl,"('29594', '')",2026-01-16T09:37:05-05:00,2022-09-30T22:25:45+02:00
90d6c3b260409101e5be31fedb7677e1c2448e4c,d108082377aa5f1c5420ec76ca2e9a5b8fb12a32,Configurations/unix-Makefile.tmpl,"('29594', '')",2026-01-16T09:37:05-05:00,2023-03-06T08:00:58+11:00
51ba3bb8c3d2063ce96dc6d107d8664a578518dc,8cc86b81ac20ff3e933ea7fd107a5a6066032330,crypto/x509/x509_local.h,"('28654', '')",2026-01-19T12:02:24+00:00,2020-03-23T08:30:37+01:00
51ba3bb8c3d2063ce96dc6d107d8664a578518dc,8cc86b81ac20ff3e933ea7fd107a5a6066032330,crypto/x509/x509_lu.c,"('28654', '')",2026-01-19T12:02:24+00:00,2020-03-23T08:30:37+01:00
51ba3bb8c3d2063ce96dc6d107d8664a578518dc,7fcdbd839c629f5419a49bf8da28c968c8140c3d,crypto/x509/x509_vfy.c,"('28654', '')",2026-01-19T12:02:24+00:00,2018-04-24T09:08:33+02:00
51ba3bb8c3d2063ce96dc6d107d8664a578518dc,c34e78766f9f89831d7ed684e411091bf7bfd3e7,crypto/x509/x509_vfy.c,"('28654', '')",2026-01-19T12:02:24+00:00,2022-07-26T16:35:01+02:00
51ba3bb8c3d2063ce96dc6d107d8664a578518dc,8cc86b81ac20ff3e933ea7fd107a5a6066032330,include/crypto/x509.h,"('28654', '')",2026-01-19T12:02:24+00:00,2020-03-23T08:30:37+01:00
51ba3bb8c3d2063ce96dc6d107d8664a578518dc,c34e78766f9f89831d7ed684e411091bf7bfd3e7,include/openssl/x509_vfy.h.in,"('28654', '')",2026-01-19T12:02:24+00:00,2022-07-26T16:35:01+02:00
06304d4f4f1d84a388909b5ca6610881007a2a62,d08d77789e20e8b47a48f4d0a998ccfcde9d389b,Configure,"('', '1814')",2026-01-20T19:43:12+01:00,2025-05-02T13:43:04+02:00
06304d4f4f1d84a388909b5ca6610881007a2a62,f53537b1fabdb38baf43e930b9c546ffb50a86cf,test/hmactest.c,"('', '1814')",2026-01-20T19:43:12+01:00,2018-12-09T22:02:48-05:00
06304d4f4f1d84a388909b5ca6610881007a2a62,73ff6d6847b1bbabe4ae052a3bde1f37c78aecb4,test/hmactest.c,"('', '1814')",2026-01-20T19:43:12+01:00,2018-12-09T22:02:51-05:00
06304d4f4f1d84a388909b5ca6610881007a2a62,f2ae2348cef7cdc9bc7bcff8f5cf19384bad45fd,test/modes_internal_test.c,"('', '1814')",2026-01-20T19:43:12+01:00,2016-11-03T13:13:31+01:00
06304d4f4f1d84a388909b5ca6610881007a2a62,2fab90bb5e1937f1c2125eab144f7f6c39e70087,test/modes_internal_test.c,"('', '1814')",2026-01-20T19:43:12+01:00,2025-12-09T00:28:19-07:00
06304d4f4f1d84a388909b5ca6610881007a2a62,a76ce2862bc6ae2cf8a749c8747d371041fc42d1,test/sslapitest.c,"('', '1814')",2026-01-20T19:43:12+01:00,2020-01-29T19:49:23+10:00
06304d4f4f1d84a388909b5ca6610881007a2a62,d0191fe059fc73ff70af31de1fb99f2d2298242c,test/sslapitest.c,"('', '1814')",2026-01-20T19:43:12+01:00,2018-05-11T14:51:08+01:00
8bf30b21bda96462658d84fa44af2d55237550fc,f71ae05a4d22d52780fc7cfc7e60710b74fd3dd7,Configure,"('', '1815')",2026-01-20T19:44:52+01:00,2023-01-13T13:20:09+00:00
8bf30b21bda96462658d84fa44af2d55237550fc,d02b48c63a58ea4367a0e905979f140b7d090f86,crypto/evp/encode.c,"('', '1815')",2026-01-20T19:44:52+01:00,1998-12-21T10:52:47+00:00
b3fbf9da7973e0c68727aa87d75a112c9e06c7fe,b9d1ad32039a8203e79845eafc8acd199c20a807,test/ct_test.c,"('', '1816')",2026-01-22T10:57:55+01:00,2018-02-26T17:48:06+01:00
b3fbf9da7973e0c68727aa87d75a112c9e06c7fe,ebcb536858a271e8812fb9bbafbc0b825e5ece24,test/ct_test.c,"('', '1816')",2026-01-22T10:57:55+01:00,2016-11-15T16:12:41-05:00
045ca33cef8d1585ecb9ee8a4ef04e6e790f6828,309c6fbaceb907e5b596a158f0891f42e6694bc2,crypto/comp/c_zlib.c,"('23563', '')",2026-01-22T18:00:26+01:00,2021-04-22T17:41:55+02:00
045ca33cef8d1585ecb9ee8a4ef04e6e790f6828,0fc32b0718ec210e03b6d8623d4819ed04615a1b,crypto/comp/c_zlib.c,"('23563', '')",2026-01-22T18:00:26+01:00,2016-02-10T17:40:59+00:00
045ca33cef8d1585ecb9ee8a4ef04e6e790f6828,3840271e984010132380892817c1e1173f4a1576,crypto/comp/c_zlib.c,"('23563', '')",2026-01-22T18:00:26+01:00,2022-11-07T11:23:13+01:00
045ca33cef8d1585ecb9ee8a4ef04e6e790f6828,f148f7034c9e2f9155ca4a8e51cbe7af02f8600a,crypto/comp/c_zlib.c,"('23563', '')",2026-01-22T18:00:26+01:00,2021-03-18T17:52:37+10:00
f17230ae6c9f622418b3f45bb68ed9014b4b79c4,a146ae55ba479a5c7aa2a6afba1b2b93102a152c,crypto/asn1/bio_asn1.c,"('1739', '')",2026-01-22T18:12:13+01:00,2016-03-29T17:40:54+01:00
f17230ae6c9f622418b3f45bb68ed9014b4b79c4,11d8cdc6ad92d070dd91735511ff9616cf879bbb,crypto/asn1/bio_asn1.c,"('1739', '')",2026-01-22T18:12:13+01:00,2006-12-24T16:22:56+00:00
f17230ae6c9f622418b3f45bb68ed9014b4b79c4,0f113f3ee4d629ef9a4a30911b22b224772085e5,crypto/asn1/bio_asn1.c,"('1739', '')",2026-01-22T18:12:13+01:00,2015-01-22T09:20:09+00:00
f17230ae6c9f622418b3f45bb68ed9014b4b79c4,26a7d938c9bf932a55cb5e4e02abb48fe395c5cd,crypto/bio/bf_lbuf.c,"('1739', '')",2026-01-22T18:12:13+01:00,2017-10-18T16:05:06+01:00
f17230ae6c9f622418b3f45bb68ed9014b4b79c4,26a7d938c9bf932a55cb5e4e02abb48fe395c5cd,crypto/bio/bf_nbio.c,"('1739', '')",2026-01-22T18:12:13+01:00,2017-10-18T16:05:06+01:00
f17230ae6c9f622418b3f45bb68ed9014b4b79c4,26a7d938c9bf932a55cb5e4e02abb48fe395c5cd,crypto/bio/bf_null.c,"('1739', '')",2026-01-22T18:12:13+01:00,2017-10-18T16:05:06+01:00
f17230ae6c9f622418b3f45bb68ed9014b4b79c4,95d29597b7cc2ec3653811b1a659094b4831f96b,crypto/bio/bss_bio.c,"('1739', '')",2026-01-22T18:12:13+01:00,1999-06-12T01:03:40+00:00
f17230ae6c9f622418b3f45bb68ed9014b4b79c4,0f113f3ee4d629ef9a4a30911b22b224772085e5,crypto/bio/bss_conn.c,"('1739', '')",2026-01-22T18:12:13+01:00,2015-01-22T09:20:09+00:00
f17230ae6c9f622418b3f45bb68ed9014b4b79c4,0f113f3ee4d629ef9a4a30911b22b224772085e5,crypto/bio/bss_dgram.c,"('1739', '')",2026-01-22T18:12:13+01:00,2015-01-22T09:20:09+00:00
f17230ae6c9f622418b3f45bb68ed9014b4b79c4,0f113f3ee4d629ef9a4a30911b22b224772085e5,crypto/bio/bss_fd.c,"('1739', '')",2026-01-22T18:12:13+01:00,2015-01-22T09:20:09+00:00
f17230ae6c9f622418b3f45bb68ed9014b4b79c4,0f113f3ee4d629ef9a4a30911b22b224772085e5,crypto/bio/bss_file.c,"('1739', '')",2026-01-22T18:12:13+01:00,2015-01-22T09:20:09+00:00
f17230ae6c9f622418b3f45bb68ed9014b4b79c4,b4ff66223b53ad9d2f5b4efd75bf8d52cc59c8dd,crypto/bio/bss_log.c,"('1739', '')",2026-01-22T18:12:13+01:00,2017-12-18T07:04:48+10:00
f17230ae6c9f622418b3f45bb68ed9014b4b79c4,0849d13811a61d9ce711ac1f3a706ddd19fec1f3,crypto/bio/bss_log.c,"('1739', '')",2026-01-22T18:12:13+01:00,1999-02-22T21:21:08+00:00
f17230ae6c9f622418b3f45bb68ed9014b4b79c4,6e193d4d03f6c7bdf95e82e226c5fccbd67562f2,crypto/bio/bss_mem.c,"('1739', '')",2026-01-22T18:12:13+01:00,2023-01-27T16:11:18+01:00
f17230ae6c9f622418b3f45bb68ed9014b4b79c4,0f113f3ee4d629ef9a4a30911b22b224772085e5,crypto/bio/bss_sock.c,"('1739', '')",2026-01-22T18:12:13+01:00,2015-01-22T09:20:09+00:00
f17230ae6c9f622418b3f45bb68ed9014b4b79c4,a146ae55ba479a5c7aa2a6afba1b2b93102a152c,crypto/evp/bio_b64.c,"('1739', '')",2026-01-22T18:12:13+01:00,2016-03-29T17:40:54+01:00
f17230ae6c9f622418b3f45bb68ed9014b4b79c4,a146ae55ba479a5c7aa2a6afba1b2b93102a152c,crypto/evp/bio_enc.c,"('1739', '')",2026-01-22T18:12:13+01:00,2016-03-29T17:40:54+01:00
f17230ae6c9f622418b3f45bb68ed9014b4b79c4,d572cb6c1c95c1371b9c1eb986d4736c53fa9f40,doc/man3/BIO_ctrl.pod,"('1739', '')",2026-01-22T18:12:13+01:00,2000-09-12T01:56:56+00:00
f17230ae6c9f622418b3f45bb68ed9014b4b79c4,d02b48c63a58ea4367a0e905979f140b7d090f86,ssl/bio_ssl.c,"('1739', '')",2026-01-22T18:12:13+01:00,1998-12-21T10:52:47+00:00
7b9f20d94fbd7a870e406509ef4bd93d005dc1c7,a3ea35c2936acbe6a53b1d52d2d7addbfb6bbd5a,crypto/x509/v3_akid.c,"('27406', '')",2026-01-26T16:29:26+01:00,2021-12-09T18:05:26+01:00
b21663c35a6f0ed4c8de06855bdc7a6a21f00c2f,645749ef98612340b11c4bf2ba856e1fa469912b,crypto/bio/bf_lbuf.c,"('48', '')",2026-01-26T20:41:37+01:00,2000-09-20T13:55:50+00:00
b21663c35a6f0ed4c8de06855bdc7a6a21f00c2f,0f113f3ee4d629ef9a4a30911b22b224772085e5,crypto/bio/bf_lbuf.c,"('48', '')",2026-01-26T20:41:37+01:00,2015-01-22T09:20:09+00:00
be9375d5d45dfaf897b56ef148a0b58402491fcb,bd30091c9725bdad1c82bce10839f33ceaa5623b,crypto/modes/ocb128.c,"('', '58')",2026-01-26T20:47:37+01:00,2015-12-10T13:11:26+01:00
ea8fc4c345fbd749048809c9f7c881ea656b0b94,176a9a682a22d556037b0a959911e6020c8d2ecd,crypto/ts/ts_rsp_verify.c,"('', '61')",2026-01-26T20:53:20+01:00,2021-04-28T14:10:47+02:00
1ef3cd84b6a6f3d1dfc6b01e2768d14b4abf8e4e,739a1eb1961cdc3b1597a040766f3cb359d095f6,include/openssl/safestack.h.in,"('29616', '')",2026-01-27T12:25:21-05:00,2016-05-20T10:48:29-04:00
8751d7bb86443b92a0cf4300c65b62af05c0c04c,8b75603cc0ce8f4d9deb7218fbd905d3fc73a4c0,doc/man3/OPENSSL_init_crypto.pod,"('1826', '')",2026-01-27T15:42:50-05:00,2016-02-09T15:11:38+00:00
8751d7bb86443b92a0cf4300c65b62af05c0c04c,f672aee49450e03e7b1a26c8701d0be720e9ae0e,doc/man3/OPENSSL_init_crypto.pod,"('1826', '')",2026-01-27T15:42:50-05:00,2016-02-10T09:37:03-05:00
8751d7bb86443b92a0cf4300c65b62af05c0c04c,9e183d2271653cbba2d9cf56d40c1356705207aa,doc/man3/OPENSSL_init_crypto.pod,"('1826', '')",2026-01-27T15:42:50-05:00,2017-03-11T08:56:44-05:00
98b60fa84877e14900d7646cc7f5651bd10f685c,e74bd29053a543ab4908ae8545b46f2e38c98bab,doc/man3/EVP_MAC.pod,"('12580', '')",2026-01-29T09:06:44+11:00,2019-08-15T22:12:25+02:00
5ebffe48b5c723565f3c3f26adee905d562770df,83918ad6fddf33acc43aadcc40f08be22ff39482,doc/man3/DH_generate_parameters.pod,"('8473', '')",2026-01-29T09:08:14+11:00,2018-03-08T09:35:29-05:00
5ebffe48b5c723565f3c3f26adee905d562770df,b0004708730f300a2e5c6a11c887caab50b6c42a,doc/man3/DH_generate_parameters.pod,"('8473', '')",2026-01-29T09:08:14+11:00,2017-11-20T07:20:30+01:00
5ebffe48b5c723565f3c3f26adee905d562770df,ccfce835e07210064450a58ce189d0e622a1fccf,util/missingcrypto.txt,"('8473', '')",2026-01-29T09:08:14+11:00,2019-12-21T22:53:54+01:00
1cc92989929226f5a58ed274d7ccf8872106d8fa,808fccb721f2fb621c3ffeb789dc4c13f2f37986,providers/common/der/build.info,"('175', '')",2026-02-03T12:13:25-05:00,2025-02-14T10:46:04+01:00
156347ff2cc9145fa5f4f4a3a7f7546e242accc8,5a9752756b68632320c5aed7b6eb38e63a8ebf31,crypto/context.c,"('1846', '')",2026-02-05T12:08:03-05:00,2020-06-28T10:55:51+02:00
156347ff2cc9145fa5f4f4a3a7f7546e242accc8,981d129a5609ee2e031367c34c67a9f61a5bfd66,crypto/context.c,"('1846', '')",2026-02-05T12:08:03-05:00,2024-06-27T18:26:26+02:00
156347ff2cc9145fa5f4f4a3a7f7546e242accc8,5466197f16f61e08af70c73e622534f2b984c419,crypto/context.c,"('1846', '')",2026-02-05T12:08:03-05:00,2025-06-20T13:01:39-04:00
be42447469dcccc68b7e115c7947e3c25124f3f2,3befffa39dbaf2688d823fcf2bdfc07d2487be48,crypto/bio/bio_lib.c,"('1745', '')",2026-02-12T09:34:25+01:00,2016-10-28T09:48:54+01:00
be42447469dcccc68b7e115c7947e3c25124f3f2,7bf79e33c94545eb3d67f142ce2dcc974c4dc79b,crypto/bio/bio_lib.c,"('1745', '')",2026-02-12T09:34:25+01:00,2016-10-28T09:48:54+01:00
be42447469dcccc68b7e115c7947e3c25124f3f2,d07aee2c7a33e77d97d8e13811af3637e3849cb2,crypto/bio/bio_meth.c,"('1745', '')",2026-02-12T09:34:25+01:00,2016-10-28T09:48:54+01:00
be42447469dcccc68b7e115c7947e3c25124f3f2,b055fceb9bd8f613f39dab9df4d77b2a95231755,doc/man3/BIO_meth_new.pod,"('1745', '')",2026-02-12T09:34:25+01:00,2016-10-28T09:48:54+01:00
be42447469dcccc68b7e115c7947e3c25124f3f2,e12870deb022555dd15678ff745c33ff19b65dfe,doc/man3/BIO_set_flags.pod,"('1745', '')",2026-02-12T09:34:25+01:00,2025-12-15T16:14:41+01:00
be42447469dcccc68b7e115c7947e3c25124f3f2,0800318a0c1f80ed838838951b0478cb977d40a6,test/bio_callback_test.c,"('1745', '')",2026-02-12T09:34:25+01:00,2021-05-26T17:18:34+02:00
be42447469dcccc68b7e115c7947e3c25124f3f2,52d78cc5ebc1d4fc021cabbcb09f4efb4c6ae82d,test/bio_callback_test.c,"('1745', '')",2026-02-12T09:34:25+01:00,2018-10-04T14:16:16+01:00
be42447469dcccc68b7e115c7947e3c25124f3f2,bcc33dfcd9038d46be3bd84b32d14942977f1c38,test/build.info,"('1745', '')",2026-02-12T09:34:25+01:00,2026-01-19T14:15:35+00:00
039baf390e5e6a3ea8cbb564302a4d5cf2cec502,ac120e20e331068f4594d05e53181ec143c82684,doc/man3/RSA_set_method.pod,"('13884', '')",2026-02-12T16:18:24+01:00,2002-08-04T21:08:36+00:00
039baf390e5e6a3ea8cbb564302a4d5cf2cec502,adc73bfcb30ea78b74caec3785d81ad9a281bd9c,doc/man3/RSA_set_method.pod,"('13884', '')",2026-02-12T16:18:24+01:00,2025-12-04T07:32:18-05:00
4792d33a544c0dd8e19e982ecb35d44b0195c1e0,359efeac3f9b99c5f734b90db8a4c5bfadb7323a,doc/man1/openssl-enc.pod.in,"('26089', '')",2026-02-13T15:51:52+01:00,2021-05-20T16:24:43+02:00
4792d33a544c0dd8e19e982ecb35d44b0195c1e0,bf4c852893485689ae6ea660b7bb3b1819d85774,doc/man1/openssl-genpkey.pod.in,"('26089', '')",2026-02-13T15:51:52+01:00,2025-04-29T14:18:57+02:00
4792d33a544c0dd8e19e982ecb35d44b0195c1e0,046a7aaa5e3c398b19fcdb5b486d57ab9c6ced30,doc/man1/openssl-pkey.pod.in,"('26089', '')",2026-02-13T15:51:52+01:00,2021-01-11T19:35:34+01:00
4792d33a544c0dd8e19e982ecb35d44b0195c1e0,473dff4781780abd43fc789b1a36d65c3c383ba8,doc/man1/openssl-pkey.pod.in,"('26089', '')",2026-02-13T15:51:52+01:00,2025-12-17T13:40:17+01:00
4792d33a544c0dd8e19e982ecb35d44b0195c1e0,1f7643e86e7dfdc559092fe4a467bad2ce86f6f2,doc/man1/openssl-pkey.pod.in,"('26089', '')",2026-02-13T15:51:52+01:00,2021-01-11T19:35:34+01:00
ab021a41c98af6b9e3de46ada0535bad83bdc925,b8086652650c0782bc8d63b620663e04a3c6a3a7,doc/man7/EVP_SIGNATURE-DSA.pod,"('29328', '')",2026-02-13T16:09:45+01:00,2020-05-26T13:53:07+10:00
ab021a41c98af6b9e3de46ada0535bad83bdc925,b8086652650c0782bc8d63b620663e04a3c6a3a7,doc/man7/EVP_SIGNATURE-ECDSA.pod,"('29328', '')",2026-02-13T16:09:45+01:00,2020-05-26T13:53:07+10:00
ab021a41c98af6b9e3de46ada0535bad83bdc925,a2eecb5d2691d8a2e3481765683054f1edfcba36,doc/man7/EVP_SIGNATURE-ED25519.pod,"('29328', '')",2026-02-13T16:09:45+01:00,2018-03-02T10:14:31+00:00
ab021a41c98af6b9e3de46ada0535bad83bdc925,52ae0f8fc23570b6b7cc98d1cb0d6f6dd53ea98a,doc/man7/EVP_SIGNATURE-HMAC.pod,"('29328', '')",2026-02-13T16:09:45+01:00,2020-08-29T17:40:11+10:00
ab021a41c98af6b9e3de46ada0535bad83bdc925,a3b9edcb7906ebc8132b313a9223a6bf0527ee94,doc/man7/EVP_SIGNATURE-LMS.pod,"('29328', '')",2026-02-13T16:09:45+01:00,2025-07-10T19:04:37+10:00
ab021a41c98af6b9e3de46ada0535bad83bdc925,6184259849900f3952ffebd87dd90809c9e744e2,doc/man7/EVP_SIGNATURE-ML-DSA.pod,"('29328', '')",2026-02-13T16:09:45+01:00,2025-02-14T10:46:03+01:00
ab021a41c98af6b9e3de46ada0535bad83bdc925,b8086652650c0782bc8d63b620663e04a3c6a3a7,doc/man7/EVP_SIGNATURE-RSA.pod,"('29328', '')",2026-02-13T16:09:45+01:00,2020-05-26T13:53:07+10:00
ab021a41c98af6b9e3de46ada0535bad83bdc925,6de411963f8749cc511c198f2918a3c061f1b0c1,doc/man7/EVP_SIGNATURE-SLH-DSA.pod,"('29328', '')",2026-02-13T16:09:45+01:00,2025-02-18T10:16:04+01:00
eb962a78b5cda85b9ff80d2bd5981021a1a7b9cc,505fcdb5de382623aa8a1230579334b58aa72b45,test/recipes/90-test_shlibload.t,"('1869', '')",2026-02-13T16:15:03+01:00,2021-06-24T15:55:14+10:00
eb962a78b5cda85b9ff80d2bd5981021a1a7b9cc,88d57bf83fe32b2c8ceb1264562fdd028de504bf,test/recipes/90-test_shlibload.t,"('1869', '')",2026-02-13T16:15:03+01:00,2019-01-04T13:19:39+00:00
eb962a78b5cda85b9ff80d2bd5981021a1a7b9cc,31659fe32673a6bd66abf3f8a7d803e81c6ffeed,test/recipes/90-test_shlibload.t,"('1869', '')",2026-02-13T16:15:03+01:00,2025-12-19T12:01:59-05:00
eb962a78b5cda85b9ff80d2bd5981021a1a7b9cc,9dc2269829726a10806c4e9f951074b6529e2529,test/recipes/90-test_shlibload.t,"('1869', '')",2026-02-13T16:15:03+01:00,2024-02-22T10:37:13+01:00
eb962a78b5cda85b9ff80d2bd5981021a1a7b9cc,41999e7d358c3657a254b34b85fd9e948180529b,test/shlibloadtest.c,"('1869', '')",2026-02-13T16:15:03+01:00,2019-01-04T13:19:39+00:00
eb962a78b5cda85b9ff80d2bd5981021a1a7b9cc,bdd07c78a08bba9e006749bf0ee20dc4a553ab83,test/shlibloadtest.c,"('1869', '')",2026-02-13T16:15:03+01:00,2017-05-12T14:30:08-04:00
eb962a78b5cda85b9ff80d2bd5981021a1a7b9cc,d0f2f202c5aa6365d3c13e18a0b9e26837c290a0,test/shlibloadtest.c,"('1869', '')",2026-02-13T16:15:03+01:00,2019-01-04T13:19:39+00:00
eb962a78b5cda85b9ff80d2bd5981021a1a7b9cc,ca52fe62e7f3349f5c2a52583aef833eaff6e282,test/shlibloadtest.c,"('1869', '')",2026-02-13T16:15:03+01:00,2026-02-11T12:37:28-05:00
eb962a78b5cda85b9ff80d2bd5981021a1a7b9cc,88d57bf83fe32b2c8ceb1264562fdd028de504bf,test/shlibloadtest.c,"('1869', '')",2026-02-13T16:15:03+01:00,2019-01-04T13:19:39+00:00
eb962a78b5cda85b9ff80d2bd5981021a1a7b9cc,31659fe32673a6bd66abf3f8a7d803e81c6ffeed,test/shlibloadtest.c,"('1869', '')",2026-02-13T16:15:03+01:00,2025-12-19T12:01:59-05:00
7b5ddfb157671b360d04175dcac656c6dc6b8edd,a598cd1ab4251d1cb5f5b88a91463d4552dd294e,doc/man3/SSL_get_error.pod,"('11889', '');('1715', '')",2026-02-18T16:26:26+01:00,2000-01-25T22:35:20+00:00
7b5ddfb157671b360d04175dcac656c6dc6b8edd,a91e844d7a4fd472eb8f013afd84f23ef59c520e,doc/man3/SSL_get_error.pod,"('11889', '');('1715', '')",2026-02-18T16:26:26+01:00,2025-12-31T12:28:07+01:00
7b5ddfb157671b360d04175dcac656c6dc6b8edd,1e4e5492966007268485920a56613b9c6893f237,doc/man3/SSL_get_error.pod,"('11889', '');('1715', '')",2026-02-18T16:26:26+01:00,2000-09-16T15:39:28+00:00
7b5ddfb157671b360d04175dcac656c6dc6b8edd,b31b04d951e9b65bde29657e1ae057b76f0f0a73,ssl/ssl_lib.c,"('11889', '');('1715', '')",2026-02-18T16:26:26+01:00,1999-05-11T07:43:16+00:00
7b5ddfb157671b360d04175dcac656c6dc6b8edd,7f6cc862c69800a72c49fcfe89e2931ee4ca2e7a,ssl/ssl_lib.c,"('11889', '');('1715', '')",2026-02-18T16:26:26+01:00,2025-04-14T15:34:24+01:00
7b5ddfb157671b360d04175dcac656c6dc6b8edd,22b1a96ff798cf73f4b573bff1d9f80236d3f102,ssl/ssl_lib.c,"('11889', '');('1715', '')",2026-02-18T16:26:26+01:00,2023-05-12T14:47:14+01:00
7b5ddfb157671b360d04175dcac656c6dc6b8edd,1b3f27f9208a8d7576102b3bba6443885fb01e7c,ssl/ssl_lib.c,"('11889', '');('1715', '')",2026-02-18T16:26:26+01:00,2025-02-19T17:27:04+01:00
7b5ddfb157671b360d04175dcac656c6dc6b8edd,6d495cc4de9efac980df0a70be5981fd94831d33,ssl/ssl_lib.c,"('11889', '');('1715', '')",2026-02-18T16:26:26+01:00,2023-05-12T14:47:09+01:00
7b5ddfb157671b360d04175dcac656c6dc6b8edd,64f9f40696f993406e53c16d7c9d815004afd8ad,ssl/ssl_lib.c,"('11889', '');('1715', '')",2026-02-18T16:26:26+01:00,2016-02-08T09:29:29+00:00
7b5ddfb157671b360d04175dcac656c6dc6b8edd,26a7d938c9bf932a55cb5e4e02abb48fe395c5cd,ssl/ssl_lib.c,"('11889', '');('1715', '')",2026-02-18T16:26:26+01:00,2017-10-18T16:05:06+01:00
7b5ddfb157671b360d04175dcac656c6dc6b8edd,113be15a5ee9aa79a70098e27071c46175cbbb18,ssl/ssl_lib.c,"('11889', '');('1715', '')",2026-02-18T16:26:26+01:00,2024-01-23T14:20:06+00:00
7b5ddfb157671b360d04175dcac656c6dc6b8edd,38b051a1fedc79ebf24a96de2e9a326ad3665baf,ssl/ssl_lib.c,"('11889', '');('1715', '')",2026-02-18T16:26:26+01:00,2022-07-28T10:04:28+01:00
7b5ddfb157671b360d04175dcac656c6dc6b8edd,4ee7d3f94590d3766c28eed03b969f338ddf96dc,ssl/ssl_lib.c,"('11889', '');('1715', '')",2026-02-18T16:26:26+01:00,2017-02-23T20:40:05+01:00
7b5ddfb157671b360d04175dcac656c6dc6b8edd,413c4f45ed0508d2242638696b7665f499d68265,ssl/ssl_lib.c,"('11889', '');('1715', '')",2026-02-18T16:26:26+01:00,1999-02-16T09:22:21+00:00
7b5ddfb157671b360d04175dcac656c6dc6b8edd,03bacce81e3d3b3caba6d3c30edb548d0f5bc364,ssl/ssl_lib.c,"('11889', '');('1715', '')",2026-02-18T16:26:26+01:00,2023-01-13T13:20:16+00:00
7b5ddfb157671b360d04175dcac656c6dc6b8edd,7a2bb2101be4f4dfd9f437ebe1d7fd5dbc14b894,ssl/ssl_lib.c,"('11889', '');('1715', '')",2026-02-18T16:26:26+01:00,2023-08-08T14:33:42+01:00
7b5ddfb157671b360d04175dcac656c6dc6b8edd,ec4479249d9c0b0a9e2ba6a8c59a0ed62530e954,ssl/ssl_lib.c,"('11889', '');('1715', '')",2026-02-18T16:26:26+01:00,2016-01-29T11:36:44+00:00
7b5ddfb157671b360d04175dcac656c6dc6b8edd,add2f5ca6dd174154bf2f2b63e3cfd8bf5ce5109,ssl/ssl_lib.c,"('11889', '');('1715', '')",2026-02-18T16:26:26+01:00,2015-11-20T23:35:19+00:00
7b5ddfb157671b360d04175dcac656c6dc6b8edd,cc22cd546bd0b0e1b55c1835403ab564d5f30581,test/helpers/handshake.c,"('11889', '');('1715', '')",2026-02-18T16:26:26+01:00,2017-02-16T09:35:56+00:00
7b5ddfb157671b360d04175dcac656c6dc6b8edd,e42c4544c88046a01c53a81aeb9d48685d708cf9,test/helpers/handshake.c,"('11889', '');('1715', '')",2026-02-18T16:26:26+01:00,2016-09-28T09:15:07+01:00
7b5ddfb157671b360d04175dcac656c6dc6b8edd,9f6eb62221358fe84b3d70e63378ae651bbc9705,test/quicapitest.c,"('11889', '');('1715', '')",2026-02-18T16:26:26+01:00,2023-09-29T11:29:19+02:00
7b5ddfb157671b360d04175dcac656c6dc6b8edd,bc349281880c3f1da784cbc76b28f34d8ab10601,test/recipes/70-test_renegotiation.t,"('11889', '');('1715', '')",2026-02-18T16:26:26+01:00,2016-12-08T17:20:16+00:00
7b5ddfb157671b360d04175dcac656c6dc6b8edd,6862de63d469f3148a2ff5a04a6b9ab6413bd5ac,test/recipes/70-test_renegotiation.t,"('11889', '');('1715', '')",2026-02-18T16:26:26+01:00,2018-04-24T09:54:31+01:00
cac8bcef45c27ae68ccd4b6a30372f598adbfec3,68ea60683a190d3c308e16c59d22b7a7209ae292,crypto/bn/asm/sparcv9-mont.pl,"('15587', '')",2026-02-18T13:02:24-05:00,2005-12-15T22:43:33+00:00
9c1d0e772d86d85cbecf158acd5c0b3fde6365c9,7e06a6758bef584deabc9cb4b0d21b3e664b25c9,crypto/x509/x_crl.c,"('27374', '')",2026-02-20T11:24:35-05:00,2020-03-21T18:46:36+01:00
9c1d0e772d86d85cbecf158acd5c0b3fde6365c9,0f113f3ee4d629ef9a4a30911b22b224772085e5,crypto/x509/x_crl.c,"('27374', '')",2026-02-20T11:24:35-05:00,2015-01-22T09:20:09+00:00
9c1d0e772d86d85cbecf158acd5c0b3fde6365c9,d43c4497ce1611373c3a3e5b433dfde4907d1a69,crypto/x509/x_crl.c,"('27374', '')",2026-02-20T11:24:35-05:00,2008-09-01T15:15:16+00:00
9c32abf54125b50a6cc9441708c523609feaed69,b1f79e7ce54afc28bfb5dfcfdd379782ed501b0a,crypto/bio/bss_conn.c,"('16399', '')",2026-02-23T09:00:26+01:00,2020-03-16T10:41:51+01:00
9c32abf54125b50a6cc9441708c523609feaed69,6ba76c4f23e4b4ddc27b9e7234c8b9c3bcff5eff,crypto/bio/bss_sock.c,"('16399', '')",2026-02-23T09:00:26+01:00,2018-12-07T11:25:45+00:00
9c32abf54125b50a6cc9441708c523609feaed69,a3e53d56831adb60d6875297b3339a4251f735d2,crypto/bio/bss_sock.c,"('16399', '')",2026-02-23T09:00:26+01:00,2022-03-10T10:42:43-05:00
9c32abf54125b50a6cc9441708c523609feaed69,dfeab0689f69c0b4bd3480ffd37a9cacc2f17d9c,crypto/bio/bss_sock.c,"('16399', '')",2026-02-23T09:00:26+01:00,1998-12-21T11:00:56+00:00
9c32abf54125b50a6cc9441708c523609feaed69,e2f92610bcc21dc5b943f9250e34c207ab35fef0,doc/man3/BIO_s_socket.pod,"('16399', '')",2026-02-23T09:00:26+01:00,2016-05-19T08:51:59-04:00
9c32abf54125b50a6cc9441708c523609feaed69,8eec1389fb8e649fe971046b4108a66544955017,doc/man3/BIO_s_socket.pod,"('16399', '')",2026-02-23T09:00:26+01:00,2000-09-14T20:24:56+00:00
9c32abf54125b50a6cc9441708c523609feaed69,2111f5c2834a838c4fc1ca981fddf80cbc589dfc,include/internal/ktls.h,"('16399', '')",2026-02-23T09:00:26+01:00,2019-10-31T10:24:32+00:00
9c32abf54125b50a6cc9441708c523609feaed69,fe3ad3aee37f7bcb52c647a4f1c8a6f60360d095,include/internal/ktls.h,"('16399', '')",2026-02-23T09:00:26+01:00,2018-12-07T11:25:45+00:00
46dbd7faa0886875ac3ea17d156d61aad6d5aecf,7e1b7485706c2b11091b5fa897fe496a2faa56cc,apps/asn1parse.c,"('', '29860')",2026-02-25T11:12:51+01:00,2015-04-24T15:26:15-04:00
46dbd7faa0886875ac3ea17d156d61aad6d5aecf,d012c1a17934d4f5aac0bc9853efcb3f831b5b23,apps/asn1parse.c,"('', '29860')",2026-02-25T11:12:51+01:00,2016-06-18T15:34:03+01:00
46dbd7faa0886875ac3ea17d156d61aad6d5aecf,dfeab0689f69c0b4bd3480ffd37a9cacc2f17d9c,apps/asn1parse.c,"('', '29860')",2026-02-25T11:12:51+01:00,1998-12-21T11:00:56+00:00
46dbd7faa0886875ac3ea17d156d61aad6d5aecf,07a38fd2bfbf1fa3cc1ad9a92f1bcf5d5611ae16,apps/ca.c,"('', '29860')",2026-02-25T11:12:51+01:00,2017-01-25T09:06:34+00:00
46dbd7faa0886875ac3ea17d156d61aad6d5aecf,2fab90bb5e1937f1c2125eab144f7f6c39e70087,apps/ca.c,"('', '29860')",2026-02-25T11:12:51+01:00,2025-12-09T00:28:19-07:00
46dbd7faa0886875ac3ea17d156d61aad6d5aecf,d02b48c63a58ea4367a0e905979f140b7d090f86,apps/ca.c,"('', '29860')",2026-02-25T11:12:51+01:00,1998-12-21T10:52:47+00:00
46dbd7faa0886875ac3ea17d156d61aad6d5aecf,535d79da635c2015a88a0184321296bdcb201848,apps/ca.c,"('', '29860')",2026-02-25T11:12:51+01:00,2001-03-15T19:13:40+00:00
46dbd7faa0886875ac3ea17d156d61aad6d5aecf,68dc682499ea3fe27d909c946d7abd39062d6efd,apps/ca.c,"('', '29860')",2026-02-25T11:12:51+01:00,2015-04-30T17:48:31-04:00
46dbd7faa0886875ac3ea17d156d61aad6d5aecf,cc69629626ce0dab934704e1d9e806e0823c87d0,apps/ca.c,"('', '29860')",2026-02-25T11:12:51+01:00,2016-08-17T17:09:19+01:00
46dbd7faa0886875ac3ea17d156d61aad6d5aecf,ecf3a1fb181c08540342cceb6549e0408b32d135,apps/ca.c,"('', '29860')",2026-02-25T11:12:51+01:00,2015-04-29T11:27:08-04:00
46dbd7faa0886875ac3ea17d156d61aad6d5aecf,7644a9aef8932ed4d1c3f25ed776c997702982be,apps/ca.c,"('', '29860')",2026-02-25T11:12:51+01:00,2015-12-16T16:14:49-05:00
46dbd7faa0886875ac3ea17d156d61aad6d5aecf,a6b7ffddac43c0805d02e7236034308f39bcd183,apps/ca.c,"('', '29860')",2026-02-25T11:12:51+01:00,2001-02-16T01:35:44+00:00
46dbd7faa0886875ac3ea17d156d61aad6d5aecf,f9a2593163299b47fa5930516266e8dfe4a1c18f,apps/ca.c,"('', '29860')",2026-02-25T11:12:51+01:00,1999-04-12T11:45:14+00:00
46dbd7faa0886875ac3ea17d156d61aad6d5aecf,0f113f3ee4d629ef9a4a30911b22b224772085e5,apps/ca.c,"('', '29860')",2026-02-25T11:12:51+01:00,2015-01-22T09:20:09+00:00
46dbd7faa0886875ac3ea17d156d61aad6d5aecf,a0754084f82cf1cd0c8629d61f779bb6a6c6b1a6,apps/crl.c,"('', '29860')",2026-02-25T11:12:51+01:00,2016-08-17T12:34:22+01:00
46dbd7faa0886875ac3ea17d156d61aad6d5aecf,a0754084f82cf1cd0c8629d61f779bb6a6c6b1a6,apps/include/apps.h,"('', '29860')",2026-02-25T11:12:51+01:00,2016-08-17T12:34:22+01:00
46dbd7faa0886875ac3ea17d156d61aad6d5aecf,a0754084f82cf1cd0c8629d61f779bb6a6c6b1a6,apps/lib/apps.c,"('', '29860')",2026-02-25T11:12:51+01:00,2016-08-17T12:34:22+01:00
46dbd7faa0886875ac3ea17d156d61aad6d5aecf,a0754084f82cf1cd0c8629d61f779bb6a6c6b1a6,apps/ocsp.c,"('', '29860')",2026-02-25T11:12:51+01:00,2016-08-17T12:34:22+01:00
46dbd7faa0886875ac3ea17d156d61aad6d5aecf,2bdab81198ae366d25547b1441609c7d324b0bb4,apps/pkcs12.c,"('', '29860')",2026-02-25T11:12:51+01:00,2021-08-31T12:20:12+02:00
46dbd7faa0886875ac3ea17d156d61aad6d5aecf,9ada832a81a89458d667778dd57108ee12bd3740,apps/pkcs12.c,"('', '29860')",2026-02-25T11:12:51+01:00,2025-12-31T12:26:20+01:00
46dbd7faa0886875ac3ea17d156d61aad6d5aecf,dbcc7b45670483cc89428afe1d3c363ef83d76df,apps/pkcs12.c,"('', '29860')",2026-02-25T11:12:51+01:00,2019-09-17T10:57:46+02:00
46dbd7faa0886875ac3ea17d156d61aad6d5aecf,398b0bbdf71d852daf2e79d842cd0d307ec9f8f6,apps/s_client.c,"('', '29860')",2026-02-25T11:12:51+01:00,2017-03-02T16:33:22+01:00
46dbd7faa0886875ac3ea17d156d61aad6d5aecf,75ebbd9aa411c5b8b19ded6ace2b34181566b56a,apps/ts.c,"('', '29860')",2026-02-25T11:12:51+01:00,2015-05-11T10:06:38-04:00
46dbd7faa0886875ac3ea17d156d61aad6d5aecf,68dc682499ea3fe27d909c946d7abd39062d6efd,apps/ts.c,"('', '29860')",2026-02-25T11:12:51+01:00,2015-04-30T17:48:31-04:00
46dbd7faa0886875ac3ea17d156d61aad6d5aecf,c7235be6e36c4bef84594aa3b2f0561db84b63d8,apps/ts.c,"('', '29860')",2026-02-25T11:12:51+01:00,2006-02-12T23:11:56+00:00
46dbd7faa0886875ac3ea17d156d61aad6d5aecf,7b6c638dd516a595196a3f715422427755e7c47a,apps/ts.c,"('', '29860')",2026-02-25T11:12:51+01:00,2026-02-13T16:05:36+01:00
46dbd7faa0886875ac3ea17d156d61aad6d5aecf,0f113f3ee4d629ef9a4a30911b22b224772085e5,apps/ts.c,"('', '29860')",2026-02-25T11:12:51+01:00,2015-01-22T09:20:09+00:00
46dbd7faa0886875ac3ea17d156d61aad6d5aecf,a0754084f82cf1cd0c8629d61f779bb6a6c6b1a6,apps/x509.c,"('', '29860')",2026-02-25T11:12:51+01:00,2016-08-17T12:34:22+01:00
46dbd7faa0886875ac3ea17d156d61aad6d5aecf,d02b48c63a58ea4367a0e905979f140b7d090f86,include/openssl/asn1.h.in,"('', '29860')",2026-02-25T11:12:51+01:00,1998-12-21T10:52:47+00:00
46dbd7faa0886875ac3ea17d156d61aad6d5aecf,6343829a391df59e46e513c84b6264ee71ad9518,include/openssl/asn1.h.in,"('', '29860')",2026-02-25T11:12:51+01:00,2008-11-12T03:58:08+00:00
46dbd7faa0886875ac3ea17d156d61aad6d5aecf,dfeab0689f69c0b4bd3480ffd37a9cacc2f17d9c,include/openssl/asn1.h.in,"('', '29860')",2026-02-25T11:12:51+01:00,1998-12-21T11:00:56+00:00
46dbd7faa0886875ac3ea17d156d61aad6d5aecf,0f113f3ee4d629ef9a4a30911b22b224772085e5,include/openssl/asn1.h.in,"('', '29860')",2026-02-25T11:12:51+01:00,2015-01-22T09:20:09+00:00
46dbd7faa0886875ac3ea17d156d61aad6d5aecf,fa1ba589f3feab2c1d8c87109d18978238a9877f,include/openssl/asn1.h.in,"('', '29860')",2026-02-25T11:12:51+01:00,2010-03-06T18:05:05+00:00
46dbd7faa0886875ac3ea17d156d61aad6d5aecf,4e3ee452d091615e52a43e6e7c6db7d09e260353,ssl/statem/statem_srvr.c,"('', '29860')",2026-02-25T11:12:51+01:00,2019-12-13T17:43:33+03:00
46dbd7faa0886875ac3ea17d156d61aad6d5aecf,c5ec6dcf0bdd15354a1440632766e19540487c58,test/helpers/pkcs12.c,"('', '29860')",2026-02-25T11:12:51+01:00,2020-08-07T07:59:48+10:00
46dbd7faa0886875ac3ea17d156d61aad6d5aecf,1f365708a3318a5f1a395f90c38b584a58d37fb9,test/helpers/pkcs12.c,"('', '29860')",2026-02-25T11:12:51+01:00,2021-08-24T14:22:06+01:00
7226f3cfceb923c5191a21ac557376aa783c2656,6de411963f8749cc511c198f2918a3c061f1b0c1,doc/man7/EVP_PKEY-SLH-DSA.pod,"('29329', '')",2026-02-25T11:26:25+01:00,2025-02-18T10:16:04+01:00
9efd7e9e98a98aaade8121bac8f1e53208c3af33,8c1cbc72105ffd493b48e65f8f5fd3657dedb28c,doc/man3/SSL_CTX_set1_curves.pod,"('30109', '')",2026-02-25T22:06:57+11:00,2020-07-05T01:49:20+02:00
9efd7e9e98a98aaade8121bac8f1e53208c3af33,260009d877bfd6fe75aef08ecf4c366127f1f78e,doc/man3/SSL_CTX_set1_curves.pod,"('30109', '')",2026-02-25T22:06:57+11:00,2020-06-19T10:19:31+01:00
9efd7e9e98a98aaade8121bac8f1e53208c3af33,d69c014608acdfa37839d49412e6d6974ac539a0,doc/man3/SSL_CTX_set1_curves.pod,"('30109', '')",2026-02-25T22:06:57+11:00,2025-02-10T11:43:56-05:00
9efd7e9e98a98aaade8121bac8f1e53208c3af33,e04a604d0dbc6a50c48e21a4658afc2a6fb2d445,doc/man3/SSL_CTX_set1_curves.pod,"('30109', '')",2026-02-25T22:06:57+11:00,2025-02-14T10:50:57+01:00
9efd7e9e98a98aaade8121bac8f1e53208c3af33,2ec4e9501423cdc886c5a300b4f8bb249a3df4da,doc/man3/SSL_CTX_set1_curves.pod,"('30109', '')",2026-02-25T22:06:57+11:00,2024-08-15T19:42:50+02:00
9efd7e9e98a98aaade8121bac8f1e53208c3af33,493e067f90a431a89ce6f29e906136c579b12080,doc/man3/SSL_CTX_set1_curves.pod,"('30109', '')",2026-02-25T22:06:57+11:00,2025-03-03T09:37:44+01:00
9efd7e9e98a98aaade8121bac8f1e53208c3af33,d0595f170c225b918a980f49c5d16ec53545a6ad,ssl/t1_lib.c,"('30109', '')",2026-02-25T22:06:57+11:00,2012-03-28T15:05:04+00:00
9efd7e9e98a98aaade8121bac8f1e53208c3af33,2fab90bb5e1937f1c2125eab144f7f6c39e70087,ssl/t1_lib.c,"('30109', '')",2026-02-25T22:06:57+11:00,2025-12-09T00:28:19-07:00
9efd7e9e98a98aaade8121bac8f1e53208c3af33,260009d877bfd6fe75aef08ecf4c366127f1f78e,ssl/t1_lib.c,"('30109', '')",2026-02-25T22:06:57+11:00,2020-06-19T10:19:31+01:00
9efd7e9e98a98aaade8121bac8f1e53208c3af33,d69c014608acdfa37839d49412e6d6974ac539a0,ssl/t1_lib.c,"('30109', '')",2026-02-25T22:06:57+11:00,2025-02-10T11:43:56-05:00
9efd7e9e98a98aaade8121bac8f1e53208c3af33,357e27342e9bbe8d45e8be079a11588e7905fc55,ssl/t1_lib.c,"('30109', '')",2026-02-25T22:06:57+11:00,2024-11-04T11:49:49+01:00
9efd7e9e98a98aaade8121bac8f1e53208c3af33,10f65f7282d07c308cba5e26488bc504f56abc8a,ssl/t1_lib.c,"('30109', '')",2026-02-25T22:06:57+11:00,2024-03-06T10:42:05+01:00
9efd7e9e98a98aaade8121bac8f1e53208c3af33,351caebeac7a71896012222d10b9364e4a8c3e94,ssl/t1_lib.c,"('30109', '')",2026-02-25T22:06:57+11:00,2025-08-08T12:22:10-04:00
9efd7e9e98a98aaade8121bac8f1e53208c3af33,d69c014608acdfa37839d49412e6d6974ac539a0,test/tls13groupselection_test.c,"('30109', '')",2026-02-25T22:06:57+11:00,2025-02-10T11:43:56-05:00
9efd7e9e98a98aaade8121bac8f1e53208c3af33,2fab90bb5e1937f1c2125eab144f7f6c39e70087,test/tls13groupselection_test.c,"('30109', '')",2026-02-25T22:06:57+11:00,2025-12-09T00:28:19-07:00
3fdeb5dc8ea3ac1040692c86127309652c47ac52,d016d1ec34977fa9305ad5d535b03d6c5677cf1c,Configurations/unix-Makefile.tmpl,"('29931', '')",2026-02-26T14:47:31+01:00,2017-12-15T19:27:42+01:00
3fdeb5dc8ea3ac1040692c86127309652c47ac52,6d2e0076e6a8146f3bdaa60151b2fa6e4df0d1bf,Configurations/windows-makefile.tmpl,"('29931', '')",2026-02-26T14:47:31+01:00,2021-06-07T12:31:11+02:00
65c8fdc6c614f31f0af00af2ddbfbd6ea0bec210,d5e5e2ffafc7dbc861f7d285508cf129c5e8f5ac,crypto/sha/sha3.c,"('30039', '')",2026-03-02T12:58:42+01:00,2019-06-04T12:09:50+10:00
65c8fdc6c614f31f0af00af2ddbfbd6ea0bec210,b68a947fd23a1e9189399cb9cc4ee75801bb142b,crypto/sha/sha3.c,"('30039', '')",2026-03-02T12:58:42+01:00,2020-11-19T07:39:13+10:00
65c8fdc6c614f31f0af00af2ddbfbd6ea0bec210,2d3bd088b3c43e5b10dcf298bcf01b5637e32e7f,crypto/sha/sha3.c,"('30039', '')",2026-03-02T12:58:42+01:00,2026-02-17T12:16:50+11:00
65c8fdc6c614f31f0af00af2ddbfbd6ea0bec210,9f01bfa158b2129c2bc03259a4d97214df5f5416,crypto/sha/sha3.c,"('30039', '')",2026-03-02T12:58:42+01:00,2026-02-17T12:20:04+11:00
65c8fdc6c614f31f0af00af2ddbfbd6ea0bec210,a890ef833d114da3430c2f2efd95e01714704d34,crypto/sha/sha3.c,"('30039', '')",2026-03-02T12:58:42+01:00,2019-08-18T21:06:03+02:00
65c8fdc6c614f31f0af00af2ddbfbd6ea0bec210,536649082212e7c643ab8d7bab89f620fbcd37f0,crypto/sha/sha3.c,"('30039', '')",2026-03-02T12:58:42+01:00,2023-11-10T13:27:00+01:00
65c8fdc6c614f31f0af00af2ddbfbd6ea0bec210,9f01bfa158b2129c2bc03259a4d97214df5f5416,crypto/slh_dsa/slh_hash.c,"('30039', '')",2026-03-02T12:58:42+01:00,2026-02-17T12:20:04+11:00
65c8fdc6c614f31f0af00af2ddbfbd6ea0bec210,b68a947fd23a1e9189399cb9cc4ee75801bb142b,include/internal/sha3.h,"('30039', '')",2026-03-02T12:58:42+01:00,2020-11-19T07:39:13+10:00
65c8fdc6c614f31f0af00af2ddbfbd6ea0bec210,536649082212e7c643ab8d7bab89f620fbcd37f0,include/internal/sha3.h,"('30039', '')",2026-03-02T12:58:42+01:00,2023-11-10T13:27:00+01:00
65c8fdc6c614f31f0af00af2ddbfbd6ea0bec210,2d3bd088b3c43e5b10dcf298bcf01b5637e32e7f,include/internal/sha3.h,"('30039', '')",2026-03-02T12:58:42+01:00,2026-02-17T12:16:50+11:00
65c8fdc6c614f31f0af00af2ddbfbd6ea0bec210,d5e5e2ffafc7dbc861f7d285508cf129c5e8f5ac,providers/implementations/digests/sha3_prov.c,"('30039', '')",2026-03-02T12:58:42+01:00,2019-06-04T12:09:50+10:00
65c8fdc6c614f31f0af00af2ddbfbd6ea0bec210,94898923538f686b74b6ddef34571f804d9b3811,providers/implementations/digests/sha3_prov.c,"('30039', '')",2026-03-02T12:58:42+01:00,2023-11-10T15:31:29+01:00
65c8fdc6c614f31f0af00af2ddbfbd6ea0bec210,1337b50936ed190a98af1ee6601d857b42a3d296,providers/implementations/digests/sha3_prov.c,"('30039', '')",2026-03-02T12:58:42+01:00,2023-11-10T14:25:44+01:00
65c8fdc6c614f31f0af00af2ddbfbd6ea0bec210,2fab90bb5e1937f1c2125eab144f7f6c39e70087,providers/implementations/digests/sha3_prov.c,"('30039', '')",2026-03-02T12:58:42+01:00,2025-12-09T00:28:19-07:00
65c8fdc6c614f31f0af00af2ddbfbd6ea0bec210,086d88a637ecf537af62260e16d4e0011dbb8d1b,providers/implementations/digests/sha3_prov.c,"('30039', '')",2026-03-02T12:58:42+01:00,2022-07-14T18:27:26+02:00
65c8fdc6c614f31f0af00af2ddbfbd6ea0bec210,288fbb4b71343516cee6f6a44b9ec55d82fb1532,providers/implementations/digests/sha3_prov.c,"('30039', '')",2026-03-02T12:58:42+01:00,2023-11-10T14:26:27+01:00
65c8fdc6c614f31f0af00af2ddbfbd6ea0bec210,7aa45b8bb3269e881d0378aa785ff344efdd2897,providers/implementations/digests/sha3_prov.c,"('30039', '')",2026-03-02T12:58:42+01:00,2023-11-10T14:26:27+01:00
65c8fdc6c614f31f0af00af2ddbfbd6ea0bec210,1c1daab94cdec0a26139fd70e3382ab4a076531e,providers/implementations/digests/sha3_prov.c,"('30039', '')",2026-03-02T12:58:42+01:00,2020-09-12T16:46:20+10:00
65c8fdc6c614f31f0af00af2ddbfbd6ea0bec210,f6484de23df5f04e1f9fa8418e942c45c1a65578,providers/implementations/digests/sha3_prov.c,"('30039', '')",2026-03-02T12:58:42+01:00,2023-07-21T10:19:19+10:00
65c8fdc6c614f31f0af00af2ddbfbd6ea0bec210,017acc58f6b67d5b347db411a7a1c4e890434f42,providers/implementations/digests/sha3_prov.c,"('30039', '')",2026-03-02T12:58:42+01:00,2023-11-10T14:26:27+01:00
65c8fdc6c614f31f0af00af2ddbfbd6ea0bec210,536649082212e7c643ab8d7bab89f620fbcd37f0,providers/implementations/digests/sha3_prov.c,"('30039', '')",2026-03-02T12:58:42+01:00,2023-11-10T13:27:00+01:00
65c8fdc6c614f31f0af00af2ddbfbd6ea0bec210,1022131d16e30cfbf896e02419019de48e8e1149,providers/implementations/digests/sha3_prov.c,"('30039', '')",2026-03-02T12:58:42+01:00,2023-11-10T14:26:27+01:00
65c8fdc6c614f31f0af00af2ddbfbd6ea0bec210,962431d58bdf7fcdb3db11f17cea878b83292243,providers/implementations/digests/sha3_prov.c,"('30039', '')",2026-03-02T12:58:42+01:00,2024-07-22T06:55:35-04:00
65c8fdc6c614f31f0af00af2ddbfbd6ea0bec210,9c738431411e9f87d144793802b74e5ffd019403,providers/implementations/digests/sha3_prov.c,"('30039', '')",2026-03-02T12:58:42+01:00,2026-01-23T15:07:51+01:00
65c8fdc6c614f31f0af00af2ddbfbd6ea0bec210,704a2108ab988456900bdf4c7079c1ca7d49360b,providers/implementations/digests/sha3_prov.c,"('30039', '')",2026-03-02T12:58:42+01:00,2025-07-16T13:07:15-04:00
e09a74e5d136c4aa87bd936c18b90529d5d33ac2,63f187cfedd21550094b5d69a52f7f617545b209,providers/implementations/storemgmt/file_store.c,"('28667', '')",2026-03-02T20:38:38+01:00,2020-09-03T17:48:32+02:00
e09a74e5d136c4aa87bd936c18b90529d5d33ac2,606e0426a148034c8c131de9f31f7d3e38be99ea,providers/implementations/storemgmt/winstore_store.c,"('28667', '')",2026-03-02T20:38:38+01:00,2022-09-14T14:10:18+01:00
2cf43bb1e49f07ad74b3413fe8c9577252ede28c,b43913be7ea11306b74fab000902a53345bc2b49,test/recipes/25-test_configutl.t,"('', '1894')",2026-03-10T20:42:20+01:00,2025-05-08T11:05:42+10:00
0ed06337e38ec70e5beb043d5a1da9a6b6e8c57e,6f38c59850105f5bf6f6780c73da6f0333f87582,ssl/quic/quic_impl.c,"('', '3030');('30307', '')",2026-03-11T10:22:33+01:00,2025-02-17T11:27:33-05:00
0ed06337e38ec70e5beb043d5a1da9a6b6e8c57e,56b6ab094ee7353e86ce13793ce44d3ed5d87cc8,ssl/quic/quic_impl.c,"('', '3030');('30307', '')",2026-03-11T10:22:33+01:00,2025-02-17T11:27:33-05:00
0ed06337e38ec70e5beb043d5a1da9a6b6e8c57e,92b5ba86f68b200c0f2549ec21a5edaaf2da4735,ssl/quic/quic_impl.c,"('', '3030');('30307', '')",2026-03-11T10:22:33+01:00,2026-01-12T19:51:35+01:00
0ed06337e38ec70e5beb043d5a1da9a6b6e8c57e,a47c685ea72d611ecf78d91e95120693b006d845,test/quicapitest.c,"('', '3030');('30307', '')",2026-03-11T10:22:33+01:00,2025-12-05T10:13:25-05:00
0ed06337e38ec70e5beb043d5a1da9a6b6e8c57e,fbb2a20732277ebf185ecaadb9e8570f8e9771d7,test/quicapitest.c,"('', '3030');('30307', '')",2026-03-11T10:22:33+01:00,2025-06-17T16:12:39-04:00
0ed06337e38ec70e5beb043d5a1da9a6b6e8c57e,605eda60ae1c221e38710a3a83df2c4e24d0cc04,test/quicapitest.c,"('', '3030');('30307', '')",2026-03-11T10:22:33+01:00,2025-08-07T13:16:25-04:00
9a188b5eff0ce501d553bd2ff2f32b7c8defbfbf,f0a057dd5343ca81849dd140ee9c302cda914f41,test/recipes/25-test_req.t,"('19095', '')",2026-03-11T12:22:27+01:00,2021-01-13T11:53:15+01:00
9a188b5eff0ce501d553bd2ff2f32b7c8defbfbf,6b93db7bfd572e81fac581c5be7b0d7509febb80,test/recipes/25-test_req.t,"('19095', '')",2026-03-11T12:22:27+01:00,2025-08-11T12:00:38+02:00
94e563f98c0b896ba57a6ca8c0cc7781565bb128,f3b988dc29512d6575ff435e1ff7c1b66d97051e,fuzz/provider.c,"('30281', '')",2026-03-11T16:58:36-04:00,2024-05-24T11:56:41+02:00
134342e194a23b1d3cc0687b05d97cfdd0f31c4a,d02b48c63a58ea4367a0e905979f140b7d090f86,crypto/des/cfb64ede.c,"('30284', '')",2026-03-12T15:24:03+01:00,1998-12-21T10:52:47+00:00
134342e194a23b1d3cc0687b05d97cfdd0f31c4a,d02b48c63a58ea4367a0e905979f140b7d090f86,crypto/des/cfb64enc.c,"('30284', '')",2026-03-12T15:24:03+01:00,1998-12-21T10:52:47+00:00
134342e194a23b1d3cc0687b05d97cfdd0f31c4a,d02b48c63a58ea4367a0e905979f140b7d090f86,crypto/des/ofb64ede.c,"('30284', '')",2026-03-12T15:24:03+01:00,1998-12-21T10:52:47+00:00
134342e194a23b1d3cc0687b05d97cfdd0f31c4a,d02b48c63a58ea4367a0e905979f140b7d090f86,crypto/des/ofb64enc.c,"('30284', '')",2026-03-12T15:24:03+01:00,1998-12-21T10:52:47+00:00
0a72e6ae74a6d32977ac53cbf314f414c08b327b,4842a27b902660b672d72d2ed23e941461ca481c,ssl/ssl_sess.c,"('28632', '')",2026-03-12T13:51:33-04:00,2022-08-01T13:15:51+02:00
0a72e6ae74a6d32977ac53cbf314f414c08b327b,58964a492275ca9a59a0cd9c8155cb2491b4b909,ssl/ssl_sess.c,"('28632', '')",2026-03-12T13:51:33-04:00,1998-12-21T10:56:39+00:00
4b5b5868b81332d8667ddc161c28705a563d50d3,0711be16968194d6fe83b57de8af722ac0bc4622,doc/man3/X509_NAME_print_ex.pod,"('18004', '')",2026-03-13T09:21:20+01:00,2002-10-20T13:20:57+00:00
4b5b5868b81332d8667ddc161c28705a563d50d3,2aa91df406a8c907b53d01773b1b860117542c48,doc/man3/X509_NAME_print_ex.pod,"('18004', '')",2026-03-13T09:21:20+01:00,2020-09-10T12:07:33+02:00
8c141a2cffb58f9780615d259da35e8228656c0c,7d42becc0d3ec1d1f16054288ea897b3cd85961d,crypto/evp/exchange.c,"('', '30378');('30378', '')",2026-03-13T11:37:15-04:00,2025-08-30T21:11:06-04:00
43b03f25b9296df597fa1d29be1fb28d9efceb28,be42447469dcccc68b7e115c7947e3c25124f3f2,crypto/bio/bio_lib.c,"('30348', '')",2026-03-15T15:22:38-04:00,2026-02-12T09:34:25+01:00
43b03f25b9296df597fa1d29be1fb28d9efceb28,d02b48c63a58ea4367a0e905979f140b7d090f86,crypto/bio/bss_file.c,"('30348', '')",2026-03-15T15:22:38-04:00,1998-12-21T10:52:47+00:00
43b03f25b9296df597fa1d29be1fb28d9efceb28,ea1b02db6ab4864befde88ed03099f075cf7db76,crypto/bio/bss_file.c,"('30348', '')",2026-03-15T15:22:38-04:00,2005-05-17T00:08:28+00:00
00dcd4527d477544b0ff5727a377bc37f96f946f,2df71d618505056f86cf4e033d9fdfcde0e6574a,doc/man7/ossl-guide-tls-introduction.pod,"('18070', '')",2026-03-16T11:23:36+00:00,2023-06-14T13:08:37+10:00
f56a9fa69db773cfdf9af68e5b8a65067b015077,9ab6b64ac856157a31a54c0d12207c2338bfa8e2,providers/implementations/ciphers/cipher_aes_gcm_hw_ppc.inc,"('30380', '')",2026-03-18T08:03:32+01:00,2022-09-13T14:41:39+02:00
05ac67903950f4dfc78a65148cab794410edac32,148f4d23e1a9becf8984ddc92fa8ebcb3b760bd9,crypto/slh_dsa/slh_dsa.c,"('30414', '')",2026-03-18T08:19:48+01:00,2025-02-18T10:17:29+01:00
10b0340feccff0a50ee9ed888645a7e93163516e,19e277dd19f2897f6a7b7eb236abe46655e575bf,crypto/aes/asm/vpaes-armv8.pl,"('', '30341')",2026-03-19T21:35:55+01:00,2021-10-01T09:35:38+02:00
10b0340feccff0a50ee9ed888645a7e93163516e,2779c08436e3935835118faa38892b6e755d732d,crypto/aes/asm/vpaes-armv8.pl,"('', '30341')",2026-03-19T21:35:55+01:00,2015-03-28T15:41:50+01:00
c7620840bfbc0eae1e535cf77c10dea768aae321,70b17e5a00dae537181e2722033f190cc1550139,crypto/x509/v3_timespec.c,"('', '30424')",2026-03-20T19:46:29+01:00,2024-12-11T18:26:37+01:00
c7620840bfbc0eae1e535cf77c10dea768aae321,679a10110e4e60dbfe8acc87f5c697cebd501876,test/recipes/25-test_x509.t,"('', '30424')",2026-03-20T19:46:29+01:00,2025-12-01T11:46:49+01:00
bbeade53ddd1f2fce73485207f9dd752fea68f4a,36d16f8ee0845d932e250286e8e236580470e35b,ssl/statem/statem_dtls.c,"('', '30442');('30442', '')",2026-03-22T00:11:42+01:00,2005-04-26T16:02:40+00:00
6f01df42cd0fff76dc789e50f5f86addd6103192,8d9a4d833f12b0669f053a504268d13a46c079ad,apps/cmp.c,"('30377', '')",2026-03-24T18:34:19+01:00,2020-05-13T19:42:00+02:00
cd20f1af1cfe3ca0b733201654667582788eb014,a150f8e1fcc38752fef4d7c75d765d8efc7d46d6,crypto/conf/conf_lib.c,"('28305', '');('30402', '')",2026-03-24T18:38:32+01:00,2020-11-13T09:35:31+01:00
5f447011a4c42b1b4b6fd9266385b6a61961a9ef,a82c2bf5c9db9d00f16281b48c1e1430a6cfd76e,doc/man1/openssl-verification-options.pod,"('7', '')",2026-03-27T07:25:17+01:00,2024-12-13T08:26:19+01:00
5f447011a4c42b1b4b6fd9266385b6a61961a9ef,d7d3dae694fa4611c1cd953dccf81b3d2b4121c6,doc/man3/CMS_verify.pod,"('7', '')",2026-03-27T07:25:17+01:00,2022-07-16T08:15:49+02:00
5f447011a4c42b1b4b6fd9266385b6a61961a9ef,7e9db7cefcf6ea09aeda4a0395a291412a6966da,doc/man3/PKCS7_verify.pod,"('7', '')",2026-03-27T07:25:17+01:00,2002-10-08T00:40:58+00:00
80b7e49c273f9977394de54f338baec9273dd47a,afc64c240f2a99a6cd30a0384b5296ad9f0f7597,apps/dgst.c,"('11677', '');('30429', '')",2026-03-27T17:25:31+01:00,2025-02-16T14:48:01-05:00
80b7e49c273f9977394de54f338baec9273dd47a,2234212c3dde887e0b7fa08277d035cd132e2cce,apps/dgst.c,"('11677', '');('30429', '')",2026-03-27T17:25:31+01:00,2017-06-12T16:11:05-04:00
80b7e49c273f9977394de54f338baec9273dd47a,6028c0654ef8350b1a357ad37fd687757ecafac2,apps/dgst.c,"('11677', '');('30429', '')",2026-03-27T17:25:31+01:00,2026-01-26T20:37:35+01:00
80b7e49c273f9977394de54f338baec9273dd47a,a7e4ca5b4e1932cb91ea21047403c87a033e524a,apps/dgst.c,"('11677', '');('30429', '')",2026-03-27T17:25:31+01:00,2021-05-25T15:16:54+02:00
80b7e49c273f9977394de54f338baec9273dd47a,7cf5300e6b7e2686f0794e4b7424d8171c1ecc52,apps/dgst.c,"('11677', '');('30429', '')",2026-03-27T17:25:31+01:00,2025-02-14T18:22:01+01:00
80b7e49c273f9977394de54f338baec9273dd47a,7b6c638dd516a595196a3f715422427755e7c47a,apps/dgst.c,"('11677', '');('30429', '')",2026-03-27T17:25:31+01:00,2026-02-13T16:05:36+01:00
80b7e49c273f9977394de54f338baec9273dd47a,7c2d95d47ccb3797f0da6bd4446747c6eee07b87,apps/dgst.c,"('11677', '');('30429', '')",2026-03-27T17:25:31+01:00,2019-10-30T10:20:31+01:00
80b7e49c273f9977394de54f338baec9273dd47a,6ceaf67257bb33544867d0faa2d0c50ec862eba2,apps/pkeyutl.c,"('11677', '');('30429', '')",2026-03-27T17:25:31+01:00,2021-02-22T12:30:49+01:00
80b7e49c273f9977394de54f338baec9273dd47a,6028c0654ef8350b1a357ad37fd687757ecafac2,apps/pkeyutl.c,"('11677', '');('30429', '')",2026-03-27T17:25:31+01:00,2026-01-26T20:37:35+01:00
80b7e49c273f9977394de54f338baec9273dd47a,ee633ace7397ebc9829b845e7e7bbd8283b455f6,apps/pkeyutl.c,"('11677', '');('30429', '')",2026-03-27T17:25:31+01:00,2019-03-14T12:42:16+00:00
80b7e49c273f9977394de54f338baec9273dd47a,7cf5300e6b7e2686f0794e4b7424d8171c1ecc52,doc/man1/openssl-dgst.pod.in,"('11677', '');('30429', '')",2026-03-27T17:25:31+01:00,2025-02-14T18:22:01+01:00
80b7e49c273f9977394de54f338baec9273dd47a,2595eef82c2b67ea75cc3368529078b643a1ecb6,test/recipes/20-test_dgst.t,"('11677', '');('30429', '')",2026-03-27T17:25:31+01:00,2021-11-23T06:08:17+01:00
80b7e49c273f9977394de54f338baec9273dd47a,fe874fcf0d308a683bb7c2948521fbd11d8720a7,test/recipes/20-test_dgst.t,"('11677', '');('30429', '')",2026-03-27T17:25:31+01:00,2026-01-19T15:51:45+11:00
80b7e49c273f9977394de54f338baec9273dd47a,ef1e59ed833e8ed1d5f4de5b0c734da8561890e3,test/recipes/20-test_dgst.t,"('11677', '');('30429', '')",2026-03-27T17:25:31+01:00,2019-12-11T18:44:38+01:00
80b7e49c273f9977394de54f338baec9273dd47a,e9e6827445528caf1d9d6647953fbe67a0c78716,test/recipes/20-test_dgst.t,"('11677', '');('30429', '')",2026-03-27T17:25:31+01:00,2022-11-07T14:40:09+01:00
80b7e49c273f9977394de54f338baec9273dd47a,c9e36a8221517c0083695a567c11e0c2208e1f8d,test/recipes/20-test_dgst.t,"('11677', '');('30429', '')",2026-03-27T17:25:31+01:00,2024-09-09T09:51:50+02:00
80b7e49c273f9977394de54f338baec9273dd47a,7cf5300e6b7e2686f0794e4b7424d8171c1ecc52,test/recipes/20-test_dgst.t,"('11677', '');('30429', '')",2026-03-27T17:25:31+01:00,2025-02-14T18:22:01+01:00
80b7e49c273f9977394de54f338baec9273dd47a,4032cd9a1434610e4dc2bbde01f98d04faa615e5,test/recipes/20-test_dgst.t,"('11677', '');('30429', '')",2026-03-27T17:25:31+01:00,2023-06-14T13:06:22+10:00
80b7e49c273f9977394de54f338baec9273dd47a,bd91eb6658b176fd35b4a7df6caab98dc21ef5f3,test/recipes/20-test_dgst.t,"('11677', '');('30429', '')",2026-03-27T17:25:31+01:00,2025-09-09T09:58:10+02:00
80b7e49c273f9977394de54f338baec9273dd47a,b7cf9dd2393de8e90a15e83466d9b8b781b18385,test/recipes/20-test_dgst.t,"('11677', '');('30429', '')",2026-03-27T17:25:31+01:00,2022-08-17T16:17:42+02:00
80b7e49c273f9977394de54f338baec9273dd47a,466bbdfd78d9f2b4f40230dec40fee632a324184,test/recipes/20-test_dgst.t,"('11677', '');('30429', '')",2026-03-27T17:25:31+01:00,2025-09-17T10:21:46+10:00
80b7e49c273f9977394de54f338baec9273dd47a,63e9a3b1f34c42e759332a07468d21b52e89826d,test/recipes/20-test_pkeyutl.t,"('11677', '');('30429', '')",2026-03-27T17:25:31+01:00,2025-02-14T10:50:57+01:00
80b7e49c273f9977394de54f338baec9273dd47a,ff5a272e605633b9cba30ee9440cf05b90e903d9,test/recipes/20-test_pkeyutl.t,"('11677', '');('30429', '')",2026-03-27T17:25:31+01:00,2025-04-02T17:28:29+02:00
80b7e49c273f9977394de54f338baec9273dd47a,c7764dacdf2d21d859b6f0b9c01500cda17f52c2,test/recipes/20-test_pkeyutl.t,"('11677', '');('30429', '')",2026-03-27T17:25:31+01:00,2024-11-04T10:18:24+01:00
c194e75a28ab365f7ccab71e43d48f5f20ec347f,9311d0c471ca2eaa259e8c1bbbeb7c46394c7ba2,crypto/ffc/ffc_params_generate.c,"('17108', '')",2026-03-27T17:29:51+01:00,2020-11-13T09:35:02+01:00
2e976c3a3850f32ff13af59b2920585426d6571a,ed576acdf591d4164905ab98e89ca5a3b99d90ab,crypto/asn1/a_sign.c,"('27735', '')",2026-03-27T17:38:28+01:00,2021-06-01T12:40:00+02:00
2e976c3a3850f32ff13af59b2920585426d6571a,d5aef5946bd9b113623ad778114768585a1f7a02,crypto/asn1/a_sign.c,"('27735', '')",2026-03-27T17:38:28+01:00,2020-01-28T08:06:01+01:00
2e976c3a3850f32ff13af59b2920585426d6571a,ed576acdf591d4164905ab98e89ca5a3b99d90ab,crypto/asn1/a_verify.c,"('27735', '')",2026-03-27T17:38:28+01:00,2021-06-01T12:40:00+02:00
2e976c3a3850f32ff13af59b2920585426d6571a,ed576acdf591d4164905ab98e89ca5a3b99d90ab,crypto/ocsp/ocsp_srv.c,"('27735', '')",2026-03-27T17:38:28+01:00,2021-06-01T12:40:00+02:00
2e976c3a3850f32ff13af59b2920585426d6571a,1704961cf085a64b0e104bd0c9cb81188f061698,ssl/record/methods/tls1_meth.c,"('27735', '')",2026-03-27T17:38:28+01:00,2022-08-18T16:38:14+01:00
2e976c3a3850f32ff13af59b2920585426d6571a,50023e9b7e2253c27e1a731c8bace64224aae0b8,ssl/record/methods/tls1_meth.c,"('27735', '')",2026-03-27T17:38:28+01:00,2022-08-18T16:38:12+01:00
44e453d0f9c765e14c4d1f5dcde9a616fc7d05df,022696cab014ffb94c8ef0bfc79c8955b9970eb6,doc/man1/CA.pl.pod,"('', '29165')",2026-03-31T03:10:48+02:00,2016-11-14T13:08:23-05:00
b238d36c50a177eb8d5fb384e51fe03c9e81001a,ea1b02db6ab4864befde88ed03099f075cf7db76,crypto/bio/bss_file.c,"('', '19508')",2026-03-31T03:36:58+02:00,2005-05-17T00:08:28+00:00
b238d36c50a177eb8d5fb384e51fe03c9e81001a,251c48183b4d8934716ac1e5e66e2a10b81373fe,test/recipes/61-test_bio_readbuffer.t,"('', '19508')",2026-03-31T03:36:58+02:00,2021-03-22T09:07:36+10:00
2172e0c098cd8e2f24a0d5f3cf36b6433bf9ef35,ef83daf4dadf9380a3b94618fb7aee75fcd9a6b1,crypto/build.info,"('30418', '')",2026-03-31T11:51:32-04:00,2021-04-02T16:39:13+02:00
2172e0c098cd8e2f24a0d5f3cf36b6433bf9ef35,3bfc58ad6f150e343c75565e2b162b80ec39a28d,test/build.info,"('30418', '')",2026-03-31T11:51:32-04:00,2022-07-28T08:06:52+01:00
2172e0c098cd8e2f24a0d5f3cf36b6433bf9ef35,31c2c12f2dada75c334f6a9aa60c8424cf4fd040,test/build.info,"('30418', '')",2026-03-31T11:51:32-04:00,2023-12-04T15:12:34+01:00
2172e0c098cd8e2f24a0d5f3cf36b6433bf9ef35,b88ce46ee88c4128f72694e42160622844971d04,test/build.info,"('30418', '')",2026-03-31T11:51:32-04:00,2022-09-23T11:59:13+10:00
2172e0c098cd8e2f24a0d5f3cf36b6433bf9ef35,032297054ab5ff6cac4eae87a6fa9b686b4d62e5,test/build.info,"('30418', '')",2026-03-31T11:51:32-04:00,2025-09-17T10:21:46+10:00
2172e0c098cd8e2f24a0d5f3cf36b6433bf9ef35,bcf082d130a413a728a382bd6e6bfdbf2cedba45,test/build.info,"('30418', '')",2026-03-31T11:51:32-04:00,2019-03-07T07:30:04+10:00
2172e0c098cd8e2f24a0d5f3cf36b6433bf9ef35,81c15ed00bbe5cb4b864ad9b1fab12a26fa91201,test/build.info,"('30418', '')",2026-03-31T11:51:32-04:00,2021-02-24T12:13:38+00:00
2172e0c098cd8e2f24a0d5f3cf36b6433bf9ef35,a3e53d56831adb60d6875297b3339a4251f735d2,test/build.info,"('30418', '')",2026-03-31T11:51:32-04:00,2022-03-10T10:42:43-05:00
c3d24d9121ef12d8b1f2615e7655e07b5a624358,4acc3e907d29d8d61ae7e11ad7985a986332a1c1,crypto/x509/pcy_tree.c,"('30435', '')",2026-04-03T17:02:53+02:00,2004-03-23T14:14:35+00:00
c3d24d9121ef12d8b1f2615e7655e07b5a624358,895c2f84a6a083fc8b9f69f962ed19da12ce3b40,crypto/x509/pcy_tree.c,"('30435', '')",2026-04-03T17:02:53+02:00,2016-02-05T11:13:11-05:00
d711845efb2a2058a84dde75c41f272540f44fd1,0152e4f9f7503d445f13f92670dd6c651361c377,CHANGES.md,"('30225', '')",2026-04-03T17:48:12+02:00,2026-03-16T11:01:37+00:00
35868991d148b0e054d972d3874d4d6f6def4e8d,6f26301c83bf7796240a484249510d625f968028,test/evp_test.c,"('30454', '')",2026-04-03T17:49:47+02:00,2025-04-17T15:32:42+02:00
69755d2a10c7446863937bf24cecd482f7a4617e,1a077b38c98382e9997fe9565ddacb8b5c815418,apps/lib/s_cb.c,"('30402', '')",2026-04-10T14:22:43+02:00,2024-11-20T17:10:20+01:00
69755d2a10c7446863937bf24cecd482f7a4617e,7b6c638dd516a595196a3f715422427755e7c47a,apps/lib/s_cb.c,"('30402', '')",2026-04-10T14:22:43+02:00,2026-02-13T16:05:36+01:00
69755d2a10c7446863937bf24cecd482f7a4617e,ade10c5dbf2063d716c8130204fc8a905a769b39,apps/s_client.c,"('30402', '')",2026-04-10T14:22:43+02:00,2026-02-20T16:40:25+00:00
69755d2a10c7446863937bf24cecd482f7a4617e,094878164de102cf97c4e9f2392f41e03ef2f11c,crypto/bio/bss_file.c,"('30402', '')",2026-04-10T14:22:43+02:00,2016-06-22T21:51:53+02:00
69755d2a10c7446863937bf24cecd482f7a4617e,a69de3f2014ab55329f43633714c9c153cb5cb30,test/testutil/format_output.c,"('30402', '')",2026-04-10T14:22:43+02:00,2017-06-22T09:35:08+10:00
69755d2a10c7446863937bf24cecd482f7a4617e,3cb413da197c26c4520cbf08e5d4542637a90a4e,test/testutil/format_output.c,"('30402', '')",2026-04-10T14:22:43+02:00,2018-01-31T23:49:21+01:00
9f52ccf3713a137898313f427dc76c2e415d243a,f596bbe4da779b56eea34d96168b557d78e1149a,crypto/chacha/asm/chachap10-ppc.pl,"('30584', '')",2026-04-11T22:05:30+02:00,2022-02-22T16:58:55+11:00
ba2f616aa9b9c081bb89a7b1073c90f2c86cccff,78a0c1f18d5a1f0e51b7467ef7b153b8c29fbb03,doc/man3/BN_add.pod,"('12092', '')",2026-04-15T13:47:58+02:00,2000-11-26T16:42:38+00:00
ba2f616aa9b9c081bb89a7b1073c90f2c86cccff,9b86974e0c705ea321ddbc9a9d8562c894809e5b,doc/man3/BN_add.pod,"('12092', '')",2026-04-15T13:47:58+02:00,2015-08-21T15:11:50-04:00
f60c9d1448b11f486a45d569ed3ac682623d3b79,21819f78b057c254254646a7854bfad0cd40ed83,ssl/ssl_mcnf.c,"('30760', '')",2026-04-16T13:24:48+02:00,2024-05-09T09:20:25+02:00
9ac29bc8579dd9632bd50900675ff7900f5f7ef1,b3c5aadf4ce3dc2207cc605726bf370a55b531c9,apps/lib/apps.c,"('30364', '')",2026-04-21T10:50:02+02:00,2020-08-20T14:55:34+02:00
9ac29bc8579dd9632bd50900675ff7900f5f7ef1,2d6d0831d23f2a699be97ad5dcc5bee30eb4c3a2,test/build.info,"('30364', '')",2026-04-21T10:50:02+02:00,2025-11-19T15:52:44+01:00
9ac29bc8579dd9632bd50900675ff7900f5f7ef1,0b803c2adc2ef6dc3c1ed9f0da1371d2a98b86ff,test/recipes/90-test_memfail.t,"('30364', '')",2026-04-21T10:50:02+02:00,2025-11-19T15:53:01+01:00
78f65b1e09132b0170cd56e8d5758912754c470c,c0f82d915f3864fb44867303f316778f82077681,CHANGES.md,"('19891', '');('28902', '')",2026-04-26T15:16:53+02:00,2026-02-27T13:11:25-05:00
78f65b1e09132b0170cd56e8d5758912754c470c,47f2c0a27b3aa362df16151e002e4080b276cafc,CHANGES.md,"('19891', '');('28902', '')",2026-04-26T15:16:53+02:00,2026-03-10T11:20:13+01:00
78f65b1e09132b0170cd56e8d5758912754c470c,2357b35ff7b8a0462ea08663641b23d7ea9f7780,CHANGES.md,"('19891', '');('28902', '')",2026-04-26T15:16:53+02:00,2026-02-28T20:09:29+11:00
78f65b1e09132b0170cd56e8d5758912754c470c,4e0961e22392151193d7e7d559527fd3e6d17789,NEWS.md,"('19891', '');('28902', '')",2026-04-26T15:16:53+02:00,2026-03-10T11:36:24+01:00
b0912c27fd865751e4c2a940a4523e3738d2ef42,f193e0e9fb3f015b961607134609694dbbdfbe3c,ssl/quic/quic_port.c,"('', '30440');('30440', '')",2026-04-27T07:21:04+00:00,2025-02-17T11:27:33-05:00
435feadaf4f9efd9bd05eab9c89cf273c26b86b7,e2d5742b1460c45bf39094ea08e4e85a8f507ea8,ssl/record/methods/tls_common.c,"('30458', '');('30483', '')",2026-04-28T06:39:18+00:00,2022-08-18T16:38:12+01:00
8780b5bcff9dc3be5c072bdb179ce975a0d05cfd,e240d39c6c9e78302b5d49555dcd2d6308ff0b43,providers/implementations/signature/slh_dsa_sig.c,"('30950', '')",2026-05-03T16:49:14+02:00,2025-02-18T10:13:53+01:00
2f3704f3b68485daaba5e9243bb8b13791ea023b,c0f39ded68ba0929698a8773e63e9806ec9e5c74,crypto/ec/ec_lib.c,"('', '31125')",2026-05-11T10:32:09+02:00,2020-08-22T14:55:41+10:00
de68b193a580ea2fdc800ee08cb30b4c28601a22,dc04a11ccacb507beed7de1e9301660d4a630adf,include/internal/quic_port.h,"('', '31014')",2026-05-12T08:00:59-04:00,2025-02-17T11:27:33-05:00
de68b193a580ea2fdc800ee08cb30b4c28601a22,dc04a11ccacb507beed7de1e9301660d4a630adf,ssl/quic/quic_impl.c,"('', '31014')",2026-05-12T08:00:59-04:00,2025-02-17T11:27:33-05:00
de68b193a580ea2fdc800ee08cb30b4c28601a22,15f9df40ff32f40681f38d73ddbdf0ccd83b1e94,ssl/quic/quic_impl.c,"('', '31014')",2026-05-12T08:00:59-04:00,2025-02-17T11:27:32-05:00
de68b193a580ea2fdc800ee08cb30b4c28601a22,3d3021afdfd792c2d0c1dbf8c9e61d0040c3d695,ssl/quic/quic_port.c,"('', '31014')",2026-05-12T08:00:59-04:00,2025-12-05T10:13:14-05:00
de68b193a580ea2fdc800ee08cb30b4c28601a22,5e33f306aebb96f6373d344a79b3df5d18c69797,ssl/quic/quic_port.c,"('', '31014')",2026-05-12T08:00:59-04:00,2025-12-05T10:13:26-05:00
de68b193a580ea2fdc800ee08cb30b4c28601a22,a607146904c9bb5d417806d480827e0389902adf,ssl/quic/quic_port.c,"('', '31014')",2026-05-12T08:00:59-04:00,2025-02-17T11:27:33-05:00
de68b193a580ea2fdc800ee08cb30b4c28601a22,b0912c27fd865751e4c2a940a4523e3738d2ef42,ssl/quic/quic_port.c,"('', '31014')",2026-05-12T08:00:59-04:00,2026-04-27T07:21:04+00:00
de68b193a580ea2fdc800ee08cb30b4c28601a22,dc04a11ccacb507beed7de1e9301660d4a630adf,ssl/quic/quic_port.c,"('', '31014')",2026-05-12T08:00:59-04:00,2025-02-17T11:27:33-05:00
de68b193a580ea2fdc800ee08cb30b4c28601a22,f193e0e9fb3f015b961607134609694dbbdfbe3c,ssl/quic/quic_port.c,"('', '31014')",2026-05-12T08:00:59-04:00,2025-02-17T11:27:33-05:00
de68b193a580ea2fdc800ee08cb30b4c28601a22,6f38c59850105f5bf6f6780c73da6f0333f87582,ssl/quic/quic_port.c,"('', '31014')",2026-05-12T08:00:59-04:00,2025-02-17T11:27:33-05:00
de68b193a580ea2fdc800ee08cb30b4c28601a22,2d80e459017d7744e6a5438422ed36fe1d448adb,ssl/quic/quic_port.c,"('', '31014')",2026-05-12T08:00:59-04:00,2023-12-21T08:11:59+00:00
de68b193a580ea2fdc800ee08cb30b4c28601a22,7502df20bcc4fab6d292b54a7674356448a94d55,ssl/quic/quic_port.c,"('', '31014')",2026-05-12T08:00:59-04:00,2025-02-17T11:27:33-05:00
de68b193a580ea2fdc800ee08cb30b4c28601a22,d56f9b4d894d1a3ce92f1c308ef42398495943e7,ssl/quic/quic_port.c,"('', '31014')",2026-05-12T08:00:59-04:00,2025-05-07T15:08:21+02:00
de68b193a580ea2fdc800ee08cb30b4c28601a22,dc04a11ccacb507beed7de1e9301660d4a630adf,ssl/quic/quic_port_local.h,"('', '31014')",2026-05-12T08:00:59-04:00,2025-02-17T11:27:33-05:00
7836b7d5b6a6b27a441c4e4c8564be6b270580c4,403ba31a02e47d37070036529966d5a94d98c6fd,ssl/ssl_lib.c,"('27706', '');('711', '')",2026-05-13T18:23:16+02:00,2025-06-20T15:55:29+01:00
7836b7d5b6a6b27a441c4e4c8564be6b270580c4,403ba31a02e47d37070036529966d5a94d98c6fd,ssl/ssl_local.h,"('27706', '');('711', '')",2026-05-13T18:23:16+02:00,2025-06-20T15:55:29+01:00
7836b7d5b6a6b27a441c4e4c8564be6b270580c4,403ba31a02e47d37070036529966d5a94d98c6fd,ssl/statem/extensions_cust.c,"('27706', '');('711', '')",2026-05-13T18:23:16+02:00,2025-06-20T15:55:29+01:00
7836b7d5b6a6b27a441c4e4c8564be6b270580c4,2fab90bb5e1937f1c2125eab144f7f6c39e70087,ssl/statem/extensions_cust.c,"('27706', '');('711', '')",2026-05-13T18:23:16+02:00,2025-12-09T00:28:19-07:00
7836b7d5b6a6b27a441c4e4c8564be6b270580c4,403ba31a02e47d37070036529966d5a94d98c6fd,test/sslapitest.c,"('27706', '');('711', '')",2026-05-13T18:23:16+02:00,2025-06-20T15:55:29+01:00
413eff874dd7ea34dfaef821f8e81983cd3c6069,a47fc4ed401da4e2d84e035cc4add566e85b03d0,crypto/objects/obj_dat.c,"('31161', '')",2026-05-18T13:07:01+02:00,2023-10-18T16:39:34+02:00
413eff874dd7ea34dfaef821f8e81983cd3c6069,5c3f1e34b559c9b4372bf48aab63b61a6cd5edbb,crypto/objects/obj_dat.c,"('31161', '')",2026-05-18T13:07:01+02:00,2019-05-08T16:17:16+02:00
bc848990faa622eb26590f128621b699a7b84931,1b0f21f0555cfada3e789c80100df40d1c429800,apps/enc.c,"('31149', '')",2026-05-18T13:12:27+02:00,2025-12-10T12:20:44-05:00
bc848990faa622eb26590f128621b699a7b84931,df93d1327a87e294fa8850aa83acd7305402e798,apps/skeyutl.c,"('31149', '')",2026-05-18T13:12:27+02:00,2025-02-15T18:51:31+01:00
71943544885ff364a10bcc5ffc62d0e651c9a021,2fab90bb5e1937f1c2125eab144f7f6c39e70087,include/internal/priority_queue.h,"('', '1953')",2026-05-19T12:43:54+02:00,2025-12-09T00:28:19-07:00
71943544885ff364a10bcc5ffc62d0e651c9a021,c8003ad5e939a6c5fc0049c9b7ed1e99fbe9511b,include/internal/priority_queue.h,"('', '1953')",2026-05-19T12:43:54+02:00,2022-06-22T13:05:39+10:00
71943544885ff364a10bcc5ffc62d0e651c9a021,63f77f0454791acbcd150b186988c11a3235882b,ssl/quic/quic_rcidm.c,"('', '1953')",2026-05-19T12:43:54+02:00,2024-01-11T11:14:18+01:00
71943544885ff364a10bcc5ffc62d0e651c9a021,0efcf1384fd320a6235e90d7b078ad89ea504d16,test/priority_queue_test.c,"('', '1953')",2026-05-19T12:43:54+02:00,2023-11-08T11:09:12+00:00
71943544885ff364a10bcc5ffc62d0e651c9a021,1f23e4102971d1986dec66e5eebffd001e71e3f5,test/priority_queue_test.c,"('', '1953')",2026-05-19T12:43:54+02:00,2026-02-05T10:13:37+01:00
71943544885ff364a10bcc5ffc62d0e651c9a021,f0a4935827db5527d23da61805a1e73f0c660d39,test/priority_queue_test.c,"('', '1953')",2026-05-19T12:43:54+02:00,2022-06-22T13:05:40+10:00
71943544885ff364a10bcc5ffc62d0e651c9a021,422368aebd908d6966639597aab786ee12eb62f1,test/quic_cc_test.c,"('', '1953')",2026-05-19T12:43:54+02:00,2023-05-01T11:03:54+01:00
71943544885ff364a10bcc5ffc62d0e651c9a021,ab11c165f6d9ba1b98c85d4c9d1a906de0fcd13c,test/quic_cc_test.c,"('', '1953')",2026-05-19T12:43:54+02:00,2023-05-01T11:03:54+01:00
