fixing_commit_hash,introducing_commit_hash,file_path,jira_keys,fixing_date,introducing_date
b8d5fce331675d4d00d65e1626bb41bd5849d70c,37b7da0c1365f3afa2331b68eb64231a8525f344,helix-core/src/main/java/com/linkedin/helix/manager/zk/WriteThroughCache.java,HELIX-86,2012-08-07T14:30:23-07:00,2012-08-06T10:53:27-07:00
b8d5fce331675d4d00d65e1626bb41bd5849d70c,5fba092b535e0b374594f0aff8e5b057b805fc1f,helix-core/src/main/java/com/linkedin/helix/manager/zk/ZKHelixDataAccessor.java,HELIX-86,2012-08-07T14:30:23-07:00,2012-06-22T18:08:25-07:00
b8d5fce331675d4d00d65e1626bb41bd5849d70c,dc5a85551d40bdcb5ec3a307d061ab3f9c554816,helix-core/src/main/java/com/linkedin/helix/manager/zk/ZKHelixDataAccessor.java,HELIX-86,2012-08-07T14:30:23-07:00,2012-08-06T14:00:59-07:00
b8d5fce331675d4d00d65e1626bb41bd5849d70c,a7a0469050316d8eeab6c387871d5ea9655fb5ac,helix-core/src/main/java/com/linkedin/helix/manager/zk/ZKHelixDataAccessor.java,HELIX-86,2012-08-07T14:30:23-07:00,2012-08-02T17:19:53-07:00
b8d5fce331675d4d00d65e1626bb41bd5849d70c,3f501598da178340505d6f6963d885f787af61fb,helix-core/src/main/java/com/linkedin/helix/manager/zk/ZKHelixDataAccessor.java,HELIX-86,2012-08-07T14:30:23-07:00,2012-08-04T00:00:31-07:00
b8d5fce331675d4d00d65e1626bb41bd5849d70c,49702005d55461b0a87260300c39eea4020a3d58,helix-core/src/main/java/com/linkedin/helix/manager/zk/ZKHelixDataAccessor.java,HELIX-86,2012-08-07T14:30:23-07:00,2012-08-01T15:36:23-07:00
b8d5fce331675d4d00d65e1626bb41bd5849d70c,331c3cbc61062fae0b731509b9105688c24c20ab,helix-core/src/main/java/com/linkedin/helix/manager/zk/ZKHelixDataAccessor.java,HELIX-86,2012-08-07T14:30:23-07:00,2012-06-25T19:07:56-07:00
b8d5fce331675d4d00d65e1626bb41bd5849d70c,b332e128e3163a07ee2d44b5d9767a64ab21c94c,helix-core/src/main/java/com/linkedin/helix/manager/zk/ZKHelixDataAccessor.java,HELIX-86,2012-08-07T14:30:23-07:00,2012-07-30T20:43:14-07:00
b8d5fce331675d4d00d65e1626bb41bd5849d70c,560d54c47d214bc619899db1fe778a8012655c56,helix-core/src/main/java/com/linkedin/helix/manager/zk/ZkBaseDataAccessor.java,HELIX-86,2012-08-07T14:30:23-07:00,2012-06-21T18:57:59-07:00
b8d5fce331675d4d00d65e1626bb41bd5849d70c,22952fce94eb9032c358f06cfbf886d03ed3c8f5,helix-core/src/main/java/com/linkedin/helix/manager/zk/ZkCachedDataAccessor.java,HELIX-86,2012-08-07T14:30:23-07:00,2012-07-27T23:34:41-07:00
b8d5fce331675d4d00d65e1626bb41bd5849d70c,331c3cbc61062fae0b731509b9105688c24c20ab,helix-core/src/main/java/com/linkedin/helix/manager/zk/ZkCachedDataAccessor.java,HELIX-86,2012-08-07T14:30:23-07:00,2012-06-25T19:07:56-07:00
b8d5fce331675d4d00d65e1626bb41bd5849d70c,6716b42c0a8bb423783052a6232ecd563f35a3aa,helix-core/src/main/java/com/linkedin/helix/manager/zk/ZkCachedDataAccessor.java,HELIX-86,2012-08-07T14:30:23-07:00,2012-06-24T23:58:04-07:00
b8d5fce331675d4d00d65e1626bb41bd5849d70c,a81521d77664162e8c06cc2f2a0b6f261be3b6b7,helix-core/src/main/java/com/linkedin/helix/messaging/handling/HelixTaskExecutor.java,HELIX-86,2012-08-07T14:30:23-07:00,2012-01-18T10:04:45-08:00
b8d5fce331675d4d00d65e1626bb41bd5849d70c,b332e128e3163a07ee2d44b5d9767a64ab21c94c,helix-core/src/main/java/com/linkedin/helix/model/IdealState.java,HELIX-86,2012-08-07T14:30:23-07:00,2012-07-30T20:43:14-07:00
b8d5fce331675d4d00d65e1626bb41bd5849d70c,491c0f72978bfe2dfca272bd542347beb5642e27,helix-core/src/main/java/com/linkedin/helix/model/IdealState.java,HELIX-86,2012-08-07T14:30:23-07:00,2012-06-29T17:29:32-07:00
717d041ec2415c68c491c42c1f702a6dad457e35,0b8b65c1c4239b6424c87f0029a665e0227d944f,helix-core/src/main/java/com/linkedin/helix/manager/zk/ZKHelixAdmin.java,HELIX-89,2012-08-13T11:22:02-07:00,2012-06-26T19:05:11-07:00
717d041ec2415c68c491c42c1f702a6dad457e35,fe82d6c32bb6a0d088cc1bba79a77a82d29ad410,helix-core/src/test/java/com/linkedin/helix/integration/TestResetPartitionState.java,HELIX-89,2012-08-13T11:22:02-07:00,2012-02-27T16:19:13-08:00
986892cbca57c6eb0470f31657ab204378d98baf,c4f8fd36c4f6044f592a82845ac4f36ee6b18bb7,helix-core/src/main/java/com/linkedin/helix/tools/ClusterSetup.java,HELIX-92,2012-08-13T14:55:34-07:00,2012-08-09T16:40:11-07:00
986892cbca57c6eb0470f31657ab204378d98baf,49702005d55461b0a87260300c39eea4020a3d58,helix-core/src/main/java/com/linkedin/helix/tools/ClusterSetup.java,HELIX-92,2012-08-13T14:55:34-07:00,2012-08-01T15:36:23-07:00
986892cbca57c6eb0470f31657ab204378d98baf,c0efe60f1f48c9411fd7dfd45ba20fe841adc305,helix-core/src/main/java/com/linkedin/helix/tools/ClusterSetup.java,HELIX-92,2012-08-13T14:55:34-07:00,2012-08-01T18:46:05-07:00
986892cbca57c6eb0470f31657ab204378d98baf,97d761e9f0d64991a3d904240f7f361246c1dfcf,helix-core/src/test/java/com/linkedin/helix/TestClusterSetup.java,HELIX-92,2012-08-13T14:55:34-07:00,2011-11-10T13:40:51-08:00
986892cbca57c6eb0470f31657ab204378d98baf,4dae015ceeec8c58a18f22bf8079210f8d0bff6a,helix-core/src/test/java/com/linkedin/helix/TestClusterSetup.java,HELIX-92,2012-08-13T14:55:34-07:00,2011-10-21T16:06:29-07:00
986892cbca57c6eb0470f31657ab204378d98baf,c0efe60f1f48c9411fd7dfd45ba20fe841adc305,helix-core/src/test/java/com/linkedin/helix/TestClusterSetup.java,HELIX-92,2012-08-13T14:55:34-07:00,2012-08-01T18:46:05-07:00
986892cbca57c6eb0470f31657ab204378d98baf,48a75f8cbb6249e198eb93550031f488cf5eac2e,helix-core/src/test/java/com/linkedin/helix/TestClusterSetup.java,HELIX-92,2012-08-13T14:55:34-07:00,2012-03-05T16:35:56-08:00
b9cbbd409b676ad9c57115ee2aee3108d2f5becd,fb8a517946df05f54793d509c83086384f89b587,helix-core/src/assemble/assembly.xml,HELIX-3,2012-10-25T10:01:27+02:00,2012-04-24T12:05:31-07:00
b9cbbd409b676ad9c57115ee2aee3108d2f5becd,79a6789b19f1eed0dbfd2b0a74c6fc7ef9f2207c,pom.xml,HELIX-3,2012-10-25T10:01:27+02:00,2012-06-26T13:48:14-07:00
b9cbbd409b676ad9c57115ee2aee3108d2f5becd,fb8a517946df05f54793d509c83086384f89b587,pom.xml,HELIX-3,2012-10-25T10:01:27+02:00,2012-04-24T12:05:31-07:00
b9cbbd409b676ad9c57115ee2aee3108d2f5becd,f32bb9e28841e8bda0023c22ed2b2fde86b560f0,pom.xml,HELIX-3,2012-10-25T10:01:27+02:00,2012-06-26T18:02:49-07:00
b9cbbd409b676ad9c57115ee2aee3108d2f5becd,e98143873fd0c4638511033637a3737afef4bd53,src/site/markdown/UseCases.md,HELIX-3,2012-10-25T10:01:27+02:00,2012-10-23T22:31:49+02:00
3e1c461060615d543f15424ca4890410e857194a,437eb42eac35e181ae6793dd17390df33565e4dd,helix-core/src/main/java/org/apache/helix/ClusterMessagingService.java,HELIX-3,2012-10-25T10:44:11+02:00,2012-10-24T16:14:36-07:00
3e1c461060615d543f15424ca4890410e857194a,437eb42eac35e181ae6793dd17390df33565e4dd,helix-core/src/main/java/org/apache/helix/ClusterView.java,HELIX-3,2012-10-25T10:44:11+02:00,2012-10-24T16:14:36-07:00
3e1c461060615d543f15424ca4890410e857194a,437eb42eac35e181ae6793dd17390df33565e4dd,helix-core/src/main/java/org/apache/helix/ConfigAccessor.java,HELIX-3,2012-10-25T10:44:11+02:00,2012-10-24T16:14:36-07:00
3e1c461060615d543f15424ca4890410e857194a,437eb42eac35e181ae6793dd17390df33565e4dd,helix-core/src/main/java/org/apache/helix/ConfigChangeListener.java,HELIX-3,2012-10-25T10:44:11+02:00,2012-10-24T16:14:36-07:00
3e1c461060615d543f15424ca4890410e857194a,437eb42eac35e181ae6793dd17390df33565e4dd,helix-core/src/main/java/org/apache/helix/ConfigScope.java,HELIX-3,2012-10-25T10:44:11+02:00,2012-10-24T16:14:36-07:00
3e1c461060615d543f15424ca4890410e857194a,437eb42eac35e181ae6793dd17390df33565e4dd,helix-core/src/main/java/org/apache/helix/ConfigScopeBuilder.java,HELIX-3,2012-10-25T10:44:11+02:00,2012-10-24T16:14:36-07:00
3e1c461060615d543f15424ca4890410e857194a,437eb42eac35e181ae6793dd17390df33565e4dd,helix-core/src/main/java/org/apache/helix/ControllerChangeListener.java,HELIX-3,2012-10-25T10:44:11+02:00,2012-10-24T16:14:36-07:00
3e1c461060615d543f15424ca4890410e857194a,437eb42eac35e181ae6793dd17390df33565e4dd,helix-core/src/main/java/org/apache/helix/Criteria.java,HELIX-3,2012-10-25T10:44:11+02:00,2012-10-24T16:14:36-07:00
3e1c461060615d543f15424ca4890410e857194a,437eb42eac35e181ae6793dd17390df33565e4dd,helix-core/src/main/java/org/apache/helix/CurrentStateChangeListener.java,HELIX-3,2012-10-25T10:44:11+02:00,2012-10-24T16:14:36-07:00
3e1c461060615d543f15424ca4890410e857194a,437eb42eac35e181ae6793dd17390df33565e4dd,helix-core/src/main/java/org/apache/helix/DataAccessor.java,HELIX-3,2012-10-25T10:44:11+02:00,2012-10-24T16:14:36-07:00
3e1c461060615d543f15424ca4890410e857194a,437eb42eac35e181ae6793dd17390df33565e4dd,helix-core/src/main/java/org/apache/helix/ExternalViewChangeListener.java,HELIX-3,2012-10-25T10:44:11+02:00,2012-10-24T16:14:36-07:00
3e1c461060615d543f15424ca4890410e857194a,437eb42eac35e181ae6793dd17390df33565e4dd,helix-core/src/main/java/org/apache/helix/HealthStateChangeListener.java,HELIX-3,2012-10-25T10:44:11+02:00,2012-10-24T16:14:36-07:00
3e1c461060615d543f15424ca4890410e857194a,437eb42eac35e181ae6793dd17390df33565e4dd,helix-core/src/main/java/org/apache/helix/HelixAdmin.java,HELIX-3,2012-10-25T10:44:11+02:00,2012-10-24T16:14:36-07:00
3e1c461060615d543f15424ca4890410e857194a,437eb42eac35e181ae6793dd17390df33565e4dd,helix-core/src/main/java/org/apache/helix/HelixConstants.java,HELIX-3,2012-10-25T10:44:11+02:00,2012-10-24T16:14:36-07:00
3e1c461060615d543f15424ca4890410e857194a,437eb42eac35e181ae6793dd17390df33565e4dd,helix-core/src/main/java/org/apache/helix/HelixDataAccessor.java,HELIX-3,2012-10-25T10:44:11+02:00,2012-10-24T16:14:36-07:00
3e1c461060615d543f15424ca4890410e857194a,437eb42eac35e181ae6793dd17390df33565e4dd,helix-core/src/main/java/org/apache/helix/HelixException.java,HELIX-3,2012-10-25T10:44:11+02:00,2012-10-24T16:14:36-07:00
3e1c461060615d543f15424ca4890410e857194a,437eb42eac35e181ae6793dd17390df33565e4dd,helix-core/src/main/java/org/apache/helix/HelixManager.java,HELIX-3,2012-10-25T10:44:11+02:00,2012-10-24T16:14:36-07:00
3e1c461060615d543f15424ca4890410e857194a,437eb42eac35e181ae6793dd17390df33565e4dd,helix-core/src/main/java/org/apache/helix/HelixManagerFactory.java,HELIX-3,2012-10-25T10:44:11+02:00,2012-10-24T16:14:36-07:00
3e1c461060615d543f15424ca4890410e857194a,437eb42eac35e181ae6793dd17390df33565e4dd,helix-core/src/main/java/org/apache/helix/HelixProperty.java,HELIX-3,2012-10-25T10:44:11+02:00,2012-10-24T16:14:36-07:00
3e1c461060615d543f15424ca4890410e857194a,437eb42eac35e181ae6793dd17390df33565e4dd,helix-core/src/main/java/org/apache/helix/HelixTimerTask.java,HELIX-3,2012-10-25T10:44:11+02:00,2012-10-24T16:14:36-07:00
3e1c461060615d543f15424ca4890410e857194a,437eb42eac35e181ae6793dd17390df33565e4dd,helix-core/src/main/java/org/apache/helix/IdealStateChangeListener.java,HELIX-3,2012-10-25T10:44:11+02:00,2012-10-24T16:14:36-07:00
3e1c461060615d543f15424ca4890410e857194a,437eb42eac35e181ae6793dd17390df33565e4dd,helix-core/src/main/java/org/apache/helix/InstanceType.java,HELIX-3,2012-10-25T10:44:11+02:00,2012-10-24T16:14:36-07:00
3e1c461060615d543f15424ca4890410e857194a,437eb42eac35e181ae6793dd17390df33565e4dd,helix-core/src/main/java/org/apache/helix/LiveInstanceChangeListener.java,HELIX-3,2012-10-25T10:44:11+02:00,2012-10-24T16:14:36-07:00
3e1c461060615d543f15424ca4890410e857194a,437eb42eac35e181ae6793dd17390df33565e4dd,helix-core/src/main/java/org/apache/helix/MessageListener.java,HELIX-3,2012-10-25T10:44:11+02:00,2012-10-24T16:14:36-07:00
3e1c461060615d543f15424ca4890410e857194a,437eb42eac35e181ae6793dd17390df33565e4dd,helix-core/src/main/java/org/apache/helix/NotificationContext.java,HELIX-3,2012-10-25T10:44:11+02:00,2012-10-24T16:14:36-07:00
3e1c461060615d543f15424ca4890410e857194a,437eb42eac35e181ae6793dd17390df33565e4dd,helix-core/src/main/java/org/apache/helix/PropertyPathConfig.java,HELIX-3,2012-10-25T10:44:11+02:00,2012-10-24T16:14:36-07:00
3e1c461060615d543f15424ca4890410e857194a,437eb42eac35e181ae6793dd17390df33565e4dd,helix-core/src/main/java/org/apache/helix/PropertyType.java,HELIX-3,2012-10-25T10:44:11+02:00,2012-10-24T16:14:36-07:00
3e1c461060615d543f15424ca4890410e857194a,437eb42eac35e181ae6793dd17390df33565e4dd,helix-core/src/main/java/org/apache/helix/ZNRecord.java,HELIX-3,2012-10-25T10:44:11+02:00,2012-10-24T16:14:36-07:00
3e1c461060615d543f15424ca4890410e857194a,437eb42eac35e181ae6793dd17390df33565e4dd,helix-core/src/main/java/org/apache/helix/ZNRecordDelta.java,HELIX-3,2012-10-25T10:44:11+02:00,2012-10-24T16:14:36-07:00
3e1c461060615d543f15424ca4890410e857194a,437eb42eac35e181ae6793dd17390df33565e4dd,helix-core/src/main/java/org/apache/helix/alerts/AccumulateAggregator.java,HELIX-3,2012-10-25T10:44:11+02:00,2012-10-24T16:14:36-07:00
3e1c461060615d543f15424ca4890410e857194a,437eb42eac35e181ae6793dd17390df33565e4dd,helix-core/src/main/java/org/apache/helix/alerts/Aggregator.java,HELIX-3,2012-10-25T10:44:11+02:00,2012-10-24T16:14:36-07:00
bb501c5a58c1fd4f244cd7deba71ade9bdc2d9d6,437eb42eac35e181ae6793dd17390df33565e4dd,helix-core/src/main/java/org/apache/helix/alerts/Alert.java,HELIX-3,2012-10-25T13:58:24+02:00,2012-10-24T16:14:36-07:00
bb501c5a58c1fd4f244cd7deba71ade9bdc2d9d6,437eb42eac35e181ae6793dd17390df33565e4dd,helix-core/src/main/java/org/apache/helix/alerts/AlertComparator.java,HELIX-3,2012-10-25T13:58:24+02:00,2012-10-24T16:14:36-07:00
bb501c5a58c1fd4f244cd7deba71ade9bdc2d9d6,437eb42eac35e181ae6793dd17390df33565e4dd,helix-core/src/main/java/org/apache/helix/alerts/AlertParser.java,HELIX-3,2012-10-25T13:58:24+02:00,2012-10-24T16:14:36-07:00
bb501c5a58c1fd4f244cd7deba71ade9bdc2d9d6,437eb42eac35e181ae6793dd17390df33565e4dd,helix-core/src/main/java/org/apache/helix/alerts/AlertProcessor.java,HELIX-3,2012-10-25T13:58:24+02:00,2012-10-24T16:14:36-07:00
bb501c5a58c1fd4f244cd7deba71ade9bdc2d9d6,437eb42eac35e181ae6793dd17390df33565e4dd,helix-core/src/main/java/org/apache/helix/alerts/AlertValueAndStatus.java,HELIX-3,2012-10-25T13:58:24+02:00,2012-10-24T16:14:36-07:00
bb501c5a58c1fd4f244cd7deba71ade9bdc2d9d6,437eb42eac35e181ae6793dd17390df33565e4dd,helix-core/src/main/java/org/apache/helix/alerts/AlertsHolder.java,HELIX-3,2012-10-25T13:58:24+02:00,2012-10-24T16:14:36-07:00
bb501c5a58c1fd4f244cd7deba71ade9bdc2d9d6,437eb42eac35e181ae6793dd17390df33565e4dd,helix-core/src/main/java/org/apache/helix/alerts/DecayAggregator.java,HELIX-3,2012-10-25T13:58:24+02:00,2012-10-24T16:14:36-07:00
bb501c5a58c1fd4f244cd7deba71ade9bdc2d9d6,437eb42eac35e181ae6793dd17390df33565e4dd,helix-core/src/main/java/org/apache/helix/alerts/DivideOperator.java,HELIX-3,2012-10-25T13:58:24+02:00,2012-10-24T16:14:36-07:00
bb501c5a58c1fd4f244cd7deba71ade9bdc2d9d6,437eb42eac35e181ae6793dd17390df33565e4dd,helix-core/src/main/java/org/apache/helix/alerts/ExpandOperator.java,HELIX-3,2012-10-25T13:58:24+02:00,2012-10-24T16:14:36-07:00
bb501c5a58c1fd4f244cd7deba71ade9bdc2d9d6,437eb42eac35e181ae6793dd17390df33565e4dd,helix-core/src/main/java/org/apache/helix/alerts/ExpressionOperatorType.java,HELIX-3,2012-10-25T13:58:24+02:00,2012-10-24T16:14:36-07:00
bb501c5a58c1fd4f244cd7deba71ade9bdc2d9d6,437eb42eac35e181ae6793dd17390df33565e4dd,helix-core/src/main/java/org/apache/helix/alerts/ExpressionParser.java,HELIX-3,2012-10-25T13:58:24+02:00,2012-10-24T16:14:36-07:00
bb501c5a58c1fd4f244cd7deba71ade9bdc2d9d6,437eb42eac35e181ae6793dd17390df33565e4dd,helix-core/src/main/java/org/apache/helix/alerts/GreaterAlertComparator.java,HELIX-3,2012-10-25T13:58:24+02:00,2012-10-24T16:14:36-07:00
bb501c5a58c1fd4f244cd7deba71ade9bdc2d9d6,437eb42eac35e181ae6793dd17390df33565e4dd,helix-core/src/main/java/org/apache/helix/alerts/MultiplyOperator.java,HELIX-3,2012-10-25T13:58:24+02:00,2012-10-24T16:14:36-07:00
bb501c5a58c1fd4f244cd7deba71ade9bdc2d9d6,437eb42eac35e181ae6793dd17390df33565e4dd,helix-core/src/main/java/org/apache/helix/alerts/Operator.java,HELIX-3,2012-10-25T13:58:24+02:00,2012-10-24T16:14:36-07:00
bb501c5a58c1fd4f244cd7deba71ade9bdc2d9d6,437eb42eac35e181ae6793dd17390df33565e4dd,helix-core/src/main/java/org/apache/helix/alerts/Stat.java,HELIX-3,2012-10-25T13:58:24+02:00,2012-10-24T16:14:36-07:00
bb501c5a58c1fd4f244cd7deba71ade9bdc2d9d6,437eb42eac35e181ae6793dd17390df33565e4dd,helix-core/src/main/java/org/apache/helix/alerts/StatsHolder.java,HELIX-3,2012-10-25T13:58:24+02:00,2012-10-24T16:14:36-07:00
bb501c5a58c1fd4f244cd7deba71ade9bdc2d9d6,437eb42eac35e181ae6793dd17390df33565e4dd,helix-core/src/main/java/org/apache/helix/alerts/SumEachOperator.java,HELIX-3,2012-10-25T13:58:24+02:00,2012-10-24T16:14:36-07:00
bb501c5a58c1fd4f244cd7deba71ade9bdc2d9d6,437eb42eac35e181ae6793dd17390df33565e4dd,helix-core/src/main/java/org/apache/helix/alerts/SumOperator.java,HELIX-3,2012-10-25T13:58:24+02:00,2012-10-24T16:14:36-07:00
bb501c5a58c1fd4f244cd7deba71ade9bdc2d9d6,437eb42eac35e181ae6793dd17390df33565e4dd,helix-core/src/main/java/org/apache/helix/alerts/Tuple.java,HELIX-3,2012-10-25T13:58:24+02:00,2012-10-24T16:14:36-07:00
bb501c5a58c1fd4f244cd7deba71ade9bdc2d9d6,437eb42eac35e181ae6793dd17390df33565e4dd,helix-core/src/main/java/org/apache/helix/alerts/WindowAggregator.java,HELIX-3,2012-10-25T13:58:24+02:00,2012-10-24T16:14:36-07:00
bb501c5a58c1fd4f244cd7deba71ade9bdc2d9d6,437eb42eac35e181ae6793dd17390df33565e4dd,helix-core/src/main/java/org/apache/helix/controller/ExternalViewGenerator.java,HELIX-3,2012-10-25T13:58:24+02:00,2012-10-24T16:14:36-07:00
bb501c5a58c1fd4f244cd7deba71ade9bdc2d9d6,437eb42eac35e181ae6793dd17390df33565e4dd,helix-core/src/main/java/org/apache/helix/controller/GenericHelixController.java,HELIX-3,2012-10-25T13:58:24+02:00,2012-10-24T16:14:36-07:00
bb501c5a58c1fd4f244cd7deba71ade9bdc2d9d6,437eb42eac35e181ae6793dd17390df33565e4dd,helix-core/src/main/java/org/apache/helix/controller/HelixControllerMain.java,HELIX-3,2012-10-25T13:58:24+02:00,2012-10-24T16:14:36-07:00
bb501c5a58c1fd4f244cd7deba71ade9bdc2d9d6,437eb42eac35e181ae6793dd17390df33565e4dd,helix-core/src/main/java/org/apache/helix/controller/HierarchicalDataHolder.java,HELIX-3,2012-10-25T13:58:24+02:00,2012-10-24T16:14:36-07:00
bb501c5a58c1fd4f244cd7deba71ade9bdc2d9d6,437eb42eac35e181ae6793dd17390df33565e4dd,helix-core/src/main/java/org/apache/helix/controller/pipeline/AbstractBaseStage.java,HELIX-3,2012-10-25T13:58:24+02:00,2012-10-24T16:14:36-07:00
bb501c5a58c1fd4f244cd7deba71ade9bdc2d9d6,437eb42eac35e181ae6793dd17390df33565e4dd,helix-core/src/main/java/org/apache/helix/controller/pipeline/Pipeline.java,HELIX-3,2012-10-25T13:58:24+02:00,2012-10-24T16:14:36-07:00
bb501c5a58c1fd4f244cd7deba71ade9bdc2d9d6,437eb42eac35e181ae6793dd17390df33565e4dd,helix-core/src/main/java/org/apache/helix/controller/pipeline/PipelineRegistry.java,HELIX-3,2012-10-25T13:58:24+02:00,2012-10-24T16:14:36-07:00
bb501c5a58c1fd4f244cd7deba71ade9bdc2d9d6,437eb42eac35e181ae6793dd17390df33565e4dd,helix-core/src/main/java/org/apache/helix/controller/pipeline/Stage.java,HELIX-3,2012-10-25T13:58:24+02:00,2012-10-24T16:14:36-07:00
bb501c5a58c1fd4f244cd7deba71ade9bdc2d9d6,437eb42eac35e181ae6793dd17390df33565e4dd,helix-core/src/main/java/org/apache/helix/controller/pipeline/StageContext.java,HELIX-3,2012-10-25T13:58:24+02:00,2012-10-24T16:14:36-07:00
bb501c5a58c1fd4f244cd7deba71ade9bdc2d9d6,437eb42eac35e181ae6793dd17390df33565e4dd,helix-core/src/main/java/org/apache/helix/controller/pipeline/StageException.java,HELIX-3,2012-10-25T13:58:24+02:00,2012-10-24T16:14:36-07:00
bb501c5a58c1fd4f244cd7deba71ade9bdc2d9d6,437eb42eac35e181ae6793dd17390df33565e4dd,helix-core/src/main/java/org/apache/helix/controller/stages/AttributeName.java,HELIX-3,2012-10-25T13:58:24+02:00,2012-10-24T16:14:36-07:00
bb501c5a58c1fd4f244cd7deba71ade9bdc2d9d6,437eb42eac35e181ae6793dd17390df33565e4dd,helix-core/src/main/java/org/apache/helix/controller/stages/BestPossibleStateOutput.java,HELIX-3,2012-10-25T13:58:24+02:00,2012-10-24T16:14:36-07:00
bb501c5a58c1fd4f244cd7deba71ade9bdc2d9d6,437eb42eac35e181ae6793dd17390df33565e4dd,helix-core/src/main/java/org/apache/helix/controller/stages/ClusterDataCache.java,HELIX-3,2012-10-25T13:58:24+02:00,2012-10-24T16:14:36-07:00
bb501c5a58c1fd4f244cd7deba71ade9bdc2d9d6,437eb42eac35e181ae6793dd17390df33565e4dd,helix-core/src/main/java/org/apache/helix/controller/stages/ClusterEvent.java,HELIX-3,2012-10-25T13:58:24+02:00,2012-10-24T16:14:36-07:00
bb501c5a58c1fd4f244cd7deba71ade9bdc2d9d6,437eb42eac35e181ae6793dd17390df33565e4dd,helix-core/src/main/java/org/apache/helix/controller/stages/CompatibilityCheckStage.java,HELIX-3,2012-10-25T13:58:24+02:00,2012-10-24T16:14:36-07:00
bb501c5a58c1fd4f244cd7deba71ade9bdc2d9d6,437eb42eac35e181ae6793dd17390df33565e4dd,helix-core/src/main/java/org/apache/helix/controller/stages/CurrentStateComputationStage.java,HELIX-3,2012-10-25T13:58:24+02:00,2012-10-24T16:14:36-07:00
bb501c5a58c1fd4f244cd7deba71ade9bdc2d9d6,437eb42eac35e181ae6793dd17390df33565e4dd,helix-core/src/main/java/org/apache/helix/controller/stages/CurrentStateOutput.java,HELIX-3,2012-10-25T13:58:24+02:00,2012-10-24T16:14:36-07:00
bb501c5a58c1fd4f244cd7deba71ade9bdc2d9d6,437eb42eac35e181ae6793dd17390df33565e4dd,helix-core/src/main/java/org/apache/helix/controller/stages/ExternalViewComputeStage.java,HELIX-3,2012-10-25T13:58:24+02:00,2012-10-24T16:14:36-07:00
bb501c5a58c1fd4f244cd7deba71ade9bdc2d9d6,437eb42eac35e181ae6793dd17390df33565e4dd,helix-core/src/main/java/org/apache/helix/controller/stages/HealthDataCache.java,HELIX-3,2012-10-25T13:58:24+02:00,2012-10-24T16:14:36-07:00
bb501c5a58c1fd4f244cd7deba71ade9bdc2d9d6,437eb42eac35e181ae6793dd17390df33565e4dd,helix-core/src/main/java/org/apache/helix/controller/stages/MessageGenerationOutput.java,HELIX-3,2012-10-25T13:58:24+02:00,2012-10-24T16:14:36-07:00
bb501c5a58c1fd4f244cd7deba71ade9bdc2d9d6,437eb42eac35e181ae6793dd17390df33565e4dd,helix-core/src/main/java/org/apache/helix/controller/stages/MessageGenerationPhase.java,HELIX-3,2012-10-25T13:58:24+02:00,2012-10-24T16:14:36-07:00
bb501c5a58c1fd4f244cd7deba71ade9bdc2d9d6,437eb42eac35e181ae6793dd17390df33565e4dd,helix-core/src/main/java/org/apache/helix/controller/stages/MessageSelectionStage.java,HELIX-3,2012-10-25T13:58:24+02:00,2012-10-24T16:14:36-07:00
bb501c5a58c1fd4f244cd7deba71ade9bdc2d9d6,437eb42eac35e181ae6793dd17390df33565e4dd,helix-core/src/main/java/org/apache/helix/controller/stages/MessageSelectionStageOutput.java,HELIX-3,2012-10-25T13:58:24+02:00,2012-10-24T16:14:36-07:00
bb501c5a58c1fd4f244cd7deba71ade9bdc2d9d6,437eb42eac35e181ae6793dd17390df33565e4dd,helix-core/src/main/java/org/apache/helix/controller/stages/MessageThrottleStage.java,HELIX-3,2012-10-25T13:58:24+02:00,2012-10-24T16:14:36-07:00
bb501c5a58c1fd4f244cd7deba71ade9bdc2d9d6,437eb42eac35e181ae6793dd17390df33565e4dd,helix-core/src/main/java/org/apache/helix/controller/stages/MessageThrottleStageOutput.java,HELIX-3,2012-10-25T13:58:24+02:00,2012-10-24T16:14:36-07:00
bb501c5a58c1fd4f244cd7deba71ade9bdc2d9d6,437eb42eac35e181ae6793dd17390df33565e4dd,helix-core/src/main/java/org/apache/helix/controller/stages/ReadClusterDataStage.java,HELIX-3,2012-10-25T13:58:24+02:00,2012-10-24T16:14:36-07:00
bb501c5a58c1fd4f244cd7deba71ade9bdc2d9d6,437eb42eac35e181ae6793dd17390df33565e4dd,helix-core/src/main/java/org/apache/helix/controller/stages/ReadHealthDataStage.java,HELIX-3,2012-10-25T13:58:24+02:00,2012-10-24T16:14:36-07:00
bb501c5a58c1fd4f244cd7deba71ade9bdc2d9d6,437eb42eac35e181ae6793dd17390df33565e4dd,helix-core/src/main/java/org/apache/helix/controller/stages/ResourceComputationStage.java,HELIX-3,2012-10-25T13:58:24+02:00,2012-10-24T16:14:36-07:00
bb501c5a58c1fd4f244cd7deba71ade9bdc2d9d6,437eb42eac35e181ae6793dd17390df33565e4dd,helix-core/src/main/java/org/apache/helix/controller/stages/StatsAggregationStage.java,HELIX-3,2012-10-25T13:58:24+02:00,2012-10-24T16:14:36-07:00
bb501c5a58c1fd4f244cd7deba71ade9bdc2d9d6,437eb42eac35e181ae6793dd17390df33565e4dd,helix-core/src/main/java/org/apache/helix/controller/stages/TaskAssignmentStage.java,HELIX-3,2012-10-25T13:58:24+02:00,2012-10-24T16:14:36-07:00
c54c616333fa4a6d28b2fdf4d256d3e9d928b076,437eb42eac35e181ae6793dd17390df33565e4dd,helix-core/src/main/java/org/apache/helix/alerts/AccumulateAggregator.java,HELIX-3,2012-10-25T23:53:15+02:00,2012-10-24T16:14:36-07:00
c54c616333fa4a6d28b2fdf4d256d3e9d928b076,437eb42eac35e181ae6793dd17390df33565e4dd,helix-core/src/main/java/org/apache/helix/examples/BootstrapHandler.java,HELIX-3,2012-10-25T23:53:15+02:00,2012-10-24T16:14:36-07:00
c54c616333fa4a6d28b2fdf4d256d3e9d928b076,437eb42eac35e181ae6793dd17390df33565e4dd,helix-core/src/main/java/org/apache/helix/examples/ExampleProcess.java,HELIX-3,2012-10-25T23:53:15+02:00,2012-10-24T16:14:36-07:00
c54c616333fa4a6d28b2fdf4d256d3e9d928b076,437eb42eac35e181ae6793dd17390df33565e4dd,helix-core/src/main/java/org/apache/helix/examples/IdealStateExample.java,HELIX-3,2012-10-25T23:53:15+02:00,2012-10-24T16:14:36-07:00
c54c616333fa4a6d28b2fdf4d256d3e9d928b076,437eb42eac35e181ae6793dd17390df33565e4dd,helix-core/src/main/java/org/apache/helix/examples/LeaderStandbyStateModelFactory.java,HELIX-3,2012-10-25T23:53:15+02:00,2012-10-24T16:14:36-07:00
c54c616333fa4a6d28b2fdf4d256d3e9d928b076,437eb42eac35e181ae6793dd17390df33565e4dd,helix-core/src/main/java/org/apache/helix/examples/MasterSlaveStateModelFactory.java,HELIX-3,2012-10-25T23:53:15+02:00,2012-10-24T16:14:36-07:00
c54c616333fa4a6d28b2fdf4d256d3e9d928b076,437eb42eac35e181ae6793dd17390df33565e4dd,helix-core/src/main/java/org/apache/helix/examples/OnlineOfflineStateModelFactory.java,HELIX-3,2012-10-25T23:53:15+02:00,2012-10-24T16:14:36-07:00
c54c616333fa4a6d28b2fdf4d256d3e9d928b076,437eb42eac35e181ae6793dd17390df33565e4dd,helix-core/src/main/java/org/apache/helix/healthcheck/AccumulateAggregationType.java,HELIX-3,2012-10-25T23:53:15+02:00,2012-10-24T16:14:36-07:00
c54c616333fa4a6d28b2fdf4d256d3e9d928b076,437eb42eac35e181ae6793dd17390df33565e4dd,helix-core/src/main/java/org/apache/helix/healthcheck/AggregationType.java,HELIX-3,2012-10-25T23:53:15+02:00,2012-10-24T16:14:36-07:00
c54c616333fa4a6d28b2fdf4d256d3e9d928b076,437eb42eac35e181ae6793dd17390df33565e4dd,helix-core/src/main/java/org/apache/helix/healthcheck/AggregationTypeFactory.java,HELIX-3,2012-10-25T23:53:15+02:00,2012-10-24T16:14:36-07:00
c54c616333fa4a6d28b2fdf4d256d3e9d928b076,437eb42eac35e181ae6793dd17390df33565e4dd,helix-core/src/main/java/org/apache/helix/healthcheck/DecayAggregationType.java,HELIX-3,2012-10-25T23:53:15+02:00,2012-10-24T16:14:36-07:00
c54c616333fa4a6d28b2fdf4d256d3e9d928b076,437eb42eac35e181ae6793dd17390df33565e4dd,helix-core/src/main/java/org/apache/helix/healthcheck/DefaultHealthReportProvider.java,HELIX-3,2012-10-25T23:53:15+02:00,2012-10-24T16:14:36-07:00
c54c616333fa4a6d28b2fdf4d256d3e9d928b076,437eb42eac35e181ae6793dd17390df33565e4dd,helix-core/src/main/java/org/apache/helix/healthcheck/DefaultPerfCounters.java,HELIX-3,2012-10-25T23:53:15+02:00,2012-10-24T16:14:36-07:00
c54c616333fa4a6d28b2fdf4d256d3e9d928b076,437eb42eac35e181ae6793dd17390df33565e4dd,helix-core/src/main/java/org/apache/helix/healthcheck/HealthReportProvider.java,HELIX-3,2012-10-25T23:53:15+02:00,2012-10-24T16:14:36-07:00
c54c616333fa4a6d28b2fdf4d256d3e9d928b076,437eb42eac35e181ae6793dd17390df33565e4dd,helix-core/src/main/java/org/apache/helix/healthcheck/HealthStatsAggregationTask.java,HELIX-3,2012-10-25T23:53:15+02:00,2012-10-24T16:14:36-07:00
c54c616333fa4a6d28b2fdf4d256d3e9d928b076,437eb42eac35e181ae6793dd17390df33565e4dd,helix-core/src/main/java/org/apache/helix/healthcheck/ParticipantHealthReportCollector.java,HELIX-3,2012-10-25T23:53:15+02:00,2012-10-24T16:14:36-07:00
c54c616333fa4a6d28b2fdf4d256d3e9d928b076,437eb42eac35e181ae6793dd17390df33565e4dd,helix-core/src/main/java/org/apache/helix/healthcheck/ParticipantHealthReportCollectorImpl.java,HELIX-3,2012-10-25T23:53:15+02:00,2012-10-24T16:14:36-07:00
c54c616333fa4a6d28b2fdf4d256d3e9d928b076,437eb42eac35e181ae6793dd17390df33565e4dd,helix-core/src/main/java/org/apache/helix/healthcheck/PerformanceHealthReportProvider.java,HELIX-3,2012-10-25T23:53:15+02:00,2012-10-24T16:14:36-07:00
c54c616333fa4a6d28b2fdf4d256d3e9d928b076,437eb42eac35e181ae6793dd17390df33565e4dd,helix-core/src/main/java/org/apache/helix/healthcheck/Stat.java,HELIX-3,2012-10-25T23:53:15+02:00,2012-10-24T16:14:36-07:00
c54c616333fa4a6d28b2fdf4d256d3e9d928b076,437eb42eac35e181ae6793dd17390df33565e4dd,helix-core/src/main/java/org/apache/helix/healthcheck/StatHealthReportProvider.java,HELIX-3,2012-10-25T23:53:15+02:00,2012-10-24T16:14:36-07:00
c54c616333fa4a6d28b2fdf4d256d3e9d928b076,437eb42eac35e181ae6793dd17390df33565e4dd,helix-core/src/main/java/org/apache/helix/healthcheck/WindowAggregationType.java,HELIX-3,2012-10-25T23:53:15+02:00,2012-10-24T16:14:36-07:00
c54c616333fa4a6d28b2fdf4d256d3e9d928b076,437eb42eac35e181ae6793dd17390df33565e4dd,helix-core/src/main/java/org/apache/helix/josql/ClusterJosqlQueryProcessor.java,HELIX-3,2012-10-25T23:53:15+02:00,2012-10-24T16:14:36-07:00
c54c616333fa4a6d28b2fdf4d256d3e9d928b076,437eb42eac35e181ae6793dd17390df33565e4dd,helix-core/src/main/java/org/apache/helix/josql/ZNRecordJosqlFunctionHandler.java,HELIX-3,2012-10-25T23:53:15+02:00,2012-10-24T16:14:36-07:00
c54c616333fa4a6d28b2fdf4d256d3e9d928b076,437eb42eac35e181ae6793dd17390df33565e4dd,helix-core/src/main/java/org/apache/helix/josql/ZNRecordRow.java,HELIX-3,2012-10-25T23:53:15+02:00,2012-10-24T16:14:36-07:00
c54c616333fa4a6d28b2fdf4d256d3e9d928b076,437eb42eac35e181ae6793dd17390df33565e4dd,helix-core/src/main/java/org/apache/helix/manager/file/DynamicFileHelixManager.java,HELIX-3,2012-10-25T23:53:15+02:00,2012-10-24T16:14:36-07:00
c54c616333fa4a6d28b2fdf4d256d3e9d928b076,437eb42eac35e181ae6793dd17390df33565e4dd,helix-core/src/main/java/org/apache/helix/manager/file/FileCallbackHandler.java,HELIX-3,2012-10-25T23:53:15+02:00,2012-10-24T16:14:36-07:00
c54c616333fa4a6d28b2fdf4d256d3e9d928b076,437eb42eac35e181ae6793dd17390df33565e4dd,helix-core/src/main/java/org/apache/helix/manager/file/FileDataAccessor.java,HELIX-3,2012-10-25T23:53:15+02:00,2012-10-24T16:14:36-07:00
c54c616333fa4a6d28b2fdf4d256d3e9d928b076,437eb42eac35e181ae6793dd17390df33565e4dd,helix-core/src/main/java/org/apache/helix/manager/file/FileHelixAdmin.java,HELIX-3,2012-10-25T23:53:15+02:00,2012-10-24T16:14:36-07:00
c54c616333fa4a6d28b2fdf4d256d3e9d928b076,437eb42eac35e181ae6793dd17390df33565e4dd,helix-core/src/main/java/org/apache/helix/manager/file/StaticFileHelixManager.java,HELIX-3,2012-10-25T23:53:15+02:00,2012-10-24T16:14:36-07:00
c54c616333fa4a6d28b2fdf4d256d3e9d928b076,437eb42eac35e181ae6793dd17390df33565e4dd,helix-core/src/main/java/org/apache/helix/manager/zk/BasicZkSerializer.java,HELIX-3,2012-10-25T23:53:15+02:00,2012-10-24T16:14:36-07:00
c54c616333fa4a6d28b2fdf4d256d3e9d928b076,437eb42eac35e181ae6793dd17390df33565e4dd,helix-core/src/main/java/org/apache/helix/manager/zk/CallbackHandler.java,HELIX-3,2012-10-25T23:53:15+02:00,2012-10-24T16:14:36-07:00
c54c616333fa4a6d28b2fdf4d256d3e9d928b076,437eb42eac35e181ae6793dd17390df33565e4dd,helix-core/src/main/java/org/apache/helix/manager/zk/DefaultControllerMessageHandlerFactory.java,HELIX-3,2012-10-25T23:53:15+02:00,2012-10-24T16:14:36-07:00
c54c616333fa4a6d28b2fdf4d256d3e9d928b076,437eb42eac35e181ae6793dd17390df33565e4dd,helix-core/src/main/java/org/apache/helix/manager/zk/DefaultSchedulerMessageHandlerFactory.java,HELIX-3,2012-10-25T23:53:15+02:00,2012-10-24T16:14:36-07:00
c54c616333fa4a6d28b2fdf4d256d3e9d928b076,437eb42eac35e181ae6793dd17390df33565e4dd,helix-core/src/main/java/org/apache/helix/manager/zk/ZKDataAccessor.java,HELIX-3,2012-10-25T23:53:15+02:00,2012-10-24T16:14:36-07:00
c54c616333fa4a6d28b2fdf4d256d3e9d928b076,437eb42eac35e181ae6793dd17390df33565e4dd,helix-core/src/main/java/org/apache/helix/manager/zk/ZKExceptionHandler.java,HELIX-3,2012-10-25T23:53:15+02:00,2012-10-24T16:14:36-07:00
c54c616333fa4a6d28b2fdf4d256d3e9d928b076,437eb42eac35e181ae6793dd17390df33565e4dd,helix-core/src/main/java/org/apache/helix/manager/zk/ZKHelixAdmin.java,HELIX-3,2012-10-25T23:53:15+02:00,2012-10-24T16:14:36-07:00
c54c616333fa4a6d28b2fdf4d256d3e9d928b076,437eb42eac35e181ae6793dd17390df33565e4dd,helix-core/src/main/java/org/apache/helix/manager/zk/ZKHelixManager.java,HELIX-3,2012-10-25T23:53:15+02:00,2012-10-24T16:14:36-07:00
c54c616333fa4a6d28b2fdf4d256d3e9d928b076,437eb42eac35e181ae6793dd17390df33565e4dd,helix-core/src/main/java/org/apache/helix/manager/zk/ZKUtil.java,HELIX-3,2012-10-25T23:53:15+02:00,2012-10-24T16:14:36-07:00
c54c616333fa4a6d28b2fdf4d256d3e9d928b076,437eb42eac35e181ae6793dd17390df33565e4dd,helix-core/src/main/java/org/apache/helix/manager/zk/ZNRecordSerializer.java,HELIX-3,2012-10-25T23:53:15+02:00,2012-10-24T16:14:36-07:00
c54c616333fa4a6d28b2fdf4d256d3e9d928b076,437eb42eac35e181ae6793dd17390df33565e4dd,helix-core/src/main/java/org/apache/helix/manager/zk/ZkClient.java,HELIX-3,2012-10-25T23:53:15+02:00,2012-10-24T16:14:36-07:00
c54c616333fa4a6d28b2fdf4d256d3e9d928b076,437eb42eac35e181ae6793dd17390df33565e4dd,helix-core/src/main/java/org/apache/helix/manager/zk/ZkStateChangeListener.java,HELIX-3,2012-10-25T23:53:15+02:00,2012-10-24T16:14:36-07:00
c54c616333fa4a6d28b2fdf4d256d3e9d928b076,437eb42eac35e181ae6793dd17390df33565e4dd,helix-core/src/main/java/org/apache/helix/messaging/AsyncCallback.java,HELIX-3,2012-10-25T23:53:15+02:00,2012-10-24T16:14:36-07:00
c54c616333fa4a6d28b2fdf4d256d3e9d928b076,437eb42eac35e181ae6793dd17390df33565e4dd,helix-core/src/main/java/org/apache/helix/messaging/CriteriaEvaluator.java,HELIX-3,2012-10-25T23:53:15+02:00,2012-10-24T16:14:36-07:00
c54c616333fa4a6d28b2fdf4d256d3e9d928b076,437eb42eac35e181ae6793dd17390df33565e4dd,helix-core/src/main/java/org/apache/helix/messaging/DefaultMessagingService.java,HELIX-3,2012-10-25T23:53:15+02:00,2012-10-24T16:14:36-07:00
c54c616333fa4a6d28b2fdf4d256d3e9d928b076,437eb42eac35e181ae6793dd17390df33565e4dd,helix-core/src/main/java/org/apache/helix/messaging/handling/AsyncCallbackService.java,HELIX-3,2012-10-25T23:53:15+02:00,2012-10-24T16:14:36-07:00
c54c616333fa4a6d28b2fdf4d256d3e9d928b076,437eb42eac35e181ae6793dd17390df33565e4dd,helix-core/src/main/java/org/apache/helix/messaging/handling/HelixStateTransitionHandler.java,HELIX-3,2012-10-25T23:53:15+02:00,2012-10-24T16:14:36-07:00
c54c616333fa4a6d28b2fdf4d256d3e9d928b076,437eb42eac35e181ae6793dd17390df33565e4dd,helix-core/src/main/java/org/apache/helix/messaging/handling/HelixTask.java,HELIX-3,2012-10-25T23:53:15+02:00,2012-10-24T16:14:36-07:00
c54c616333fa4a6d28b2fdf4d256d3e9d928b076,437eb42eac35e181ae6793dd17390df33565e4dd,helix-core/src/main/java/org/apache/helix/messaging/handling/HelixTaskExecutor.java,HELIX-3,2012-10-25T23:53:15+02:00,2012-10-24T16:14:36-07:00
c54c616333fa4a6d28b2fdf4d256d3e9d928b076,437eb42eac35e181ae6793dd17390df33565e4dd,helix-core/src/main/java/org/apache/helix/messaging/handling/HelixTaskResult.java,HELIX-3,2012-10-25T23:53:15+02:00,2012-10-24T16:14:36-07:00
c54c616333fa4a6d28b2fdf4d256d3e9d928b076,437eb42eac35e181ae6793dd17390df33565e4dd,helix-core/src/main/java/org/apache/helix/messaging/handling/MessageHandler.java,HELIX-3,2012-10-25T23:53:15+02:00,2012-10-24T16:14:36-07:00
c54c616333fa4a6d28b2fdf4d256d3e9d928b076,437eb42eac35e181ae6793dd17390df33565e4dd,helix-core/src/main/java/org/apache/helix/messaging/handling/MessageHandlerFactory.java,HELIX-3,2012-10-25T23:53:15+02:00,2012-10-24T16:14:36-07:00
c54c616333fa4a6d28b2fdf4d256d3e9d928b076,437eb42eac35e181ae6793dd17390df33565e4dd,helix-core/src/main/java/org/apache/helix/model/AlertStatus.java,HELIX-3,2012-10-25T23:53:15+02:00,2012-10-24T16:14:36-07:00
c54c616333fa4a6d28b2fdf4d256d3e9d928b076,437eb42eac35e181ae6793dd17390df33565e4dd,helix-core/src/main/java/org/apache/helix/model/Alerts.java,HELIX-3,2012-10-25T23:53:15+02:00,2012-10-24T16:14:36-07:00
c54c616333fa4a6d28b2fdf4d256d3e9d928b076,437eb42eac35e181ae6793dd17390df33565e4dd,helix-core/src/main/java/org/apache/helix/model/ClusterConstraints.java,HELIX-3,2012-10-25T23:53:15+02:00,2012-10-24T16:14:36-07:00
c54c616333fa4a6d28b2fdf4d256d3e9d928b076,437eb42eac35e181ae6793dd17390df33565e4dd,helix-core/src/main/java/org/apache/helix/model/CurrentState.java,HELIX-3,2012-10-25T23:53:15+02:00,2012-10-24T16:14:36-07:00
c54c616333fa4a6d28b2fdf4d256d3e9d928b076,437eb42eac35e181ae6793dd17390df33565e4dd,helix-core/src/main/java/org/apache/helix/model/ExternalView.java,HELIX-3,2012-10-25T23:53:15+02:00,2012-10-24T16:14:36-07:00
c54c616333fa4a6d28b2fdf4d256d3e9d928b076,437eb42eac35e181ae6793dd17390df33565e4dd,helix-core/src/main/java/org/apache/helix/model/HealthStat.java,HELIX-3,2012-10-25T23:53:15+02:00,2012-10-24T16:14:36-07:00
c54c616333fa4a6d28b2fdf4d256d3e9d928b076,437eb42eac35e181ae6793dd17390df33565e4dd,helix-core/src/main/java/org/apache/helix/model/IdealState.java,HELIX-3,2012-10-25T23:53:15+02:00,2012-10-24T16:14:36-07:00
c54c616333fa4a6d28b2fdf4d256d3e9d928b076,437eb42eac35e181ae6793dd17390df33565e4dd,helix-core/src/main/java/org/apache/helix/model/InstanceConfig.java,HELIX-3,2012-10-25T23:53:15+02:00,2012-10-24T16:14:36-07:00
c54c616333fa4a6d28b2fdf4d256d3e9d928b076,437eb42eac35e181ae6793dd17390df33565e4dd,helix-core/src/main/java/org/apache/helix/model/LeaderHistory.java,HELIX-3,2012-10-25T23:53:15+02:00,2012-10-24T16:14:36-07:00
c54c616333fa4a6d28b2fdf4d256d3e9d928b076,437eb42eac35e181ae6793dd17390df33565e4dd,helix-core/src/main/java/org/apache/helix/model/LiveInstance.java,HELIX-3,2012-10-25T23:53:15+02:00,2012-10-24T16:14:36-07:00
c54c616333fa4a6d28b2fdf4d256d3e9d928b076,437eb42eac35e181ae6793dd17390df33565e4dd,helix-core/src/main/java/org/apache/helix/model/Message.java,HELIX-3,2012-10-25T23:53:15+02:00,2012-10-24T16:14:36-07:00
c54c616333fa4a6d28b2fdf4d256d3e9d928b076,437eb42eac35e181ae6793dd17390df33565e4dd,helix-core/src/main/java/org/apache/helix/model/Partition.java,HELIX-3,2012-10-25T23:53:15+02:00,2012-10-24T16:14:36-07:00
c54c616333fa4a6d28b2fdf4d256d3e9d928b076,437eb42eac35e181ae6793dd17390df33565e4dd,helix-core/src/main/java/org/apache/helix/model/PauseSignal.java,HELIX-3,2012-10-25T23:53:15+02:00,2012-10-24T16:14:36-07:00
c54c616333fa4a6d28b2fdf4d256d3e9d928b076,437eb42eac35e181ae6793dd17390df33565e4dd,helix-core/src/main/java/org/apache/helix/model/PersistentStats.java,HELIX-3,2012-10-25T23:53:15+02:00,2012-10-24T16:14:36-07:00
c54c616333fa4a6d28b2fdf4d256d3e9d928b076,437eb42eac35e181ae6793dd17390df33565e4dd,helix-core/src/main/java/org/apache/helix/model/Resource.java,HELIX-3,2012-10-25T23:53:15+02:00,2012-10-24T16:14:36-07:00
c54c616333fa4a6d28b2fdf4d256d3e9d928b076,437eb42eac35e181ae6793dd17390df33565e4dd,helix-core/src/main/java/org/apache/helix/model/ResourceAssignment.java,HELIX-3,2012-10-25T23:53:15+02:00,2012-10-24T16:14:36-07:00
c54c616333fa4a6d28b2fdf4d256d3e9d928b076,437eb42eac35e181ae6793dd17390df33565e4dd,helix-core/src/main/java/org/apache/helix/model/StateModelDefinition.java,HELIX-3,2012-10-25T23:53:15+02:00,2012-10-24T16:14:36-07:00
c54c616333fa4a6d28b2fdf4d256d3e9d928b076,437eb42eac35e181ae6793dd17390df33565e4dd,helix-core/src/main/java/org/apache/helix/model/StatusUpdate.java,HELIX-3,2012-10-25T23:53:15+02:00,2012-10-24T16:14:36-07:00
c54c616333fa4a6d28b2fdf4d256d3e9d928b076,437eb42eac35e181ae6793dd17390df33565e4dd,helix-core/src/main/java/org/apache/helix/monitoring/ParticipantMonitor.java,HELIX-3,2012-10-25T23:53:15+02:00,2012-10-24T16:14:36-07:00
c54c616333fa4a6d28b2fdf4d256d3e9d928b076,437eb42eac35e181ae6793dd17390df33565e4dd,helix-core/src/main/java/org/apache/helix/monitoring/StatCollector.java,HELIX-3,2012-10-25T23:53:15+02:00,2012-10-24T16:14:36-07:00
c54c616333fa4a6d28b2fdf4d256d3e9d928b076,437eb42eac35e181ae6793dd17390df33565e4dd,helix-core/src/main/java/org/apache/helix/monitoring/StateTransitionContext.java,HELIX-3,2012-10-25T23:53:15+02:00,2012-10-24T16:14:36-07:00
c54c616333fa4a6d28b2fdf4d256d3e9d928b076,437eb42eac35e181ae6793dd17390df33565e4dd,helix-core/src/main/java/org/apache/helix/monitoring/StateTransitionDataPoint.java,HELIX-3,2012-10-25T23:53:15+02:00,2012-10-24T16:14:36-07:00
c54c616333fa4a6d28b2fdf4d256d3e9d928b076,437eb42eac35e181ae6793dd17390df33565e4dd,helix-core/src/main/java/org/apache/helix/monitoring/ZKPathDataDumpTask.java,HELIX-3,2012-10-25T23:53:15+02:00,2012-10-24T16:14:36-07:00
c54c616333fa4a6d28b2fdf4d256d3e9d928b076,437eb42eac35e181ae6793dd17390df33565e4dd,helix-core/src/main/java/org/apache/helix/monitoring/mbeans/ClusterAlertItem.java,HELIX-3,2012-10-25T23:53:15+02:00,2012-10-24T16:14:36-07:00
c54c616333fa4a6d28b2fdf4d256d3e9d928b076,437eb42eac35e181ae6793dd17390df33565e4dd,helix-core/src/main/java/org/apache/helix/monitoring/mbeans/ClusterAlertItemMBean.java,HELIX-3,2012-10-25T23:53:15+02:00,2012-10-24T16:14:36-07:00
c54c616333fa4a6d28b2fdf4d256d3e9d928b076,437eb42eac35e181ae6793dd17390df33565e4dd,helix-core/src/main/java/org/apache/helix/monitoring/mbeans/ClusterAlertMBeanCollection.java,HELIX-3,2012-10-25T23:53:15+02:00,2012-10-24T16:14:36-07:00
c54c616333fa4a6d28b2fdf4d256d3e9d928b076,437eb42eac35e181ae6793dd17390df33565e4dd,helix-core/src/main/java/org/apache/helix/monitoring/mbeans/ClusterMBeanObserver.java,HELIX-3,2012-10-25T23:53:15+02:00,2012-10-24T16:14:36-07:00
c54c616333fa4a6d28b2fdf4d256d3e9d928b076,437eb42eac35e181ae6793dd17390df33565e4dd,helix-core/src/main/java/org/apache/helix/monitoring/mbeans/ClusterStatusMonitor.java,HELIX-3,2012-10-25T23:53:15+02:00,2012-10-24T16:14:36-07:00
c54c616333fa4a6d28b2fdf4d256d3e9d928b076,437eb42eac35e181ae6793dd17390df33565e4dd,helix-core/src/main/java/org/apache/helix/monitoring/mbeans/ClusterStatusMonitorMBean.java,HELIX-3,2012-10-25T23:53:15+02:00,2012-10-24T16:14:36-07:00
c54c616333fa4a6d28b2fdf4d256d3e9d928b076,437eb42eac35e181ae6793dd17390df33565e4dd,helix-core/src/main/java/org/apache/helix/monitoring/mbeans/HelixStageLatencyMonitor.java,HELIX-3,2012-10-25T23:53:15+02:00,2012-10-24T16:14:36-07:00
c54c616333fa4a6d28b2fdf4d256d3e9d928b076,437eb42eac35e181ae6793dd17390df33565e4dd,helix-core/src/main/java/org/apache/helix/monitoring/mbeans/HelixStageLatencyMonitorMBean.java,HELIX-3,2012-10-25T23:53:15+02:00,2012-10-24T16:14:36-07:00
c54c616333fa4a6d28b2fdf4d256d3e9d928b076,437eb42eac35e181ae6793dd17390df33565e4dd,helix-core/src/main/java/org/apache/helix/monitoring/mbeans/ResourceMonitor.java,HELIX-3,2012-10-25T23:53:15+02:00,2012-10-24T16:14:36-07:00
c54c616333fa4a6d28b2fdf4d256d3e9d928b076,437eb42eac35e181ae6793dd17390df33565e4dd,helix-core/src/main/java/org/apache/helix/monitoring/mbeans/ResourceMonitorMBean.java,HELIX-3,2012-10-25T23:53:15+02:00,2012-10-24T16:14:36-07:00
c54c616333fa4a6d28b2fdf4d256d3e9d928b076,437eb42eac35e181ae6793dd17390df33565e4dd,helix-core/src/main/java/org/apache/helix/monitoring/mbeans/StateTransitionStatMonitor.java,HELIX-3,2012-10-25T23:53:15+02:00,2012-10-24T16:14:36-07:00
c54c616333fa4a6d28b2fdf4d256d3e9d928b076,437eb42eac35e181ae6793dd17390df33565e4dd,helix-core/src/main/java/org/apache/helix/monitoring/mbeans/StateTransitionStatMonitorMBean.java,HELIX-3,2012-10-25T23:53:15+02:00,2012-10-24T16:14:36-07:00
c54c616333fa4a6d28b2fdf4d256d3e9d928b076,437eb42eac35e181ae6793dd17390df33565e4dd,helix-core/src/main/java/org/apache/helix/participant/CustomCodeCallbackHandler.java,HELIX-3,2012-10-25T23:53:15+02:00,2012-10-24T16:14:36-07:00
c54c616333fa4a6d28b2fdf4d256d3e9d928b076,437eb42eac35e181ae6793dd17390df33565e4dd,helix-core/src/main/java/org/apache/helix/participant/CustomCodeInvoker.java,HELIX-3,2012-10-25T23:53:15+02:00,2012-10-24T16:14:36-07:00
c54c616333fa4a6d28b2fdf4d256d3e9d928b076,437eb42eac35e181ae6793dd17390df33565e4dd,helix-core/src/main/java/org/apache/helix/participant/DistClusterControllerElection.java,HELIX-3,2012-10-25T23:53:15+02:00,2012-10-24T16:14:36-07:00
c54c616333fa4a6d28b2fdf4d256d3e9d928b076,437eb42eac35e181ae6793dd17390df33565e4dd,helix-core/src/main/java/org/apache/helix/participant/DistClusterControllerStateModel.java,HELIX-3,2012-10-25T23:53:15+02:00,2012-10-24T16:14:36-07:00
c54c616333fa4a6d28b2fdf4d256d3e9d928b076,437eb42eac35e181ae6793dd17390df33565e4dd,helix-core/src/main/java/org/apache/helix/participant/DistClusterControllerStateModelFactory.java,HELIX-3,2012-10-25T23:53:15+02:00,2012-10-24T16:14:36-07:00
c54c616333fa4a6d28b2fdf4d256d3e9d928b076,437eb42eac35e181ae6793dd17390df33565e4dd,helix-core/src/main/java/org/apache/helix/participant/GenericLeaderStandbyModel.java,HELIX-3,2012-10-25T23:53:15+02:00,2012-10-24T16:14:36-07:00
c54c616333fa4a6d28b2fdf4d256d3e9d928b076,437eb42eac35e181ae6793dd17390df33565e4dd,helix-core/src/main/java/org/apache/helix/participant/GenericLeaderStandbyStateModelFactory.java,HELIX-3,2012-10-25T23:53:15+02:00,2012-10-24T16:14:36-07:00
c54c616333fa4a6d28b2fdf4d256d3e9d928b076,437eb42eac35e181ae6793dd17390df33565e4dd,helix-core/src/main/java/org/apache/helix/participant/HelixCustomCodeRunner.java,HELIX-3,2012-10-25T23:53:15+02:00,2012-10-24T16:14:36-07:00
c54c616333fa4a6d28b2fdf4d256d3e9d928b076,437eb42eac35e181ae6793dd17390df33565e4dd,helix-core/src/main/java/org/apache/helix/participant/HelixStateMachineEngine.java,HELIX-3,2012-10-25T23:53:15+02:00,2012-10-24T16:14:36-07:00
c54c616333fa4a6d28b2fdf4d256d3e9d928b076,437eb42eac35e181ae6793dd17390df33565e4dd,helix-core/src/main/java/org/apache/helix/participant/StateMachineEngine.java,HELIX-3,2012-10-25T23:53:15+02:00,2012-10-24T16:14:36-07:00
c54c616333fa4a6d28b2fdf4d256d3e9d928b076,437eb42eac35e181ae6793dd17390df33565e4dd,helix-core/src/main/java/org/apache/helix/participant/statemachine/StateModel.java,HELIX-3,2012-10-25T23:53:15+02:00,2012-10-24T16:14:36-07:00
c54c616333fa4a6d28b2fdf4d256d3e9d928b076,437eb42eac35e181ae6793dd17390df33565e4dd,helix-core/src/main/java/org/apache/helix/participant/statemachine/StateModelFactory.java,HELIX-3,2012-10-25T23:53:15+02:00,2012-10-24T16:14:36-07:00
c54c616333fa4a6d28b2fdf4d256d3e9d928b076,437eb42eac35e181ae6793dd17390df33565e4dd,helix-core/src/main/java/org/apache/helix/participant/statemachine/StateModelInfo.java,HELIX-3,2012-10-25T23:53:15+02:00,2012-10-24T16:14:36-07:00
c54c616333fa4a6d28b2fdf4d256d3e9d928b076,437eb42eac35e181ae6793dd17390df33565e4dd,helix-core/src/main/java/org/apache/helix/participant/statemachine/StateModelParser.java,HELIX-3,2012-10-25T23:53:15+02:00,2012-10-24T16:14:36-07:00
c54c616333fa4a6d28b2fdf4d256d3e9d928b076,437eb42eac35e181ae6793dd17390df33565e4dd,helix-core/src/main/java/org/apache/helix/participant/statemachine/StateTransitionError.java,HELIX-3,2012-10-25T23:53:15+02:00,2012-10-24T16:14:36-07:00
c54c616333fa4a6d28b2fdf4d256d3e9d928b076,437eb42eac35e181ae6793dd17390df33565e4dd,helix-core/src/main/java/org/apache/helix/participant/statemachine/Transition.java,HELIX-3,2012-10-25T23:53:15+02:00,2012-10-24T16:14:36-07:00
c54c616333fa4a6d28b2fdf4d256d3e9d928b076,437eb42eac35e181ae6793dd17390df33565e4dd,helix-core/src/main/java/org/apache/helix/spectator/RoutingTableProvider.java,HELIX-3,2012-10-25T23:53:15+02:00,2012-10-24T16:14:36-07:00
c54c616333fa4a6d28b2fdf4d256d3e9d928b076,437eb42eac35e181ae6793dd17390df33565e4dd,helix-core/src/main/java/org/apache/helix/store/PropertyChangeListener.java,HELIX-3,2012-10-25T23:53:15+02:00,2012-10-24T16:14:36-07:00
c54c616333fa4a6d28b2fdf4d256d3e9d928b076,437eb42eac35e181ae6793dd17390df33565e4dd,helix-core/src/main/java/org/apache/helix/store/PropertyJsonComparator.java,HELIX-3,2012-10-25T23:53:15+02:00,2012-10-24T16:14:36-07:00
c54c616333fa4a6d28b2fdf4d256d3e9d928b076,437eb42eac35e181ae6793dd17390df33565e4dd,helix-core/src/main/java/org/apache/helix/store/PropertyJsonSerializer.java,HELIX-3,2012-10-25T23:53:15+02:00,2012-10-24T16:14:36-07:00
c54c616333fa4a6d28b2fdf4d256d3e9d928b076,437eb42eac35e181ae6793dd17390df33565e4dd,helix-core/src/main/java/org/apache/helix/store/PropertySerializer.java,HELIX-3,2012-10-25T23:53:15+02:00,2012-10-24T16:14:36-07:00
c54c616333fa4a6d28b2fdf4d256d3e9d928b076,437eb42eac35e181ae6793dd17390df33565e4dd,helix-core/src/main/java/org/apache/helix/store/PropertyStat.java,HELIX-3,2012-10-25T23:53:15+02:00,2012-10-24T16:14:36-07:00
c54c616333fa4a6d28b2fdf4d256d3e9d928b076,437eb42eac35e181ae6793dd17390df33565e4dd,helix-core/src/main/java/org/apache/helix/store/PropertyStore.java,HELIX-3,2012-10-25T23:53:15+02:00,2012-10-24T16:14:36-07:00
c54c616333fa4a6d28b2fdf4d256d3e9d928b076,437eb42eac35e181ae6793dd17390df33565e4dd,helix-core/src/main/java/org/apache/helix/store/PropertyStoreException.java,HELIX-3,2012-10-25T23:53:15+02:00,2012-10-24T16:14:36-07:00
c54c616333fa4a6d28b2fdf4d256d3e9d928b076,437eb42eac35e181ae6793dd17390df33565e4dd,helix-core/src/main/java/org/apache/helix/store/PropertyStoreFactory.java,HELIX-3,2012-10-25T23:53:15+02:00,2012-10-24T16:14:36-07:00
c54c616333fa4a6d28b2fdf4d256d3e9d928b076,437eb42eac35e181ae6793dd17390df33565e4dd,helix-core/src/main/java/org/apache/helix/store/ZNRecordJsonSerializer.java,HELIX-3,2012-10-25T23:53:15+02:00,2012-10-24T16:14:36-07:00
c54c616333fa4a6d28b2fdf4d256d3e9d928b076,437eb42eac35e181ae6793dd17390df33565e4dd,helix-core/src/main/java/org/apache/helix/store/file/FilePropertyStore.java,HELIX-3,2012-10-25T23:53:15+02:00,2012-10-24T16:14:36-07:00
c54c616333fa4a6d28b2fdf4d256d3e9d928b076,437eb42eac35e181ae6793dd17390df33565e4dd,helix-core/src/main/java/org/apache/helix/store/zk/PropertyItem.java,HELIX-3,2012-10-25T23:53:15+02:00,2012-10-24T16:14:36-07:00
c54c616333fa4a6d28b2fdf4d256d3e9d928b076,437eb42eac35e181ae6793dd17390df33565e4dd,helix-core/src/main/java/org/apache/helix/store/zk/ZKPropertyStore.java,HELIX-3,2012-10-25T23:53:15+02:00,2012-10-24T16:14:36-07:00
c54c616333fa4a6d28b2fdf4d256d3e9d928b076,437eb42eac35e181ae6793dd17390df33565e4dd,helix-core/src/main/java/org/apache/helix/store/zk/ZkCallbackHandler.java,HELIX-3,2012-10-25T23:53:15+02:00,2012-10-24T16:14:36-07:00
c54c616333fa4a6d28b2fdf4d256d3e9d928b076,437eb42eac35e181ae6793dd17390df33565e4dd,helix-core/src/main/java/org/apache/helix/tools/CLMLogFileAppender.java,HELIX-3,2012-10-25T23:53:15+02:00,2012-10-24T16:14:36-07:00
c54c616333fa4a6d28b2fdf4d256d3e9d928b076,437eb42eac35e181ae6793dd17390df33565e4dd,helix-core/src/main/java/org/apache/helix/tools/ClusterSetup.java,HELIX-3,2012-10-25T23:53:15+02:00,2012-10-24T16:14:36-07:00
c54c616333fa4a6d28b2fdf4d256d3e9d928b076,437eb42eac35e181ae6793dd17390df33565e4dd,helix-core/src/main/java/org/apache/helix/tools/ClusterStateVerifier.java,HELIX-3,2012-10-25T23:53:15+02:00,2012-10-24T16:14:36-07:00
c54c616333fa4a6d28b2fdf4d256d3e9d928b076,437eb42eac35e181ae6793dd17390df33565e4dd,helix-core/src/main/java/org/apache/helix/tools/ClusterViewSerializer.java,HELIX-3,2012-10-25T23:53:15+02:00,2012-10-24T16:14:36-07:00
c54c616333fa4a6d28b2fdf4d256d3e9d928b076,437eb42eac35e181ae6793dd17390df33565e4dd,helix-core/src/main/java/org/apache/helix/tools/IdealCalculatorByConsistentHashing.java,HELIX-3,2012-10-25T23:53:15+02:00,2012-10-24T16:14:36-07:00
c54c616333fa4a6d28b2fdf4d256d3e9d928b076,437eb42eac35e181ae6793dd17390df33565e4dd,helix-core/src/main/java/org/apache/helix/tools/IdealStateCalculatorByRush.java,HELIX-3,2012-10-25T23:53:15+02:00,2012-10-24T16:14:36-07:00
c54c616333fa4a6d28b2fdf4d256d3e9d928b076,437eb42eac35e181ae6793dd17390df33565e4dd,helix-core/src/main/java/org/apache/helix/tools/IdealStateCalculatorByShuffling.java,HELIX-3,2012-10-25T23:53:15+02:00,2012-10-24T16:14:36-07:00
c54c616333fa4a6d28b2fdf4d256d3e9d928b076,437eb42eac35e181ae6793dd17390df33565e4dd,helix-core/src/main/java/org/apache/helix/tools/IdealStateCalculatorForStorageNode.java,HELIX-3,2012-10-25T23:53:15+02:00,2012-10-24T16:14:36-07:00
c54c616333fa4a6d28b2fdf4d256d3e9d928b076,437eb42eac35e181ae6793dd17390df33565e4dd,helix-core/src/main/java/org/apache/helix/tools/LocalZKServer.java,HELIX-3,2012-10-25T23:53:15+02:00,2012-10-24T16:14:36-07:00
c54c616333fa4a6d28b2fdf4d256d3e9d928b076,437eb42eac35e181ae6793dd17390df33565e4dd,helix-core/src/main/java/org/apache/helix/tools/MessagePoster.java,HELIX-3,2012-10-25T23:53:15+02:00,2012-10-24T16:14:36-07:00
c54c616333fa4a6d28b2fdf4d256d3e9d928b076,437eb42eac35e181ae6793dd17390df33565e4dd,helix-core/src/main/java/org/apache/helix/tools/PropertiesReader.java,HELIX-3,2012-10-25T23:53:15+02:00,2012-10-24T16:14:36-07:00
c54c616333fa4a6d28b2fdf4d256d3e9d928b076,437eb42eac35e181ae6793dd17390df33565e4dd,helix-core/src/main/java/org/apache/helix/tools/RUSHrHash.java,HELIX-3,2012-10-25T23:53:15+02:00,2012-10-24T16:14:36-07:00
c54c616333fa4a6d28b2fdf4d256d3e9d928b076,437eb42eac35e181ae6793dd17390df33565e4dd,helix-core/src/main/java/org/apache/helix/tools/StateModelConfigGenerator.java,HELIX-3,2012-10-25T23:53:15+02:00,2012-10-24T16:14:36-07:00
c54c616333fa4a6d28b2fdf4d256d3e9d928b076,437eb42eac35e181ae6793dd17390df33565e4dd,helix-core/src/main/java/org/apache/helix/tools/TestCommand.java,HELIX-3,2012-10-25T23:53:15+02:00,2012-10-24T16:14:36-07:00
c54c616333fa4a6d28b2fdf4d256d3e9d928b076,437eb42eac35e181ae6793dd17390df33565e4dd,helix-core/src/main/java/org/apache/helix/tools/TestExecutor.java,HELIX-3,2012-10-25T23:53:15+02:00,2012-10-24T16:14:36-07:00
c54c616333fa4a6d28b2fdf4d256d3e9d928b076,437eb42eac35e181ae6793dd17390df33565e4dd,helix-core/src/main/java/org/apache/helix/tools/TestTrigger.java,HELIX-3,2012-10-25T23:53:15+02:00,2012-10-24T16:14:36-07:00
c54c616333fa4a6d28b2fdf4d256d3e9d928b076,437eb42eac35e181ae6793dd17390df33565e4dd,helix-core/src/main/java/org/apache/helix/tools/YAISCalculator.java,HELIX-3,2012-10-25T23:53:15+02:00,2012-10-24T16:14:36-07:00
c54c616333fa4a6d28b2fdf4d256d3e9d928b076,437eb42eac35e181ae6793dd17390df33565e4dd,helix-core/src/main/java/org/apache/helix/tools/ZKDumper.java,HELIX-3,2012-10-25T23:53:15+02:00,2012-10-24T16:14:36-07:00
c54c616333fa4a6d28b2fdf4d256d3e9d928b076,437eb42eac35e181ae6793dd17390df33565e4dd,helix-core/src/main/java/org/apache/helix/tools/ZKLogFormatter.java,HELIX-3,2012-10-25T23:53:15+02:00,2012-10-24T16:14:36-07:00
c54c616333fa4a6d28b2fdf4d256d3e9d928b076,437eb42eac35e181ae6793dd17390df33565e4dd,helix-core/src/main/java/org/apache/helix/tools/ZkLogCSVFormatter.java,HELIX-3,2012-10-25T23:53:15+02:00,2012-10-24T16:14:36-07:00
c54c616333fa4a6d28b2fdf4d256d3e9d928b076,437eb42eac35e181ae6793dd17390df33565e4dd,helix-core/src/main/java/org/apache/helix/tools/ZnodeOpArg.java,HELIX-3,2012-10-25T23:53:15+02:00,2012-10-24T16:14:36-07:00
c54c616333fa4a6d28b2fdf4d256d3e9d928b076,437eb42eac35e181ae6793dd17390df33565e4dd,helix-core/src/main/java/org/apache/helix/tools/ZnodeValue.java,HELIX-3,2012-10-25T23:53:15+02:00,2012-10-24T16:14:36-07:00
c54c616333fa4a6d28b2fdf4d256d3e9d928b076,437eb42eac35e181ae6793dd17390df33565e4dd,helix-core/src/main/java/org/apache/helix/util/HelixUtil.java,HELIX-3,2012-10-25T23:53:15+02:00,2012-10-24T16:14:36-07:00
c54c616333fa4a6d28b2fdf4d256d3e9d928b076,437eb42eac35e181ae6793dd17390df33565e4dd,helix-core/src/main/java/org/apache/helix/util/StatusUpdateUtil.java,HELIX-3,2012-10-25T23:53:15+02:00,2012-10-24T16:14:36-07:00
c54c616333fa4a6d28b2fdf4d256d3e9d928b076,437eb42eac35e181ae6793dd17390df33565e4dd,helix-core/src/main/java/org/apache/helix/util/StringTemplate.java,HELIX-3,2012-10-25T23:53:15+02:00,2012-10-24T16:14:36-07:00
c54c616333fa4a6d28b2fdf4d256d3e9d928b076,437eb42eac35e181ae6793dd17390df33565e4dd,helix-core/src/main/java/org/apache/helix/util/ZKClientPool.java,HELIX-3,2012-10-25T23:53:15+02:00,2012-10-24T16:14:36-07:00
c54c616333fa4a6d28b2fdf4d256d3e9d928b076,437eb42eac35e181ae6793dd17390df33565e4dd,helix-core/src/main/java/org/apache/helix/util/ZNRecordUtil.java,HELIX-3,2012-10-25T23:53:15+02:00,2012-10-24T16:14:36-07:00
c54c616333fa4a6d28b2fdf4d256d3e9d928b076,437eb42eac35e181ae6793dd17390df33565e4dd,helix-core/src/test/java/org/apache/helix/AppTest.java,HELIX-3,2012-10-25T23:53:15+02:00,2012-10-24T16:14:36-07:00
c54c616333fa4a6d28b2fdf4d256d3e9d928b076,437eb42eac35e181ae6793dd17390df33565e4dd,helix-core/src/test/java/org/apache/helix/DummyProcessThread.java,HELIX-3,2012-10-25T23:53:15+02:00,2012-10-24T16:14:36-07:00
c54c616333fa4a6d28b2fdf4d256d3e9d928b076,437eb42eac35e181ae6793dd17390df33565e4dd,helix-core/src/test/java/org/apache/helix/Mocks.java,HELIX-3,2012-10-25T23:53:15+02:00,2012-10-24T16:14:36-07:00
c54c616333fa4a6d28b2fdf4d256d3e9d928b076,437eb42eac35e181ae6793dd17390df33565e4dd,helix-core/src/test/java/org/apache/helix/TestClusterviewSerializer.java,HELIX-3,2012-10-25T23:53:15+02:00,2012-10-24T16:14:36-07:00
c54c616333fa4a6d28b2fdf4d256d3e9d928b076,437eb42eac35e181ae6793dd17390df33565e4dd,helix-core/src/test/java/org/apache/helix/TestConfigAccessor.java,HELIX-3,2012-10-25T23:53:15+02:00,2012-10-24T16:14:36-07:00
c54c616333fa4a6d28b2fdf4d256d3e9d928b076,437eb42eac35e181ae6793dd17390df33565e4dd,helix-core/src/test/java/org/apache/helix/TestEspressoStorageClusterIdealState.java,HELIX-3,2012-10-25T23:53:15+02:00,2012-10-24T16:14:36-07:00
c54c616333fa4a6d28b2fdf4d256d3e9d928b076,437eb42eac35e181ae6793dd17390df33565e4dd,helix-core/src/test/java/org/apache/helix/TestGetProperty.java,HELIX-3,2012-10-25T23:53:15+02:00,2012-10-24T16:14:36-07:00
c54c616333fa4a6d28b2fdf4d256d3e9d928b076,437eb42eac35e181ae6793dd17390df33565e4dd,helix-core/src/test/java/org/apache/helix/TestHelixTaskExecutor.java,HELIX-3,2012-10-25T23:53:15+02:00,2012-10-24T16:14:36-07:00
c54c616333fa4a6d28b2fdf4d256d3e9d928b076,437eb42eac35e181ae6793dd17390df33565e4dd,helix-core/src/test/java/org/apache/helix/TestHelixTaskHandler.java,HELIX-3,2012-10-25T23:53:15+02:00,2012-10-24T16:14:36-07:00
c54c616333fa4a6d28b2fdf4d256d3e9d928b076,437eb42eac35e181ae6793dd17390df33565e4dd,helix-core/src/test/java/org/apache/helix/TestHelper.java,HELIX-3,2012-10-25T23:53:15+02:00,2012-10-24T16:14:36-07:00
c54c616333fa4a6d28b2fdf4d256d3e9d928b076,437eb42eac35e181ae6793dd17390df33565e4dd,helix-core/src/test/java/org/apache/helix/TestHierarchicalDataStore.java,HELIX-3,2012-10-25T23:53:15+02:00,2012-10-24T16:14:36-07:00
c54c616333fa4a6d28b2fdf4d256d3e9d928b076,437eb42eac35e181ae6793dd17390df33565e4dd,helix-core/src/test/java/org/apache/helix/TestParticipantHealthReportCollectorImpl.java,HELIX-3,2012-10-25T23:53:15+02:00,2012-10-24T16:14:36-07:00
c54c616333fa4a6d28b2fdf4d256d3e9d928b076,437eb42eac35e181ae6793dd17390df33565e4dd,helix-core/src/test/java/org/apache/helix/TestPerfCounters.java,HELIX-3,2012-10-25T23:53:15+02:00,2012-10-24T16:14:36-07:00
c54c616333fa4a6d28b2fdf4d256d3e9d928b076,437eb42eac35e181ae6793dd17390df33565e4dd,helix-core/src/test/java/org/apache/helix/TestPerformanceHealthReportProvider.java,HELIX-3,2012-10-25T23:53:15+02:00,2012-10-24T16:14:36-07:00
c54c616333fa4a6d28b2fdf4d256d3e9d928b076,437eb42eac35e181ae6793dd17390df33565e4dd,helix-core/src/test/java/org/apache/helix/TestPropertyPathConfig.java,HELIX-3,2012-10-25T23:53:15+02:00,2012-10-24T16:14:36-07:00
c54c616333fa4a6d28b2fdf4d256d3e9d928b076,437eb42eac35e181ae6793dd17390df33565e4dd,helix-core/src/test/java/org/apache/helix/TestRoutingTable.java,HELIX-3,2012-10-25T23:53:15+02:00,2012-10-24T16:14:36-07:00
c54c616333fa4a6d28b2fdf4d256d3e9d928b076,437eb42eac35e181ae6793dd17390df33565e4dd,helix-core/src/test/java/org/apache/helix/TestSample.java,HELIX-3,2012-10-25T23:53:15+02:00,2012-10-24T16:14:36-07:00
c54c616333fa4a6d28b2fdf4d256d3e9d928b076,437eb42eac35e181ae6793dd17390df33565e4dd,helix-core/src/test/java/org/apache/helix/TestShuffledIdealState.java,HELIX-3,2012-10-25T23:53:15+02:00,2012-10-24T16:14:36-07:00
c54c616333fa4a6d28b2fdf4d256d3e9d928b076,437eb42eac35e181ae6793dd17390df33565e4dd,helix-core/src/test/java/org/apache/helix/TestZKCallback.java,HELIX-3,2012-10-25T23:53:15+02:00,2012-10-24T16:14:36-07:00
c54c616333fa4a6d28b2fdf4d256d3e9d928b076,437eb42eac35e181ae6793dd17390df33565e4dd,helix-core/src/test/java/org/apache/helix/TestZKRoutingInfoProvider.java,HELIX-3,2012-10-25T23:53:15+02:00,2012-10-24T16:14:36-07:00
c54c616333fa4a6d28b2fdf4d256d3e9d928b076,437eb42eac35e181ae6793dd17390df33565e4dd,helix-core/src/test/java/org/apache/helix/TestZNRecord.java,HELIX-3,2012-10-25T23:53:15+02:00,2012-10-24T16:14:36-07:00
c54c616333fa4a6d28b2fdf4d256d3e9d928b076,437eb42eac35e181ae6793dd17390df33565e4dd,helix-core/src/test/java/org/apache/helix/TestZkClientWrapper.java,HELIX-3,2012-10-25T23:53:15+02:00,2012-10-24T16:14:36-07:00
c54c616333fa4a6d28b2fdf4d256d3e9d928b076,437eb42eac35e181ae6793dd17390df33565e4dd,helix-core/src/test/java/org/apache/helix/TestZkConnectionCount.java,HELIX-3,2012-10-25T23:53:15+02:00,2012-10-24T16:14:36-07:00
c54c616333fa4a6d28b2fdf4d256d3e9d928b076,437eb42eac35e181ae6793dd17390df33565e4dd,helix-core/src/test/java/org/apache/helix/TestZnodeModify.java,HELIX-3,2012-10-25T23:53:15+02:00,2012-10-24T16:14:36-07:00
c54c616333fa4a6d28b2fdf4d256d3e9d928b076,437eb42eac35e181ae6793dd17390df33565e4dd,helix-core/src/test/java/org/apache/helix/ZkUnitTestBase.java,HELIX-3,2012-10-25T23:53:15+02:00,2012-10-24T16:14:36-07:00
c54c616333fa4a6d28b2fdf4d256d3e9d928b076,437eb42eac35e181ae6793dd17390df33565e4dd,helix-core/src/test/java/org/apache/helix/alerts/TestAddAlerts.java,HELIX-3,2012-10-25T23:53:15+02:00,2012-10-24T16:14:36-07:00
c54c616333fa4a6d28b2fdf4d256d3e9d928b076,437eb42eac35e181ae6793dd17390df33565e4dd,helix-core/src/test/java/org/apache/helix/alerts/TestAddPersistentStats.java,HELIX-3,2012-10-25T23:53:15+02:00,2012-10-24T16:14:36-07:00
c54c616333fa4a6d28b2fdf4d256d3e9d928b076,437eb42eac35e181ae6793dd17390df33565e4dd,helix-core/src/test/java/org/apache/helix/alerts/TestAlertValidation.java,HELIX-3,2012-10-25T23:53:15+02:00,2012-10-24T16:14:36-07:00
c54c616333fa4a6d28b2fdf4d256d3e9d928b076,437eb42eac35e181ae6793dd17390df33565e4dd,helix-core/src/test/java/org/apache/helix/alerts/TestArrivingParticipantStats.java,HELIX-3,2012-10-25T23:53:15+02:00,2012-10-24T16:14:36-07:00
c54c616333fa4a6d28b2fdf4d256d3e9d928b076,437eb42eac35e181ae6793dd17390df33565e4dd,helix-core/src/test/java/org/apache/helix/alerts/TestBaseStatsValidation.java,HELIX-3,2012-10-25T23:53:15+02:00,2012-10-24T16:14:36-07:00
c54c616333fa4a6d28b2fdf4d256d3e9d928b076,437eb42eac35e181ae6793dd17390df33565e4dd,helix-core/src/test/java/org/apache/helix/alerts/TestEvaluateAlerts.java,HELIX-3,2012-10-25T23:53:15+02:00,2012-10-24T16:14:36-07:00
c54c616333fa4a6d28b2fdf4d256d3e9d928b076,437eb42eac35e181ae6793dd17390df33565e4dd,helix-core/src/test/java/org/apache/helix/alerts/TestOperators.java,HELIX-3,2012-10-25T23:53:15+02:00,2012-10-24T16:14:36-07:00
c54c616333fa4a6d28b2fdf4d256d3e9d928b076,437eb42eac35e181ae6793dd17390df33565e4dd,helix-core/src/test/java/org/apache/helix/alerts/TestStatsMatch.java,HELIX-3,2012-10-25T23:53:15+02:00,2012-10-24T16:14:36-07:00
c54c616333fa4a6d28b2fdf4d256d3e9d928b076,437eb42eac35e181ae6793dd17390df33565e4dd,helix-core/src/test/java/org/apache/helix/controller/stages/BaseStageTest.java,HELIX-3,2012-10-25T23:53:15+02:00,2012-10-24T16:14:36-07:00
c54c616333fa4a6d28b2fdf4d256d3e9d928b076,437eb42eac35e181ae6793dd17390df33565e4dd,helix-core/src/test/java/org/apache/helix/controller/stages/DummyClusterManager.java,HELIX-3,2012-10-25T23:53:15+02:00,2012-10-24T16:14:36-07:00
c54c616333fa4a6d28b2fdf4d256d3e9d928b076,437eb42eac35e181ae6793dd17390df33565e4dd,helix-core/src/test/java/org/apache/helix/controller/stages/TestBestPossibleStateCalcStage.java,HELIX-3,2012-10-25T23:53:15+02:00,2012-10-24T16:14:36-07:00
c54c616333fa4a6d28b2fdf4d256d3e9d928b076,437eb42eac35e181ae6793dd17390df33565e4dd,helix-core/src/test/java/org/apache/helix/controller/stages/TestClusterEvent.java,HELIX-3,2012-10-25T23:53:15+02:00,2012-10-24T16:14:36-07:00
c54c616333fa4a6d28b2fdf4d256d3e9d928b076,437eb42eac35e181ae6793dd17390df33565e4dd,helix-core/src/test/java/org/apache/helix/controller/stages/TestCompatibilityCheckStage.java,HELIX-3,2012-10-25T23:53:15+02:00,2012-10-24T16:14:36-07:00
c54c616333fa4a6d28b2fdf4d256d3e9d928b076,437eb42eac35e181ae6793dd17390df33565e4dd,helix-core/src/test/java/org/apache/helix/controller/stages/TestCurrentStateComputationStage.java,HELIX-3,2012-10-25T23:53:15+02:00,2012-10-24T16:14:36-07:00
c54c616333fa4a6d28b2fdf4d256d3e9d928b076,437eb42eac35e181ae6793dd17390df33565e4dd,helix-core/src/test/java/org/apache/helix/controller/stages/TestMessageThrottleStage.java,HELIX-3,2012-10-25T23:53:15+02:00,2012-10-24T16:14:36-07:00
c54c616333fa4a6d28b2fdf4d256d3e9d928b076,437eb42eac35e181ae6793dd17390df33565e4dd,helix-core/src/test/java/org/apache/helix/controller/stages/TestRebalancePipeline.java,HELIX-3,2012-10-25T23:53:15+02:00,2012-10-24T16:14:36-07:00
c54c616333fa4a6d28b2fdf4d256d3e9d928b076,437eb42eac35e181ae6793dd17390df33565e4dd,helix-core/src/test/java/org/apache/helix/controller/stages/TestResourceComputationStage.java,HELIX-3,2012-10-25T23:53:15+02:00,2012-10-24T16:14:36-07:00
c54c616333fa4a6d28b2fdf4d256d3e9d928b076,437eb42eac35e181ae6793dd17390df33565e4dd,helix-core/src/test/java/org/apache/helix/healthcheck/TestAddDropAlert.java,HELIX-3,2012-10-25T23:53:15+02:00,2012-10-24T16:14:36-07:00
c54c616333fa4a6d28b2fdf4d256d3e9d928b076,437eb42eac35e181ae6793dd17390df33565e4dd,helix-core/src/test/java/org/apache/helix/healthcheck/TestAlertFireHistory.java,HELIX-3,2012-10-25T23:53:15+02:00,2012-10-24T16:14:36-07:00
c54c616333fa4a6d28b2fdf4d256d3e9d928b076,437eb42eac35e181ae6793dd17390df33565e4dd,helix-core/src/test/java/org/apache/helix/healthcheck/TestDummyAlerts.java,HELIX-3,2012-10-25T23:53:15+02:00,2012-10-24T16:14:36-07:00
c54c616333fa4a6d28b2fdf4d256d3e9d928b076,437eb42eac35e181ae6793dd17390df33565e4dd,helix-core/src/test/java/org/apache/helix/healthcheck/TestExpandAlert.java,HELIX-3,2012-10-25T23:53:15+02:00,2012-10-24T16:14:36-07:00
c54c616333fa4a6d28b2fdf4d256d3e9d928b076,437eb42eac35e181ae6793dd17390df33565e4dd,helix-core/src/test/java/org/apache/helix/healthcheck/TestSimpleAlert.java,HELIX-3,2012-10-25T23:53:15+02:00,2012-10-24T16:14:36-07:00
c54c616333fa4a6d28b2fdf4d256d3e9d928b076,437eb42eac35e181ae6793dd17390df33565e4dd,helix-core/src/test/java/org/apache/helix/healthcheck/TestSimpleWildcardAlert.java,HELIX-3,2012-10-25T23:53:15+02:00,2012-10-24T16:14:36-07:00
c54c616333fa4a6d28b2fdf4d256d3e9d928b076,437eb42eac35e181ae6793dd17390df33565e4dd,helix-core/src/test/java/org/apache/helix/healthcheck/TestStalenessAlert.java,HELIX-3,2012-10-25T23:53:15+02:00,2012-10-24T16:14:36-07:00
c54c616333fa4a6d28b2fdf4d256d3e9d928b076,437eb42eac35e181ae6793dd17390df33565e4dd,helix-core/src/test/java/org/apache/helix/healthcheck/TestWildcardAlert.java,HELIX-3,2012-10-25T23:53:15+02:00,2012-10-24T16:14:36-07:00
c54c616333fa4a6d28b2fdf4d256d3e9d928b076,437eb42eac35e181ae6793dd17390df33565e4dd,helix-core/src/test/java/org/apache/helix/integration/FileCMTestBase.java,HELIX-3,2012-10-25T23:53:15+02:00,2012-10-24T16:14:36-07:00
c54c616333fa4a6d28b2fdf4d256d3e9d928b076,437eb42eac35e181ae6793dd17390df33565e4dd,helix-core/src/test/java/org/apache/helix/integration/IntegrationTest.java,HELIX-3,2012-10-25T23:53:15+02:00,2012-10-24T16:14:36-07:00
c54c616333fa4a6d28b2fdf4d256d3e9d928b076,437eb42eac35e181ae6793dd17390df33565e4dd,helix-core/src/test/java/org/apache/helix/integration/TestAddClusterV2.java,HELIX-3,2012-10-25T23:53:15+02:00,2012-10-24T16:14:36-07:00
c54c616333fa4a6d28b2fdf4d256d3e9d928b076,437eb42eac35e181ae6793dd17390df33565e4dd,helix-core/src/test/java/org/apache/helix/integration/TestAddNodeAfterControllerStart.java,HELIX-3,2012-10-25T23:53:15+02:00,2012-10-24T16:14:36-07:00
c54c616333fa4a6d28b2fdf4d256d3e9d928b076,437eb42eac35e181ae6793dd17390df33565e4dd,helix-core/src/test/java/org/apache/helix/integration/TestCMWithFailParticipant.java,HELIX-3,2012-10-25T23:53:15+02:00,2012-10-24T16:14:36-07:00
c54c616333fa4a6d28b2fdf4d256d3e9d928b076,437eb42eac35e181ae6793dd17390df33565e4dd,helix-core/src/test/java/org/apache/helix/integration/TestClusterStartsup.java,HELIX-3,2012-10-25T23:53:15+02:00,2012-10-24T16:14:36-07:00
c54c616333fa4a6d28b2fdf4d256d3e9d928b076,437eb42eac35e181ae6793dd17390df33565e4dd,helix-core/src/test/java/org/apache/helix/integration/TestCustomIdealState.java,HELIX-3,2012-10-25T23:53:15+02:00,2012-10-24T16:14:36-07:00
c54c616333fa4a6d28b2fdf4d256d3e9d928b076,437eb42eac35e181ae6793dd17390df33565e4dd,helix-core/src/test/java/org/apache/helix/integration/TestDisableNode.java,HELIX-3,2012-10-25T23:53:15+02:00,2012-10-24T16:14:36-07:00
c54c616333fa4a6d28b2fdf4d256d3e9d928b076,437eb42eac35e181ae6793dd17390df33565e4dd,helix-core/src/test/java/org/apache/helix/integration/TestDisablePartition.java,HELIX-3,2012-10-25T23:53:15+02:00,2012-10-24T16:14:36-07:00
c54c616333fa4a6d28b2fdf4d256d3e9d928b076,437eb42eac35e181ae6793dd17390df33565e4dd,helix-core/src/test/java/org/apache/helix/integration/TestDriver.java,HELIX-3,2012-10-25T23:53:15+02:00,2012-10-24T16:14:36-07:00
c54c616333fa4a6d28b2fdf4d256d3e9d928b076,437eb42eac35e181ae6793dd17390df33565e4dd,helix-core/src/test/java/org/apache/helix/integration/TestDropResource.java,HELIX-3,2012-10-25T23:53:15+02:00,2012-10-24T16:14:36-07:00
c54c616333fa4a6d28b2fdf4d256d3e9d928b076,437eb42eac35e181ae6793dd17390df33565e4dd,helix-core/src/test/java/org/apache/helix/integration/TestDynamicFileClusterManager.java,HELIX-3,2012-10-25T23:53:15+02:00,2012-10-24T16:14:36-07:00
c54c616333fa4a6d28b2fdf4d256d3e9d928b076,437eb42eac35e181ae6793dd17390df33565e4dd,helix-core/src/test/java/org/apache/helix/integration/TestErrorPartition.java,HELIX-3,2012-10-25T23:53:15+02:00,2012-10-24T16:14:36-07:00
c54c616333fa4a6d28b2fdf4d256d3e9d928b076,437eb42eac35e181ae6793dd17390df33565e4dd,helix-core/src/test/java/org/apache/helix/integration/TestFileBasedHelixManager.java,HELIX-3,2012-10-25T23:53:15+02:00,2012-10-24T16:14:36-07:00
c54c616333fa4a6d28b2fdf4d256d3e9d928b076,437eb42eac35e181ae6793dd17390df33565e4dd,helix-core/src/test/java/org/apache/helix/integration/TestHelixCustomCodeRunner.java,HELIX-3,2012-10-25T23:53:15+02:00,2012-10-24T16:14:36-07:00
c54c616333fa4a6d28b2fdf4d256d3e9d928b076,437eb42eac35e181ae6793dd17390df33565e4dd,helix-core/src/test/java/org/apache/helix/integration/TestHelixUsingDifferentParams.java,HELIX-3,2012-10-25T23:53:15+02:00,2012-10-24T16:14:36-07:00
c54c616333fa4a6d28b2fdf4d256d3e9d928b076,437eb42eac35e181ae6793dd17390df33565e4dd,helix-core/src/test/java/org/apache/helix/integration/TestMessagingService.java,HELIX-3,2012-10-25T23:53:15+02:00,2012-10-24T16:14:36-07:00
c54c616333fa4a6d28b2fdf4d256d3e9d928b076,437eb42eac35e181ae6793dd17390df33565e4dd,helix-core/src/test/java/org/apache/helix/integration/TestParticipantNameCollision.java,HELIX-3,2012-10-25T23:53:15+02:00,2012-10-24T16:14:36-07:00
c54c616333fa4a6d28b2fdf4d256d3e9d928b076,437eb42eac35e181ae6793dd17390df33565e4dd,helix-core/src/test/java/org/apache/helix/integration/TestRenamePartition.java,HELIX-3,2012-10-25T23:53:15+02:00,2012-10-24T16:14:36-07:00
c54c616333fa4a6d28b2fdf4d256d3e9d928b076,437eb42eac35e181ae6793dd17390df33565e4dd,helix-core/src/test/java/org/apache/helix/integration/TestResetPartitionState.java,HELIX-3,2012-10-25T23:53:15+02:00,2012-10-24T16:14:36-07:00
c54c616333fa4a6d28b2fdf4d256d3e9d928b076,437eb42eac35e181ae6793dd17390df33565e4dd,helix-core/src/test/java/org/apache/helix/integration/TestSchedulerMessage.java,HELIX-3,2012-10-25T23:53:15+02:00,2012-10-24T16:14:36-07:00
c54c616333fa4a6d28b2fdf4d256d3e9d928b076,437eb42eac35e181ae6793dd17390df33565e4dd,helix-core/src/test/java/org/apache/helix/integration/TestStandAloneCMMain.java,HELIX-3,2012-10-25T23:53:15+02:00,2012-10-24T16:14:36-07:00
c54c616333fa4a6d28b2fdf4d256d3e9d928b076,437eb42eac35e181ae6793dd17390df33565e4dd,helix-core/src/test/java/org/apache/helix/integration/TestStandAloneCMSessionExpiry.java,HELIX-3,2012-10-25T23:53:15+02:00,2012-10-24T16:14:36-07:00
c54c616333fa4a6d28b2fdf4d256d3e9d928b076,437eb42eac35e181ae6793dd17390df33565e4dd,helix-core/src/test/java/org/apache/helix/integration/TestStatusUpdate.java,HELIX-3,2012-10-25T23:53:15+02:00,2012-10-24T16:14:36-07:00
c54c616333fa4a6d28b2fdf4d256d3e9d928b076,437eb42eac35e181ae6793dd17390df33565e4dd,helix-core/src/test/java/org/apache/helix/integration/ZkIntegrationTestBase.java,HELIX-3,2012-10-25T23:53:15+02:00,2012-10-24T16:14:36-07:00
c54c616333fa4a6d28b2fdf4d256d3e9d928b076,437eb42eac35e181ae6793dd17390df33565e4dd,helix-core/src/test/java/org/apache/helix/integration/ZkStandAloneCMTestBase.java,HELIX-3,2012-10-25T23:53:15+02:00,2012-10-24T16:14:36-07:00
c54c616333fa4a6d28b2fdf4d256d3e9d928b076,437eb42eac35e181ae6793dd17390df33565e4dd,helix-core/src/test/java/org/apache/helix/integration/ZkStandAloneCMTestBaseWithPropertyServerCheck.java,HELIX-3,2012-10-25T23:53:15+02:00,2012-10-24T16:14:36-07:00
c54c616333fa4a6d28b2fdf4d256d3e9d928b076,437eb42eac35e181ae6793dd17390df33565e4dd,helix-core/src/test/java/org/apache/helix/josql/TestClusterJosqlQueryProcessor.java,HELIX-3,2012-10-25T23:53:15+02:00,2012-10-24T16:14:36-07:00
c54c616333fa4a6d28b2fdf4d256d3e9d928b076,437eb42eac35e181ae6793dd17390df33565e4dd,helix-core/src/test/java/org/apache/helix/josql/TestJosqlProcessor.java,HELIX-3,2012-10-25T23:53:15+02:00,2012-10-24T16:14:36-07:00
c54c616333fa4a6d28b2fdf4d256d3e9d928b076,437eb42eac35e181ae6793dd17390df33565e4dd,helix-core/src/test/java/org/apache/helix/manager/MockListener.java,HELIX-3,2012-10-25T23:53:15+02:00,2012-10-24T16:14:36-07:00
c54c616333fa4a6d28b2fdf4d256d3e9d928b076,437eb42eac35e181ae6793dd17390df33565e4dd,helix-core/src/test/java/org/apache/helix/manager/file/MockFileHelixManager.java,HELIX-3,2012-10-25T23:53:15+02:00,2012-10-24T16:14:36-07:00
c54c616333fa4a6d28b2fdf4d256d3e9d928b076,437eb42eac35e181ae6793dd17390df33565e4dd,helix-core/src/test/java/org/apache/helix/manager/file/TestFileCallbackHandler.java,HELIX-3,2012-10-25T23:53:15+02:00,2012-10-24T16:14:36-07:00
c54c616333fa4a6d28b2fdf4d256d3e9d928b076,437eb42eac35e181ae6793dd17390df33565e4dd,helix-core/src/test/java/org/apache/helix/manager/file/TestFileDataAccessor.java,HELIX-3,2012-10-25T23:53:15+02:00,2012-10-24T16:14:36-07:00
c54c616333fa4a6d28b2fdf4d256d3e9d928b076,437eb42eac35e181ae6793dd17390df33565e4dd,helix-core/src/test/java/org/apache/helix/manager/file/TestStaticFileCM.java,HELIX-3,2012-10-25T23:53:15+02:00,2012-10-24T16:14:36-07:00
c54c616333fa4a6d28b2fdf4d256d3e9d928b076,437eb42eac35e181ae6793dd17390df33565e4dd,helix-core/src/test/java/org/apache/helix/manager/file/UnitTestDynFileClusterMgr.java,HELIX-3,2012-10-25T23:53:15+02:00,2012-10-24T16:14:36-07:00
c54c616333fa4a6d28b2fdf4d256d3e9d928b076,437eb42eac35e181ae6793dd17390df33565e4dd,helix-core/src/test/java/org/apache/helix/manager/zk/TestDefaultControllerMsgHandlerFactory.java,HELIX-3,2012-10-25T23:53:15+02:00,2012-10-24T16:14:36-07:00
c54c616333fa4a6d28b2fdf4d256d3e9d928b076,437eb42eac35e181ae6793dd17390df33565e4dd,helix-core/src/test/java/org/apache/helix/manager/zk/TestLiveInstanceBounce.java,HELIX-3,2012-10-25T23:53:15+02:00,2012-10-24T16:14:36-07:00
c54c616333fa4a6d28b2fdf4d256d3e9d928b076,437eb42eac35e181ae6793dd17390df33565e4dd,helix-core/src/test/java/org/apache/helix/manager/zk/TestZKDataAccessor.java,HELIX-3,2012-10-25T23:53:15+02:00,2012-10-24T16:14:36-07:00
c54c616333fa4a6d28b2fdf4d256d3e9d928b076,437eb42eac35e181ae6793dd17390df33565e4dd,helix-core/src/test/java/org/apache/helix/manager/zk/TestZKDataAccessorCache.java,HELIX-3,2012-10-25T23:53:15+02:00,2012-10-24T16:14:36-07:00
c54c616333fa4a6d28b2fdf4d256d3e9d928b076,437eb42eac35e181ae6793dd17390df33565e4dd,helix-core/src/test/java/org/apache/helix/manager/zk/TestZKUtil.java,HELIX-3,2012-10-25T23:53:15+02:00,2012-10-24T16:14:36-07:00
c54c616333fa4a6d28b2fdf4d256d3e9d928b076,437eb42eac35e181ae6793dd17390df33565e4dd,helix-core/src/test/java/org/apache/helix/manager/zk/TestZNRecordSizeLimit.java,HELIX-3,2012-10-25T23:53:15+02:00,2012-10-24T16:14:36-07:00
c54c616333fa4a6d28b2fdf4d256d3e9d928b076,437eb42eac35e181ae6793dd17390df33565e4dd,helix-core/src/test/java/org/apache/helix/manager/zk/TestZkClusterManager.java,HELIX-3,2012-10-25T23:53:15+02:00,2012-10-24T16:14:36-07:00
c54c616333fa4a6d28b2fdf4d256d3e9d928b076,437eb42eac35e181ae6793dd17390df33565e4dd,helix-core/src/test/java/org/apache/helix/manager/zk/TestZkHelixAdmin.java,HELIX-3,2012-10-25T23:53:15+02:00,2012-10-24T16:14:36-07:00
c54c616333fa4a6d28b2fdf4d256d3e9d928b076,437eb42eac35e181ae6793dd17390df33565e4dd,helix-core/src/test/java/org/apache/helix/messaging/TestAsyncCallback.java,HELIX-3,2012-10-25T23:53:15+02:00,2012-10-24T16:14:36-07:00
c54c616333fa4a6d28b2fdf4d256d3e9d928b076,437eb42eac35e181ae6793dd17390df33565e4dd,helix-core/src/test/java/org/apache/helix/messaging/TestAsyncCallbackSvc.java,HELIX-3,2012-10-25T23:53:15+02:00,2012-10-24T16:14:36-07:00
c54c616333fa4a6d28b2fdf4d256d3e9d928b076,437eb42eac35e181ae6793dd17390df33565e4dd,helix-core/src/test/java/org/apache/helix/messaging/TestDefaultMessagingService.java,HELIX-3,2012-10-25T23:53:15+02:00,2012-10-24T16:14:36-07:00
c54c616333fa4a6d28b2fdf4d256d3e9d928b076,437eb42eac35e181ae6793dd17390df33565e4dd,helix-core/src/test/java/org/apache/helix/messaging/handling/TestHelixTaskExecutor.java,HELIX-3,2012-10-25T23:53:15+02:00,2012-10-24T16:14:36-07:00
c54c616333fa4a6d28b2fdf4d256d3e9d928b076,437eb42eac35e181ae6793dd17390df33565e4dd,helix-core/src/test/java/org/apache/helix/mock/consumer/ConsumerAdapter.java,HELIX-3,2012-10-25T23:53:15+02:00,2012-10-24T16:14:36-07:00
c54c616333fa4a6d28b2fdf4d256d3e9d928b076,437eb42eac35e181ae6793dd17390df33565e4dd,helix-core/src/test/java/org/apache/helix/mock/consumer/RelayConfig.java,HELIX-3,2012-10-25T23:53:15+02:00,2012-10-24T16:14:36-07:00
c54c616333fa4a6d28b2fdf4d256d3e9d928b076,437eb42eac35e181ae6793dd17390df33565e4dd,helix-core/src/test/java/org/apache/helix/mock/consumer/RelayConsumer.java,HELIX-3,2012-10-25T23:53:15+02:00,2012-10-24T16:14:36-07:00
c54c616333fa4a6d28b2fdf4d256d3e9d928b076,437eb42eac35e181ae6793dd17390df33565e4dd,helix-core/src/test/java/org/apache/helix/mock/controller/MockController.java,HELIX-3,2012-10-25T23:53:15+02:00,2012-10-24T16:14:36-07:00
c54c616333fa4a6d28b2fdf4d256d3e9d928b076,437eb42eac35e181ae6793dd17390df33565e4dd,helix-core/src/test/java/org/apache/helix/mock/controller/MockControllerProcess.java,HELIX-3,2012-10-25T23:53:15+02:00,2012-10-24T16:14:36-07:00
c54c616333fa4a6d28b2fdf4d256d3e9d928b076,437eb42eac35e181ae6793dd17390df33565e4dd,helix-core/src/test/java/org/apache/helix/mock/relay/DummyRelayProcess.java,HELIX-3,2012-10-25T23:53:15+02:00,2012-10-24T16:14:36-07:00
c54c616333fa4a6d28b2fdf4d256d3e9d928b076,437eb42eac35e181ae6793dd17390df33565e4dd,helix-core/src/test/java/org/apache/helix/mock/relay/RelayIdealStateGenerator.java,HELIX-3,2012-10-25T23:53:15+02:00,2012-10-24T16:14:36-07:00
c54c616333fa4a6d28b2fdf4d256d3e9d928b076,437eb42eac35e181ae6793dd17390df33565e4dd,helix-core/src/test/java/org/apache/helix/mock/router/MockRouterProcess.java,HELIX-3,2012-10-25T23:53:15+02:00,2012-10-24T16:14:36-07:00
c54c616333fa4a6d28b2fdf4d256d3e9d928b076,437eb42eac35e181ae6793dd17390df33565e4dd,helix-core/src/test/java/org/apache/helix/mock/router/RouterAdapter.java,HELIX-3,2012-10-25T23:53:15+02:00,2012-10-24T16:14:36-07:00
c54c616333fa4a6d28b2fdf4d256d3e9d928b076,437eb42eac35e181ae6793dd17390df33565e4dd,helix-core/src/test/java/org/apache/helix/mock/storage/DummyProcess.java,HELIX-3,2012-10-25T23:53:15+02:00,2012-10-24T16:14:36-07:00
c54c616333fa4a6d28b2fdf4d256d3e9d928b076,437eb42eac35e181ae6793dd17390df33565e4dd,helix-core/src/test/java/org/apache/helix/mock/storage/HealthCheckStateModel.java,HELIX-3,2012-10-25T23:53:15+02:00,2012-10-24T16:14:36-07:00
c54c616333fa4a6d28b2fdf4d256d3e9d928b076,437eb42eac35e181ae6793dd17390df33565e4dd,helix-core/src/test/java/org/apache/helix/mock/storage/HealthCheckStateModelFactory.java,HELIX-3,2012-10-25T23:53:15+02:00,2012-10-24T16:14:36-07:00
c54c616333fa4a6d28b2fdf4d256d3e9d928b076,437eb42eac35e181ae6793dd17390df33565e4dd,helix-core/src/test/java/org/apache/helix/mock/storage/MockEspressoHealthReportProvider.java,HELIX-3,2012-10-25T23:53:15+02:00,2012-10-24T16:14:36-07:00
c54c616333fa4a6d28b2fdf4d256d3e9d928b076,437eb42eac35e181ae6793dd17390df33565e4dd,helix-core/src/test/java/org/apache/helix/mock/storage/MockHealthReportParticipant.java,HELIX-3,2012-10-25T23:53:15+02:00,2012-10-24T16:14:36-07:00
c54c616333fa4a6d28b2fdf4d256d3e9d928b076,437eb42eac35e181ae6793dd17390df33565e4dd,helix-core/src/test/java/org/apache/helix/mock/storage/MockJobIntf.java,HELIX-3,2012-10-25T23:53:15+02:00,2012-10-24T16:14:36-07:00
c54c616333fa4a6d28b2fdf4d256d3e9d928b076,437eb42eac35e181ae6793dd17390df33565e4dd,helix-core/src/test/java/org/apache/helix/mock/storage/MockParticipant.java,HELIX-3,2012-10-25T23:53:15+02:00,2012-10-24T16:14:36-07:00
c54c616333fa4a6d28b2fdf4d256d3e9d928b076,437eb42eac35e181ae6793dd17390df33565e4dd,helix-core/src/test/java/org/apache/helix/mock/storage/MockStorageProcess.java,HELIX-3,2012-10-25T23:53:15+02:00,2012-10-24T16:14:36-07:00
c54c616333fa4a6d28b2fdf4d256d3e9d928b076,437eb42eac35e181ae6793dd17390df33565e4dd,helix-core/src/test/java/org/apache/helix/mock/storage/MockTransition.java,HELIX-3,2012-10-25T23:53:15+02:00,2012-10-24T16:14:36-07:00
c54c616333fa4a6d28b2fdf4d256d3e9d928b076,437eb42eac35e181ae6793dd17390df33565e4dd,helix-core/src/test/java/org/apache/helix/mock/storage/StorageAdapter.java,HELIX-3,2012-10-25T23:53:15+02:00,2012-10-24T16:14:36-07:00
c54c616333fa4a6d28b2fdf4d256d3e9d928b076,437eb42eac35e181ae6793dd17390df33565e4dd,helix-core/src/test/java/org/apache/helix/mock/storage/StorageStateModel.java,HELIX-3,2012-10-25T23:53:15+02:00,2012-10-24T16:14:36-07:00
c54c616333fa4a6d28b2fdf4d256d3e9d928b076,437eb42eac35e181ae6793dd17390df33565e4dd,helix-core/src/test/java/org/apache/helix/mock/storage/StorageStateModelFactory.java,HELIX-3,2012-10-25T23:53:15+02:00,2012-10-24T16:14:36-07:00
c54c616333fa4a6d28b2fdf4d256d3e9d928b076,437eb42eac35e181ae6793dd17390df33565e4dd,helix-core/src/test/java/org/apache/helix/model/TestConstraint.java,HELIX-3,2012-10-25T23:53:15+02:00,2012-10-24T16:14:36-07:00
c54c616333fa4a6d28b2fdf4d256d3e9d928b076,437eb42eac35e181ae6793dd17390df33565e4dd,helix-core/src/test/java/org/apache/helix/monitoring/TestParticipantMonitor.java,HELIX-3,2012-10-25T23:53:15+02:00,2012-10-24T16:14:36-07:00
c54c616333fa4a6d28b2fdf4d256d3e9d928b076,437eb42eac35e181ae6793dd17390df33565e4dd,helix-core/src/test/java/org/apache/helix/monitoring/TestStatCollector.java,HELIX-3,2012-10-25T23:53:15+02:00,2012-10-24T16:14:36-07:00
c54c616333fa4a6d28b2fdf4d256d3e9d928b076,437eb42eac35e181ae6793dd17390df33565e4dd,helix-core/src/test/java/org/apache/helix/monitoring/mbeans/TestClusterAlertItemMBeanCollection.java,HELIX-3,2012-10-25T23:53:15+02:00,2012-10-24T16:14:36-07:00
c54c616333fa4a6d28b2fdf4d256d3e9d928b076,437eb42eac35e181ae6793dd17390df33565e4dd,helix-core/src/test/java/org/apache/helix/monitoring/mbeans/TestClusterStatusMonitor.java,HELIX-3,2012-10-25T23:53:15+02:00,2012-10-24T16:14:36-07:00
c54c616333fa4a6d28b2fdf4d256d3e9d928b076,437eb42eac35e181ae6793dd17390df33565e4dd,helix-core/src/test/java/org/apache/helix/monitoring/mbeans/TestResourceMonitor.java,HELIX-3,2012-10-25T23:53:15+02:00,2012-10-24T16:14:36-07:00
c54c616333fa4a6d28b2fdf4d256d3e9d928b076,437eb42eac35e181ae6793dd17390df33565e4dd,helix-core/src/test/java/org/apache/helix/participant/MockZKHelixManager.java,HELIX-3,2012-10-25T23:53:15+02:00,2012-10-24T16:14:36-07:00
c54c616333fa4a6d28b2fdf4d256d3e9d928b076,437eb42eac35e181ae6793dd17390df33565e4dd,helix-core/src/test/java/org/apache/helix/participant/TestDistControllerElection.java,HELIX-3,2012-10-25T23:53:15+02:00,2012-10-24T16:14:36-07:00
c54c616333fa4a6d28b2fdf4d256d3e9d928b076,437eb42eac35e181ae6793dd17390df33565e4dd,helix-core/src/test/java/org/apache/helix/participant/TestDistControllerStateModel.java,HELIX-3,2012-10-25T23:53:15+02:00,2012-10-24T16:14:36-07:00
c54c616333fa4a6d28b2fdf4d256d3e9d928b076,437eb42eac35e181ae6793dd17390df33565e4dd,helix-core/src/test/java/org/apache/helix/participant/TestDistControllerStateModelFactory.java,HELIX-3,2012-10-25T23:53:15+02:00,2012-10-24T16:14:36-07:00
c54c616333fa4a6d28b2fdf4d256d3e9d928b076,437eb42eac35e181ae6793dd17390df33565e4dd,helix-core/src/test/java/org/apache/helix/store/TestJsonComparator.java,HELIX-3,2012-10-25T23:53:15+02:00,2012-10-24T16:14:36-07:00
c54c616333fa4a6d28b2fdf4d256d3e9d928b076,437eb42eac35e181ae6793dd17390df33565e4dd,helix-core/src/test/java/org/apache/helix/store/TestPropertyStat.java,HELIX-3,2012-10-25T23:53:15+02:00,2012-10-24T16:14:36-07:00
c54c616333fa4a6d28b2fdf4d256d3e9d928b076,437eb42eac35e181ae6793dd17390df33565e4dd,helix-core/src/test/java/org/apache/helix/store/TestPropertyStoreException.java,HELIX-3,2012-10-25T23:53:15+02:00,2012-10-24T16:14:36-07:00
c54c616333fa4a6d28b2fdf4d256d3e9d928b076,437eb42eac35e181ae6793dd17390df33565e4dd,helix-core/src/test/java/org/apache/helix/store/TestPropertyStoreFactory.java,HELIX-3,2012-10-25T23:53:15+02:00,2012-10-24T16:14:36-07:00
c54c616333fa4a6d28b2fdf4d256d3e9d928b076,437eb42eac35e181ae6793dd17390df33565e4dd,helix-core/src/test/java/org/apache/helix/store/TestZNRecordJsonSerializer.java,HELIX-3,2012-10-25T23:53:15+02:00,2012-10-24T16:14:36-07:00
c54c616333fa4a6d28b2fdf4d256d3e9d928b076,437eb42eac35e181ae6793dd17390df33565e4dd,helix-core/src/test/java/org/apache/helix/store/file/TestFilePropertyStore.java,HELIX-3,2012-10-25T23:53:15+02:00,2012-10-24T16:14:36-07:00
c54c616333fa4a6d28b2fdf4d256d3e9d928b076,437eb42eac35e181ae6793dd17390df33565e4dd,helix-core/src/test/java/org/apache/helix/store/zk/TestZKPropertyStore.java,HELIX-3,2012-10-25T23:53:15+02:00,2012-10-24T16:14:36-07:00
c54c616333fa4a6d28b2fdf4d256d3e9d928b076,437eb42eac35e181ae6793dd17390df33565e4dd,helix-core/src/test/java/org/apache/helix/store/zk/TestZKPropertyStoreMultiThread.java,HELIX-3,2012-10-25T23:53:15+02:00,2012-10-24T16:14:36-07:00
c54c616333fa4a6d28b2fdf4d256d3e9d928b076,437eb42eac35e181ae6793dd17390df33565e4dd,helix-core/src/test/java/org/apache/helix/store/zk/TestZkPropertyStoreSessionExpiry.java,HELIX-3,2012-10-25T23:53:15+02:00,2012-10-24T16:14:36-07:00
c54c616333fa4a6d28b2fdf4d256d3e9d928b076,437eb42eac35e181ae6793dd17390df33565e4dd,helix-core/src/test/java/org/apache/helix/tools/TestClusterSetup.java,HELIX-3,2012-10-25T23:53:15+02:00,2012-10-24T16:14:36-07:00
c54c616333fa4a6d28b2fdf4d256d3e9d928b076,437eb42eac35e181ae6793dd17390df33565e4dd,helix-core/src/test/java/org/apache/helix/util/TestZKClientPool.java,HELIX-3,2012-10-25T23:53:15+02:00,2012-10-24T16:14:36-07:00
ff79cce91b3ba8942fe6ceba1428e8c9a5c54bdd,437eb42eac35e181ae6793dd17390df33565e4dd,helix-admin-webapp/src/main/java/org/apache/helix/webapp/RestAdminApplication.java,HELIX-3,2012-10-26T17:35:26+02:00,2012-10-24T16:14:36-07:00
ff79cce91b3ba8942fe6ceba1428e8c9a5c54bdd,437eb42eac35e181ae6793dd17390df33565e4dd,helix-admin-webapp/src/main/java/org/apache/helix/webapp/resources/ClusterRepresentationUtil.java,HELIX-3,2012-10-26T17:35:26+02:00,2012-10-24T16:14:36-07:00
ff79cce91b3ba8942fe6ceba1428e8c9a5c54bdd,437eb42eac35e181ae6793dd17390df33565e4dd,helix-admin-webapp/src/main/java/org/apache/helix/webapp/resources/ClusterResource.java,HELIX-3,2012-10-26T17:35:26+02:00,2012-10-24T16:14:36-07:00
ff79cce91b3ba8942fe6ceba1428e8c9a5c54bdd,437eb42eac35e181ae6793dd17390df33565e4dd,helix-admin-webapp/src/main/java/org/apache/helix/webapp/resources/ClustersResource.java,HELIX-3,2012-10-26T17:35:26+02:00,2012-10-24T16:14:36-07:00
ff79cce91b3ba8942fe6ceba1428e8c9a5c54bdd,437eb42eac35e181ae6793dd17390df33565e4dd,helix-admin-webapp/src/main/java/org/apache/helix/webapp/resources/ConfigResource.java,HELIX-3,2012-10-26T17:35:26+02:00,2012-10-24T16:14:36-07:00
ff79cce91b3ba8942fe6ceba1428e8c9a5c54bdd,437eb42eac35e181ae6793dd17390df33565e4dd,helix-admin-webapp/src/main/java/org/apache/helix/webapp/resources/ControllerStatusUpdateResource.java,HELIX-3,2012-10-26T17:35:26+02:00,2012-10-24T16:14:36-07:00
ff79cce91b3ba8942fe6ceba1428e8c9a5c54bdd,437eb42eac35e181ae6793dd17390df33565e4dd,helix-admin-webapp/src/main/java/org/apache/helix/webapp/resources/CurrentStateResource.java,HELIX-3,2012-10-26T17:35:26+02:00,2012-10-24T16:14:36-07:00
ff79cce91b3ba8942fe6ceba1428e8c9a5c54bdd,437eb42eac35e181ae6793dd17390df33565e4dd,helix-admin-webapp/src/main/java/org/apache/helix/webapp/resources/CurrentStatesResource.java,HELIX-3,2012-10-26T17:35:26+02:00,2012-10-24T16:14:36-07:00
ff79cce91b3ba8942fe6ceba1428e8c9a5c54bdd,437eb42eac35e181ae6793dd17390df33565e4dd,helix-admin-webapp/src/main/java/org/apache/helix/webapp/resources/ErrorResource.java,HELIX-3,2012-10-26T17:35:26+02:00,2012-10-24T16:14:36-07:00
ff79cce91b3ba8942fe6ceba1428e8c9a5c54bdd,437eb42eac35e181ae6793dd17390df33565e4dd,helix-admin-webapp/src/main/java/org/apache/helix/webapp/resources/ErrorsResource.java,HELIX-3,2012-10-26T17:35:26+02:00,2012-10-24T16:14:36-07:00
ff79cce91b3ba8942fe6ceba1428e8c9a5c54bdd,437eb42eac35e181ae6793dd17390df33565e4dd,helix-admin-webapp/src/main/java/org/apache/helix/webapp/resources/ExternalViewResource.java,HELIX-3,2012-10-26T17:35:26+02:00,2012-10-24T16:14:36-07:00
ff79cce91b3ba8942fe6ceba1428e8c9a5c54bdd,437eb42eac35e181ae6793dd17390df33565e4dd,helix-admin-webapp/src/main/java/org/apache/helix/webapp/resources/IdealStateResource.java,HELIX-3,2012-10-26T17:35:26+02:00,2012-10-24T16:14:36-07:00
ff79cce91b3ba8942fe6ceba1428e8c9a5c54bdd,437eb42eac35e181ae6793dd17390df33565e4dd,helix-admin-webapp/src/main/java/org/apache/helix/webapp/resources/InstanceResource.java,HELIX-3,2012-10-26T17:35:26+02:00,2012-10-24T16:14:36-07:00
ff79cce91b3ba8942fe6ceba1428e8c9a5c54bdd,437eb42eac35e181ae6793dd17390df33565e4dd,helix-admin-webapp/src/main/java/org/apache/helix/webapp/resources/InstancesResource.java,HELIX-3,2012-10-26T17:35:26+02:00,2012-10-24T16:14:36-07:00
ff79cce91b3ba8942fe6ceba1428e8c9a5c54bdd,437eb42eac35e181ae6793dd17390df33565e4dd,helix-admin-webapp/src/main/java/org/apache/helix/webapp/resources/ResourceGroupResource.java,HELIX-3,2012-10-26T17:35:26+02:00,2012-10-24T16:14:36-07:00
ff79cce91b3ba8942fe6ceba1428e8c9a5c54bdd,437eb42eac35e181ae6793dd17390df33565e4dd,helix-admin-webapp/src/main/java/org/apache/helix/webapp/resources/ResourceGroupsResource.java,HELIX-3,2012-10-26T17:35:26+02:00,2012-10-24T16:14:36-07:00
ff79cce91b3ba8942fe6ceba1428e8c9a5c54bdd,437eb42eac35e181ae6793dd17390df33565e4dd,helix-admin-webapp/src/main/java/org/apache/helix/webapp/resources/SchedulerTasksResource.java,HELIX-3,2012-10-26T17:35:26+02:00,2012-10-24T16:14:36-07:00
ff79cce91b3ba8942fe6ceba1428e8c9a5c54bdd,437eb42eac35e181ae6793dd17390df33565e4dd,helix-admin-webapp/src/main/java/org/apache/helix/webapp/resources/StateModelResource.java,HELIX-3,2012-10-26T17:35:26+02:00,2012-10-24T16:14:36-07:00
ff79cce91b3ba8942fe6ceba1428e8c9a5c54bdd,437eb42eac35e181ae6793dd17390df33565e4dd,helix-admin-webapp/src/main/java/org/apache/helix/webapp/resources/StateModelsResource.java,HELIX-3,2012-10-26T17:35:26+02:00,2012-10-24T16:14:36-07:00
ff79cce91b3ba8942fe6ceba1428e8c9a5c54bdd,437eb42eac35e181ae6793dd17390df33565e4dd,helix-admin-webapp/src/main/java/org/apache/helix/webapp/resources/StatusUpdateResource.java,HELIX-3,2012-10-26T17:35:26+02:00,2012-10-24T16:14:36-07:00
ff79cce91b3ba8942fe6ceba1428e8c9a5c54bdd,437eb42eac35e181ae6793dd17390df33565e4dd,helix-admin-webapp/src/main/java/org/apache/helix/webapp/resources/StatusUpdatesResource.java,HELIX-3,2012-10-26T17:35:26+02:00,2012-10-24T16:14:36-07:00
ff79cce91b3ba8942fe6ceba1428e8c9a5c54bdd,437eb42eac35e181ae6793dd17390df33565e4dd,helix-admin-webapp/src/main/java/org/apache/helix/webapp/resources/ZkPathResource.java,HELIX-3,2012-10-26T17:35:26+02:00,2012-10-24T16:14:36-07:00
ff79cce91b3ba8942fe6ceba1428e8c9a5c54bdd,437eb42eac35e181ae6793dd17390df33565e4dd,helix-admin-webapp/src/test/java/org/apache/helix/tools/TestResetPartitionState.java,HELIX-3,2012-10-26T17:35:26+02:00,2012-10-24T16:14:36-07:00
ff79cce91b3ba8942fe6ceba1428e8c9a5c54bdd,437eb42eac35e181ae6793dd17390df33565e4dd,helix-admin-webapp/src/test/java/org/apache/helix/webapp/TestClusterManagementWebapp.java,HELIX-3,2012-10-26T17:35:26+02:00,2012-10-24T16:14:36-07:00
22113e82623a086052904c2037b9719cc9257eff,437eb42eac35e181ae6793dd17390df33565e4dd,helix-core/src/main/java/org/apache/helix/manager/zk/ZKUtil.java,HELIX-5,2012-11-14T10:23:56-08:00,2012-10-24T16:14:36-07:00
22113e82623a086052904c2037b9719cc9257eff,a243018a1874d6ae64be10614c9e518f883e6605,helix-core/src/test/java/org/apache/helix/manager/zk/TestZkClusterManager.java,HELIX-5,2012-11-14T10:23:56-08:00,2012-11-14T02:01:49-08:00
2d2b85f94e113e54733bfd8a792c1e1318f70a24,437eb42eac35e181ae6793dd17390df33565e4dd,helix-core/src/test/java/org/apache/helix/integration/TestEnablePartitionDuringDisable.java,HELIX-7,2012-11-14T16:50:10-08:00,2012-10-24T16:14:36-07:00
2d2b85f94e113e54733bfd8a792c1e1318f70a24,437eb42eac35e181ae6793dd17390df33565e4dd,helix-core/src/test/java/org/apache/helix/integration/TestMessagingService.java,HELIX-7,2012-11-14T16:50:10-08:00,2012-10-24T16:14:36-07:00
2d2b85f94e113e54733bfd8a792c1e1318f70a24,437eb42eac35e181ae6793dd17390df33565e4dd,helix-core/src/test/java/org/apache/helix/integration/TestSchedulerMessage.java,HELIX-7,2012-11-14T16:50:10-08:00,2012-10-24T16:14:36-07:00
4167d37719f8efbd6cddc3a8d1b803fdd72e519f,437eb42eac35e181ae6793dd17390df33565e4dd,helix-core/src/test/java/org/apache/helix/monitoring/mbeans/TestClusterAlertItemMBeanCollection.java,HELIX-7,2012-11-14T20:11:52-08:00,2012-10-24T16:14:36-07:00
0fff6b82d8f8727d4f080eff8f3801836c2fb780,437eb42eac35e181ae6793dd17390df33565e4dd,helix-admin-webapp/src/test/java/org/apache/helix/tools/TestResetPartitionState.java,HELIX-7,2012-11-19T14:21:01-08:00,2012-10-24T16:14:36-07:00
7d478437de4dfe510fd09498b4df71be7c51ecd9,437eb42eac35e181ae6793dd17390df33565e4dd,helix-core/src/test/java/org/apache/helix/tools/TestHelixAdminScenariosCli.java,HELIX-7,2012-11-28T15:43:55-08:00,2012-10-24T16:14:36-07:00
7d478437de4dfe510fd09498b4df71be7c51ecd9,2d2b85f94e113e54733bfd8a792c1e1318f70a24,helix-core/src/test/java/org/apache/helix/tools/TestHelixAdminScenariosCli.java,HELIX-7,2012-11-28T15:43:55-08:00,2012-11-14T16:50:10-08:00
fdd48b963ef6ec0013646e4efc905d99b3c4dc6b,e9f173b24702f0fb543fbdbd59d6a306eb0ac1d7,helix-core/helix-core-0.5.28.ivy,HELIX-14,2012-12-10T14:49:57-08:00,2012-03-19T14:34:18-07:00
747f21d5814a831a85cc970cb0c2670e753e5ea2,437eb42eac35e181ae6793dd17390df33565e4dd,helix-core/src/test/java/org/apache/helix/healthcheck/TestDummyAlerts.java,HELIX-7,2012-12-17T17:25:17-08:00,2012-10-24T16:14:36-07:00
bbdd6ae6b8b446c0fc816acbdfc413fffeb61c90,437eb42eac35e181ae6793dd17390df33565e4dd,helix-core/src/test/java/org/apache/helix/manager/zk/TestLiveInstanceBounce.java,HELIX-7,2012-12-19T12:20:51-08:00,2012-10-24T16:14:36-07:00
f7cc98631ef9e82f90b8ca90cda50a40b7811ac8,437eb42eac35e181ae6793dd17390df33565e4dd,helix-core/src/test/java/org/apache/helix/healthcheck/TestWildcardAlert.java,HELIX-7,2013-01-02T10:59:15-08:00,2012-10-24T16:14:36-07:00
914b6780267fb029b05b774f253ed0dc628067fb,80e9c4a9866d5a72cdbcf8509d74a86b5091253a,helix-core/src/main/java/org/apache/helix/tools/ClusterSetup.java,HELIX-18,2013-01-06T09:17:33-08:00,2013-01-02T22:42:49-08:00
03423e6248fb970251c4443ddba94fac79076d93,437eb42eac35e181ae6793dd17390df33565e4dd,helix-core/src/main/java/org/apache/helix/HelixManager.java,HELIX-40,2013-02-03T17:50:00-08:00,2012-10-24T16:14:36-07:00
03423e6248fb970251c4443ddba94fac79076d93,437eb42eac35e181ae6793dd17390df33565e4dd,helix-core/src/main/java/org/apache/helix/controller/GenericHelixController.java,HELIX-40,2013-02-03T17:50:00-08:00,2012-10-24T16:14:36-07:00
03423e6248fb970251c4443ddba94fac79076d93,437eb42eac35e181ae6793dd17390df33565e4dd,helix-core/src/main/java/org/apache/helix/controller/HelixControllerMain.java,HELIX-40,2013-02-03T17:50:00-08:00,2012-10-24T16:14:36-07:00
03423e6248fb970251c4443ddba94fac79076d93,a8ee977bee59d5e6b29c08420d59634d65691bf4,helix-core/src/main/java/org/apache/helix/manager/zk/CallbackHandler.java,HELIX-40,2013-02-03T17:50:00-08:00,2013-02-01T14:47:07-08:00
03423e6248fb970251c4443ddba94fac79076d93,437eb42eac35e181ae6793dd17390df33565e4dd,helix-core/src/main/java/org/apache/helix/manager/zk/ZKHelixManager.java,HELIX-40,2013-02-03T17:50:00-08:00,2012-10-24T16:14:36-07:00
03423e6248fb970251c4443ddba94fac79076d93,c52baf615207f75c03bb9e92dc3d8b5c9cc14a7d,helix-core/src/main/java/org/apache/helix/manager/zk/ZKHelixManager.java,HELIX-40,2013-02-03T17:50:00-08:00,2013-02-01T17:49:11-08:00
03423e6248fb970251c4443ddba94fac79076d93,7d8cf20608423da84f69786a96aafc7690818a79,helix-core/src/main/java/org/apache/helix/manager/zk/ZKHelixManager.java,HELIX-40,2013-02-03T17:50:00-08:00,2013-02-01T15:32:52-08:00
03423e6248fb970251c4443ddba94fac79076d93,437eb42eac35e181ae6793dd17390df33565e4dd,helix-core/src/main/java/org/apache/helix/participant/GenericLeaderStandbyModel.java,HELIX-40,2013-02-03T17:50:00-08:00,2012-10-24T16:14:36-07:00
03423e6248fb970251c4443ddba94fac79076d93,437eb42eac35e181ae6793dd17390df33565e4dd,helix-core/src/test/java/org/apache/helix/Mocks.java,HELIX-40,2013-02-03T17:50:00-08:00,2012-10-24T16:14:36-07:00
03423e6248fb970251c4443ddba94fac79076d93,437eb42eac35e181ae6793dd17390df33565e4dd,helix-core/src/test/java/org/apache/helix/controller/stages/DummyClusterManager.java,HELIX-40,2013-02-03T17:50:00-08:00,2012-10-24T16:14:36-07:00
03423e6248fb970251c4443ddba94fac79076d93,437eb42eac35e181ae6793dd17390df33565e4dd,helix-core/src/test/java/org/apache/helix/manager/zk/TestLiveInstanceBounce.java,HELIX-40,2013-02-03T17:50:00-08:00,2012-10-24T16:14:36-07:00
03423e6248fb970251c4443ddba94fac79076d93,bbdd6ae6b8b446c0fc816acbdfc413fffeb61c90,helix-core/src/test/java/org/apache/helix/manager/zk/TestLiveInstanceBounce.java,HELIX-40,2013-02-03T17:50:00-08:00,2012-12-19T12:20:51-08:00
03423e6248fb970251c4443ddba94fac79076d93,437eb42eac35e181ae6793dd17390df33565e4dd,helix-core/src/test/java/org/apache/helix/manager/zk/TestZkClusterManager.java,HELIX-40,2013-02-03T17:50:00-08:00,2012-10-24T16:14:36-07:00
03423e6248fb970251c4443ddba94fac79076d93,437eb42eac35e181ae6793dd17390df33565e4dd,helix-core/src/test/java/org/apache/helix/mock/controller/ClusterController.java,HELIX-40,2013-02-03T17:50:00-08:00,2012-10-24T16:14:36-07:00
03423e6248fb970251c4443ddba94fac79076d93,437eb42eac35e181ae6793dd17390df33565e4dd,helix-core/src/test/java/org/apache/helix/mock/participant/MockParticipant.java,HELIX-40,2013-02-03T17:50:00-08:00,2012-10-24T16:14:36-07:00
03423e6248fb970251c4443ddba94fac79076d93,437eb42eac35e181ae6793dd17390df33565e4dd,helix-core/src/test/java/org/apache/helix/participant/MockZKHelixManager.java,HELIX-40,2013-02-03T17:50:00-08:00,2012-10-24T16:14:36-07:00
c744c1b8b457488e48ef1cc08193662e61722e89,437eb42eac35e181ae6793dd17390df33565e4dd,helix-core/src/test/java/org/apache/helix/manager/zk/TestZkCacheAsyncOpSingleThread.java,HELIX-41,2013-02-03T18:17:01-08:00,2012-10-24T16:14:36-07:00
c744c1b8b457488e48ef1cc08193662e61722e89,437eb42eac35e181ae6793dd17390df33565e4dd,helix-core/src/test/java/org/apache/helix/store/zk/TestZkHelixPropertyStore.java,HELIX-41,2013-02-03T18:17:01-08:00,2012-10-24T16:14:36-07:00
ca1ef910820f938d8ff2f2f77d7f5c0c6b46e56a,437eb42eac35e181ae6793dd17390df33565e4dd,helix-core/src/test/java/org/apache/helix/integration/TestAddStateModelFactoryAfterConnect.java,HELIX-41,2013-02-03T18:26:57-08:00,2012-10-24T16:14:36-07:00
18d2e636279f77af87dbc19dd3da2ba9132e040e,437eb42eac35e181ae6793dd17390df33565e4dd,helix-core/src/test/java/org/apache/helix/healthcheck/TestAlertFireHistory.java,HELIX-41,2013-02-03T18:31:48-08:00,2012-10-24T16:14:36-07:00
f82ddf27009eb4e92e9fed65d90e64a267524ed0,437eb42eac35e181ae6793dd17390df33565e4dd,helix-core/src/main/java/org/apache/helix/manager/zk/ZKHelixManager.java,HELIX-41,2013-02-04T14:40:01-08:00,2012-10-24T16:14:36-07:00
f82ddf27009eb4e92e9fed65d90e64a267524ed0,437eb42eac35e181ae6793dd17390df33565e4dd,helix-core/src/test/java/org/apache/helix/healthcheck/TestAlertFireHistory.java,HELIX-41,2013-02-04T14:40:01-08:00,2012-10-24T16:14:36-07:00
2ce94bc413c3d184b801a99bb5d6ca4cab8e903c,c744c1b8b457488e48ef1cc08193662e61722e89,helix-core/src/test/java/org/apache/helix/store/zk/TestZkHelixPropertyStore.java,HELIX-41,2013-02-05T10:39:31-08:00,2013-02-03T18:17:01-08:00
1ec3ac65ada7801ceb62900a30dcbd66a8f82037,7d8cf20608423da84f69786a96aafc7690818a79,helix-core/src/test/java/org/apache/helix/ZkTestHelper.java,HELIX-41,2013-02-05T10:52:01-08:00,2013-02-01T15:32:52-08:00
1ec3ac65ada7801ceb62900a30dcbd66a8f82037,437eb42eac35e181ae6793dd17390df33565e4dd,helix-core/src/test/java/org/apache/helix/mock/participant/MockParticipant.java,HELIX-41,2013-02-05T10:52:01-08:00,2012-10-24T16:14:36-07:00
c3de04f61208f91e026dafc5ea0169c96c35d9d5,ca1ef910820f938d8ff2f2f77d7f5c0c6b46e56a,helix-core/src/test/java/org/apache/helix/integration/TestAddStateModelFactoryAfterConnect.java,HELIX-41,2013-02-05T15:38:28-08:00,2013-02-03T18:26:57-08:00
c3de04f61208f91e026dafc5ea0169c96c35d9d5,437eb42eac35e181ae6793dd17390df33565e4dd,helix-core/src/test/java/org/apache/helix/integration/TestAddStateModelFactoryAfterConnect.java,HELIX-41,2013-02-05T15:38:28-08:00,2012-10-24T16:14:36-07:00
88cd2143251e9970446ed631325f5e593be3b46c,7d8cf20608423da84f69786a96aafc7690818a79,helix-core/src/test/java/org/apache/helix/ZkTestHelper.java,HELIX-41,2013-02-06T15:47:45-08:00,2013-02-01T15:32:52-08:00
88cd2143251e9970446ed631325f5e593be3b46c,437eb42eac35e181ae6793dd17390df33565e4dd,helix-core/src/test/java/org/apache/helix/integration/TestAddNodeAfterControllerStart.java,HELIX-41,2013-02-06T15:47:45-08:00,2012-10-24T16:14:36-07:00
98b6c97ad8519df3680630f0adc7729cec57e72a,437eb42eac35e181ae6793dd17390df33565e4dd,helix-core/src/test/java/org/apache/helix/integration/TestAddStateModelFactoryAfterConnect.java,HELIX-41,2013-02-07T11:01:55-08:00,2012-10-24T16:14:36-07:00
98b6c97ad8519df3680630f0adc7729cec57e72a,c3de04f61208f91e026dafc5ea0169c96c35d9d5,helix-core/src/test/java/org/apache/helix/integration/TestAddStateModelFactoryAfterConnect.java,HELIX-41,2013-02-07T11:01:55-08:00,2013-02-05T15:38:28-08:00
76aa2b660342fa5ac2ba9afedfdbf93825480fac,1d3d9029583460a8a8f9f14aba6107ce3a256b57,helix-core/src/test/java/org/apache/helix/integration/TestZkCallbackHandlerLeak.java,HELIX-41,2013-02-11T10:33:48-08:00,2013-02-05T17:36:00-08:00
0c01bbbdb8ef2daf4a15aabe02f65ea4d5b2b4ef,342ea1c277651a6e3cf85b10949c2953d93618dd,recipes/rsync-replicated-file-system/src/main/java/org/apache/helix/filestore/IntegrationTest.java,HELIX-7,2013-02-19T18:50:39-08:00,2012-12-07T01:22:25-08:00
7c14fdeb8a21f8bc9206538ae50e0049beb2486e,342ea1c277651a6e3cf85b10949c2953d93618dd,recipes/rsync-replicated-file-system/src/main/java/org/apache/helix/filestore/ChangeLogGenerator.java,HELIX-76,2013-03-29T08:29:03-07:00,2012-12-07T01:22:25-08:00
cd8272c952377ef9bbb478356ea4a2a9f8e7d3fa,437eb42eac35e181ae6793dd17390df33565e4dd,helix-core/src/main/java/org/apache/helix/controller/stages/BestPossibleStateCalcStage.java,HELIX-43,2013-04-01T11:07:34-07:00,2012-10-24T16:14:36-07:00
cd8272c952377ef9bbb478356ea4a2a9f8e7d3fa,5e8a912bd4f4c83ad84cb8f92d3f4acca56972cf,helix-core/src/main/java/org/apache/helix/controller/stages/ExternalViewComputeStage.java,HELIX-43,2013-04-01T11:07:34-07:00,2013-02-15T14:19:24-08:00
cd8272c952377ef9bbb478356ea4a2a9f8e7d3fa,437eb42eac35e181ae6793dd17390df33565e4dd,helix-core/src/main/java/org/apache/helix/controller/stages/ReadClusterDataStage.java,HELIX-43,2013-04-01T11:07:34-07:00,2012-10-24T16:14:36-07:00
cd8272c952377ef9bbb478356ea4a2a9f8e7d3fa,437eb42eac35e181ae6793dd17390df33565e4dd,helix-core/src/main/java/org/apache/helix/manager/zk/ZKHelixAdmin.java,HELIX-43,2013-04-01T11:07:34-07:00,2012-10-24T16:14:36-07:00
cd8272c952377ef9bbb478356ea4a2a9f8e7d3fa,a1bf1244f18a0b43bc53aabe702a03516df72fc0,helix-core/src/main/java/org/apache/helix/messaging/handling/BatchMessageHandler.java,HELIX-43,2013-04-01T11:07:34-07:00,2013-02-05T13:06:04-08:00
cd8272c952377ef9bbb478356ea4a2a9f8e7d3fa,a1bf1244f18a0b43bc53aabe702a03516df72fc0,helix-core/src/main/java/org/apache/helix/messaging/handling/HelixBatchMessageTask.java,HELIX-43,2013-04-01T11:07:34-07:00,2013-02-05T13:06:04-08:00
cd8272c952377ef9bbb478356ea4a2a9f8e7d3fa,437eb42eac35e181ae6793dd17390df33565e4dd,helix-core/src/main/java/org/apache/helix/messaging/handling/HelixStateTransitionHandler.java,HELIX-43,2013-04-01T11:07:34-07:00,2012-10-24T16:14:36-07:00
cd8272c952377ef9bbb478356ea4a2a9f8e7d3fa,a1bf1244f18a0b43bc53aabe702a03516df72fc0,helix-core/src/main/java/org/apache/helix/messaging/handling/HelixStateTransitionHandler.java,HELIX-43,2013-04-01T11:07:34-07:00,2013-02-05T13:06:04-08:00
cd8272c952377ef9bbb478356ea4a2a9f8e7d3fa,437eb42eac35e181ae6793dd17390df33565e4dd,helix-core/src/main/java/org/apache/helix/messaging/handling/HelixTask.java,HELIX-43,2013-04-01T11:07:34-07:00,2012-10-24T16:14:36-07:00
cd8272c952377ef9bbb478356ea4a2a9f8e7d3fa,437eb42eac35e181ae6793dd17390df33565e4dd,helix-core/src/main/java/org/apache/helix/messaging/handling/HelixTaskResult.java,HELIX-43,2013-04-01T11:07:34-07:00,2012-10-24T16:14:36-07:00
cd8272c952377ef9bbb478356ea4a2a9f8e7d3fa,437eb42eac35e181ae6793dd17390df33565e4dd,helix-core/src/main/java/org/apache/helix/model/InstanceConfig.java,HELIX-43,2013-04-01T11:07:34-07:00,2012-10-24T16:14:36-07:00
cd8272c952377ef9bbb478356ea4a2a9f8e7d3fa,2bf431507a8451bdad6879a8ed2fd6318251940a,helix-core/src/main/java/org/apache/helix/model/StateModelDefinition.java,HELIX-43,2013-04-01T11:07:34-07:00,2012-11-01T16:05:51-07:00
cd8272c952377ef9bbb478356ea4a2a9f8e7d3fa,437eb42eac35e181ae6793dd17390df33565e4dd,helix-core/src/main/java/org/apache/helix/monitoring/mbeans/ResourceMonitor.java,HELIX-43,2013-04-01T11:07:34-07:00,2012-10-24T16:14:36-07:00
cd8272c952377ef9bbb478356ea4a2a9f8e7d3fa,437eb42eac35e181ae6793dd17390df33565e4dd,helix-core/src/main/java/org/apache/helix/participant/statemachine/StateModel.java,HELIX-43,2013-04-01T11:07:34-07:00,2012-10-24T16:14:36-07:00
cd8272c952377ef9bbb478356ea4a2a9f8e7d3fa,437eb42eac35e181ae6793dd17390df33565e4dd,helix-core/src/main/java/org/apache/helix/tools/ClusterStateVerifier.java,HELIX-43,2013-04-01T11:07:34-07:00,2012-10-24T16:14:36-07:00
cd8272c952377ef9bbb478356ea4a2a9f8e7d3fa,437eb42eac35e181ae6793dd17390df33565e4dd,helix-core/src/test/java/org/apache/helix/integration/TestDrop.java,HELIX-43,2013-04-01T11:07:34-07:00,2012-10-24T16:14:36-07:00
cd8272c952377ef9bbb478356ea4a2a9f8e7d3fa,437eb42eac35e181ae6793dd17390df33565e4dd,helix-core/src/test/java/org/apache/helix/integration/TestStateTransitionTimeout.java,HELIX-43,2013-04-01T11:07:34-07:00,2012-10-24T16:14:36-07:00
cd8272c952377ef9bbb478356ea4a2a9f8e7d3fa,6b8e3ca064483f42148db4453f4093857ebacb50,helix-core/src/test/java/org/apache/helix/mock/participant/MockMSStateModel.java,HELIX-43,2013-04-01T11:07:34-07:00,2013-02-05T17:59:46-08:00
cd8272c952377ef9bbb478356ea4a2a9f8e7d3fa,437eb42eac35e181ae6793dd17390df33565e4dd,helix-core/src/test/java/org/apache/helix/mock/participant/MockTransition.java,HELIX-43,2013-04-01T11:07:34-07:00,2012-10-24T16:14:36-07:00
cd8272c952377ef9bbb478356ea4a2a9f8e7d3fa,6b8e3ca064483f42148db4453f4093857ebacb50,helix-core/src/test/java/org/apache/helix/mock/participant/SleepTransition.java,HELIX-43,2013-04-01T11:07:34-07:00,2013-02-05T17:59:46-08:00
cd8272c952377ef9bbb478356ea4a2a9f8e7d3fa,6b8e3ca064483f42148db4453f4093857ebacb50,helix-core/src/test/java/org/apache/helix/mock/participant/StoreAccessDiffNodeTransition.java,HELIX-43,2013-04-01T11:07:34-07:00,2013-02-05T17:59:46-08:00
cd8272c952377ef9bbb478356ea4a2a9f8e7d3fa,6b8e3ca064483f42148db4453f4093857ebacb50,helix-core/src/test/java/org/apache/helix/mock/participant/StoreAccessOneNodeTransition.java,HELIX-43,2013-04-01T11:07:34-07:00,2013-02-05T17:59:46-08:00
fe6c846b1a138a719484b344c9bf5d7310301df4,437eb42eac35e181ae6793dd17390df33565e4dd,helix-core/src/test/java/org/apache/helix/manager/zk/TestZkHelixAdmin.java,HELIX-7,2013-04-02T18:53:43-07:00,2012-10-24T16:14:36-07:00
58944dc4bbb6a427da6b557851a456b07856c143,cd8272c952377ef9bbb478356ea4a2a9f8e7d3fa,helix-core/src/test/java/org/apache/helix/integration/TestStateTransitionTimeout.java,HELIX-7,2013-04-02T19:04:24-07:00,2013-04-01T11:07:34-07:00
58944dc4bbb6a427da6b557851a456b07856c143,cd8272c952377ef9bbb478356ea4a2a9f8e7d3fa,helix-core/src/test/java/org/apache/helix/mock/participant/MockMSStateModel.java,HELIX-7,2013-04-02T19:04:24-07:00,2013-04-01T11:07:34-07:00
58944dc4bbb6a427da6b557851a456b07856c143,cd8272c952377ef9bbb478356ea4a2a9f8e7d3fa,helix-core/src/test/java/org/apache/helix/mock/participant/MockTransition.java,HELIX-7,2013-04-02T19:04:24-07:00,2013-04-01T11:07:34-07:00
58944dc4bbb6a427da6b557851a456b07856c143,cd8272c952377ef9bbb478356ea4a2a9f8e7d3fa,helix-core/src/test/java/org/apache/helix/mock/participant/SleepTransition.java,HELIX-7,2013-04-02T19:04:24-07:00,2013-04-01T11:07:34-07:00
c50a1ae8d6cfa6c19fa4e94ef1ecb5030bfa1b64,1b686456c5661b4df7f62d5f243c7c67769da2ba,helix-core/src/test/java/org/apache/helix/TestHelixConfigAccessor.java,HELIX-73,2013-04-12T18:40:02-07:00,2013-04-07T23:58:17-07:00
c50a1ae8d6cfa6c19fa4e94ef1ecb5030bfa1b64,437eb42eac35e181ae6793dd17390df33565e4dd,helix-core/src/test/java/org/apache/helix/tools/TestClusterSetup.java,HELIX-73,2013-04-12T18:40:02-07:00,2012-10-24T16:14:36-07:00
c8393f0485ceacc97df0894df3889ede0171ffc0,22113e82623a086052904c2037b9719cc9257eff,helix-core/src/main/java/org/apache/helix/manager/zk/ZKUtil.java,HELIX-81,2013-04-15T18:34:05-07:00,2012-11-14T10:23:56-08:00
c8393f0485ceacc97df0894df3889ede0171ffc0,4d7703fcfa06c17d4d0941e4a3ff51a553348354,helix-core/src/main/java/org/apache/helix/manager/zk/ZKUtil.java,HELIX-81,2013-04-15T18:34:05-07:00,2013-03-21T15:44:14-07:00
6d5397990d9629009e304ae6eea4a046d5429871,03423e6248fb970251c4443ddba94fac79076d93,helix-core/src/main/java/org/apache/helix/controller/GenericHelixController.java,HELIX-195,2013-08-06T13:34:59-07:00,2013-02-03T17:50:00-08:00
6d5397990d9629009e304ae6eea4a046d5429871,94367e1c7840b5c35a84f0ee440d443047c6dbaa,helix-core/src/main/java/org/apache/helix/manager/zk/AbstractManager.java,HELIX-195,2013-08-06T13:34:59-07:00,2013-06-21T13:57:48-07:00
6d5397990d9629009e304ae6eea4a046d5429871,c52baf615207f75c03bb9e92dc3d8b5c9cc14a7d,helix-core/src/main/java/org/apache/helix/manager/zk/CallbackHandler.java,HELIX-195,2013-08-06T13:34:59-07:00,2013-02-01T17:49:11-08:00
6d5397990d9629009e304ae6eea4a046d5429871,243f32cf58ec3740da70e8109026888a7d4bc196,helix-core/src/main/java/org/apache/helix/manager/zk/CallbackHandler.java,HELIX-195,2013-08-06T13:34:59-07:00,2013-04-26T02:06:20-07:00
6d5397990d9629009e304ae6eea4a046d5429871,a8ee977bee59d5e6b29c08420d59634d65691bf4,helix-core/src/main/java/org/apache/helix/manager/zk/CallbackHandler.java,HELIX-195,2013-08-06T13:34:59-07:00,2013-02-01T14:47:07-08:00
6d5397990d9629009e304ae6eea4a046d5429871,437eb42eac35e181ae6793dd17390df33565e4dd,helix-core/src/main/java/org/apache/helix/manager/zk/CallbackHandler.java,HELIX-195,2013-08-06T13:34:59-07:00,2012-10-24T16:14:36-07:00
6d5397990d9629009e304ae6eea4a046d5429871,92be0aa548f2efd12ae635d474917464b07dfb29,helix-core/src/main/java/org/apache/helix/manager/zk/CallbackHandler.java,HELIX-195,2013-08-06T13:34:59-07:00,2013-04-27T02:04:59-07:00
6d5397990d9629009e304ae6eea4a046d5429871,94367e1c7840b5c35a84f0ee440d443047c6dbaa,helix-core/src/main/java/org/apache/helix/manager/zk/ControllerManager.java,HELIX-195,2013-08-06T13:34:59-07:00,2013-06-21T13:57:48-07:00
6d5397990d9629009e304ae6eea4a046d5429871,94367e1c7840b5c35a84f0ee440d443047c6dbaa,helix-core/src/main/java/org/apache/helix/manager/zk/DistributedControllerManager.java,HELIX-195,2013-08-06T13:34:59-07:00,2013-06-21T13:57:48-07:00
6d5397990d9629009e304ae6eea4a046d5429871,94367e1c7840b5c35a84f0ee440d443047c6dbaa,helix-core/src/main/java/org/apache/helix/manager/zk/DistributedLeaderElection.java,HELIX-195,2013-08-06T13:34:59-07:00,2013-06-21T13:57:48-07:00
6d5397990d9629009e304ae6eea4a046d5429871,94367e1c7840b5c35a84f0ee440d443047c6dbaa,helix-core/src/main/java/org/apache/helix/manager/zk/ParticipantManager.java,HELIX-195,2013-08-06T13:34:59-07:00,2013-06-21T13:57:48-07:00
6d5397990d9629009e304ae6eea4a046d5429871,94367e1c7840b5c35a84f0ee440d443047c6dbaa,helix-core/src/main/java/org/apache/helix/manager/zk/ParticipantManagerHelper.java,HELIX-195,2013-08-06T13:34:59-07:00,2013-06-21T13:57:48-07:00
6d5397990d9629009e304ae6eea4a046d5429871,9bed09c17b2ce9a5d6ddb64b5004d5e9163cb7ca,helix-core/src/test/java/org/apache/helix/integration/manager/TestConsecutiveZkSessionExpiry.java,HELIX-195,2013-08-06T13:34:59-07:00,2013-08-02T16:45:36-07:00
6d5397990d9629009e304ae6eea4a046d5429871,94367e1c7840b5c35a84f0ee440d443047c6dbaa,helix-core/src/test/java/org/apache/helix/integration/manager/TestDistributedControllerManager.java,HELIX-195,2013-08-06T13:34:59-07:00,2013-06-21T13:57:48-07:00
6d5397990d9629009e304ae6eea4a046d5429871,94367e1c7840b5c35a84f0ee440d443047c6dbaa,helix-core/src/test/java/org/apache/helix/integration/manager/TestParticipantManager.java,HELIX-195,2013-08-06T13:34:59-07:00,2013-06-21T13:57:48-07:00
6d5397990d9629009e304ae6eea4a046d5429871,5d39241061b5c5207cb0bc4177e1a8f725c598f8,helix-core/src/test/java/org/apache/helix/integration/manager/TestZkCallbackHandlerLeak.java,HELIX-195,2013-08-06T13:34:59-07:00,2013-07-31T11:42:28-07:00
d1808bc6f0d25bff0d4cb5a2183bccdac207180e,d4e448bea69f56d7dbb6724206ec76e372cad247,helix-core/src/main/java/org/apache/helix/model/IdealState.java,HELIX-147,2013-08-06T15:39:46-07:00,2013-08-02T16:11:36-07:00
d1808bc6f0d25bff0d4cb5a2183bccdac207180e,9b6142c5b939850cd52eb742d49a59636cb38eac,helix-core/src/main/java/org/apache/helix/model/IdealState.java,HELIX-147,2013-08-06T15:39:46-07:00,2013-04-19T15:12:15-07:00
11df95e810a0102584d4ba690dcbe241a8a00b1b,437eb42eac35e181ae6793dd17390df33565e4dd,helix-core/src/main/java/org/apache/helix/messaging/handling/HelixStateTransitionHandler.java,HELIX-197,2013-08-09T13:29:34-07:00,2012-10-24T16:14:36-07:00
11df95e810a0102584d4ba690dcbe241a8a00b1b,a1bf1244f18a0b43bc53aabe702a03516df72fc0,helix-core/src/main/java/org/apache/helix/messaging/handling/HelixStateTransitionHandler.java,HELIX-197,2013-08-09T13:29:34-07:00,2013-02-05T13:06:04-08:00
11df95e810a0102584d4ba690dcbe241a8a00b1b,cd8272c952377ef9bbb478356ea4a2a9f8e7d3fa,helix-core/src/main/java/org/apache/helix/messaging/handling/HelixStateTransitionHandler.java,HELIX-197,2013-08-09T13:29:34-07:00,2013-04-01T11:07:34-07:00
11df95e810a0102584d4ba690dcbe241a8a00b1b,4c85642a70a3cb01fcb1a5d07c069b5d6a42971c,helix-core/src/main/java/org/apache/helix/participant/HelixStateMachineEngine.java,HELIX-197,2013-08-09T13:29:34-07:00,2013-03-19T16:26:35-07:00
11df95e810a0102584d4ba690dcbe241a8a00b1b,437eb42eac35e181ae6793dd17390df33565e4dd,helix-core/src/main/java/org/apache/helix/participant/HelixStateMachineEngine.java,HELIX-197,2013-08-09T13:29:34-07:00,2012-10-24T16:14:36-07:00
11df95e810a0102584d4ba690dcbe241a8a00b1b,a1bf1244f18a0b43bc53aabe702a03516df72fc0,helix-core/src/main/java/org/apache/helix/participant/HelixStateMachineEngine.java,HELIX-197,2013-08-09T13:29:34-07:00,2013-02-05T13:06:04-08:00
11df95e810a0102584d4ba690dcbe241a8a00b1b,5e8a912bd4f4c83ad84cb8f92d3f4acca56972cf,helix-core/src/main/java/org/apache/helix/participant/statemachine/ScheduledTaskStateModel.java,HELIX-197,2013-08-09T13:29:34-07:00,2013-02-15T14:19:24-08:00
11df95e810a0102584d4ba690dcbe241a8a00b1b,437eb42eac35e181ae6793dd17390df33565e4dd,helix-core/src/main/java/org/apache/helix/participant/statemachine/StateModelFactory.java,HELIX-197,2013-08-09T13:29:34-07:00,2012-10-24T16:14:36-07:00
11df95e810a0102584d4ba690dcbe241a8a00b1b,437eb42eac35e181ae6793dd17390df33565e4dd,helix-core/src/test/java/org/apache/helix/TestHelixTaskExecutor.java,HELIX-197,2013-08-09T13:29:34-07:00,2012-10-24T16:14:36-07:00
11df95e810a0102584d4ba690dcbe241a8a00b1b,a1bf1244f18a0b43bc53aabe702a03516df72fc0,helix-core/src/test/java/org/apache/helix/TestHelixTaskExecutor.java,HELIX-197,2013-08-09T13:29:34-07:00,2013-02-05T13:06:04-08:00
11df95e810a0102584d4ba690dcbe241a8a00b1b,437eb42eac35e181ae6793dd17390df33565e4dd,helix-core/src/test/java/org/apache/helix/TestHelixTaskHandler.java,HELIX-197,2013-08-09T13:29:34-07:00,2012-10-24T16:14:36-07:00
11df95e810a0102584d4ba690dcbe241a8a00b1b,a1bf1244f18a0b43bc53aabe702a03516df72fc0,helix-core/src/test/java/org/apache/helix/TestHelixTaskHandler.java,HELIX-197,2013-08-09T13:29:34-07:00,2013-02-05T13:06:04-08:00
11df95e810a0102584d4ba690dcbe241a8a00b1b,437eb42eac35e181ae6793dd17390df33565e4dd,helix-core/src/test/java/org/apache/helix/messaging/handling/TestHelixTaskExecutor.java,HELIX-197,2013-08-09T13:29:34-07:00,2012-10-24T16:14:36-07:00
11df95e810a0102584d4ba690dcbe241a8a00b1b,6b8e3ca064483f42148db4453f4093857ebacb50,helix-core/src/test/java/org/apache/helix/mock/participant/MockMSModelFactory.java,HELIX-197,2013-08-09T13:29:34-07:00,2013-02-05T17:59:46-08:00
f1a80a40f37baf788c1df298e005e1ddee4c0bca,437eb42eac35e181ae6793dd17390df33565e4dd,mockservice/src/main/java/org/apache/helix/EspressoStorageMockNode.java,HELIX-197,2013-08-09T14:27:12-07:00,2012-10-24T16:14:36-07:00
8592340ffa84e92602e1345d0d6e53caa87f7683,de5dcd293aacc4df2d9a699fa281f52291515c38,helix-core/src/main/java/org/apache/helix/participant/statemachine/StateModel.java,HELIX-221,2013-08-20T21:47:07-07:00,2013-04-03T14:59:17-07:00
8592340ffa84e92602e1345d0d6e53caa87f7683,cd8272c952377ef9bbb478356ea4a2a9f8e7d3fa,helix-core/src/test/java/org/apache/helix/participant/statemachine/TestStateModelParser.java,HELIX-221,2013-08-20T21:47:07-07:00,2013-04-01T11:07:34-07:00
34369b26de712ef85bd9c86cf4576844071c2b6f,8592340ffa84e92602e1345d0d6e53caa87f7683,helix-core/src/main/java/org/apache/helix/participant/statemachine/StateModel.java,HELIX-221,2013-08-20T22:07:51-07:00,2013-08-20T21:47:07-07:00
0c3796b304c1b26f5887073295faee324f8411fa,47d1e650ebfd18a56ebdf00c23c2f736016aa0bb,helix-core/src/main/java/org/apache/helix/manager/zk/ZkClient.java,HELIX-264,2013-10-18T14:28:43-07:00,2013-02-01T13:45:37-08:00
0c3796b304c1b26f5887073295faee324f8411fa,437eb42eac35e181ae6793dd17390df33565e4dd,helix-core/src/main/java/org/apache/helix/manager/zk/ZkClient.java,HELIX-264,2013-10-18T14:28:43-07:00,2012-10-24T16:14:36-07:00
0c3796b304c1b26f5887073295faee324f8411fa,437eb42eac35e181ae6793dd17390df33565e4dd,helix-core/src/test/java/org/apache/helix/ZkTestHelper.java,HELIX-264,2013-10-18T14:28:43-07:00,2012-10-24T16:14:36-07:00
a3a2e87a8f3ee016339b7a6e300f362db3e141c0,437eb42eac35e181ae6793dd17390df33565e4dd,helix-core/src/test/java/org/apache/helix/TestHelper.java,HELIX-144,2013-10-18T16:31:58-07:00,2012-10-24T16:14:36-07:00
610b28be9a16cc10dcd4f5daf8a1ef8127163fa5,986107055a3d4c33c44f939f4eb03a657c7e12f0,helix-core/src/main/java/org/apache/helix/controller/rebalancer/AutoRebalancer.java,HELIX-274,2013-10-22T17:26:58-07:00,2013-08-13T10:59:11-07:00
cfc099e28b1b092f1d401954cec679626dd7788a,9a715bd3f03bcaed389c1c07f0e53c1fac83af8f,bump-up.command,HELIX-343,2013-12-10T16:07:21-08:00,2012-04-09T16:24:56-07:00
cfc099e28b1b092f1d401954cec679626dd7788a,598c5e2905d2d7b6dfeef33cb7e07f493f41f16e,bump-up.command,HELIX-343,2013-12-10T16:07:21-08:00,2012-12-19T12:05:12-08:00
1689c67366b9f1947547271328db453713fe1a96,1bc07c225aaf16d8cfb9f8f9690f8e94b04926e4,helix-admin-webapp/helix-admin-webapp-0.6.3-incubating-SNAPSHOT.ivy,HELIX-343,2013-12-10T18:00:06-08:00,2013-04-18T16:20:56-07:00
1689c67366b9f1947547271328db453713fe1a96,1bc07c225aaf16d8cfb9f8f9690f8e94b04926e4,helix-core/helix-core-0.6.3-incubating-SNAPSHOT.ivy,HELIX-343,2013-12-10T18:00:06-08:00,2013-04-18T16:20:56-07:00
d8a618eaf741a876eeb6304d0f69a4e85b7f922c,d226bd29102e26197304212b33ab2aa687fca9d0,helix-admin-webapp/helix-admin-webapp-0.6.3-incubating-SNAPSHOT.ivy,HELIX-343,2013-12-11T16:27:08-08:00,2012-03-19T18:14:00-07:00
d8a618eaf741a876eeb6304d0f69a4e85b7f922c,bb9631c7acd10d55df824f04514ee0738c329803,helix-core/helix-core-0.6.3-incubating-SNAPSHOT.ivy,HELIX-343,2013-12-11T16:27:08-08:00,2012-07-30T12:14:45-07:00
4e881378cd262505efa6ea6378cfcb0a88d2902f,579baa5bb061bec9d5b38731f20f51ea29a05f42,helix-core/src/main/java/org/apache/helix/manager/zk/ZKHelixManager.java,HELIX-380,2014-02-13T16:19:46-08:00,2013-10-24T15:40:55-07:00
4e881378cd262505efa6ea6378cfcb0a88d2902f,437eb42eac35e181ae6793dd17390df33565e4dd,helix-core/src/main/java/org/apache/helix/manager/zk/ZkCacheBaseDataAccessor.java,HELIX-380,2014-02-13T16:19:46-08:00,2012-10-24T16:14:36-07:00
c7b54e26bd1ed4341a95009b7e7ceef08fca6778,7e48570a2cfc35a4a8c3680731967a79a183a7b6,helix-core/src/main/java/org/apache/helix/controller/stages/ReadClusterDataStage.java,HELIX-378,2014-02-19T13:34:44-08:00,2014-02-19T10:43:07-08:00
c7b54e26bd1ed4341a95009b7e7ceef08fca6778,73bacfda0bc48a6020d13b0931919976ecd1ab80,helix-core/src/test/java/org/apache/helix/monitoring/TestClusterStatusMonitorLifecycle.java,HELIX-378,2014-02-19T13:34:44-08:00,2014-01-10T16:29:16-08:00
304995e75a1f65810157455b9bc416fc40bf250d,437eb42eac35e181ae6793dd17390df33565e4dd,helix-admin-webapp/src/test/java/org/apache/helix/tools/AdminTestBase.java,HELIX-397,2014-03-05T17:59:34-08:00,2012-10-24T16:14:36-07:00
304995e75a1f65810157455b9bc416fc40bf250d,437eb42eac35e181ae6793dd17390df33565e4dd,helix-admin-webapp/src/test/java/org/apache/helix/tools/TestHelixAdminScenariosRest.java,HELIX-397,2014-03-05T17:59:34-08:00,2012-10-24T16:14:36-07:00
304995e75a1f65810157455b9bc416fc40bf250d,437eb42eac35e181ae6793dd17390df33565e4dd,helix-admin-webapp/src/test/java/org/apache/helix/webapp/TestClusterManagementWebapp.java,HELIX-397,2014-03-05T17:59:34-08:00,2012-10-24T16:14:36-07:00
304995e75a1f65810157455b9bc416fc40bf250d,cba24a53b047fcfe003e3c92e25d4c5e565c54c1,helix-admin-webapp/src/test/java/org/apache/helix/webapp/TestTagAwareness.java,HELIX-397,2014-03-05T17:59:34-08:00,2014-03-05T14:45:43-08:00
c6cb2c2c8ff4fc5ba4644f2503117c210c4bfebc,18f603aa091e8ab69e9b97568dceac87b2d29389,hpost-review.sh,HELIX-363,2014-03-12T10:35:19-07:00,2013-08-21T11:07:11-07:00
4dc2b42576490c1b0479b0b50c5073b67bacfcfe,f414aad4c9b26fc767eaf373f7691f8e0487a598,helix-core/src/main/java/org/apache/helix/tools/ClusterStateVerifier.java,HELIX-410,2014-03-20T15:41:09-07:00,2013-08-21T13:42:57-07:00
4dc2b42576490c1b0479b0b50c5073b67bacfcfe,977660d0d15b5cda95705751620c36a52ebb4d7a,helix-core/src/main/java/org/apache/helix/tools/ClusterStateVerifier.java,HELIX-410,2014-03-20T15:41:09-07:00,2014-02-19T17:38:04-08:00
82d9d09bf4aeae77ddd6b0cb9fef6d8ba95dda17,1de9a19061ec36537e2b668cb687173df15f0f8e,helix-core/helix-core-0.6.4-SNAPSHOT.ivy,HELIX-414,2014-03-25T14:19:25-07:00,2012-08-09T09:56:38-07:00
82d9d09bf4aeae77ddd6b0cb9fef6d8ba95dda17,f414aad4c9b26fc767eaf373f7691f8e0487a598,recipes/rsync-replicated-file-system/src/main/java/org/apache/helix/filestore/FileStoreStateModel.java,HELIX-414,2014-03-25T14:19:25-07:00,2013-08-21T13:42:57-07:00
82d9d09bf4aeae77ddd6b0cb9fef6d8ba95dda17,342ea1c277651a6e3cf85b10949c2953d93618dd,recipes/rsync-replicated-file-system/src/main/java/org/apache/helix/filestore/FileStoreStateModel.java,HELIX-414,2014-03-25T14:19:25-07:00,2012-12-07T01:22:25-08:00
d540ba8a20795d474472c62a89dc1b7bb5afd011,f678f79f34be5061c91a687b7ff826198d1daca9,helix-core/src/main/java/org/apache/helix/participant/DistClusterControllerElection.java,HELIX-423,2014-04-03T12:59:25-07:00,2014-01-10T16:31:40-08:00
d540ba8a20795d474472c62a89dc1b7bb5afd011,310431629d7212eac8f0680264599c98e62f655c,helix-core/src/main/java/org/apache/helix/participant/DistClusterControllerElection.java,HELIX-423,2014-04-03T12:59:25-07:00,2012-11-27T18:52:33-08:00
d540ba8a20795d474472c62a89dc1b7bb5afd011,437eb42eac35e181ae6793dd17390df33565e4dd,helix-core/src/main/java/org/apache/helix/participant/DistClusterControllerElection.java,HELIX-423,2014-04-03T12:59:25-07:00,2012-10-24T16:14:36-07:00
d540ba8a20795d474472c62a89dc1b7bb5afd011,f414aad4c9b26fc767eaf373f7691f8e0487a598,helix-core/src/main/java/org/apache/helix/participant/DistClusterControllerElection.java,HELIX-423,2014-04-03T12:59:25-07:00,2013-08-21T13:42:57-07:00
d540ba8a20795d474472c62a89dc1b7bb5afd011,c54c616333fa4a6d28b2fdf4d256d3e9d928b076,helix-core/src/main/java/org/apache/helix/participant/DistClusterControllerElection.java,HELIX-423,2014-04-03T12:59:25-07:00,2012-10-25T23:53:15+02:00
d540ba8a20795d474472c62a89dc1b7bb5afd011,437eb42eac35e181ae6793dd17390df33565e4dd,helix-core/src/test/java/org/apache/helix/participant/MockZKHelixManager.java,HELIX-423,2014-04-03T12:59:25-07:00,2012-10-24T16:14:36-07:00
d540ba8a20795d474472c62a89dc1b7bb5afd011,437eb42eac35e181ae6793dd17390df33565e4dd,helix-core/src/test/java/org/apache/helix/participant/TestDistControllerElection.java,HELIX-423,2014-04-03T12:59:25-07:00,2012-10-24T16:14:36-07:00
44d4d17cf73b07178c035b4bd55cc810d0b3ad42,d8a618eaf741a876eeb6304d0f69a4e85b7f922c,helix-admin-webapp/helix-admin-webapp-0.6.4-SNAPSHOT.ivy,HELIX-429,2014-04-12T11:53:43-07:00,2013-12-11T16:27:08-08:00
44d4d17cf73b07178c035b4bd55cc810d0b3ad42,d8a618eaf741a876eeb6304d0f69a4e85b7f922c,helix-core/helix-core-0.6.4-SNAPSHOT.ivy,HELIX-429,2014-04-12T11:53:43-07:00,2013-12-11T16:27:08-08:00
2ef81543bebcd9bae0a73d36329717760ad77613,44d4d17cf73b07178c035b4bd55cc810d0b3ad42,helix-admin-webapp/helix-admin-webapp-0.6.4-SNAPSHOT.ivy,HELIX-430,2014-05-20T16:30:53-07:00,2014-04-12T11:53:43-07:00
2ef81543bebcd9bae0a73d36329717760ad77613,437eb42eac35e181ae6793dd17390df33565e4dd,helix-admin-webapp/src/test/java/org/apache/helix/webapp/TestHelixAdminScenariosRest.java,HELIX-430,2014-05-20T16:30:53-07:00,2012-10-24T16:14:36-07:00
2ef81543bebcd9bae0a73d36329717760ad77613,f414aad4c9b26fc767eaf373f7691f8e0487a598,helix-admin-webapp/src/test/java/org/apache/helix/webapp/TestHelixAdminScenariosRest.java,HELIX-430,2014-05-20T16:30:53-07:00,2013-08-21T13:42:57-07:00
2ef81543bebcd9bae0a73d36329717760ad77613,304995e75a1f65810157455b9bc416fc40bf250d,helix-admin-webapp/src/test/java/org/apache/helix/webapp/TestHelixAdminScenariosRest.java,HELIX-430,2014-05-20T16:30:53-07:00,2014-03-05T17:59:34-08:00
2ef81543bebcd9bae0a73d36329717760ad77613,44d4d17cf73b07178c035b4bd55cc810d0b3ad42,helix-core/helix-core-0.6.4-SNAPSHOT.ivy,HELIX-430,2014-05-20T16:30:53-07:00,2014-04-12T11:53:43-07:00
2ef81543bebcd9bae0a73d36329717760ad77613,4b100800c61309aa1d70defe0357ddde5dcfaf3d,helix-core/pom.xml,HELIX-430,2014-05-20T16:30:53-07:00,2014-04-12T11:46:09-07:00
2ef81543bebcd9bae0a73d36329717760ad77613,4b100800c61309aa1d70defe0357ddde5dcfaf3d,pom.xml,HELIX-430,2014-05-20T16:30:53-07:00,2014-04-12T11:46:09-07:00
05147327c5b59f1eb3570f08dd9419201cea1efd,a1bf1244f18a0b43bc53aabe702a03516df72fc0,helix-core/src/main/java/org/apache/helix/messaging/handling/HelixTaskExecutor.java,HELIX-443,2014-05-21T15:09:14-07:00,2013-02-05T13:06:04-08:00
05147327c5b59f1eb3570f08dd9419201cea1efd,6119a4467b0fadbab09267a68d15aa470410a182,helix-core/src/main/java/org/apache/helix/messaging/handling/HelixTaskExecutor.java,HELIX-443,2014-05-21T15:09:14-07:00,2013-03-20T15:14:08-07:00
05147327c5b59f1eb3570f08dd9419201cea1efd,6bb6e2c010055c9df2e1945cea428cfe660d7a24,helix-core/src/main/java/org/apache/helix/messaging/handling/HelixTaskExecutor.java,HELIX-443,2014-05-21T15:09:14-07:00,2013-07-12T10:04:14-07:00
05147327c5b59f1eb3570f08dd9419201cea1efd,437eb42eac35e181ae6793dd17390df33565e4dd,helix-core/src/main/java/org/apache/helix/messaging/handling/HelixTaskExecutor.java,HELIX-443,2014-05-21T15:09:14-07:00,2012-10-24T16:14:36-07:00
05147327c5b59f1eb3570f08dd9419201cea1efd,f414aad4c9b26fc767eaf373f7691f8e0487a598,helix-core/src/main/java/org/apache/helix/messaging/handling/HelixTaskExecutor.java,HELIX-443,2014-05-21T15:09:14-07:00,2013-08-21T13:42:57-07:00
590f65cf9538435c89dfd71922479b281a159e60,579baa5bb061bec9d5b38731f20f51ea29a05f42,helix-core/src/main/java/org/apache/helix/manager/zk/ZKHelixManager.java,HELIX-445,2014-05-21T18:26:40-07:00,2013-10-24T15:40:55-07:00
590f65cf9538435c89dfd71922479b281a159e60,437eb42eac35e181ae6793dd17390df33565e4dd,helix-core/src/main/java/org/apache/helix/monitoring/ZKPathDataDumpTask.java,HELIX-445,2014-05-21T18:26:40-07:00,2012-10-24T16:14:36-07:00
590f65cf9538435c89dfd71922479b281a159e60,f414aad4c9b26fc767eaf373f7691f8e0487a598,helix-core/src/main/java/org/apache/helix/monitoring/ZKPathDataDumpTask.java,HELIX-445,2014-05-21T18:26:40-07:00,2013-08-21T13:42:57-07:00
590f65cf9538435c89dfd71922479b281a159e60,ad9b6debc977b3f45d7c561ffd356e2a763e6018,helix-core/src/main/java/org/apache/helix/monitoring/ZKPathDataDumpTask.java,HELIX-445,2014-05-21T18:26:40-07:00,2013-10-28T11:07:00-07:00
590f65cf9538435c89dfd71922479b281a159e60,579baa5bb061bec9d5b38731f20f51ea29a05f42,helix-core/src/test/java/org/apache/helix/integration/TestHelixCustomCodeRunner.java,HELIX-445,2014-05-21T18:26:40-07:00,2013-10-24T15:40:55-07:00
590f65cf9538435c89dfd71922479b281a159e60,437eb42eac35e181ae6793dd17390df33565e4dd,helix-core/src/test/java/org/apache/helix/integration/TestHelixCustomCodeRunner.java,HELIX-445,2014-05-21T18:26:40-07:00,2012-10-24T16:14:36-07:00
590f65cf9538435c89dfd71922479b281a159e60,f414aad4c9b26fc767eaf373f7691f8e0487a598,helix-core/src/test/java/org/apache/helix/integration/TestHelixCustomCodeRunner.java,HELIX-445,2014-05-21T18:26:40-07:00,2013-08-21T13:42:57-07:00
590f65cf9538435c89dfd71922479b281a159e60,99d394bfb4e2fcc561f39d59a94f9c64f48399fd,helix-core/src/test/java/org/apache/helix/integration/TestHelixCustomCodeRunner.java,HELIX-445,2014-05-21T18:26:40-07:00,2012-11-08T17:02:17-08:00
590f65cf9538435c89dfd71922479b281a159e60,579baa5bb061bec9d5b38731f20f51ea29a05f42,helix-core/src/test/java/org/apache/helix/integration/TestSchedulerMessage.java,HELIX-445,2014-05-21T18:26:40-07:00,2013-10-24T15:40:55-07:00
590f65cf9538435c89dfd71922479b281a159e60,579baa5bb061bec9d5b38731f20f51ea29a05f42,helix-core/src/test/java/org/apache/helix/integration/manager/MockParticipantManager.java,HELIX-445,2014-05-21T18:26:40-07:00,2013-10-24T15:40:55-07:00
590f65cf9538435c89dfd71922479b281a159e60,437eb42eac35e181ae6793dd17390df33565e4dd,helix-core/src/test/java/org/apache/helix/mock/participant/MockJobIntf.java,HELIX-445,2014-05-21T18:26:40-07:00,2012-10-24T16:14:36-07:00
590f65cf9538435c89dfd71922479b281a159e60,f414aad4c9b26fc767eaf373f7691f8e0487a598,helix-core/src/test/java/org/apache/helix/mock/participant/MockJobIntf.java,HELIX-445,2014-05-21T18:26:40-07:00,2013-08-21T13:42:57-07:00
590f65cf9538435c89dfd71922479b281a159e60,99d394bfb4e2fcc561f39d59a94f9c64f48399fd,helix-core/src/test/java/org/apache/helix/mock/participant/MockJobIntf.java,HELIX-445,2014-05-21T18:26:40-07:00,2012-11-08T17:02:17-08:00
590f65cf9538435c89dfd71922479b281a159e60,f414aad4c9b26fc767eaf373f7691f8e0487a598,helix-core/src/test/java/org/apache/helix/monitoring/TestParticipantMonitor.java,HELIX-445,2014-05-21T18:26:40-07:00,2013-08-21T13:42:57-07:00
590f65cf9538435c89dfd71922479b281a159e60,f414aad4c9b26fc767eaf373f7691f8e0487a598,helix-core/src/test/java/org/apache/helix/monitoring/TestStatCollector.java,HELIX-445,2014-05-21T18:26:40-07:00,2013-08-21T13:42:57-07:00
7ecee11d6e4faf84cf994aa4f616c04f766e5205,f4747f9b3c1f7d10275dd33aae262a1965c2967b,recipes/rabbitmq-consumer-group/bin/log4j.xml,HELIX-464,2014-06-26T17:10:19-07:00,2012-12-07T23:53:33+01:00
7ecee11d6e4faf84cf994aa4f616c04f766e5205,6ae3fb7dd1634accd02e48e29e15e17540fb45ca,recipes/rabbitmq-consumer-group/bin/log4j.xml,HELIX-464,2014-06-26T17:10:19-07:00,2012-10-08T15:38:09-07:00
7ecee11d6e4faf84cf994aa4f616c04f766e5205,c14f40cac7df3f47ab7ab0bcb4c5b2c2274674d6,recipes/rabbitmq-consumer-group/bin/setup-cluster.sh,HELIX-464,2014-06-26T17:10:19-07:00,2012-10-09T13:37:13-07:00
7ecee11d6e4faf84cf994aa4f616c04f766e5205,588709932a7098e9031605cec06feba13b523356,recipes/rabbitmq-consumer-group/bin/setup-cluster.sh,HELIX-464,2014-06-26T17:10:19-07:00,2014-03-14T15:13:51-07:00
7ecee11d6e4faf84cf994aa4f616c04f766e5205,3cb7a1c99422960230891bbe709bef5d93580726,recipes/rabbitmq-consumer-group/bin/setup-cluster.sh,HELIX-464,2014-06-26T17:10:19-07:00,2012-10-24T15:24:51-07:00
7ecee11d6e4faf84cf994aa4f616c04f766e5205,c14f40cac7df3f47ab7ab0bcb4c5b2c2274674d6,recipes/rabbitmq-consumer-group/bin/start-cluster-manager.sh,HELIX-464,2014-06-26T17:10:19-07:00,2012-10-09T13:37:13-07:00
7ecee11d6e4faf84cf994aa4f616c04f766e5205,588709932a7098e9031605cec06feba13b523356,recipes/rabbitmq-consumer-group/bin/start-cluster-manager.sh,HELIX-464,2014-06-26T17:10:19-07:00,2014-03-14T15:13:51-07:00
7ecee11d6e4faf84cf994aa4f616c04f766e5205,3cb7a1c99422960230891bbe709bef5d93580726,recipes/rabbitmq-consumer-group/bin/start-cluster-manager.sh,HELIX-464,2014-06-26T17:10:19-07:00,2012-10-24T15:24:51-07:00
7ecee11d6e4faf84cf994aa4f616c04f766e5205,c14f40cac7df3f47ab7ab0bcb4c5b2c2274674d6,recipes/rabbitmq-consumer-group/bin/start-consumer.sh,HELIX-464,2014-06-26T17:10:19-07:00,2012-10-09T13:37:13-07:00
7ecee11d6e4faf84cf994aa4f616c04f766e5205,588709932a7098e9031605cec06feba13b523356,recipes/rabbitmq-consumer-group/bin/start-consumer.sh,HELIX-464,2014-06-26T17:10:19-07:00,2014-03-14T15:13:51-07:00
7ecee11d6e4faf84cf994aa4f616c04f766e5205,3cb7a1c99422960230891bbe709bef5d93580726,recipes/rabbitmq-consumer-group/bin/start-consumer.sh,HELIX-464,2014-06-26T17:10:19-07:00,2012-10-24T15:24:51-07:00
7ecee11d6e4faf84cf994aa4f616c04f766e5205,e67a66ef10b8cb3a811187b76c421f1ab673a226,recipes/rabbitmq-consumer-group/pom.xml,HELIX-464,2014-06-26T17:10:19-07:00,2013-08-08T00:42:07-07:00
7ecee11d6e4faf84cf994aa4f616c04f766e5205,c14f40cac7df3f47ab7ab0bcb4c5b2c2274674d6,recipes/rabbitmq-consumer-group/src/main/config/log4j.properties,HELIX-464,2014-06-26T17:10:19-07:00,2012-10-09T13:37:13-07:00
7ecee11d6e4faf84cf994aa4f616c04f766e5205,588709932a7098e9031605cec06feba13b523356,recipes/rabbitmq-consumer-group/src/main/config/log4j.properties,HELIX-464,2014-06-26T17:10:19-07:00,2014-03-14T15:13:51-07:00
7ecee11d6e4faf84cf994aa4f616c04f766e5205,3cb7a1c99422960230891bbe709bef5d93580726,recipes/rabbitmq-consumer-group/src/main/config/log4j.properties,HELIX-464,2014-06-26T17:10:19-07:00,2012-10-24T15:24:51-07:00
7ecee11d6e4faf84cf994aa4f616c04f766e5205,437eb42eac35e181ae6793dd17390df33565e4dd,recipes/rabbitmq-consumer-group/src/main/java/org/apache/helix/recipes/rabbitmq/SetupConsumerCluster.java,HELIX-464,2014-06-26T17:10:19-07:00,2012-10-24T16:14:36-07:00
4f85a26fff1d27a2849a99f6597c11b40248273c,579baa5bb061bec9d5b38731f20f51ea29a05f42,helix-core/src/main/java/org/apache/helix/manager/zk/ZKHelixManager.java,HELIX-491,2014-07-28T16:14:39-07:00,2013-10-24T15:40:55-07:00
d9869eae1f5ba7006c744d3024840712d0f45347,24b99e877037d56c5a8515b606b366c8a74f1d8d,helix-core/src/main/java/org/apache/helix/task/Workflow.java,HELIX-422,2014-08-07T13:47:53-07:00,2014-08-05T13:16:07-07:00
45a9fd3a960f6bb7b32c3135fb692ab23e8dc5a7,af882ea025b1daf821f9f17f969a587ca7ec3e17,helix-core/src/main/java/org/apache/helix/manager/zk/ZKHelixManager.java,HELIX-550,2014-11-18T20:41:20-08:00,2014-11-17T16:15:53-08:00
b2794e744e945da966c7ac6ae6408636951281d3,437eb42eac35e181ae6793dd17390df33565e4dd,helix-core/src/main/java/org/apache/helix/tools/ClusterStateVerifier.java,HELIX-555,2014-11-20T20:36:01-08:00,2012-10-24T16:14:36-07:00
b2794e744e945da966c7ac6ae6408636951281d3,f414aad4c9b26fc767eaf373f7691f8e0487a598,helix-core/src/main/java/org/apache/helix/tools/ClusterStateVerifier.java,HELIX-555,2014-11-20T20:36:01-08:00,2013-08-21T13:42:57-07:00
5378afab5646a6451665c1d8d3edb699daea5c64,437eb42eac35e181ae6793dd17390df33565e4dd,helix-core/src/main/java/org/apache/helix/controller/stages/CurrentStateComputationStage.java,HELIX-541,2014-11-25T10:59:30-08:00,2012-10-24T16:14:36-07:00
5378afab5646a6451665c1d8d3edb699daea5c64,f414aad4c9b26fc767eaf373f7691f8e0487a598,helix-core/src/main/java/org/apache/helix/controller/stages/CurrentStateComputationStage.java,HELIX-541,2014-11-25T10:59:30-08:00,2013-08-21T13:42:57-07:00
5378afab5646a6451665c1d8d3edb699daea5c64,1e017f16a8a694c819edb0c3eddeecee3245f6b8,helix-core/src/main/java/org/apache/helix/controller/stages/CurrentStateComputationStage.java,HELIX-541,2014-11-25T10:59:30-08:00,2014-03-26T17:33:13-07:00
5378afab5646a6451665c1d8d3edb699daea5c64,437eb42eac35e181ae6793dd17390df33565e4dd,helix-core/src/main/java/org/apache/helix/controller/stages/CurrentStateOutput.java,HELIX-541,2014-11-25T10:59:30-08:00,2012-10-24T16:14:36-07:00
5378afab5646a6451665c1d8d3edb699daea5c64,f414aad4c9b26fc767eaf373f7691f8e0487a598,helix-core/src/main/java/org/apache/helix/controller/stages/CurrentStateOutput.java,HELIX-541,2014-11-25T10:59:30-08:00,2013-08-21T13:42:57-07:00
5378afab5646a6451665c1d8d3edb699daea5c64,f1df105878c368e7ef93735a6c4c96532fb806df,helix-core/src/main/java/org/apache/helix/controller/stages/CurrentStateOutput.java,HELIX-541,2014-11-25T10:59:30-08:00,2014-05-20T11:10:05-07:00
5378afab5646a6451665c1d8d3edb699daea5c64,f414aad4c9b26fc767eaf373f7691f8e0487a598,helix-core/src/main/java/org/apache/helix/controller/stages/MessageGenerationPhase.java,HELIX-541,2014-11-25T10:59:30-08:00,2013-08-21T13:42:57-07:00
5378afab5646a6451665c1d8d3edb699daea5c64,de238d68efbc63374470aa15ca552e81147a1cc9,helix-core/src/main/java/org/apache/helix/controller/stages/MessageSelectionStage.java,HELIX-541,2014-11-25T10:59:30-08:00,2014-11-10T13:41:32-08:00
5378afab5646a6451665c1d8d3edb699daea5c64,437eb42eac35e181ae6793dd17390df33565e4dd,helix-core/src/main/java/org/apache/helix/controller/stages/MessageSelectionStage.java,HELIX-541,2014-11-25T10:59:30-08:00,2012-10-24T16:14:36-07:00
5378afab5646a6451665c1d8d3edb699daea5c64,f414aad4c9b26fc767eaf373f7691f8e0487a598,helix-core/src/main/java/org/apache/helix/controller/stages/MessageSelectionStage.java,HELIX-541,2014-11-25T10:59:30-08:00,2013-08-21T13:42:57-07:00
5378afab5646a6451665c1d8d3edb699daea5c64,961a9e1feb09b707160c7d2d5234549cf4677956,helix-core/src/main/java/org/apache/helix/controller/strategy/AutoRebalanceStrategy.java,HELIX-541,2014-11-25T10:59:30-08:00,2014-11-13T17:26:06-08:00
5378afab5646a6451665c1d8d3edb699daea5c64,2045ad76e6f8a79b5b5e01ba933620df545ad9ab,helix-core/src/main/java/org/apache/helix/controller/strategy/AutoRebalanceStrategy.java,HELIX-541,2014-11-25T10:59:30-08:00,2013-10-28T15:36:41-07:00
5378afab5646a6451665c1d8d3edb699daea5c64,6c4ba17b5b222ba31f3ec263f5f6c96184aa4ad8,helix-core/src/main/java/org/apache/helix/controller/strategy/AutoRebalanceStrategy.java,HELIX-541,2014-11-25T10:59:30-08:00,2013-07-26T14:15:04-07:00
5378afab5646a6451665c1d8d3edb699daea5c64,c8393f0485ceacc97df0894df3889ede0171ffc0,helix-core/src/main/java/org/apache/helix/manager/zk/ZKUtil.java,HELIX-541,2014-11-25T10:59:30-08:00,2013-04-15T18:34:05-07:00
5378afab5646a6451665c1d8d3edb699daea5c64,f3be50e4b0e1ef4513fb04ece07009b9d7168fb2,helix-core/src/main/java/org/apache/helix/task/FixedTargetTaskRebalancer.java,HELIX-541,2014-11-25T10:59:30-08:00,2014-08-26T11:02:10-07:00
5378afab5646a6451665c1d8d3edb699daea5c64,1e017f16a8a694c819edb0c3eddeecee3245f6b8,helix-core/src/main/java/org/apache/helix/task/TaskRebalancer.java,HELIX-541,2014-11-25T10:59:30-08:00,2014-03-26T17:33:13-07:00
5378afab5646a6451665c1d8d3edb699daea5c64,437eb42eac35e181ae6793dd17390df33565e4dd,helix-core/src/test/java/org/apache/helix/controller/stages/TestCurrentStateComputationStage.java,HELIX-541,2014-11-25T10:59:30-08:00,2012-10-24T16:14:36-07:00
5378afab5646a6451665c1d8d3edb699daea5c64,437eb42eac35e181ae6793dd17390df33565e4dd,helix-core/src/test/java/org/apache/helix/controller/stages/TestMsgSelectionStage.java,HELIX-541,2014-11-25T10:59:30-08:00,2012-10-24T16:14:36-07:00
5378afab5646a6451665c1d8d3edb699daea5c64,f414aad4c9b26fc767eaf373f7691f8e0487a598,helix-core/src/test/java/org/apache/helix/controller/stages/TestMsgSelectionStage.java,HELIX-541,2014-11-25T10:59:30-08:00,2013-08-21T13:42:57-07:00
e89174053fa9c447dacd99af3fcba89c82467b60,437eb42eac35e181ae6793dd17390df33565e4dd,helix-admin-webapp/src/main/java/org/apache/helix/webapp/resources/ClusterRepresentationUtil.java,HELIX-559,2014-12-11T16:52:32-08:00,2012-10-24T16:14:36-07:00
e89174053fa9c447dacd99af3fcba89c82467b60,437eb42eac35e181ae6793dd17390df33565e4dd,helix-admin-webapp/src/main/java/org/apache/helix/webapp/resources/ExternalViewResource.java,HELIX-559,2014-12-11T16:52:32-08:00,2012-10-24T16:14:36-07:00
e89174053fa9c447dacd99af3fcba89c82467b60,f414aad4c9b26fc767eaf373f7691f8e0487a598,helix-admin-webapp/src/main/java/org/apache/helix/webapp/resources/ExternalViewResource.java,HELIX-559,2014-12-11T16:52:32-08:00,2013-08-21T13:42:57-07:00
e89174053fa9c447dacd99af3fcba89c82467b60,437eb42eac35e181ae6793dd17390df33565e4dd,helix-admin-webapp/src/main/java/org/apache/helix/webapp/resources/IdealStateResource.java,HELIX-559,2014-12-11T16:52:32-08:00,2012-10-24T16:14:36-07:00
e89174053fa9c447dacd99af3fcba89c82467b60,f414aad4c9b26fc767eaf373f7691f8e0487a598,helix-admin-webapp/src/main/java/org/apache/helix/webapp/resources/IdealStateResource.java,HELIX-559,2014-12-11T16:52:32-08:00,2013-08-21T13:42:57-07:00
e89174053fa9c447dacd99af3fcba89c82467b60,9a5dbeaa624715e76486ae908eab48e503d28ceb,helix-admin-webapp/src/main/java/org/apache/helix/webapp/resources/IdealStateResource.java,HELIX-559,2014-12-11T16:52:32-08:00,2014-12-02T18:26:02-08:00
e89174053fa9c447dacd99af3fcba89c82467b60,8b13937a00963538bb2116880c94b69c84bd1b5d,helix-admin-webapp/src/main/java/org/apache/helix/webapp/resources/InstanceResource.java,HELIX-559,2014-12-11T16:52:32-08:00,2013-03-26T15:05:38-07:00
e89174053fa9c447dacd99af3fcba89c82467b60,437eb42eac35e181ae6793dd17390df33565e4dd,helix-admin-webapp/src/main/java/org/apache/helix/webapp/resources/InstanceResource.java,HELIX-559,2014-12-11T16:52:32-08:00,2012-10-24T16:14:36-07:00
e89174053fa9c447dacd99af3fcba89c82467b60,f414aad4c9b26fc767eaf373f7691f8e0487a598,helix-admin-webapp/src/main/java/org/apache/helix/webapp/resources/InstanceResource.java,HELIX-559,2014-12-11T16:52:32-08:00,2013-08-21T13:42:57-07:00
e89174053fa9c447dacd99af3fcba89c82467b60,437eb42eac35e181ae6793dd17390df33565e4dd,helix-admin-webapp/src/main/java/org/apache/helix/webapp/resources/ResourceGroupResource.java,HELIX-559,2014-12-11T16:52:32-08:00,2012-10-24T16:14:36-07:00
e89174053fa9c447dacd99af3fcba89c82467b60,f414aad4c9b26fc767eaf373f7691f8e0487a598,helix-admin-webapp/src/main/java/org/apache/helix/webapp/resources/ResourceGroupResource.java,HELIX-559,2014-12-11T16:52:32-08:00,2013-08-21T13:42:57-07:00
e89174053fa9c447dacd99af3fcba89c82467b60,c5a754be0e306e4413d9a0528d012b5c4dba8917,helix-admin-webapp/src/main/java/org/apache/helix/webapp/resources/ResourceGroupResource.java,HELIX-559,2014-12-11T16:52:32-08:00,2014-05-21T14:56:47-07:00
e89174053fa9c447dacd99af3fcba89c82467b60,437eb42eac35e181ae6793dd17390df33565e4dd,helix-admin-webapp/src/main/java/org/apache/helix/webapp/resources/ResourceGroupsResource.java,HELIX-559,2014-12-11T16:52:32-08:00,2012-10-24T16:14:36-07:00
e89174053fa9c447dacd99af3fcba89c82467b60,f414aad4c9b26fc767eaf373f7691f8e0487a598,helix-admin-webapp/src/main/java/org/apache/helix/webapp/resources/ResourceGroupsResource.java,HELIX-559,2014-12-11T16:52:32-08:00,2013-08-21T13:42:57-07:00
e89174053fa9c447dacd99af3fcba89c82467b60,cba24a53b047fcfe003e3c92e25d4c5e565c54c1,helix-admin-webapp/src/main/java/org/apache/helix/webapp/resources/ResourceGroupsResource.java,HELIX-559,2014-12-11T16:52:32-08:00,2014-03-05T14:45:43-08:00
e89174053fa9c447dacd99af3fcba89c82467b60,aa2e968f7ac4944ce60f9defdeee2fb9b8638cb9,helix-admin-webapp/src/main/java/org/apache/helix/webapp/resources/ResourceUtil.java,HELIX-559,2014-12-11T16:52:32-08:00,2014-12-02T14:07:34-08:00
e89174053fa9c447dacd99af3fcba89c82467b60,9a5dbeaa624715e76486ae908eab48e503d28ceb,helix-admin-webapp/src/main/java/org/apache/helix/webapp/resources/ResourceUtil.java,HELIX-559,2014-12-11T16:52:32-08:00,2014-12-02T18:26:02-08:00
e89174053fa9c447dacd99af3fcba89c82467b60,aa2e968f7ac4944ce60f9defdeee2fb9b8638cb9,helix-admin-webapp/src/test/java/org/apache/helix/webapp/resources/TestJobQueuesResource.java,HELIX-559,2014-12-11T16:52:32-08:00,2014-12-02T14:07:34-08:00
e89174053fa9c447dacd99af3fcba89c82467b60,aa2e968f7ac4944ce60f9defdeee2fb9b8638cb9,helix-admin-webapp/src/test/java/org/apache/helix/webapp/resources/TestJsonParameters.java,HELIX-559,2014-12-11T16:52:32-08:00,2014-12-02T14:07:34-08:00
e89174053fa9c447dacd99af3fcba89c82467b60,f414aad4c9b26fc767eaf373f7691f8e0487a598,helix-core/src/main/java/org/apache/helix/manager/zk/ZKUtil.java,HELIX-559,2014-12-11T16:52:32-08:00,2013-08-21T13:42:57-07:00
e89174053fa9c447dacd99af3fcba89c82467b60,437eb42eac35e181ae6793dd17390df33565e4dd,helix-core/src/main/java/org/apache/helix/manager/zk/ZKUtil.java,HELIX-559,2014-12-11T16:52:32-08:00,2012-10-24T16:14:36-07:00
e89174053fa9c447dacd99af3fcba89c82467b60,22113e82623a086052904c2037b9719cc9257eff,helix-core/src/main/java/org/apache/helix/manager/zk/ZKUtil.java,HELIX-559,2014-12-11T16:52:32-08:00,2012-11-14T10:23:56-08:00
e89174053fa9c447dacd99af3fcba89c82467b60,5378afab5646a6451665c1d8d3edb699daea5c64,helix-core/src/main/java/org/apache/helix/manager/zk/ZKUtil.java,HELIX-559,2014-12-11T16:52:32-08:00,2014-11-25T10:59:30-08:00
e89174053fa9c447dacd99af3fcba89c82467b60,aa2e968f7ac4944ce60f9defdeee2fb9b8638cb9,pom.xml,HELIX-559,2014-12-11T16:52:32-08:00,2014-12-02T14:07:34-08:00
e2e3fec2daaba859f8b9ff40c9bb08720f63db02,437eb42eac35e181ae6793dd17390df33565e4dd,helix-core/src/main/java/org/apache/helix/manager/zk/ZkAsyncCallbacks.java,HELIX-559,2014-12-15T13:17:01-08:00,2012-10-24T16:14:36-07:00
e2e3fec2daaba859f8b9ff40c9bb08720f63db02,f414aad4c9b26fc767eaf373f7691f8e0487a598,helix-core/src/main/java/org/apache/helix/manager/zk/ZkAsyncCallbacks.java,HELIX-559,2014-12-15T13:17:01-08:00,2013-08-21T13:42:57-07:00
3a4ff21b4424be359205d53e16e9504217bcae8f,c5a754be0e306e4413d9a0528d012b5c4dba8917,helix-core/src/main/java/org/apache/helix/controller/rebalancer/CustomRebalancer.java,HELIX-574,2015-03-12T00:31:28-07:00,2014-05-21T14:56:47-07:00
3a4ff21b4424be359205d53e16e9504217bcae8f,c5a754be0e306e4413d9a0528d012b5c4dba8917,helix-core/src/main/java/org/apache/helix/controller/rebalancer/util/ConstraintBasedAssignment.java,HELIX-574,2015-03-12T00:31:28-07:00,2014-05-21T14:56:47-07:00
3a4ff21b4424be359205d53e16e9504217bcae8f,f414aad4c9b26fc767eaf373f7691f8e0487a598,helix-core/src/main/java/org/apache/helix/manager/zk/ParticipantManagerHelper.java,HELIX-574,2015-03-12T00:31:28-07:00,2013-08-21T13:42:57-07:00
3a4ff21b4424be359205d53e16e9504217bcae8f,94367e1c7840b5c35a84f0ee440d443047c6dbaa,helix-core/src/main/java/org/apache/helix/manager/zk/ParticipantManagerHelper.java,HELIX-574,2015-03-12T00:31:28-07:00,2013-06-21T13:57:48-07:00
3a4ff21b4424be359205d53e16e9504217bcae8f,c92428023a6b8456c0e0ecce0649e61ea2575863,helix-core/src/test/java/org/apache/helix/integration/TestSchedulerMessage.java,HELIX-574,2015-03-12T00:31:28-07:00,2014-01-22T15:18:02-08:00
3a4ff21b4424be359205d53e16e9504217bcae8f,7a8681872bc6a44217e89552bd6e2d6b22ac7d4d,helix-core/src/test/java/org/apache/helix/integration/TestSchedulerMessage.java,HELIX-574,2015-03-12T00:31:28-07:00,2013-03-26T16:42:12-07:00
3a4ff21b4424be359205d53e16e9504217bcae8f,2d2b85f94e113e54733bfd8a792c1e1318f70a24,helix-core/src/test/java/org/apache/helix/integration/TestSchedulerMessage.java,HELIX-574,2015-03-12T00:31:28-07:00,2012-11-14T16:50:10-08:00
3a4ff21b4424be359205d53e16e9504217bcae8f,3146762b2e3c171ed70d1cf5587c2c85992bbfa8,helix-core/src/test/java/org/apache/helix/integration/TestSchedulerMessage.java,HELIX-574,2015-03-12T00:31:28-07:00,2014-05-20T17:56:01-07:00
3a4ff21b4424be359205d53e16e9504217bcae8f,437eb42eac35e181ae6793dd17390df33565e4dd,helix-core/src/test/java/org/apache/helix/integration/TestSchedulerMessage.java,HELIX-574,2015-03-12T00:31:28-07:00,2012-10-24T16:14:36-07:00
3a4ff21b4424be359205d53e16e9504217bcae8f,f7cc98631ef9e82f90b8ca90cda50a40b7811ac8,helix-core/src/test/java/org/apache/helix/integration/TestSchedulerMessage.java,HELIX-574,2015-03-12T00:31:28-07:00,2013-01-02T10:59:15-08:00
3a4ff21b4424be359205d53e16e9504217bcae8f,579baa5bb061bec9d5b38731f20f51ea29a05f42,helix-core/src/test/java/org/apache/helix/integration/TestSchedulerMessage.java,HELIX-574,2015-03-12T00:31:28-07:00,2013-10-24T15:40:55-07:00
3a4ff21b4424be359205d53e16e9504217bcae8f,96cc674174ae7e401f54bef43c11c0bc0f02986b,helix-core/src/test/java/org/apache/helix/integration/TestSchedulerMessage.java,HELIX-574,2015-03-12T00:31:28-07:00,2013-05-16T18:13:20-07:00
3a4ff21b4424be359205d53e16e9504217bcae8f,f414aad4c9b26fc767eaf373f7691f8e0487a598,helix-core/src/test/java/org/apache/helix/integration/TestSchedulerMessage.java,HELIX-574,2015-03-12T00:31:28-07:00,2013-08-21T13:42:57-07:00
3a4ff21b4424be359205d53e16e9504217bcae8f,5e8a912bd4f4c83ad84cb8f92d3f4acca56972cf,helix-core/src/test/java/org/apache/helix/integration/TestSchedulerMessage.java,HELIX-574,2015-03-12T00:31:28-07:00,2013-02-15T14:19:24-08:00
d83fb5801bb623e716af3672f979614b41983b6b,f31af595c4b535e73bddf45e862daf510870c3a3,helix-admin-webapp/helix-admin-webapp-0.6.6-SNAPSHOT.ivy,HELIX-569,2015-03-17T11:35:07-07:00,2014-09-02T14:21:55-07:00
d83fb5801bb623e716af3672f979614b41983b6b,9f024327c13b29bd290588174165724eba211b0a,helix-agent/helix-agent-0.6.6-SNAPSHOT.ivy,HELIX-569,2015-03-17T11:35:07-07:00,2014-11-05T11:57:17-08:00
d83fb5801bb623e716af3672f979614b41983b6b,98270c8adeae84ec7d365e7572330ca78a0675d3,helix-core/helix-core-0.6.6-SNAPSHOT.ivy,HELIX-569,2015-03-17T11:35:07-07:00,2012-02-03T18:18:29-08:00
d83fb5801bb623e716af3672f979614b41983b6b,f31af595c4b535e73bddf45e862daf510870c3a3,helix-core/helix-core-0.6.6-SNAPSHOT.ivy,HELIX-569,2015-03-17T11:35:07-07:00,2014-09-02T14:21:55-07:00
5dc6fe7c393db2e60f22025d41b39425e075ae29,579baa5bb061bec9d5b38731f20f51ea29a05f42,helix-core/src/test/java/org/apache/helix/integration/TestBatchMessage.java,HELIX-580,2015-03-17T14:12:04-07:00,2013-10-24T15:40:55-07:00
5dc6fe7c393db2e60f22025d41b39425e075ae29,f414aad4c9b26fc767eaf373f7691f8e0487a598,helix-core/src/test/java/org/apache/helix/integration/TestBatchMessage.java,HELIX-580,2015-03-17T14:12:04-07:00,2013-08-21T13:42:57-07:00
5dc6fe7c393db2e60f22025d41b39425e075ae29,a1bf1244f18a0b43bc53aabe702a03516df72fc0,helix-core/src/test/java/org/apache/helix/integration/TestBatchMessage.java,HELIX-580,2015-03-17T14:12:04-07:00,2013-02-05T13:06:04-08:00
49ceac0e9449940546e37628780e5098ac4e8678,fd39189bb9959c42ce8ce7934fdeec0c12ff3147,helix-core/src/main/java/org/apache/helix/task/TaskDriver.java,HELIX-578,2015-03-19T13:54:05-07:00,2015-03-05T18:15:32-08:00
e924a4c4ee1f1c52dcf6b478bbc88d3050e9d0f8,1e017f16a8a694c819edb0c3eddeecee3245f6b8,helix-core/src/main/java/org/apache/helix/task/TaskDriver.java,HELIX-584,2015-03-20T16:02:05-07:00,2014-03-26T17:33:13-07:00
e924a4c4ee1f1c52dcf6b478bbc88d3050e9d0f8,991d1a3ebece8bf26c9557437b975bf1d9133b28,helix-core/src/main/java/org/apache/helix/task/TaskUtil.java,HELIX-584,2015-03-20T16:02:05-07:00,2014-06-23T13:59:59-07:00
e924a4c4ee1f1c52dcf6b478bbc88d3050e9d0f8,239afaef3922549eca19f400cac25db9d4842541,helix-core/src/main/java/org/apache/helix/task/WorkflowConfig.java,HELIX-584,2015-03-20T16:02:05-07:00,2014-08-18T10:42:06-07:00
e924a4c4ee1f1c52dcf6b478bbc88d3050e9d0f8,2d9f6c28287ffe4529e90bcdc6c823122078d58f,helix-core/src/main/java/org/apache/helix/task/WorkflowConfig.java,HELIX-584,2015-03-20T16:02:05-07:00,2014-06-09T17:15:51-07:00
e924a4c4ee1f1c52dcf6b478bbc88d3050e9d0f8,ad72a7048fe34662501a167ee95c2e7c0dac3bd1,helix-core/src/test/java/org/apache/helix/integration/TestBucketizedResource.java,HELIX-584,2015-03-20T16:02:05-07:00,2015-03-15T20:52:19-07:00
e924a4c4ee1f1c52dcf6b478bbc88d3050e9d0f8,49ceac0e9449940546e37628780e5098ac4e8678,helix-core/src/test/java/org/apache/helix/integration/task/TestTaskRebalancerStopResume.java,HELIX-584,2015-03-20T16:02:05-07:00,2015-03-19T13:54:05-07:00
516faa0c504c807bbc9133694998f227e8e0d114,437eb42eac35e181ae6793dd17390df33565e4dd,helix-core/src/main/java/org/apache/helix/tools/ClusterStateVerifier.java,HELIX-587,2015-03-20T21:30:48-07:00,2012-10-24T16:14:36-07:00
516faa0c504c807bbc9133694998f227e8e0d114,e924a4c4ee1f1c52dcf6b478bbc88d3050e9d0f8,helix-core/src/test/java/org/apache/helix/integration/task/TestTaskRebalancerStopResume.java,HELIX-587,2015-03-20T21:30:48-07:00,2015-03-20T16:02:05-07:00
516faa0c504c807bbc9133694998f227e8e0d114,a80ba8ebd9d7b2a7aded4339867c9f53a36fdfe8,helix-core/src/test/java/org/apache/helix/integration/task/TestTaskRebalancerStopResume.java,HELIX-587,2015-03-20T21:30:48-07:00,2015-03-20T01:52:41-07:00
516faa0c504c807bbc9133694998f227e8e0d114,49ceac0e9449940546e37628780e5098ac4e8678,helix-core/src/test/java/org/apache/helix/integration/task/TestTaskRebalancerStopResume.java,HELIX-587,2015-03-20T21:30:48-07:00,2015-03-19T13:54:05-07:00
e94a9f5f90099a248181d6dc50314aec0e8d9512,49ceac0e9449940546e37628780e5098ac4e8678,helix-core/src/main/java/org/apache/helix/task/TaskDriver.java,HELIX-589,2015-04-02T15:40:09-07:00,2015-03-19T13:54:05-07:00
e94a9f5f90099a248181d6dc50314aec0e8d9512,fd39189bb9959c42ce8ce7934fdeec0c12ff3147,helix-core/src/main/java/org/apache/helix/task/TaskDriver.java,HELIX-589,2015-04-02T15:40:09-07:00,2015-03-05T18:15:32-08:00
e94a9f5f90099a248181d6dc50314aec0e8d9512,516faa0c504c807bbc9133694998f227e8e0d114,helix-core/src/test/java/org/apache/helix/integration/task/TestTaskRebalancerStopResume.java,HELIX-589,2015-04-02T15:40:09-07:00,2015-03-20T21:30:48-07:00
e94a9f5f90099a248181d6dc50314aec0e8d9512,2ebfe7d1963b4fa9790375713208da62d3410ce7,helix-core/src/test/java/org/apache/helix/integration/task/TestTaskRebalancerStopResume.java,HELIX-589,2015-04-02T15:40:09-07:00,2014-10-01T11:08:39-07:00
e94a9f5f90099a248181d6dc50314aec0e8d9512,a80ba8ebd9d7b2a7aded4339867c9f53a36fdfe8,helix-core/src/test/java/org/apache/helix/integration/task/TestTaskRebalancerStopResume.java,HELIX-589,2015-04-02T15:40:09-07:00,2015-03-20T01:52:41-07:00
308c2cc6f45d9c942d9b4a8f52e4cf534528e2d5,239f9cd247f4b277a9ffb64ed79c1683cc330c52,helix-core/helix-core-0.6.6-SNAPSHOT.ivy,HELIX-612,2015-09-24T10:03:40-07:00,2012-08-22T13:59:38-07:00
308c2cc6f45d9c942d9b4a8f52e4cf534528e2d5,fd63aea95cda233c6ade7e2e8a03f86ce0d2644a,helix-core/helix-core-0.6.6-SNAPSHOT.ivy,HELIX-612,2015-09-24T10:03:40-07:00,2012-03-20T17:46:59-07:00
308c2cc6f45d9c942d9b4a8f52e4cf534528e2d5,8a9999c4e19e2480135f9151750dd0ee4011978a,helix-core/pom.xml,HELIX-612,2015-09-24T10:03:40-07:00,2011-06-22T10:16:11-07:00
308c2cc6f45d9c942d9b4a8f52e4cf534528e2d5,239f9cd247f4b277a9ffb64ed79c1683cc330c52,helix-core/pom.xml,HELIX-612,2015-09-24T10:03:40-07:00,2012-08-22T13:59:38-07:00
308c2cc6f45d9c942d9b4a8f52e4cf534528e2d5,0c3796b304c1b26f5887073295faee324f8411fa,helix-core/src/main/java/org/apache/helix/manager/zk/ZkClient.java,HELIX-612,2015-09-24T10:03:40-07:00,2013-10-18T14:28:43-07:00
308c2cc6f45d9c942d9b4a8f52e4cf534528e2d5,437eb42eac35e181ae6793dd17390df33565e4dd,helix-core/src/main/java/org/apache/helix/tools/ZKLogFormatter.java,HELIX-612,2015-09-24T10:03:40-07:00,2012-10-24T16:14:36-07:00
308c2cc6f45d9c942d9b4a8f52e4cf534528e2d5,f414aad4c9b26fc767eaf373f7691f8e0487a598,helix-core/src/main/java/org/apache/helix/tools/ZKLogFormatter.java,HELIX-612,2015-09-24T10:03:40-07:00,2013-08-21T13:42:57-07:00
308c2cc6f45d9c942d9b4a8f52e4cf534528e2d5,0c3796b304c1b26f5887073295faee324f8411fa,helix-core/src/test/java/org/apache/helix/manager/zk/TestZkFlapping.java,HELIX-612,2015-09-24T10:03:40-07:00,2013-10-18T14:28:43-07:00
308c2cc6f45d9c942d9b4a8f52e4cf534528e2d5,6ae3fb7dd1634accd02e48e29e15e17540fb45ca,recipes/rabbitmq-consumer-group/pom.xml,HELIX-612,2015-09-24T10:03:40-07:00,2012-10-08T15:38:09-07:00
308c2cc6f45d9c942d9b4a8f52e4cf534528e2d5,342ea1c277651a6e3cf85b10949c2953d93618dd,recipes/rsync-replicated-file-system/pom.xml,HELIX-612,2015-09-24T10:03:40-07:00,2012-12-07T01:22:25-08:00
456ddb0c4a900ee7cdf081777eff9445378df513,1e017f16a8a694c819edb0c3eddeecee3245f6b8,helix-core/src/main/java/org/apache/helix/task/TaskStateModel.java,HELIX-613,2015-11-07T22:43:04-08:00,2014-03-26T17:33:13-07:00
456ddb0c4a900ee7cdf081777eff9445378df513,8d464cf8f7b021d102e2216837ec94f27067dc79,helix-core/src/main/java/org/apache/helix/task/TaskStateModel.java,HELIX-613,2015-11-07T22:43:04-08:00,2014-11-11T20:47:38-08:00
456ddb0c4a900ee7cdf081777eff9445378df513,f1df105878c368e7ef93735a6c4c96532fb806df,helix-core/src/main/java/org/apache/helix/task/TaskStateModel.java,HELIX-613,2015-11-07T22:43:04-08:00,2014-05-20T11:10:05-07:00
456ddb0c4a900ee7cdf081777eff9445378df513,1e017f16a8a694c819edb0c3eddeecee3245f6b8,helix-core/src/main/java/org/apache/helix/task/TaskStateModelFactory.java,HELIX-613,2015-11-07T22:43:04-08:00,2014-03-26T17:33:13-07:00
456ddb0c4a900ee7cdf081777eff9445378df513,9ddd0af347037f585a52b83bbc3a6b11a3934c82,helix-core/src/main/java/org/apache/helix/task/TaskStateModelFactory.java,HELIX-613,2015-11-07T22:43:04-08:00,2014-11-19T11:31:01-08:00
d129d3ab780adb1ff41fe5a0bfb3dafd7d5068a3,991d1a3ebece8bf26c9557437b975bf1d9133b28,helix-core/src/main/java/org/apache/helix/task/TaskRebalancer.java,HELIX-614,2015-11-20T15:38:31-08:00,2014-06-23T13:59:59-07:00
d129d3ab780adb1ff41fe5a0bfb3dafd7d5068a3,a80ba8ebd9d7b2a7aded4339867c9f53a36fdfe8,helix-core/src/main/java/org/apache/helix/task/TaskRebalancer.java,HELIX-614,2015-11-20T15:38:31-08:00,2015-03-20T01:52:41-07:00
d129d3ab780adb1ff41fe5a0bfb3dafd7d5068a3,1e017f16a8a694c819edb0c3eddeecee3245f6b8,helix-core/src/main/java/org/apache/helix/task/Workflow.java,HELIX-614,2015-11-20T15:38:31-08:00,2014-03-26T17:33:13-07:00
d129d3ab780adb1ff41fe5a0bfb3dafd7d5068a3,f1df105878c368e7ef93735a6c4c96532fb806df,helix-core/src/main/java/org/apache/helix/task/Workflow.java,HELIX-614,2015-11-20T15:38:31-08:00,2014-05-20T11:10:05-07:00
d129d3ab780adb1ff41fe5a0bfb3dafd7d5068a3,b72ff29d1fc2845affb9ee943396424c5a7e5721,helix-core/src/test/java/org/apache/helix/integration/task/TestRecurringJobQueue.java,HELIX-614,2015-11-20T15:38:31-08:00,2015-07-28T21:20:56-07:00
d129d3ab780adb1ff41fe5a0bfb3dafd7d5068a3,2775e1566df7ceb67edd7587b81d4c245aedab38,helix-core/src/test/java/org/apache/helix/integration/task/TestRecurringJobQueue.java,HELIX-614,2015-11-20T15:38:31-08:00,2015-06-17T11:10:26-07:00
6b6bb8f601099b4de5189172b050d5f1df2e2a41,579baa5bb061bec9d5b38731f20f51ea29a05f42,helix-core/src/test/java/org/apache/helix/integration/TestMessagingService.java,HELIX-624,2016-01-13T10:18:58-08:00,2013-10-24T15:40:55-07:00
1563338ee5488f5f1e563059ee127edd1ac350c6,9e47455df56d473a47a5686a0902cead3006cbed,helix-core/src/main/java/org/apache/helix/model/TaskSMD.java,HELIX-645,2016-12-15T16:49:25-08:00,2015-03-17T17:13:15-07:00
4c3fc7f6613e04ba85b88f5acbd6a16044331847,437eb42eac35e181ae6793dd17390df33565e4dd,helix-core/src/main/java/org/apache/helix/manager/zk/ZKHelixAdmin.java,HELIX-649,2016-12-16T15:26:22-08:00,2012-10-24T16:14:36-07:00
befcc65c2e67df9767ab5d2eca837339894c5581,9e8ec4544b2f827f7e1e2ab118962a85f2e86076,helix-core/src/main/java/org/apache/helix/controller/rebalancer/AbstractRebalancer.java,HELIX-653,2017-02-09T11:36:32-08:00,2017-02-08T09:50:40-08:00
befcc65c2e67df9767ab5d2eca837339894c5581,986107055a3d4c33c44f939f4eb03a657c7e12f0,helix-core/src/main/java/org/apache/helix/controller/rebalancer/CustomRebalancer.java,HELIX-653,2017-02-09T11:36:32-08:00,2013-08-13T10:59:11-07:00
befcc65c2e67df9767ab5d2eca837339894c5581,b0d1122841be3bd09276a546cfa3c5433ffefea9,helix-core/src/main/java/org/apache/helix/controller/rebalancer/DelayedAutoRebalancer.java,HELIX-653,2017-02-09T11:36:32-08:00,2017-02-08T09:53:43-08:00
befcc65c2e67df9767ab5d2eca837339894c5581,f414aad4c9b26fc767eaf373f7691f8e0487a598,helix-core/src/main/java/org/apache/helix/controller/stages/ClusterDataCache.java,HELIX-653,2017-02-09T11:36:32-08:00,2013-08-21T13:42:57-07:00
befcc65c2e67df9767ab5d2eca837339894c5581,c7b54e26bd1ed4341a95009b7e7ceef08fca6778,helix-core/src/main/java/org/apache/helix/controller/stages/ReadClusterDataStage.java,HELIX-653,2017-02-09T11:36:32-08:00,2014-02-19T13:34:44-08:00
befcc65c2e67df9767ab5d2eca837339894c5581,7e48570a2cfc35a4a8c3680731967a79a183a7b6,helix-core/src/main/java/org/apache/helix/controller/stages/ReadClusterDataStage.java,HELIX-653,2017-02-09T11:36:32-08:00,2014-02-19T10:43:07-08:00
befcc65c2e67df9767ab5d2eca837339894c5581,437eb42eac35e181ae6793dd17390df33565e4dd,helix-core/src/main/java/org/apache/helix/manager/zk/ZKHelixAdmin.java,HELIX-653,2017-02-09T11:36:32-08:00,2012-10-24T16:14:36-07:00
befcc65c2e67df9767ab5d2eca837339894c5581,f414aad4c9b26fc767eaf373f7691f8e0487a598,helix-core/src/main/java/org/apache/helix/manager/zk/ZKHelixAdmin.java,HELIX-653,2017-02-09T11:36:32-08:00,2013-08-21T13:42:57-07:00
befcc65c2e67df9767ab5d2eca837339894c5581,437eb42eac35e181ae6793dd17390df33565e4dd,helix-core/src/main/java/org/apache/helix/model/InstanceConfig.java,HELIX-653,2017-02-09T11:36:32-08:00,2012-10-24T16:14:36-07:00
befcc65c2e67df9767ab5d2eca837339894c5581,f414aad4c9b26fc767eaf373f7691f8e0487a598,helix-core/src/main/java/org/apache/helix/model/InstanceConfig.java,HELIX-653,2017-02-09T11:36:32-08:00,2013-08-21T13:42:57-07:00
befcc65c2e67df9767ab5d2eca837339894c5581,cd8272c952377ef9bbb478356ea4a2a9f8e7d3fa,helix-core/src/main/java/org/apache/helix/model/InstanceConfig.java,HELIX-653,2017-02-09T11:36:32-08:00,2013-04-01T11:07:34-07:00
befcc65c2e67df9767ab5d2eca837339894c5581,437eb42eac35e181ae6793dd17390df33565e4dd,helix-core/src/main/java/org/apache/helix/monitoring/mbeans/ClusterStatusMonitor.java,HELIX-653,2017-02-09T11:36:32-08:00,2012-10-24T16:14:36-07:00
befcc65c2e67df9767ab5d2eca837339894c5581,f414aad4c9b26fc767eaf373f7691f8e0487a598,helix-core/src/main/java/org/apache/helix/monitoring/mbeans/ClusterStatusMonitor.java,HELIX-653,2017-02-09T11:36:32-08:00,2013-08-21T13:42:57-07:00
befcc65c2e67df9767ab5d2eca837339894c5581,7e48570a2cfc35a4a8c3680731967a79a183a7b6,helix-core/src/main/java/org/apache/helix/monitoring/mbeans/ClusterStatusMonitor.java,HELIX-653,2017-02-09T11:36:32-08:00,2014-02-19T10:43:07-08:00
befcc65c2e67df9767ab5d2eca837339894c5581,7e48570a2cfc35a4a8c3680731967a79a183a7b6,helix-core/src/main/java/org/apache/helix/monitoring/mbeans/InstanceMonitor.java,HELIX-653,2017-02-09T11:36:32-08:00,2014-02-19T10:43:07-08:00
091337c4249f37fd3235c9cf630a861a6abee557,8ba068e7b78aedf4743f2da57670384534d1d4f8,helix-core/src/main/java/org/apache/helix/controller/stages/PersistAssignmentStage.java,HELIX-657,2017-05-24T12:05:57-07:00,2017-05-23T13:58:24-07:00
091337c4249f37fd3235c9cf630a861a6abee557,f414aad4c9b26fc767eaf373f7691f8e0487a598,helix-core/src/main/java/org/apache/helix/manager/zk/ZKHelixDataAccessor.java,HELIX-657,2017-05-24T12:05:57-07:00,2013-08-21T13:42:57-07:00
091337c4249f37fd3235c9cf630a861a6abee557,437eb42eac35e181ae6793dd17390df33565e4dd,helix-core/src/main/java/org/apache/helix/manager/zk/ZkBaseDataAccessor.java,HELIX-657,2017-05-24T12:05:57-07:00,2012-10-24T16:14:36-07:00
091337c4249f37fd3235c9cf630a861a6abee557,4a46ae055a877737c8eeda63e7c0917d48dc9d2b,helix-core/src/main/java/org/apache/helix/manager/zk/ZkBaseDataAccessor.java,HELIX-657,2017-05-24T12:05:57-07:00,2013-08-16T13:53:40-07:00
091337c4249f37fd3235c9cf630a861a6abee557,437eb42eac35e181ae6793dd17390df33565e4dd,helix-core/src/test/java/org/apache/helix/Mocks.java,HELIX-657,2017-05-24T12:05:57-07:00,2012-10-24T16:14:36-07:00
8cbbf834efa30b07c31067e1b48ac6332763b02e,1eb40c3ffb5191c94ec4055b692d2601723f91cf,helix-core/src/main/java/org/apache/helix/task/JobConfig.java,HELIX-654,2017-07-12T13:58:05-07:00,2016-12-15T18:20:03-08:00
8cbbf834efa30b07c31067e1b48ac6332763b02e,20685cf6e1276aaa1bf6264c1fe6a3173081d22c,helix-core/src/main/java/org/apache/helix/task/JobRebalancer.java,HELIX-654,2017-07-12T13:58:05-07:00,2017-06-23T12:05:57-07:00
8cbbf834efa30b07c31067e1b48ac6332763b02e,9508a1acfae1d915148138daccb2abd5f9dce430,helix-core/src/main/java/org/apache/helix/task/JobRebalancer.java,HELIX-654,2017-07-12T13:58:05-07:00,2016-07-05T16:18:34-07:00
8cbbf834efa30b07c31067e1b48ac6332763b02e,1798e793522157b1b479a66c8a9ec9453d698b8f,helix-core/src/main/java/org/apache/helix/task/JobRebalancer.java,HELIX-654,2017-07-12T13:58:05-07:00,2015-12-09T16:39:37-08:00
8cbbf834efa30b07c31067e1b48ac6332763b02e,50ff94a124944d7a6c65f19051b393e3fd6b94dc,helix-core/src/test/java/org/apache/helix/integration/task/TaskTestBase.java,HELIX-654,2017-07-12T13:58:05-07:00,2017-03-12T12:16:34-07:00
8cbbf834efa30b07c31067e1b48ac6332763b02e,ead83012ee07610859fabdc73712cf4532473e88,helix-core/src/test/java/org/apache/helix/integration/task/TaskTestBase.java,HELIX-654,2017-07-12T13:58:05-07:00,2016-07-05T14:58:44-07:00
8cbbf834efa30b07c31067e1b48ac6332763b02e,efed8848fee9eeda847336f3de93f7ce4458b6a4,helix-core/src/test/java/org/apache/helix/integration/task/TestIndependentTaskRebalancer.java,HELIX-654,2017-07-12T13:58:05-07:00,2014-05-21T16:10:17-07:00
8cbbf834efa30b07c31067e1b48ac6332763b02e,183a26ae7857a7c35985b14df9742ba3f4a06566,helix-core/src/test/java/org/apache/helix/integration/task/TestIndependentTaskRebalancer.java,HELIX-654,2017-07-12T13:58:05-07:00,2016-07-05T16:21:13-07:00
8cbbf834efa30b07c31067e1b48ac6332763b02e,f1df105878c368e7ef93735a6c4c96532fb806df,helix-core/src/test/java/org/apache/helix/integration/task/TestIndependentTaskRebalancer.java,HELIX-654,2017-07-12T13:58:05-07:00,2014-05-20T11:10:05-07:00
8cbbf834efa30b07c31067e1b48ac6332763b02e,50ff94a124944d7a6c65f19051b393e3fd6b94dc,helix-core/src/test/java/org/apache/helix/task/TaskSynchronizedTestBase.java,HELIX-654,2017-07-12T13:58:05-07:00,2017-03-12T12:16:34-07:00
d57882b9b613a2203886e1ef0da74ccc077d64c3,33dae525a8b31cae4d6a80a89f1d08190db0beda,helix-core/src/main/java/org/apache/helix/task/TaskDriver.java,HELIX-668,2017-10-03T18:47:09-07:00,2016-10-28T20:33:21-07:00
d57882b9b613a2203886e1ef0da74ccc077d64c3,4e4871967db07cee191debb9d26bfcd53c401945,helix-core/src/test/java/org/apache/helix/integration/TestPartitionMovementThrottle.java,HELIX-668,2017-10-03T18:47:09-07:00,2017-10-02T19:06:26-07:00
d57882b9b613a2203886e1ef0da74ccc077d64c3,516ff0dcad13cea578168b41752b62e45d43362d,helix-core/src/test/java/org/apache/helix/integration/task/TestGenericTaskAssignmentCalculator.java,HELIX-668,2017-10-03T18:47:09-07:00,2016-09-22T16:28:58-07:00
d57882b9b613a2203886e1ef0da74ccc077d64c3,f9f554e68bfbffdfd8f87db76d546f7202f1541b,helix-core/src/test/java/org/apache/helix/manager/zk/TestZkClient.java,HELIX-668,2017-10-03T18:47:09-07:00,2017-10-03T14:49:05-07:00
d2c3ebb486c95a010a0d6c9dcafa2b968e30fce2,f414aad4c9b26fc767eaf373f7691f8e0487a598,helix-core/src/main/java/org/apache/helix/ClusterMessagingService.java,HELIX-670,2017-10-04T13:57:23-07:00,2013-08-21T13:42:57-07:00
401ada6391883f5cfcd7e04858dc94ee2b227ff7,31458fa97f0b0b4e67310c539247c71d6c61aec9,helix-core/src/test/java/org/apache/helix/integration/TestAlertingRebalancerFailure.java,HELIX-631,2018-01-24T18:30:33-08:00,2018-01-24T18:29:15-08:00
f415f606c521ed05c3f51ca805952e431b88815c,437eb42eac35e181ae6793dd17390df33565e4dd,helix-core/src/main/java/org/apache/helix/manager/zk/ZkCacheBaseDataAccessor.java,HELIX-673,2018-01-29T18:12:15-08:00,2012-10-24T16:14:36-07:00
f415f606c521ed05c3f51ca805952e431b88815c,f414aad4c9b26fc767eaf373f7691f8e0487a598,helix-core/src/main/java/org/apache/helix/manager/zk/ZkCacheBaseDataAccessor.java,HELIX-673,2018-01-29T18:12:15-08:00,2013-08-21T13:42:57-07:00
f415f606c521ed05c3f51ca805952e431b88815c,4a46ae055a877737c8eeda63e7c0917d48dc9d2b,helix-core/src/main/java/org/apache/helix/manager/zk/ZkCacheBaseDataAccessor.java,HELIX-673,2018-01-29T18:12:15-08:00,2013-08-16T13:53:40-07:00
9083950d9a0e5f5c377672fb5b21af13cdde0d9a,27dd9cc5eff134ab6bf843e5daa3fa0566321ed7,helix-core/src/main/java/org/apache/helix/controller/stages/IntermediateStateCalcStage.java,HELIX-676,2018-03-08T17:24:28-08:00,2018-01-24T18:29:31-08:00
9083950d9a0e5f5c377672fb5b21af13cdde0d9a,93d5ceb5b25ea3077c3ab456f36030229e7ffa07,helix-core/src/main/java/org/apache/helix/controller/stages/IntermediateStateCalcStage.java,HELIX-676,2018-03-08T17:24:28-08:00,2017-11-06T16:48:10-08:00
5383e7318e874d94bb0f01072be56bb57c392275,41737528d6702aad83fa61fedfec935e26ff18d6,helix-core/src/main/java/org/apache/helix/monitoring/mbeans/ResourceMonitor.java,HELIX-677,2018-03-13T15:52:42-07:00,2017-11-06T16:49:33-08:00
5383e7318e874d94bb0f01072be56bb57c392275,f31d6465944adb4e4a6b66f4e35538610e6f4bbd,helix-core/src/main/java/org/apache/helix/monitoring/mbeans/ResourceMonitor.java,HELIX-677,2018-03-13T15:52:42-07:00,2018-03-08T11:17:36-08:00
b5c72bc164e8be8155c6108cb8d4567122aafd12,7e011d358b10528dfa79362965e192012ffa4d22,helix-core/src/main/java/org/apache/helix/controller/GenericHelixController.java,HELIX-678,2018-03-13T15:57:07-07:00,2018-03-13T15:57:07-07:00
f9e43c0229be20ea1f34cb5aa7f26f3452b99486,437eb42eac35e181ae6793dd17390df33565e4dd,helix-core/src/main/java/org/apache/helix/controller/stages/ExternalViewComputeStage.java,HELIX-844,2018-04-02T11:21:59-07:00,2012-10-24T16:14:36-07:00
f9e43c0229be20ea1f34cb5aa7f26f3452b99486,b72ff29d1fc2845affb9ee943396424c5a7e5721,helix-core/src/main/java/org/apache/helix/controller/stages/ExternalViewComputeStage.java,HELIX-844,2018-04-02T11:21:59-07:00,2015-07-28T21:20:56-07:00
f9e43c0229be20ea1f34cb5aa7f26f3452b99486,9eecbc319181843cb7eee13c3cef345763c23006,helix-core/src/main/java/org/apache/helix/controller/stages/ExternalViewComputeStage.java,HELIX-844,2018-04-02T11:21:59-07:00,2013-03-21T14:50:45-07:00
90ef589aa47ef1726356ce5ea37e12d27372b342,093f7ab949b1d6d77f8589b96e7a1a10762f7e6b,helix-core/src/main/java/org/apache/helix/spectator/RoutingTable.java,HELIX-699,2018-04-19T14:10:50-07:00,2018-01-24T18:31:51-08:00
fa7cabf7ea12a4046b824a674294887bae82a99b,82cfd15b5b324674f4f5c3a50e156378460228c5,helix-core/src/main/java/org/apache/helix/manager/zk/CallbackHandler.java,HELIX-897,2018-04-19T17:40:30-07:00,2018-04-19T11:36:17-07:00
fa7cabf7ea12a4046b824a674294887bae82a99b,788680d4bbb913303eb0420343b41e677102e51a,helix-core/src/main/java/org/apache/helix/manager/zk/CallbackHandler.java,HELIX-897,2018-04-19T17:40:30-07:00,2018-04-05T16:41:20-07:00
fa7cabf7ea12a4046b824a674294887bae82a99b,f723c69730c83fabc94c389c16258cf2158a2272,helix-core/src/main/java/org/apache/helix/manager/zk/ZKHelixManager.java,HELIX-897,2018-04-19T17:40:30-07:00,2017-11-06T17:06:29-08:00
fa7cabf7ea12a4046b824a674294887bae82a99b,94a8d1e3c1bbd25656f22662c132e758bb69da63,helix-core/src/main/java/org/apache/helix/manager/zk/ZKHelixManager.java,HELIX-897,2018-04-19T17:40:30-07:00,2017-11-06T16:54:08-08:00
fa7cabf7ea12a4046b824a674294887bae82a99b,2f791a688ae5aafa27e40d7e984a4fd7ce480499,helix-core/src/main/java/org/apache/helix/manager/zk/ZKHelixManager.java,HELIX-897,2018-04-19T17:40:30-07:00,2018-01-24T18:30:55-08:00
fa7cabf7ea12a4046b824a674294887bae82a99b,579baa5bb061bec9d5b38731f20f51ea29a05f42,helix-core/src/main/java/org/apache/helix/manager/zk/ZKHelixManager.java,HELIX-897,2018-04-19T17:40:30-07:00,2013-10-24T15:40:55-07:00
fa7cabf7ea12a4046b824a674294887bae82a99b,4909a51d78b519a4025a5f8112d1fa4782f30a5d,helix-core/src/main/java/org/apache/helix/manager/zk/ZKHelixManager.java,HELIX-897,2018-04-19T17:40:30-07:00,2017-11-06T16:52:27-08:00
fa7cabf7ea12a4046b824a674294887bae82a99b,51170220b6be851d0bdc4c3977f0420259c4a8e9,helix-core/src/main/java/org/apache/helix/task/TaskDriver.java,HELIX-897,2018-04-19T17:40:30-07:00,2018-01-24T18:30:25-08:00
317c300c8f951c7e8308cb0b24e48f97a1ef32ef,e75c2038fa604728ec4ea9b906af5bc85125f92f,helix-core/src/main/java/org/apache/helix/task/TaskRebalancer.java,HELIX-696,2018-04-20T09:56:34-07:00,2017-11-06T16:28:13-08:00
317c300c8f951c7e8308cb0b24e48f97a1ef32ef,debb9bb23125f4c073a3dba75bc16df3558e0c35,helix-core/src/main/java/org/apache/helix/task/TaskRebalancer.java,HELIX-696,2018-04-20T09:56:34-07:00,2018-03-20T11:55:34-07:00
317c300c8f951c7e8308cb0b24e48f97a1ef32ef,b6fd8cb8396e1453afba404b669534883ce796a7,helix-core/src/main/java/org/apache/helix/task/TaskRebalancer.java,HELIX-696,2018-04-20T09:56:34-07:00,2018-03-13T15:55:44-07:00
317c300c8f951c7e8308cb0b24e48f97a1ef32ef,f1511650a902d0dd0b52a8ce758114a5b38906c7,helix-core/src/main/java/org/apache/helix/task/TaskRebalancer.java,HELIX-696,2018-04-20T09:56:34-07:00,2017-11-06T16:38:53-08:00
317c300c8f951c7e8308cb0b24e48f97a1ef32ef,1737cd2aca3246967b89e7a3767e29cf0c8a0fb9,helix-core/src/main/java/org/apache/helix/task/WorkflowRebalancer.java,HELIX-696,2018-04-20T09:56:34-07:00,2017-11-06T16:39:24-08:00
317c300c8f951c7e8308cb0b24e48f97a1ef32ef,f8fcd0b717bfad2e3b351c52187d14aadb0fcaa7,helix-core/src/main/java/org/apache/helix/task/WorkflowRebalancer.java,HELIX-696,2018-04-20T09:56:34-07:00,2018-04-11T13:52:26-07:00
317c300c8f951c7e8308cb0b24e48f97a1ef32ef,236d3b3d923621e308055dbd3992f022a8596ff1,helix-core/src/main/java/org/apache/helix/task/WorkflowRebalancer.java,HELIX-696,2018-04-20T09:56:34-07:00,2017-11-06T16:26:06-08:00
317c300c8f951c7e8308cb0b24e48f97a1ef32ef,555c2daa962bceb276bff2cefcecda69fd5ec313,helix-core/src/main/java/org/apache/helix/task/WorkflowRebalancer.java,HELIX-696,2018-04-20T09:56:34-07:00,2017-11-06T16:56:08-08:00
317c300c8f951c7e8308cb0b24e48f97a1ef32ef,4ac344cba6730a3ecfa9f864aca8a276dc1ac29a,helix-core/src/main/java/org/apache/helix/task/WorkflowRebalancer.java,HELIX-696,2018-04-20T09:56:34-07:00,2017-11-06T16:54:45-08:00
317c300c8f951c7e8308cb0b24e48f97a1ef32ef,debb9bb23125f4c073a3dba75bc16df3558e0c35,helix-core/src/main/java/org/apache/helix/task/WorkflowRebalancer.java,HELIX-696,2018-04-20T09:56:34-07:00,2018-03-20T11:55:34-07:00
317c300c8f951c7e8308cb0b24e48f97a1ef32ef,052780697b4fe90d7a2794e572bf922ccc0c6aa5,helix-core/src/main/java/org/apache/helix/task/WorkflowRebalancer.java,HELIX-696,2018-04-20T09:56:34-07:00,2017-11-06T16:59:10-08:00
317c300c8f951c7e8308cb0b24e48f97a1ef32ef,b8355b9a6b1071c149305f147bdb524d8a67f2d2,helix-core/src/test/java/org/apache/helix/integration/task/TestDeleteWorkflow.java,HELIX-696,2018-04-20T09:56:34-07:00,2018-04-19T14:18:16-07:00
317c300c8f951c7e8308cb0b24e48f97a1ef32ef,7c8a271c1c2057fb799312cc9aa6399f8a091b5e,helix-core/src/test/java/org/apache/helix/task/TestJobStateOnCreation.java,HELIX-696,2018-04-20T09:56:34-07:00,2018-03-27T16:16:35-07:00
5f9fadc72bc1916f008792707db848ee51bbd997,149831c8f49ee893f4966c2d01c21c005cca9d0a,helix-core/src/test/java/org/apache/helix/MockAccessor.java,HELIX-682,2018-04-24T15:40:17-07:00,2018-03-26T14:50:31-07:00
5f9fadc72bc1916f008792707db848ee51bbd997,f32f6d1147d2d385e609e5e1754b33e768babdce,helix-core/src/test/java/org/apache/helix/messaging/handling/TestHelixTaskExecutor.java,HELIX-682,2018-04-24T15:40:17-07:00,2017-11-06T16:47:15-08:00
5f9fadc72bc1916f008792707db848ee51bbd997,fbb195433858b365afb300f1d8f822e955a2d04e,helix-core/src/test/java/org/apache/helix/messaging/handling/TestHelixTaskExecutor.java,HELIX-682,2018-04-24T15:40:17-07:00,2017-11-06T17:07:49-08:00
8a6ac8ff278aa9b4ad8445700266af820d0d62cc,437eb42eac35e181ae6793dd17390df33565e4dd,helix-core/src/main/java/org/apache/helix/monitoring/mbeans/ClusterStatusMonitor.java,HELIX-714,2018-07-09T13:52:19-07:00,2012-10-24T16:14:36-07:00
8a6ac8ff278aa9b4ad8445700266af820d0d62cc,e1faf2404c3bb74aab7c402d76246b41af74fd16,helix-core/src/main/java/org/apache/helix/monitoring/mbeans/ClusterStatusMonitor.java,HELIX-714,2018-07-09T13:52:19-07:00,2018-04-19T13:34:11-07:00
8a6ac8ff278aa9b4ad8445700266af820d0d62cc,e1faf2404c3bb74aab7c402d76246b41af74fd16,helix-core/src/main/java/org/apache/helix/monitoring/mbeans/ClusterStatusMonitorMBean.java,HELIX-714,2018-07-09T13:52:19-07:00,2018-04-19T13:34:11-07:00
8a6ac8ff278aa9b4ad8445700266af820d0d62cc,b5f46388dac099685f36a82ff3ddc9a312c89a92,helix-core/src/main/java/org/apache/helix/monitoring/mbeans/ResourceMonitor.java,HELIX-714,2018-07-09T13:52:19-07:00,2017-11-06T17:07:46-08:00
8a6ac8ff278aa9b4ad8445700266af820d0d62cc,3a73b0f30336c4610a501af979d55c4d25344214,helix-core/src/main/java/org/apache/helix/monitoring/mbeans/ResourceMonitor.java,HELIX-714,2018-07-09T13:52:19-07:00,2018-01-24T18:31:00-08:00
8a6ac8ff278aa9b4ad8445700266af820d0d62cc,e1faf2404c3bb74aab7c402d76246b41af74fd16,helix-core/src/main/java/org/apache/helix/monitoring/mbeans/ResourceMonitor.java,HELIX-714,2018-07-09T13:52:19-07:00,2018-04-19T13:34:11-07:00
8a6ac8ff278aa9b4ad8445700266af820d0d62cc,437eb42eac35e181ae6793dd17390df33565e4dd,helix-core/src/main/java/org/apache/helix/monitoring/mbeans/ResourceMonitor.java,HELIX-714,2018-07-09T13:52:19-07:00,2012-10-24T16:14:36-07:00
8a6ac8ff278aa9b4ad8445700266af820d0d62cc,e1faf2404c3bb74aab7c402d76246b41af74fd16,helix-core/src/test/java/org/apache/helix/monitoring/mbeans/TestClusterAggregateMetrics.java,HELIX-714,2018-07-09T13:52:19-07:00,2018-04-19T13:34:11-07:00
c35551c374a852d89b4ccbe5efd43cb395e33a68,034424cc4852bda55e74ddbbf42db4c7f293262c,helix-core/src/test/java/org/apache/helix/task/TestAssignableInstanceManagerControllerSwitch.java,HELIX-723,2018-07-10T11:36:51-07:00,2018-07-09T18:23:43-07:00
030706c96968745c8b459f745ddc31e8458ddf99,67ea71c9cd5b8cf7d1e67b2e030682dde374ced8,helix-core/src/test/java/org/apache/helix/integration/TestPartitionMovementThrottle.java,HELIX-719,2018-07-10T14:16:43-07:00,2017-11-06T16:48:34-08:00
030706c96968745c8b459f745ddc31e8458ddf99,1d9149305a7188d5d80b704f51b78344f10080a9,helix-core/src/test/java/org/apache/helix/integration/TestPartitionMovementThrottle.java,HELIX-719,2018-07-10T14:16:43-07:00,2017-11-06T16:46:35-08:00
030706c96968745c8b459f745ddc31e8458ddf99,7abf7c583dd1aa6cabb6d22a4d51b0a71b47cf9d,helix-core/src/test/java/org/apache/helix/integration/TestPartitionMovementThrottle.java,HELIX-719,2018-07-10T14:16:43-07:00,2017-11-06T16:50:55-08:00
030706c96968745c8b459f745ddc31e8458ddf99,b825b551db33e1186ffc3ccda1875c6985c615a6,helix-core/src/test/java/org/apache/helix/integration/TestPartitionMovementThrottle.java,HELIX-719,2018-07-10T14:16:43-07:00,2017-11-06T16:49:26-08:00
030706c96968745c8b459f745ddc31e8458ddf99,71f72da46781e47207ca2273caeb8519d5ad8fee,helix-core/src/test/java/org/apache/helix/integration/TestPartitionMovementThrottle.java,HELIX-719,2018-07-10T14:16:43-07:00,2017-11-06T16:48:26-08:00
d02083e652797673e4826a45fc19896f610803c2,ae02b58dc4880fe1f63bc66e0fdf93a63fd1d03f,helix-core/src/main/java/org/apache/helix/common/caches/BasicClusterDataCache.java,HELIX-929,2018-07-11T15:28:06-07:00,2018-03-20T11:31:47-07:00
d02083e652797673e4826a45fc19896f610803c2,149831c8f49ee893f4966c2d01c21c005cca9d0a,helix-core/src/main/java/org/apache/helix/common/caches/BasicClusterDataCache.java,HELIX-929,2018-07-11T15:28:06-07:00,2018-03-26T14:50:31-07:00
d02083e652797673e4826a45fc19896f610803c2,84ce019e02dab4ae1c2eb101e387acab1ebf6308,helix-core/src/main/java/org/apache/helix/common/caches/BasicClusterDataCache.java,HELIX-929,2018-07-11T15:28:06-07:00,2018-04-02T11:21:59-07:00
d02083e652797673e4826a45fc19896f610803c2,baf8b830e787ba1b31d4f0ad2c07f3eb33a9208f,helix-core/src/main/java/org/apache/helix/common/caches/BasicClusterDataCache.java,HELIX-929,2018-07-11T15:28:06-07:00,2018-03-14T11:58:45-07:00
d02083e652797673e4826a45fc19896f610803c2,e5728469e02f196690654b4f7f2ed8ca9130a631,helix-core/src/main/java/org/apache/helix/common/caches/BasicClusterDataCache.java,HELIX-929,2018-07-11T15:28:06-07:00,2018-03-23T12:12:44-07:00
d02083e652797673e4826a45fc19896f610803c2,3561845fafbda75055e22f4393c939645d515a4e,helix-core/src/main/java/org/apache/helix/common/caches/CurrentStateCache.java,HELIX-929,2018-07-11T15:28:06-07:00,2018-04-02T11:55:26-07:00
d02083e652797673e4826a45fc19896f610803c2,ae02b58dc4880fe1f63bc66e0fdf93a63fd1d03f,helix-core/src/main/java/org/apache/helix/common/caches/CurrentStateCache.java,HELIX-929,2018-07-11T15:28:06-07:00,2018-03-20T11:31:47-07:00
d02083e652797673e4826a45fc19896f610803c2,84ce019e02dab4ae1c2eb101e387acab1ebf6308,helix-core/src/main/java/org/apache/helix/common/caches/CurrentStateCache.java,HELIX-929,2018-07-11T15:28:06-07:00,2018-04-02T11:21:59-07:00
d02083e652797673e4826a45fc19896f610803c2,623330e3ab2e834daae6de1aae91d7ba17e951e0,helix-core/src/main/java/org/apache/helix/common/caches/InstanceMessagesCache.java,HELIX-929,2018-07-11T15:28:06-07:00,2018-03-23T11:57:07-07:00
d02083e652797673e4826a45fc19896f610803c2,06ca975d11a2fbea9c91390e7c3419bcd2d6f704,helix-core/src/main/java/org/apache/helix/controller/stages/ClusterDataCache.java,HELIX-929,2018-07-11T15:28:06-07:00,2014-01-29T16:43:07-08:00
d02083e652797673e4826a45fc19896f610803c2,c15646e41d423940bd91e385cba5634e9108408b,helix-core/src/main/java/org/apache/helix/controller/stages/ClusterDataCache.java,HELIX-929,2018-07-11T15:28:06-07:00,2017-11-06T16:56:47-08:00
d02083e652797673e4826a45fc19896f610803c2,698532598f2cb10d0eb1c67f3961cdd6219db965,helix-core/src/main/java/org/apache/helix/controller/stages/ClusterDataCache.java,HELIX-929,2018-07-11T15:28:06-07:00,2018-07-09T18:27:15-07:00
d02083e652797673e4826a45fc19896f610803c2,ae02b58dc4880fe1f63bc66e0fdf93a63fd1d03f,helix-core/src/main/java/org/apache/helix/controller/stages/ClusterDataCache.java,HELIX-929,2018-07-11T15:28:06-07:00,2018-03-20T11:31:47-07:00
d02083e652797673e4826a45fc19896f610803c2,84ce019e02dab4ae1c2eb101e387acab1ebf6308,helix-core/src/main/java/org/apache/helix/controller/stages/ClusterDataCache.java,HELIX-929,2018-07-11T15:28:06-07:00,2018-04-02T11:21:59-07:00
d02083e652797673e4826a45fc19896f610803c2,437eb42eac35e181ae6793dd17390df33565e4dd,helix-core/src/main/java/org/apache/helix/controller/stages/ClusterDataCache.java,HELIX-929,2018-07-11T15:28:06-07:00,2012-10-24T16:14:36-07:00
d02083e652797673e4826a45fc19896f610803c2,5b73a826b1136cd89ac831c88501ea0a36da9de9,helix-core/src/main/java/org/apache/helix/controller/stages/ClusterDataCache.java,HELIX-929,2018-07-11T15:28:06-07:00,2014-02-20T11:05:30-08:00
d02083e652797673e4826a45fc19896f610803c2,3561845fafbda75055e22f4393c939645d515a4e,helix-core/src/main/java/org/apache/helix/controller/stages/ClusterDataCache.java,HELIX-929,2018-07-11T15:28:06-07:00,2018-04-02T11:55:26-07:00
d02083e652797673e4826a45fc19896f610803c2,f414aad4c9b26fc767eaf373f7691f8e0487a598,helix-core/src/main/java/org/apache/helix/controller/stages/ClusterDataCache.java,HELIX-929,2018-07-11T15:28:06-07:00,2013-08-21T13:42:57-07:00
d02083e652797673e4826a45fc19896f610803c2,e5728469e02f196690654b4f7f2ed8ca9130a631,helix-core/src/main/java/org/apache/helix/spectator/RoutingDataCache.java,HELIX-929,2018-07-11T15:28:06-07:00,2018-03-23T12:12:44-07:00
d02083e652797673e4826a45fc19896f610803c2,94ac4253bb6a35f8ad895200ba6b050a576d4198,helix-core/src/test/java/org/apache/helix/DummyProcessThread.java,HELIX-929,2018-07-11T15:28:06-07:00,2018-06-26T17:52:19-07:00
d02083e652797673e4826a45fc19896f610803c2,437eb42eac35e181ae6793dd17390df33565e4dd,helix-core/src/test/java/org/apache/helix/TestRoutingTable.java,HELIX-929,2018-07-11T15:28:06-07:00,2012-10-24T16:14:36-07:00
d02083e652797673e4826a45fc19896f610803c2,d6f4943ed87fc46de7852dad1474b1b66a73e0ab,helix-core/src/test/java/org/apache/helix/integration/controller/TestClusterDataCacheSelectiveUpdate.java,HELIX-929,2018-07-11T15:28:06-07:00,2017-11-06T17:07:43-08:00
d02083e652797673e4826a45fc19896f610803c2,149831c8f49ee893f4966c2d01c21c005cca9d0a,helix-core/src/test/java/org/apache/helix/integration/controller/TestClusterDataCacheSelectiveUpdate.java,HELIX-929,2018-07-11T15:28:06-07:00,2018-03-26T14:50:31-07:00
d02083e652797673e4826a45fc19896f610803c2,dbc0bd2443b2e15717133e9f64ab93fe4e981e68,helix-core/src/test/java/org/apache/helix/mock/MockManager.java,HELIX-929,2018-07-11T15:28:06-07:00,2017-11-06T16:48:23-08:00
c145c7c71b996f7a223d82683f1eeff8222f728c,acbc467d0047cdc0c37fb9fe5e1edc6cd71025a1,helix-core/src/main/java/org/apache/helix/controller/rebalancer/DelayedAutoRebalancer.java,HELIX-1052,2018-07-12T13:45:17-07:00,2017-11-06T16:53:04-08:00
c145c7c71b996f7a223d82683f1eeff8222f728c,535986137b557f836c712e14c83f9fe923af4258,helix-core/src/test/java/org/apache/helix/integration/rebalancer/TestMixedModeAutoRebalance.java,HELIX-1052,2018-07-12T13:45:17-07:00,2017-11-06T16:54:34-08:00
c145c7c71b996f7a223d82683f1eeff8222f728c,acbc467d0047cdc0c37fb9fe5e1edc6cd71025a1,helix-core/src/test/java/org/apache/helix/integration/rebalancer/TestMixedModeAutoRebalance.java,HELIX-1052,2018-07-12T13:45:17-07:00,2017-11-06T16:53:04-08:00
4db61b56e473b64ec9956f694dd2ac6a8d328ed4,304a8f8633676c1eb0879637cae33b96bf7754cb,helix-core/src/main/java/org/apache/helix/controller/stages/ClusterDataCache.java,HELIX-730,2018-07-13T17:38:58-07:00,2018-07-12T14:23:03-07:00
4db61b56e473b64ec9956f694dd2ac6a8d328ed4,63553f3f64efc60dfa0c28e317977bfb66ea0813,helix-core/src/main/java/org/apache/helix/controller/stages/ClusterDataCache.java,HELIX-730,2018-07-13T17:38:58-07:00,2017-11-06T16:54:57-08:00
4db61b56e473b64ec9956f694dd2ac6a8d328ed4,c15646e41d423940bd91e385cba5634e9108408b,helix-core/src/main/java/org/apache/helix/controller/stages/ClusterDataCache.java,HELIX-730,2018-07-13T17:38:58-07:00,2017-11-06T16:56:47-08:00
4db61b56e473b64ec9956f694dd2ac6a8d328ed4,db949d0f64c5a4ac9923bc7bdf3736dd0e7a8640,helix-core/src/main/java/org/apache/helix/controller/stages/ClusterDataCache.java,HELIX-730,2018-07-13T17:38:58-07:00,2018-03-25T14:43:42-07:00
4db61b56e473b64ec9956f694dd2ac6a8d328ed4,ae02b58dc4880fe1f63bc66e0fdf93a63fd1d03f,helix-core/src/main/java/org/apache/helix/controller/stages/ClusterDataCache.java,HELIX-730,2018-07-13T17:38:58-07:00,2018-03-20T11:31:47-07:00
4db61b56e473b64ec9956f694dd2ac6a8d328ed4,d6f4943ed87fc46de7852dad1474b1b66a73e0ab,helix-core/src/main/java/org/apache/helix/controller/stages/ClusterDataCache.java,HELIX-730,2018-07-13T17:38:58-07:00,2017-11-06T17:07:43-08:00
4db61b56e473b64ec9956f694dd2ac6a8d328ed4,437eb42eac35e181ae6793dd17390df33565e4dd,helix-core/src/main/java/org/apache/helix/controller/stages/ClusterDataCache.java,HELIX-730,2018-07-13T17:38:58-07:00,2012-10-24T16:14:36-07:00
4db61b56e473b64ec9956f694dd2ac6a8d328ed4,ca05c3d3b2fb23c4b7244aa81f6f1c22f40a5353,helix-core/src/main/java/org/apache/helix/controller/stages/ClusterDataCache.java,HELIX-730,2018-07-13T17:38:58-07:00,2017-11-06T17:08:05-08:00
4db61b56e473b64ec9956f694dd2ac6a8d328ed4,4c7661017e856c42b69356665b908444f589fe2c,helix-core/src/main/java/org/apache/helix/model/ClusterConfig.java,HELIX-730,2018-07-13T17:38:58-07:00,2018-07-09T14:13:25-07:00
4db61b56e473b64ec9956f694dd2ac6a8d328ed4,c687414c4c59b9fac9b52bdbb4ad8d69a1b1b66d,helix-core/src/main/java/org/apache/helix/model/ClusterConfig.java,HELIX-730,2018-07-13T17:38:58-07:00,2017-11-06T16:31:59-08:00
4db61b56e473b64ec9956f694dd2ac6a8d328ed4,37f3d4c8dadd7cadeebad4fb41e2d4b1c38601fa,helix-core/src/main/java/org/apache/helix/model/ClusterConfig.java,HELIX-730,2018-07-13T17:38:58-07:00,2018-06-28T18:06:04-07:00
4db61b56e473b64ec9956f694dd2ac6a8d328ed4,84c2feabbc391e4069717d2a3c5b8c4adf32d946,helix-core/src/main/java/org/apache/helix/task/AbstractTaskDispatcher.java,HELIX-730,2018-07-13T17:38:58-07:00,2018-07-09T15:26:25-07:00
4db61b56e473b64ec9956f694dd2ac6a8d328ed4,034424cc4852bda55e74ddbbf42db4c7f293262c,helix-core/src/main/java/org/apache/helix/task/AssignableInstanceManager.java,HELIX-730,2018-07-13T17:38:58-07:00,2018-07-09T18:23:43-07:00
4db61b56e473b64ec9956f694dd2ac6a8d328ed4,e1ca65193973045b2a372190740b1d9b4a78c5d8,helix-core/src/main/java/org/apache/helix/task/FixedTargetTaskAssignmentCalculator.java,HELIX-730,2018-07-13T17:38:58-07:00,2018-07-09T13:48:53-07:00
4db61b56e473b64ec9956f694dd2ac6a8d328ed4,1904039705b89f9278d8030577bbc4f2a21c82c3,helix-core/src/main/java/org/apache/helix/task/FixedTargetTaskAssignmentCalculator.java,HELIX-730,2018-07-13T17:38:58-07:00,2017-11-06T16:50:27-08:00
4db61b56e473b64ec9956f694dd2ac6a8d328ed4,f1df105878c368e7ef93735a6c4c96532fb806df,helix-core/src/main/java/org/apache/helix/task/FixedTargetTaskAssignmentCalculator.java,HELIX-730,2018-07-13T17:38:58-07:00,2014-05-20T11:10:05-07:00
4db61b56e473b64ec9956f694dd2ac6a8d328ed4,79f94cedae2dca5f57113bc80f7cd1af91b0ce31,helix-core/src/main/java/org/apache/helix/task/FixedTargetTaskAssignmentCalculator.java,HELIX-730,2018-07-13T17:38:58-07:00,2017-11-06T16:26:41-08:00
4db61b56e473b64ec9956f694dd2ac6a8d328ed4,ff8719ed98850ef853b354db3b2b5f022f7fba13,helix-core/src/main/java/org/apache/helix/task/JobConfig.java,HELIX-730,2018-07-13T17:38:58-07:00,2017-11-06T16:39:51-08:00
4db61b56e473b64ec9956f694dd2ac6a8d328ed4,35fcfa0ec38e382cb7d4d981abdd4b5dcea11338,helix-core/src/main/java/org/apache/helix/task/JobConfig.java,HELIX-730,2018-07-13T17:38:58-07:00,2018-07-10T11:26:00-07:00
4db61b56e473b64ec9956f694dd2ac6a8d328ed4,236d3b3d923621e308055dbd3992f022a8596ff1,helix-core/src/main/java/org/apache/helix/task/JobRebalancer.java,HELIX-730,2018-07-13T17:38:58-07:00,2017-11-06T16:26:06-08:00
4db61b56e473b64ec9956f694dd2ac6a8d328ed4,63553f3f64efc60dfa0c28e317977bfb66ea0813,helix-core/src/main/java/org/apache/helix/task/JobRebalancer.java,HELIX-730,2018-07-13T17:38:58-07:00,2017-11-06T16:54:57-08:00
4db61b56e473b64ec9956f694dd2ac6a8d328ed4,555c2daa962bceb276bff2cefcecda69fd5ec313,helix-core/src/main/java/org/apache/helix/task/JobRebalancer.java,HELIX-730,2018-07-13T17:38:58-07:00,2017-11-06T16:56:08-08:00
4db61b56e473b64ec9956f694dd2ac6a8d328ed4,68fe74e696c92d332627935148f645f64b42d389,helix-core/src/main/java/org/apache/helix/task/JobRebalancer.java,HELIX-730,2018-07-13T17:38:58-07:00,2018-07-12T16:53:24-07:00
4db61b56e473b64ec9956f694dd2ac6a8d328ed4,13fac7c77bb570631ff93e8ff83c5cdd2bcd903f,helix-core/src/main/java/org/apache/helix/task/JobRebalancer.java,HELIX-730,2018-07-13T17:38:58-07:00,2018-04-16T11:22:40-07:00
4db61b56e473b64ec9956f694dd2ac6a8d328ed4,79f94cedae2dca5f57113bc80f7cd1af91b0ce31,helix-core/src/main/java/org/apache/helix/task/JobRebalancer.java,HELIX-730,2018-07-13T17:38:58-07:00,2017-11-06T16:26:41-08:00
4db61b56e473b64ec9956f694dd2ac6a8d328ed4,368e8605c0f010104addb76fcc311350cdf72831,helix-core/src/main/java/org/apache/helix/task/JobRebalancer.java,HELIX-730,2018-07-13T17:38:58-07:00,2017-11-06T16:35:14-08:00
4db61b56e473b64ec9956f694dd2ac6a8d328ed4,c7eccf7cdbc3b51fa09bf01ad719410835805ca8,helix-core/src/main/java/org/apache/helix/task/JobRebalancer.java,HELIX-730,2018-07-13T17:38:58-07:00,2017-11-06T16:38:58-08:00
4db61b56e473b64ec9956f694dd2ac6a8d328ed4,e6a99d264e3bb0d37c98ad1ae481c1897cacd46e,helix-core/src/main/java/org/apache/helix/task/JobRebalancer.java,HELIX-730,2018-07-13T17:38:58-07:00,2017-11-06T16:31:14-08:00
4db61b56e473b64ec9956f694dd2ac6a8d328ed4,84c2feabbc391e4069717d2a3c5b8c4adf32d946,helix-core/src/main/java/org/apache/helix/task/JobRebalancer.java,HELIX-730,2018-07-13T17:38:58-07:00,2018-07-09T15:26:25-07:00
4db61b56e473b64ec9956f694dd2ac6a8d328ed4,1798e793522157b1b479a66c8a9ec9453d698b8f,helix-core/src/main/java/org/apache/helix/task/TaskAssignmentCalculator.java,HELIX-730,2018-07-13T17:38:58-07:00,2015-12-09T16:39:37-08:00
4db61b56e473b64ec9956f694dd2ac6a8d328ed4,236d3b3d923621e308055dbd3992f022a8596ff1,helix-core/src/main/java/org/apache/helix/task/TaskRebalancer.java,HELIX-730,2018-07-13T17:38:58-07:00,2017-11-06T16:26:06-08:00
4db61b56e473b64ec9956f694dd2ac6a8d328ed4,555c2daa962bceb276bff2cefcecda69fd5ec313,helix-core/src/main/java/org/apache/helix/task/TaskRebalancer.java,HELIX-730,2018-07-13T17:38:58-07:00,2017-11-06T16:56:08-08:00
4db61b56e473b64ec9956f694dd2ac6a8d328ed4,29817cfc26571474088656f7491d9a8069785a75,helix-core/src/main/java/org/apache/helix/task/TaskRebalancer.java,HELIX-730,2018-07-13T17:38:58-07:00,2017-11-06T16:46:59-08:00
4db61b56e473b64ec9956f694dd2ac6a8d328ed4,13fac7c77bb570631ff93e8ff83c5cdd2bcd903f,helix-core/src/main/java/org/apache/helix/task/TaskRebalancer.java,HELIX-730,2018-07-13T17:38:58-07:00,2018-04-16T11:22:40-07:00
4db61b56e473b64ec9956f694dd2ac6a8d328ed4,3a4f9e8f6bcfb56b32725fd485bc9e97079d94df,helix-core/src/main/java/org/apache/helix/task/TaskRebalancer.java,HELIX-730,2018-07-13T17:38:58-07:00,2017-11-06T16:47:12-08:00
4db61b56e473b64ec9956f694dd2ac6a8d328ed4,1e017f16a8a694c819edb0c3eddeecee3245f6b8,helix-core/src/main/java/org/apache/helix/task/TaskRebalancer.java,HELIX-730,2018-07-13T17:38:58-07:00,2014-03-26T17:33:13-07:00
4db61b56e473b64ec9956f694dd2ac6a8d328ed4,e75c2038fa604728ec4ea9b906af5bc85125f92f,helix-core/src/main/java/org/apache/helix/task/TaskRebalancer.java,HELIX-730,2018-07-13T17:38:58-07:00,2017-11-06T16:28:13-08:00
4db61b56e473b64ec9956f694dd2ac6a8d328ed4,236d3b3d923621e308055dbd3992f022a8596ff1,helix-core/src/main/java/org/apache/helix/task/TaskUtil.java,HELIX-730,2018-07-13T17:38:58-07:00,2017-11-06T16:26:06-08:00
4db61b56e473b64ec9956f694dd2ac6a8d328ed4,1c5dff93e96882fad8b2590e8e10a3c781b0ef1b,helix-core/src/main/java/org/apache/helix/task/TaskUtil.java,HELIX-730,2018-07-13T17:38:58-07:00,2017-11-06T16:34:47-08:00
4db61b56e473b64ec9956f694dd2ac6a8d328ed4,81a651a932446d104339b0c89f1310be9aaa1d1b,helix-core/src/main/java/org/apache/helix/task/TaskUtil.java,HELIX-730,2018-07-13T17:38:58-07:00,2017-11-06T16:50:44-08:00
4db61b56e473b64ec9956f694dd2ac6a8d328ed4,3a4f9e8f6bcfb56b32725fd485bc9e97079d94df,helix-core/src/main/java/org/apache/helix/task/TaskUtil.java,HELIX-730,2018-07-13T17:38:58-07:00,2017-11-06T16:47:12-08:00
4db61b56e473b64ec9956f694dd2ac6a8d328ed4,1e017f16a8a694c819edb0c3eddeecee3245f6b8,helix-core/src/main/java/org/apache/helix/task/TaskUtil.java,HELIX-730,2018-07-13T17:38:58-07:00,2014-03-26T17:33:13-07:00
4db61b56e473b64ec9956f694dd2ac6a8d328ed4,b8355b9a6b1071c149305f147bdb524d8a67f2d2,helix-core/src/main/java/org/apache/helix/task/TaskUtil.java,HELIX-730,2018-07-13T17:38:58-07:00,2018-04-19T14:18:16-07:00
4db61b56e473b64ec9956f694dd2ac6a8d328ed4,84c2feabbc391e4069717d2a3c5b8c4adf32d946,helix-core/src/main/java/org/apache/helix/task/TaskUtil.java,HELIX-730,2018-07-13T17:38:58-07:00,2018-07-09T15:26:25-07:00
4db61b56e473b64ec9956f694dd2ac6a8d328ed4,975fdc0e1dd3d1b8caeefe57eb1026e646533c2e,helix-core/src/main/java/org/apache/helix/task/TaskUtil.java,HELIX-730,2018-07-13T17:38:58-07:00,2017-11-06T16:47:32-08:00
4db61b56e473b64ec9956f694dd2ac6a8d328ed4,236d3b3d923621e308055dbd3992f022a8596ff1,helix-core/src/main/java/org/apache/helix/task/WorkflowRebalancer.java,HELIX-730,2018-07-13T17:38:58-07:00,2017-11-06T16:26:06-08:00
4db61b56e473b64ec9956f694dd2ac6a8d328ed4,ac17a60963116e5166731f2f84d16ad711fb5ce2,helix-core/src/main/java/org/apache/helix/task/WorkflowRebalancer.java,HELIX-730,2018-07-13T17:38:58-07:00,2017-11-06T16:32:32-08:00
4db61b56e473b64ec9956f694dd2ac6a8d328ed4,555c2daa962bceb276bff2cefcecda69fd5ec313,helix-core/src/main/java/org/apache/helix/task/WorkflowRebalancer.java,HELIX-730,2018-07-13T17:38:58-07:00,2017-11-06T16:56:08-08:00
4db61b56e473b64ec9956f694dd2ac6a8d328ed4,052780697b4fe90d7a2794e572bf922ccc0c6aa5,helix-core/src/main/java/org/apache/helix/task/WorkflowRebalancer.java,HELIX-730,2018-07-13T17:38:58-07:00,2017-11-06T16:59:10-08:00
4db61b56e473b64ec9956f694dd2ac6a8d328ed4,3a4f9e8f6bcfb56b32725fd485bc9e97079d94df,helix-core/src/main/java/org/apache/helix/task/WorkflowRebalancer.java,HELIX-730,2018-07-13T17:38:58-07:00,2017-11-06T16:47:12-08:00
4db61b56e473b64ec9956f694dd2ac6a8d328ed4,f1511650a902d0dd0b52a8ce758114a5b38906c7,helix-core/src/main/java/org/apache/helix/task/WorkflowRebalancer.java,HELIX-730,2018-07-13T17:38:58-07:00,2017-11-06T16:38:53-08:00
4db61b56e473b64ec9956f694dd2ac6a8d328ed4,79f94cedae2dca5f57113bc80f7cd1af91b0ce31,helix-core/src/main/java/org/apache/helix/task/WorkflowRebalancer.java,HELIX-730,2018-07-13T17:38:58-07:00,2017-11-06T16:26:41-08:00
4db61b56e473b64ec9956f694dd2ac6a8d328ed4,317c300c8f951c7e8308cb0b24e48f97a1ef32ef,helix-core/src/main/java/org/apache/helix/task/WorkflowRebalancer.java,HELIX-730,2018-07-13T17:38:58-07:00,2018-04-20T09:56:34-07:00
4db61b56e473b64ec9956f694dd2ac6a8d328ed4,1904039705b89f9278d8030577bbc4f2a21c82c3,helix-core/src/main/java/org/apache/helix/task/WorkflowRebalancer.java,HELIX-730,2018-07-13T17:38:58-07:00,2017-11-06T16:50:27-08:00
4db61b56e473b64ec9956f694dd2ac6a8d328ed4,62464edaec7fc93f806638145d668f4943e2c241,helix-core/src/main/java/org/apache/helix/task/WorkflowRebalancer.java,HELIX-730,2018-07-13T17:38:58-07:00,2017-11-06T16:40:38-08:00
4db61b56e473b64ec9956f694dd2ac6a8d328ed4,975fdc0e1dd3d1b8caeefe57eb1026e646533c2e,helix-core/src/main/java/org/apache/helix/task/WorkflowRebalancer.java,HELIX-730,2018-07-13T17:38:58-07:00,2017-11-06T16:47:32-08:00
4db61b56e473b64ec9956f694dd2ac6a8d328ed4,304a8f8633676c1eb0879637cae33b96bf7754cb,helix-core/src/main/java/org/apache/helix/task/assigner/AssignableInstance.java,HELIX-730,2018-07-13T17:38:58-07:00,2018-07-12T14:23:03-07:00
4db61b56e473b64ec9956f694dd2ac6a8d328ed4,2049f93abe8e56a754e4880a9157959ef24cd89e,helix-core/src/main/java/org/apache/helix/task/assigner/AssignableInstance.java,HELIX-730,2018-07-13T17:38:58-07:00,2018-07-09T15:49:33-07:00
4db61b56e473b64ec9956f694dd2ac6a8d328ed4,ebbd6ba2ed57e75e5fe3506aa6fcd9f5938330fd,helix-core/src/main/java/org/apache/helix/task/assigner/AssignableInstance.java,HELIX-730,2018-07-13T17:38:58-07:00,2018-07-09T13:58:49-07:00
4db61b56e473b64ec9956f694dd2ac6a8d328ed4,31cec9114b77ee37f79da137ed914c7b330780f3,helix-core/src/test/java/org/apache/helix/integration/TestBatchEnableInstances.java,HELIX-730,2018-07-13T17:38:58-07:00,2018-01-24T18:30:10-08:00
4db61b56e473b64ec9956f694dd2ac6a8d328ed4,3bb1c87731948ab3727d1430618a2e248a7ab29b,helix-core/src/test/java/org/apache/helix/integration/TestStateTransitionCancellation.java,HELIX-730,2018-07-13T17:38:58-07:00,2017-11-06T16:49:55-08:00
4db61b56e473b64ec9956f694dd2ac6a8d328ed4,87d4668db8c80ac2991efe601789be6bd38c5e9c,helix-core/src/test/java/org/apache/helix/integration/TestStateTransitionCancellation.java,HELIX-730,2018-07-13T17:38:58-07:00,2017-11-06T16:47:52-08:00
4db61b56e473b64ec9956f694dd2ac6a8d328ed4,a7477c3bbc85059b2e522f5caa214c33eb4c3e15,helix-core/src/test/java/org/apache/helix/integration/controller/TestClusterMaintenanceMode.java,HELIX-730,2018-07-13T17:38:58-07:00,2018-01-24T18:31:11-08:00
4db61b56e473b64ec9956f694dd2ac6a8d328ed4,d89fbb93de273f1101e94d2c4c06bd6ad1256f23,helix-core/src/test/java/org/apache/helix/integration/controller/TestTargetExternalView.java,HELIX-730,2018-07-13T17:38:58-07:00,2017-11-06T17:08:59-08:00
4db61b56e473b64ec9956f694dd2ac6a8d328ed4,df3644f7d0b5fddb689ea613fe287b1147bb69e0,helix-core/src/test/java/org/apache/helix/integration/manager/TestZkHelixAdmin.java,HELIX-730,2018-07-13T17:38:58-07:00,2017-11-06T16:46:26-08:00
4db61b56e473b64ec9956f694dd2ac6a8d328ed4,b9f622acc0c6704137d866ece8d65702f2ec7a32,helix-core/src/test/java/org/apache/helix/integration/manager/TestZkHelixAdmin.java,HELIX-730,2018-07-13T17:38:58-07:00,2017-11-06T16:51:27-08:00
4db61b56e473b64ec9956f694dd2ac6a8d328ed4,667b1887f524fb499e472026f746bde4b5ceacca,helix-core/src/test/java/org/apache/helix/integration/task/TestDeleteWorkflow.java,HELIX-730,2018-07-13T17:38:58-07:00,2018-03-27T16:32:30-07:00
4db61b56e473b64ec9956f694dd2ac6a8d328ed4,45c17f4251f71f5422b0292cf5e539380a9308e4,helix-core/src/test/java/org/apache/helix/integration/task/TestIndependentTaskRebalancer.java,HELIX-730,2018-07-13T17:38:58-07:00,2014-05-27T13:58:16-07:00
4db61b56e473b64ec9956f694dd2ac6a8d328ed4,04cf41e16eba9fff688f27acca3b8443a0debb2f,helix-core/src/test/java/org/apache/helix/integration/task/TestIndependentTaskRebalancer.java,HELIX-730,2018-07-13T17:38:58-07:00,2017-11-06T16:39:06-08:00
4db61b56e473b64ec9956f694dd2ac6a8d328ed4,f1df105878c368e7ef93735a6c4c96532fb806df,helix-core/src/test/java/org/apache/helix/integration/task/TestIndependentTaskRebalancer.java,HELIX-730,2018-07-13T17:38:58-07:00,2014-05-20T11:10:05-07:00
4db61b56e473b64ec9956f694dd2ac6a8d328ed4,6c8c799d65a2c9cd333bffc1e5dff27c0898c397,helix-core/src/test/java/org/apache/helix/integration/task/TestIndependentTaskRebalancer.java,HELIX-730,2018-07-13T17:38:58-07:00,2017-11-06T16:35:03-08:00
4db61b56e473b64ec9956f694dd2ac6a8d328ed4,3f6516f4aaff29984844295435b1a90777f7d408,helix-core/src/test/java/org/apache/helix/integration/task/TestIndependentTaskRebalancer.java,HELIX-730,2018-07-13T17:38:58-07:00,2017-11-06T16:35:23-08:00
4db61b56e473b64ec9956f694dd2ac6a8d328ed4,98442167ffd5772715960f73a217c3176b47b17a,helix-core/src/test/java/org/apache/helix/integration/task/TestIndependentTaskRebalancer.java,HELIX-730,2018-07-13T17:38:58-07:00,2017-11-06T16:26:18-08:00
4db61b56e473b64ec9956f694dd2ac6a8d328ed4,f26edbcc4dae52d2e306ffadd33216a7e5e0f4d7,helix-core/src/test/java/org/apache/helix/integration/task/TestJobFailure.java,HELIX-730,2018-07-13T17:38:58-07:00,2017-11-06T16:49:44-08:00
4db61b56e473b64ec9956f694dd2ac6a8d328ed4,5b774d0348860349d51f531101cb59c71793bdf1,helix-core/src/test/java/org/apache/helix/integration/task/TestJobFailureHighThreshold.java,HELIX-730,2018-07-13T17:38:58-07:00,2017-11-06T16:50:20-08:00
4db61b56e473b64ec9956f694dd2ac6a8d328ed4,f26edbcc4dae52d2e306ffadd33216a7e5e0f4d7,helix-core/src/test/java/org/apache/helix/integration/task/TestJobFailureTaskNotStarted.java,HELIX-730,2018-07-13T17:38:58-07:00,2017-11-06T16:49:44-08:00
4db61b56e473b64ec9956f694dd2ac6a8d328ed4,e9afa01a25c1de8cfde5c87a19e48c0d75a554a9,helix-core/src/test/java/org/apache/helix/integration/task/TestJobTimeout.java,HELIX-730,2018-07-13T17:38:58-07:00,2017-11-06T16:48:48-08:00
4db61b56e473b64ec9956f694dd2ac6a8d328ed4,e9afa01a25c1de8cfde5c87a19e48c0d75a554a9,helix-core/src/test/java/org/apache/helix/integration/task/TestJobTimeoutTaskNotStarted.java,HELIX-730,2018-07-13T17:38:58-07:00,2017-11-06T16:48:48-08:00
4db61b56e473b64ec9956f694dd2ac6a8d328ed4,63553f3f64efc60dfa0c28e317977bfb66ea0813,helix-core/src/test/java/org/apache/helix/integration/task/TestJobTimeoutTaskNotStarted.java,HELIX-730,2018-07-13T17:38:58-07:00,2017-11-06T16:54:57-08:00
4db61b56e473b64ec9956f694dd2ac6a8d328ed4,f26edbcc4dae52d2e306ffadd33216a7e5e0f4d7,helix-core/src/test/java/org/apache/helix/integration/task/TestJobTimeoutTaskNotStarted.java,HELIX-730,2018-07-13T17:38:58-07:00,2017-11-06T16:49:44-08:00
4db61b56e473b64ec9956f694dd2ac6a8d328ed4,9914b199674aa76748fde88c3d40fab1daf2ff0d,helix-core/src/test/java/org/apache/helix/integration/task/TestRebalanceRunningTask.java,HELIX-730,2018-07-13T17:38:58-07:00,2017-11-06T16:55:11-08:00
4db61b56e473b64ec9956f694dd2ac6a8d328ed4,d2fb22d1f3a3db602b27cba7ed8d814cb931622e,helix-core/src/test/java/org/apache/helix/integration/task/TestRebalanceRunningTask.java,HELIX-730,2018-07-13T17:38:58-07:00,2018-04-24T12:45:43-07:00
4db61b56e473b64ec9956f694dd2ac6a8d328ed4,408082a33d91f84556c3da31232fb6d4097b4371,helix-core/src/test/java/org/apache/helix/integration/task/TestStopWorkflow.java,HELIX-730,2018-07-13T17:38:58-07:00,2017-10-03T15:08:33-07:00
4db61b56e473b64ec9956f694dd2ac6a8d328ed4,3f6516f4aaff29984844295435b1a90777f7d408,helix-core/src/test/java/org/apache/helix/integration/task/TestTaskAssignmentCalculator.java,HELIX-730,2018-07-13T17:38:58-07:00,2017-11-06T16:35:23-08:00
4db61b56e473b64ec9956f694dd2ac6a8d328ed4,04cf41e16eba9fff688f27acca3b8443a0debb2f,helix-core/src/test/java/org/apache/helix/integration/task/TestTaskAssignmentCalculator.java,HELIX-730,2018-07-13T17:38:58-07:00,2017-11-06T16:39:06-08:00
4db61b56e473b64ec9956f694dd2ac6a8d328ed4,e239ba14001b22455171aa22c0cdc16a30f0166d,helix-core/src/test/java/org/apache/helix/integration/task/TestTaskAssignmentCalculator.java,HELIX-730,2018-07-13T17:38:58-07:00,2017-11-06T16:38:50-08:00
4db61b56e473b64ec9956f694dd2ac6a8d328ed4,6c8c799d65a2c9cd333bffc1e5dff27c0898c397,helix-core/src/test/java/org/apache/helix/integration/task/TestTaskAssignmentCalculator.java,HELIX-730,2018-07-13T17:38:58-07:00,2017-11-06T16:35:03-08:00
4db61b56e473b64ec9956f694dd2ac6a8d328ed4,4609d94488f4e97e6bf1c233281ca39433c4f72e,helix-core/src/test/java/org/apache/helix/integration/task/TestTaskAssignmentCalculator.java,HELIX-730,2018-07-13T17:38:58-07:00,2018-07-13T15:55:35-07:00
4db61b56e473b64ec9956f694dd2ac6a8d328ed4,1e017f16a8a694c819edb0c3eddeecee3245f6b8,helix-core/src/test/java/org/apache/helix/integration/task/TestTaskRebalancer.java,HELIX-730,2018-07-13T17:38:58-07:00,2014-03-26T17:33:13-07:00
4db61b56e473b64ec9956f694dd2ac6a8d328ed4,604d56fc39e5648305d2e681df574b741390e4e7,helix-core/src/test/java/org/apache/helix/integration/task/TestTaskRebalancer.java,HELIX-730,2018-07-13T17:38:58-07:00,2017-11-06T16:29:03-08:00
4db61b56e473b64ec9956f694dd2ac6a8d328ed4,f1df105878c368e7ef93735a6c4c96532fb806df,helix-core/src/test/java/org/apache/helix/integration/task/TestTaskRebalancer.java,HELIX-730,2018-07-13T17:38:58-07:00,2014-05-20T11:10:05-07:00
4db61b56e473b64ec9956f694dd2ac6a8d328ed4,98442167ffd5772715960f73a217c3176b47b17a,helix-core/src/test/java/org/apache/helix/integration/task/TestTaskRebalancer.java,HELIX-730,2018-07-13T17:38:58-07:00,2017-11-06T16:26:18-08:00
4db61b56e473b64ec9956f694dd2ac6a8d328ed4,8c5e63ab263d2cbdf1f17bb98335afb69974be99,helix-core/src/test/java/org/apache/helix/integration/task/TestTaskRebalancerFailover.java,HELIX-730,2018-07-13T17:38:58-07:00,2014-10-03T12:03:43-07:00
4db61b56e473b64ec9956f694dd2ac6a8d328ed4,99a40083ab7bc1e1480d66107fff83f0479fa068,helix-core/src/test/java/org/apache/helix/integration/task/TestTaskRebalancerFailover.java,HELIX-730,2018-07-13T17:38:58-07:00,2016-07-05T15:02:05-07:00
4db61b56e473b64ec9956f694dd2ac6a8d328ed4,d5687fa41d091420f78023d950a9dc33f5e769ab,helix-core/src/test/java/org/apache/helix/integration/task/TestTaskRebalancerRetryLimit.java,HELIX-730,2018-07-13T17:38:58-07:00,2015-01-15T14:51:01-08:00
4db61b56e473b64ec9956f694dd2ac6a8d328ed4,99a40083ab7bc1e1480d66107fff83f0479fa068,helix-core/src/test/java/org/apache/helix/integration/task/TestTaskRebalancerRetryLimit.java,HELIX-730,2018-07-13T17:38:58-07:00,2016-07-05T15:02:05-07:00
4db61b56e473b64ec9956f694dd2ac6a8d328ed4,65c279026c293a1fce098775eaa8d9ba4171d0a9,helix-core/src/test/java/org/apache/helix/integration/task/TestTaskRetryDelay.java,HELIX-730,2018-07-13T17:38:58-07:00,2017-11-06T16:29:55-08:00
4db61b56e473b64ec9956f694dd2ac6a8d328ed4,cb06fb2ea0e17d2fc989edf96e2f136690bb96ef,helix-core/src/test/java/org/apache/helix/integration/task/TestWorkflowJobDependency.java,HELIX-730,2018-07-13T17:38:58-07:00,2017-11-06T16:29:16-08:00
4db61b56e473b64ec9956f694dd2ac6a8d328ed4,317c300c8f951c7e8308cb0b24e48f97a1ef32ef,helix-core/src/test/java/org/apache/helix/integration/task/TestWorkflowTermination.java,HELIX-730,2018-07-13T17:38:58-07:00,2018-04-20T09:56:34-07:00
4db61b56e473b64ec9956f694dd2ac6a8d328ed4,debb9bb23125f4c073a3dba75bc16df3558e0c35,helix-core/src/test/java/org/apache/helix/integration/task/TestWorkflowTimeout.java,HELIX-730,2018-07-13T17:38:58-07:00,2018-03-20T11:55:34-07:00
4db61b56e473b64ec9956f694dd2ac6a8d328ed4,9914b199674aa76748fde88c3d40fab1daf2ff0d,helix-core/src/test/java/org/apache/helix/task/TaskSynchronizedTestBase.java,HELIX-730,2018-07-13T17:38:58-07:00,2017-11-06T16:55:11-08:00
4db61b56e473b64ec9956f694dd2ac6a8d328ed4,c0d5792b745c67b6fee56ba79df02be89d1f049e,helix-core/src/test/java/org/apache/helix/task/TaskSynchronizedTestBase.java,HELIX-730,2018-07-13T17:38:58-07:00,2018-07-13T11:20:49-07:00
4db61b56e473b64ec9956f694dd2ac6a8d328ed4,ff53f82dfd8140884c2ce3dbc204e1a088fa76eb,helix-core/src/test/java/org/apache/helix/task/TaskSynchronizedTestBase.java,HELIX-730,2018-07-13T17:38:58-07:00,2017-11-06T16:39:31-08:00
4db61b56e473b64ec9956f694dd2ac6a8d328ed4,6fd6aad52e390e20f5fcb4ac7b636f56a18b2d45,helix-core/src/test/java/org/apache/helix/task/TestSemiAutoStateTransition.java,HELIX-730,2018-07-13T17:38:58-07:00,2017-11-06T16:39:34-08:00
4db61b56e473b64ec9956f694dd2ac6a8d328ed4,c0d5792b745c67b6fee56ba79df02be89d1f049e,helix-core/src/test/java/org/apache/helix/task/TestSemiAutoStateTransition.java,HELIX-730,2018-07-13T17:38:58-07:00,2018-07-13T11:20:49-07:00
343f8dd33d49a74e6def97a9e58b4adf6b007ee3,323fbd049ed84a17ca8a2a00019bf76d51f5346e,helix-core/src/main/java/org/apache/helix/controller/stages/IntermediateStateCalcStage.java,HELIX-731,2018-07-16T14:55:31-07:00,2018-06-25T14:55:42-07:00
343f8dd33d49a74e6def97a9e58b4adf6b007ee3,a8b8ae09a91444a712f44fa1a11020145336c428,helix-core/src/main/java/org/apache/helix/controller/stages/IntermediateStateCalcStage.java,HELIX-731,2018-07-16T14:55:31-07:00,2017-11-06T16:40:22-08:00
343f8dd33d49a74e6def97a9e58b4adf6b007ee3,dd3be71c9423eea8283bda6819beb76edecf1fb2,helix-core/src/main/java/org/apache/helix/controller/stages/IntermediateStateCalcStage.java,HELIX-731,2018-07-16T14:55:31-07:00,2018-07-09T16:42:14-07:00
343f8dd33d49a74e6def97a9e58b4adf6b007ee3,27dd9cc5eff134ab6bf843e5daa3fa0566321ed7,helix-core/src/test/java/org/apache/helix/integration/TestStateTransitionThrottle.java,HELIX-731,2018-07-16T14:55:31-07:00,2018-01-24T18:29:31-08:00
811222654a255924edef768bf5d4000c6f146f1f,37f3d4c8dadd7cadeebad4fb41e2d4b1c38601fa,helix-core/src/test/resources/TestRecoveryLoadBalance.MasterSlave.json,HELIX-734,2018-07-17T11:41:09-07:00,2018-06-28T18:06:04-07:00
811222654a255924edef768bf5d4000c6f146f1f,37f3d4c8dadd7cadeebad4fb41e2d4b1c38601fa,helix-core/src/test/resources/TestRecoveryLoadBalance.OnlineOffline.json,HELIX-734,2018-07-17T11:41:09-07:00,2018-06-28T18:06:04-07:00
0af6e8c19af5ee916f93acd8582e53b776e9c712,304a8f8633676c1eb0879637cae33b96bf7754cb,helix-core/src/main/java/org/apache/helix/common/caches/TaskDataCache.java,HELIX-745,2018-07-24T17:47:50-07:00,2018-07-12T14:23:03-07:00
0af6e8c19af5ee916f93acd8582e53b776e9c712,304a8f8633676c1eb0879637cae33b96bf7754cb,helix-core/src/main/java/org/apache/helix/controller/stages/ClusterDataCache.java,HELIX-745,2018-07-24T17:47:50-07:00,2018-07-12T14:23:03-07:00
0af6e8c19af5ee916f93acd8582e53b776e9c712,4db61b56e473b64ec9956f694dd2ac6a8d328ed4,helix-core/src/main/java/org/apache/helix/controller/stages/ClusterDataCache.java,HELIX-745,2018-07-24T17:47:50-07:00,2018-07-13T17:38:58-07:00
0af6e8c19af5ee916f93acd8582e53b776e9c712,1f3402c494dcaad776b0ffb914afc33d7ed9725a,helix-core/src/main/java/org/apache/helix/task/AssignableInstanceManager.java,HELIX-745,2018-07-24T17:47:50-07:00,2018-07-12T11:18:21-07:00
0af6e8c19af5ee916f93acd8582e53b776e9c712,304a8f8633676c1eb0879637cae33b96bf7754cb,helix-core/src/main/java/org/apache/helix/task/AssignableInstanceManager.java,HELIX-745,2018-07-24T17:47:50-07:00,2018-07-12T14:23:03-07:00
0af6e8c19af5ee916f93acd8582e53b776e9c712,4db61b56e473b64ec9956f694dd2ac6a8d328ed4,helix-core/src/main/java/org/apache/helix/task/AssignableInstanceManager.java,HELIX-745,2018-07-24T17:47:50-07:00,2018-07-13T17:38:58-07:00
ae23842d24409e26c67f5c99113762bd0eb714b0,3a4f9e8f6bcfb56b32725fd485bc9e97079d94df,helix-core/src/main/java/org/apache/helix/task/TaskUtil.java,HELIX-746,2018-07-24T17:48:32-07:00,2017-11-06T16:47:12-08:00
ae23842d24409e26c67f5c99113762bd0eb714b0,b8355b9a6b1071c149305f147bdb524d8a67f2d2,helix-core/src/main/java/org/apache/helix/task/TaskUtil.java,HELIX-746,2018-07-24T17:48:32-07:00,2018-04-19T14:18:16-07:00
11b721350091247cd3aa9716345ebdd53199ab53,304a8f8633676c1eb0879637cae33b96bf7754cb,helix-core/src/main/java/org/apache/helix/task/assigner/ThreadCountBasedTaskAssigner.java,HELIX-751,2018-09-21T13:40:20-07:00,2018-07-12T14:23:03-07:00
11b721350091247cd3aa9716345ebdd53199ab53,4db61b56e473b64ec9956f694dd2ac6a8d328ed4,helix-core/src/main/java/org/apache/helix/task/assigner/ThreadCountBasedTaskAssigner.java,HELIX-751,2018-09-21T13:40:20-07:00,2018-07-13T17:38:58-07:00
1b4e0bbb89736ea7e0bd92c1af98e1ab102397f1,84c2feabbc391e4069717d2a3c5b8c4adf32d946,helix-core/src/main/java/org/apache/helix/task/AbstractTaskDispatcher.java,HELIX-985,2018-09-21T15:14:38-07:00,2018-07-09T15:26:25-07:00
1b4e0bbb89736ea7e0bd92c1af98e1ab102397f1,236d3b3d923621e308055dbd3992f022a8596ff1,helix-core/src/main/java/org/apache/helix/task/JobRebalancer.java,HELIX-985,2018-09-21T15:14:38-07:00,2017-11-06T16:26:06-08:00
1b4e0bbb89736ea7e0bd92c1af98e1ab102397f1,4db61b56e473b64ec9956f694dd2ac6a8d328ed4,helix-core/src/main/java/org/apache/helix/task/JobRebalancer.java,HELIX-985,2018-09-21T15:14:38-07:00,2018-07-13T17:38:58-07:00
1b4e0bbb89736ea7e0bd92c1af98e1ab102397f1,3a4f9e8f6bcfb56b32725fd485bc9e97079d94df,helix-core/src/main/java/org/apache/helix/task/TaskRebalancer.java,HELIX-985,2018-09-21T15:14:38-07:00,2017-11-06T16:47:12-08:00
1b4e0bbb89736ea7e0bd92c1af98e1ab102397f1,1e017f16a8a694c819edb0c3eddeecee3245f6b8,helix-core/src/main/java/org/apache/helix/task/TaskRebalancer.java,HELIX-985,2018-09-21T15:14:38-07:00,2014-03-26T17:33:13-07:00
1b4e0bbb89736ea7e0bd92c1af98e1ab102397f1,84c2feabbc391e4069717d2a3c5b8c4adf32d946,helix-core/src/main/java/org/apache/helix/task/TaskRebalancer.java,HELIX-985,2018-09-21T15:14:38-07:00,2018-07-09T15:26:25-07:00
1b4e0bbb89736ea7e0bd92c1af98e1ab102397f1,4db61b56e473b64ec9956f694dd2ac6a8d328ed4,helix-core/src/main/java/org/apache/helix/task/TaskRebalancer.java,HELIX-985,2018-09-21T15:14:38-07:00,2018-07-13T17:38:58-07:00
e492d9f663d8edad0f344208cc8affc6828708a3,034424cc4852bda55e74ddbbf42db4c7f293262c,helix-core/src/main/java/org/apache/helix/task/AssignableInstanceManager.java,HELIX-763,2018-10-26T18:49:52-07:00,2018-07-09T18:23:43-07:00
d33d9efea25fe9d2bbbb9e84a4ce7614b544ef2d,437eb42eac35e181ae6793dd17390df33565e4dd,helix-core/src/main/java/org/apache/helix/controller/stages/ClusterDataCache.java,HELIX-764,2018-10-26T19:03:47-07:00,2012-10-24T16:14:36-07:00
d33d9efea25fe9d2bbbb9e84a4ce7614b544ef2d,fc868b34d60eaba82ad3f9e60004e8cb5db1c9f3,helix-core/src/main/java/org/apache/helix/controller/stages/ClusterDataCache.java,HELIX-764,2018-10-26T19:03:47-07:00,2018-09-17T15:29:52-07:00
d33d9efea25fe9d2bbbb9e84a4ce7614b544ef2d,4db61b56e473b64ec9956f694dd2ac6a8d328ed4,helix-core/src/main/java/org/apache/helix/controller/stages/ClusterDataCache.java,HELIX-764,2018-10-26T19:03:47-07:00,2018-07-13T17:38:58-07:00
930a4b7ae7eb63be0a751a593ba630ae55fb2cfb,698532598f2cb10d0eb1c67f3961cdd6219db965,helix-core/src/main/java/org/apache/helix/controller/stages/ClusterDataCache.java,HELIX-765,2018-10-26T19:06:42-07:00,2018-07-09T18:27:15-07:00
930a4b7ae7eb63be0a751a593ba630ae55fb2cfb,304a8f8633676c1eb0879637cae33b96bf7754cb,helix-core/src/main/java/org/apache/helix/controller/stages/ClusterDataCache.java,HELIX-765,2018-10-26T19:06:42-07:00,2018-07-12T14:23:03-07:00
930a4b7ae7eb63be0a751a593ba630ae55fb2cfb,0af6e8c19af5ee916f93acd8582e53b776e9c712,helix-core/src/main/java/org/apache/helix/controller/stages/ClusterDataCache.java,HELIX-765,2018-10-26T19:06:42-07:00,2018-07-24T17:47:50-07:00
65bb35090a90679cc0973d142a1d9a27d1522bbe,96639fe705ef4eedd8ccbdbf8e63408aad4d464f,helix-core/src/main/java/org/apache/helix/task/WorkflowConfig.java,HELIX-768,2018-10-29T15:54:04-07:00,2017-11-06T16:28:31-08:00
cf010f90426003dab7e713945c2c9daa23ffed13,323fbd049ed84a17ca8a2a00019bf76d51f5346e,helix-core/src/main/java/org/apache/helix/controller/stages/IntermediateStateCalcStage.java,HELIX-770,2018-10-29T17:47:51-07:00,2018-06-25T14:55:42-07:00
cf010f90426003dab7e713945c2c9daa23ffed13,27dd9cc5eff134ab6bf843e5daa3fa0566321ed7,helix-core/src/main/java/org/apache/helix/controller/stages/IntermediateStateCalcStage.java,HELIX-770,2018-10-29T17:47:51-07:00,2018-01-24T18:29:31-08:00
cf010f90426003dab7e713945c2c9daa23ffed13,cd8272c952377ef9bbb478356ea4a2a9f8e7d3fa,helix-core/src/main/java/org/apache/helix/model/StateModelDefinition.java,HELIX-770,2018-10-29T17:47:51-07:00,2013-04-01T11:07:34-07:00
cf010f90426003dab7e713945c2c9daa23ffed13,71f72da46781e47207ca2273caeb8519d5ad8fee,helix-core/src/main/java/org/apache/helix/model/StateModelDefinition.java,HELIX-770,2018-10-29T17:47:51-07:00,2017-11-06T16:48:26-08:00
ceba1a55ae351090144c001324f908f2364212a4,84c2feabbc391e4069717d2a3c5b8c4adf32d946,helix-core/src/main/java/org/apache/helix/task/AbstractTaskDispatcher.java,HELIX-778,2018-10-31T17:20:37-07:00,2018-07-09T15:26:25-07:00
ceba1a55ae351090144c001324f908f2364212a4,9756efdf2ed7eab606f026fd07418c9f9adde4df,helix-core/src/test/java/org/apache/helix/integration/task/TestUnregisteredCommand.java,HELIX-778,2018-10-31T17:20:37-07:00,2017-11-06T16:30:32-08:00
3844ad60034b029f3bbd916f629a7969117c1b26,3a4f9e8f6bcfb56b32725fd485bc9e97079d94df,helix-core/src/main/java/org/apache/helix/task/TaskDriver.java,HELIX-782,2018-11-01T16:54:48-07:00,2017-11-06T16:47:12-08:00
3844ad60034b029f3bbd916f629a7969117c1b26,1d6373e193ed578948ef3cc700c1028cbf1e3036,helix-core/src/main/java/org/apache/helix/task/TaskDriver.java,HELIX-782,2018-11-01T16:54:48-07:00,2017-11-06T16:40:30-08:00
3844ad60034b029f3bbd916f629a7969117c1b26,3a4f9e8f6bcfb56b32725fd485bc9e97079d94df,helix-core/src/main/java/org/apache/helix/task/TaskUtil.java,HELIX-782,2018-11-01T16:54:48-07:00,2017-11-06T16:47:12-08:00
befb1036f8d8be2729a800d3dde88fc1362a6489,1ad490ec72a4732417aa84925f39afc6ce43092e,helix-core/src/main/java/org/apache/helix/task/TaskUtil.java,HELIX-784,2018-11-01T16:57:33-07:00,2018-09-17T15:47:42-07:00
befb1036f8d8be2729a800d3dde88fc1362a6489,923002e8e355bdff87bb62f2f1fd1939b66641ec,helix-core/src/test/java/org/apache/helix/controller/stages/TestTaskPersistDataStage.java,HELIX-784,2018-11-01T16:57:33-07:00,2018-10-29T13:43:04-07:00
59536d39c85d3535408a40a46a1a60a4105ee6e4,1d9149305a7188d5d80b704f51b78344f10080a9,helix-core/src/main/java/org/apache/helix/controller/stages/IntermediateStateCalcStage.java,HELIX-788,2018-11-02T14:19:16-07:00,2017-11-06T16:46:35-08:00
59536d39c85d3535408a40a46a1a60a4105ee6e4,41737528d6702aad83fa61fedfec935e26ff18d6,helix-core/src/main/java/org/apache/helix/controller/stages/IntermediateStateCalcStage.java,HELIX-788,2018-11-02T14:19:16-07:00,2017-11-06T16:49:33-08:00
59536d39c85d3535408a40a46a1a60a4105ee6e4,0beeb8fa2babe2d8c7bc50a0a454f752b7c96295,helix-core/src/main/java/org/apache/helix/controller/stages/IntermediateStateCalcStage.java,HELIX-788,2018-11-02T14:19:16-07:00,2018-10-30T16:29:04-07:00
59536d39c85d3535408a40a46a1a60a4105ee6e4,dd3be71c9423eea8283bda6819beb76edecf1fb2,helix-core/src/main/java/org/apache/helix/controller/stages/IntermediateStateCalcStage.java,HELIX-788,2018-11-02T14:19:16-07:00,2018-07-09T16:42:14-07:00
59536d39c85d3535408a40a46a1a60a4105ee6e4,a8b8ae09a91444a712f44fa1a11020145336c428,helix-core/src/main/java/org/apache/helix/controller/stages/IntermediateStateCalcStage.java,HELIX-788,2018-11-02T14:19:16-07:00,2017-11-06T16:40:22-08:00
59536d39c85d3535408a40a46a1a60a4105ee6e4,437eb42eac35e181ae6793dd17390df33565e4dd,helix-core/src/main/java/org/apache/helix/controller/stages/ResourceComputationStage.java,HELIX-788,2018-11-02T14:19:16-07:00,2012-10-24T16:14:36-07:00
59536d39c85d3535408a40a46a1a60a4105ee6e4,8b7632ecec3e447bef5201bc1218e1dea2d45938,helix-core/src/test/java/org/apache/helix/controller/stages/TestStateTransitionPrirority.java,HELIX-788,2018-11-02T14:19:16-07:00,2017-11-06T17:06:23-08:00
ddb3690486a631efa9db704531781745d02ee546,fbb679c5f4804652ea730bf5cd4ee6bf1329efc3,helix-core/src/main/java/org/apache/helix/task/AbstractTaskDispatcher.java,HELIX-794,2019-02-25T17:49:45-08:00,2019-02-25T17:36:00-08:00
ddb3690486a631efa9db704531781745d02ee546,84c2feabbc391e4069717d2a3c5b8c4adf32d946,helix-core/src/main/java/org/apache/helix/task/AbstractTaskDispatcher.java,HELIX-794,2019-02-25T17:49:45-08:00,2018-07-09T15:26:25-07:00
ddb3690486a631efa9db704531781745d02ee546,4db61b56e473b64ec9956f694dd2ac6a8d328ed4,helix-core/src/main/java/org/apache/helix/task/AbstractTaskDispatcher.java,HELIX-794,2019-02-25T17:49:45-08:00,2018-07-13T17:38:58-07:00
ddb3690486a631efa9db704531781745d02ee546,01076ca26ed244f1da682b9d9c97cab8851d6ed3,helix-core/src/main/java/org/apache/helix/task/JobDispatcher.java,HELIX-794,2019-02-25T17:49:45-08:00,2018-10-29T18:09:47-07:00
3d7c162d6e10589e8079a0690b538473bf2645de,f9f89a79768156ef7341262cbb25a40d7dafeb1e,helix-core/src/main/java/org/apache/helix/task/TaskStateModel.java,HELIX-800,2019-02-26T10:27:11-08:00,2019-02-25T17:51:17-08:00
4f863c3549631b5e9fccc6f40b513fff6fe435fa,437eb42eac35e181ae6793dd17390df33565e4dd,helix-core/src/main/java/org/apache/helix/PropertyKey.java,HELIX-801,2019-02-26T10:27:11-08:00,2012-10-24T16:14:36-07:00
4f863c3549631b5e9fccc6f40b513fff6fe435fa,437eb42eac35e181ae6793dd17390df33565e4dd,helix-core/src/main/java/org/apache/helix/PropertyPathBuilder.java,HELIX-801,2019-02-26T10:27:11-08:00,2012-10-24T16:14:36-07:00
4f863c3549631b5e9fccc6f40b513fff6fe435fa,0e0fcb99297d569a3cf1ccda4b7d25e44f73a41a,helix-core/src/main/java/org/apache/helix/manager/zk/DistributedLeaderElection.java,HELIX-801,2019-02-26T10:27:11-08:00,2019-01-30T11:26:13-08:00
4f863c3549631b5e9fccc6f40b513fff6fe435fa,5f739c6f46a0ecde970d6d44f94b4468d7f0b3f9,helix-core/src/main/java/org/apache/helix/manager/zk/DistributedLeaderElection.java,HELIX-801,2019-02-26T10:27:11-08:00,2017-11-06T16:49:12-08:00
4f863c3549631b5e9fccc6f40b513fff6fe435fa,94367e1c7840b5c35a84f0ee440d443047c6dbaa,helix-core/src/main/java/org/apache/helix/manager/zk/DistributedLeaderElection.java,HELIX-801,2019-02-26T10:27:11-08:00,2013-06-21T13:57:48-07:00
4f863c3549631b5e9fccc6f40b513fff6fe435fa,a7477c3bbc85059b2e522f5caa214c33eb4c3e15,helix-core/src/main/java/org/apache/helix/manager/zk/ZKHelixAdmin.java,HELIX-801,2019-02-26T10:27:11-08:00,2018-01-24T18:31:11-08:00
4f863c3549631b5e9fccc6f40b513fff6fe435fa,313affc2e020068a1e5e7c5e92224d3299b1a404,helix-core/src/main/java/org/apache/helix/manager/zk/ZKHelixAdmin.java,HELIX-801,2019-02-26T10:27:11-08:00,2019-02-26T10:27:11-08:00
4f863c3549631b5e9fccc6f40b513fff6fe435fa,5c0d1002f8c2437407a3b70258786f08cea9ca57,helix-core/src/main/java/org/apache/helix/model/LeaderHistory.java,HELIX-801,2019-02-26T10:27:11-08:00,2017-11-06T16:51:13-08:00
4f863c3549631b5e9fccc6f40b513fff6fe435fa,30fe6d3118c371a2db67f3a241cda429a94ecf7a,helix-core/src/main/java/org/apache/helix/model/LeaderHistory.java,HELIX-801,2019-02-26T10:27:11-08:00,2017-11-06T16:39:41-08:00
4f863c3549631b5e9fccc6f40b513fff6fe435fa,437eb42eac35e181ae6793dd17390df33565e4dd,helix-core/src/main/java/org/apache/helix/model/LeaderHistory.java,HELIX-801,2019-02-26T10:27:11-08:00,2012-10-24T16:14:36-07:00
4f863c3549631b5e9fccc6f40b513fff6fe435fa,d6331373bf82a36a21719fc61b0d0054bb30fd27,helix-core/src/main/java/org/apache/helix/model/LeaderHistory.java,HELIX-801,2019-02-26T10:27:11-08:00,2017-11-06T16:39:39-08:00
4f863c3549631b5e9fccc6f40b513fff6fe435fa,f414aad4c9b26fc767eaf373f7691f8e0487a598,helix-core/src/main/java/org/apache/helix/model/LeaderHistory.java,HELIX-801,2019-02-26T10:27:11-08:00,2013-08-21T13:42:57-07:00
4f863c3549631b5e9fccc6f40b513fff6fe435fa,c54c616333fa4a6d28b2fdf4d256d3e9d928b076,helix-core/src/main/java/org/apache/helix/model/LeaderHistory.java,HELIX-801,2019-02-26T10:27:11-08:00,2012-10-25T23:53:15+02:00
4f863c3549631b5e9fccc6f40b513fff6fe435fa,fb0b67471112e44b9fd416dca51a185359369308,helix-core/src/main/java/org/apache/helix/model/LeaderHistory.java,HELIX-801,2019-02-26T10:27:11-08:00,2018-03-23T11:57:06-07:00
4f863c3549631b5e9fccc6f40b513fff6fe435fa,4cd7269e933602de6029534cf20290d7955e0801,helix-core/src/main/java/org/apache/helix/model/MaintenanceSignal.java,HELIX-801,2019-02-26T10:27:11-08:00,2019-02-25T17:53:08-08:00
4f863c3549631b5e9fccc6f40b513fff6fe435fa,313affc2e020068a1e5e7c5e92224d3299b1a404,helix-core/src/test/java/org/apache/helix/integration/controller/TestClusterMaintenanceMode.java,HELIX-801,2019-02-26T10:27:11-08:00,2019-02-26T10:27:11-08:00
4f863c3549631b5e9fccc6f40b513fff6fe435fa,30fe6d3118c371a2db67f3a241cda429a94ecf7a,helix-core/src/test/java/org/apache/helix/integration/controller/TestControllerHistory.java,HELIX-801,2019-02-26T10:27:11-08:00,2017-11-06T16:39:41-08:00
4f863c3549631b5e9fccc6f40b513fff6fe435fa,5c0d1002f8c2437407a3b70258786f08cea9ca57,helix-rest/src/main/java/org/apache/helix/rest/server/resources/helix/ClusterAccessor.java,HELIX-801,2019-02-26T10:27:11-08:00,2017-11-06T16:51:13-08:00
70b63558797d193164a08bc73eb99816cf3a6094,ddb3690486a631efa9db704531781745d02ee546,helix-core/src/main/java/org/apache/helix/task/AbstractTaskDispatcher.java,HELIX-808,2019-02-26T18:15:06-08:00,2019-02-25T17:49:45-08:00
70b63558797d193164a08bc73eb99816cf3a6094,fbb679c5f4804652ea730bf5cd4ee6bf1329efc3,helix-core/src/main/java/org/apache/helix/task/AbstractTaskDispatcher.java,HELIX-808,2019-02-26T18:15:06-08:00,2019-02-25T17:36:00-08:00
70b63558797d193164a08bc73eb99816cf3a6094,84c2feabbc391e4069717d2a3c5b8c4adf32d946,helix-core/src/main/java/org/apache/helix/task/AbstractTaskDispatcher.java,HELIX-808,2019-02-26T18:15:06-08:00,2018-07-09T15:26:25-07:00
70b63558797d193164a08bc73eb99816cf3a6094,f9f89a79768156ef7341262cbb25a40d7dafeb1e,helix-core/src/main/java/org/apache/helix/task/JobDispatcher.java,HELIX-808,2019-02-26T18:15:06-08:00,2019-02-25T17:51:17-08:00
70b63558797d193164a08bc73eb99816cf3a6094,01076ca26ed244f1da682b9d9c97cab8851d6ed3,helix-core/src/main/java/org/apache/helix/task/JobDispatcher.java,HELIX-808,2019-02-26T18:15:06-08:00,2018-10-29T18:09:47-07:00
70b63558797d193164a08bc73eb99816cf3a6094,ddb3690486a631efa9db704531781745d02ee546,helix-core/src/test/java/org/apache/helix/integration/task/TestNoDoubleAssign.java,HELIX-808,2019-02-26T18:15:06-08:00,2019-02-25T17:49:45-08:00
ae586ac6f511ebed7bb01e0bec61f526b7d4b178,09d201e8b9dde7702be046bc214c4d810edf2184,helix-core/src/test/java/org/apache/helix/integration/rebalancer/TestClusterInMaintenanceModeWhenReachingMaxPartition.java,HELIX-809,2019-02-26T18:15:06-08:00,2017-11-06T16:56:42-08:00
c1f9af5b4ffb88a4893ac04890690946e97082e4,74145e8ad3b34753186d53526bab825de4432c31,helix-core/src/main/java/org/apache/helix/common/caches/InstanceMessagesCache.java,HELIX-810,2019-02-26T18:15:06-08:00,2018-09-17T15:17:26-07:00
c1f9af5b4ffb88a4893ac04890690946e97082e4,19b6d7c1db3fdce261e9f035c87e155e06315b80,helix-core/src/main/java/org/apache/helix/common/caches/InstanceMessagesCache.java,HELIX-810,2019-02-26T18:15:06-08:00,2019-02-26T17:18:02-08:00
4ecd923f279a53554fc66e9a71356af2f125c451,4f863c3549631b5e9fccc6f40b513fff6fe435fa,helix-core/src/test/java/org/apache/helix/integration/controller/TestClusterMaintenanceMode.java,HELIX-812,2019-02-26T18:15:06-08:00,2019-02-26T10:27:11-08:00
f4b85691441d30fade4b9d9a3f85930399e7dbf7,efc1defd0910eb6137318c7e48253ee736265da5,helix-core/src/main/java/org/apache/helix/tools/commandtools/ZkGrep.java,HELIX-815,2019-04-01T12:32:03-07:00,2014-03-13T18:51:44-07:00
ca36fbfa3c59f6dc0eec31f312f103749874f7c0,c92428023a6b8456c0e0ecce0649e61ea2575863,helix-core/src/test/java/org/apache/helix/controller/stages/TestClusterEventBlockingQueue.java,HELIX-1742,2019-05-22T15:02:12-07:00,2014-01-22T15:18:02-08:00
ca36fbfa3c59f6dc0eec31f312f103749874f7c0,1e017f16a8a694c819edb0c3eddeecee3245f6b8,helix-core/src/test/java/org/apache/helix/integration/task/TestTaskRebalancer.java,HELIX-1742,2019-05-22T15:02:12-07:00,2014-03-26T17:33:13-07:00
ca36fbfa3c59f6dc0eec31f312f103749874f7c0,eb728cb2c4df76f6fcd3ed687db67b9d26e80635,pom.xml,HELIX-1742,2019-05-22T15:02:12-07:00,2012-10-30T14:45:46+01:00
ca36fbfa3c59f6dc0eec31f312f103749874f7c0,9eed422738ae8023d6ee122a8d3529ea31615425,pom.xml,HELIX-1742,2019-05-22T15:02:12-07:00,2012-10-23T23:43:00+02:00
ca36fbfa3c59f6dc0eec31f312f103749874f7c0,0e9ea9d4946ea40fd47add0376688248ce1bd25b,pom.xml,HELIX-1742,2019-05-22T15:02:12-07:00,2013-05-17T08:46:45+10:00
ca36fbfa3c59f6dc0eec31f312f103749874f7c0,afee35a32767dec3fbef237bcea6d08f87f5eaba,pom.xml,HELIX-1742,2019-05-22T15:02:12-07:00,2012-10-26T22:55:54+02:00
ca36fbfa3c59f6dc0eec31f312f103749874f7c0,58d32ddc688df8e80170caf2c34d742f34915da5,pom.xml,HELIX-1742,2019-05-22T15:02:12-07:00,2012-12-14T23:30:44+01:00
ca36fbfa3c59f6dc0eec31f312f103749874f7c0,6ffeb30b69203827f8333ad8a625b80b46d6facd,pom.xml,HELIX-1742,2019-05-22T15:02:12-07:00,2013-04-04T21:47:09-07:00
ca36fbfa3c59f6dc0eec31f312f103749874f7c0,e67a66ef10b8cb3a811187b76c421f1ab673a226,pom.xml,HELIX-1742,2019-05-22T15:02:12-07:00,2013-08-08T00:42:07-07:00
ca36fbfa3c59f6dc0eec31f312f103749874f7c0,cc47499116fb9aa84cb9077f576bb33f52ae1589,pom.xml,HELIX-1742,2019-05-22T15:02:12-07:00,2017-11-06T16:50:39-08:00
babc471bbd81907da73f5f33b2f9f5a035e20177,f8a0f320a4ec4fb4d4f107d65131d903a09a297a,helix-rest/src/main/java/org/apache/helix/rest/server/resources/helix/InstanceAccessor.java,HELIX-1645,2019-05-22T16:02:20-07:00,2018-01-24T18:29:54-08:00
babc471bbd81907da73f5f33b2f9f5a035e20177,7ab43a5cc2e5b01025c07437773e6973c77819cf,helix-rest/src/main/java/org/apache/helix/rest/server/resources/helix/InstanceAccessor.java,HELIX-1645,2019-05-22T16:02:20-07:00,2017-11-06T16:52:58-08:00
babc471bbd81907da73f5f33b2f9f5a035e20177,52c5f75027e809892f177edd91606a4e19757d5d,helix-rest/src/test/java/org/apache/helix/rest/server/AbstractTestClass.java,HELIX-1645,2019-05-22T16:02:20-07:00,2017-11-06T16:55:02-08:00
babc471bbd81907da73f5f33b2f9f5a035e20177,a827f8fabd0eb6971aebe771c2d21c9b53c97214,helix-rest/src/test/java/org/apache/helix/rest/server/TestClusterAccessor.java,HELIX-1645,2019-05-22T16:02:20-07:00,2019-02-26T18:15:06-08:00
babc471bbd81907da73f5f33b2f9f5a035e20177,5caca5d5f0fba39e8c1c93d74d0456505f1167af,helix-rest/src/test/java/org/apache/helix/rest/server/TestClusterAccessor.java,HELIX-1645,2019-05-22T16:02:20-07:00,2017-11-06T16:55:40-08:00
babc471bbd81907da73f5f33b2f9f5a035e20177,0635ed4f996bab8115fe9915f19abcc77f80879b,helix-rest/src/test/java/org/apache/helix/rest/server/TestClusterAccessor.java,HELIX-1645,2019-05-22T16:02:20-07:00,2019-02-26T15:15:31-08:00
babc471bbd81907da73f5f33b2f9f5a035e20177,ebffa4693d5d2097ec6105698f2863a7ad1eda69,helix-rest/src/test/java/org/apache/helix/rest/server/TestClusterAccessor.java,HELIX-1645,2019-05-22T16:02:20-07:00,2019-02-26T10:27:11-08:00
babc471bbd81907da73f5f33b2f9f5a035e20177,52c5f75027e809892f177edd91606a4e19757d5d,helix-rest/src/test/java/org/apache/helix/rest/server/TestClusterAccessor.java,HELIX-1645,2019-05-22T16:02:20-07:00,2017-11-06T16:55:02-08:00
babc471bbd81907da73f5f33b2f9f5a035e20177,4ff98fb19ffc1b21893089a9d4d4e61864248647,helix-rest/src/test/java/org/apache/helix/rest/server/TestInstanceAccessor.java,HELIX-1645,2019-05-22T16:02:20-07:00,2018-01-24T18:32:35-08:00
babc471bbd81907da73f5f33b2f9f5a035e20177,52c5f75027e809892f177edd91606a4e19757d5d,helix-rest/src/test/java/org/apache/helix/rest/server/TestInstanceAccessor.java,HELIX-1645,2019-05-22T16:02:20-07:00,2017-11-06T16:55:02-08:00
babc471bbd81907da73f5f33b2f9f5a035e20177,5caca5d5f0fba39e8c1c93d74d0456505f1167af,helix-rest/src/test/java/org/apache/helix/rest/server/TestInstanceAccessor.java,HELIX-1645,2019-05-22T16:02:20-07:00,2017-11-06T16:55:40-08:00
babc471bbd81907da73f5f33b2f9f5a035e20177,18aa67b6d5c703e5b938b2f915f52a6ca856e889,helix-rest/src/test/java/org/apache/helix/rest/server/TestJobAccessor.java,HELIX-1645,2019-05-22T16:02:20-07:00,2018-11-01T17:42:22-07:00
babc471bbd81907da73f5f33b2f9f5a035e20177,338584fe68259fcf254dc3ae50adad1c6a19c7cf,helix-rest/src/test/java/org/apache/helix/rest/server/TestJobAccessor.java,HELIX-1645,2019-05-22T16:02:20-07:00,2017-11-06T16:56:30-08:00
babc471bbd81907da73f5f33b2f9f5a035e20177,a09a18ac55464c3e399800b4474ccb6e64d168ec,helix-rest/src/test/java/org/apache/helix/rest/server/TestJobAccessor.java,HELIX-1645,2019-05-22T16:02:20-07:00,2018-11-01T12:10:05-07:00
babc471bbd81907da73f5f33b2f9f5a035e20177,d9052a303b59a3f1f3f347eb5dff28c1bf1c8113,helix-rest/src/test/java/org/apache/helix/rest/server/TestNamespacedAPIAccess.java,HELIX-1645,2019-05-22T16:02:20-07:00,2018-01-24T18:32:20-08:00
babc471bbd81907da73f5f33b2f9f5a035e20177,40710b2713ea0e4f1d4a936396c98ef01f8e2b68,helix-rest/src/test/java/org/apache/helix/rest/server/TestNamespacedAPIAccess.java,HELIX-1645,2019-05-22T16:02:20-07:00,2018-01-24T18:32:39-08:00
babc471bbd81907da73f5f33b2f9f5a035e20177,f4942c492fd8ef0ca63631521b2f9e31bc510f64,helix-rest/src/test/java/org/apache/helix/rest/server/TestResourceAccessor.java,HELIX-1645,2019-05-22T16:02:20-07:00,2018-03-27T16:14:22-07:00
babc471bbd81907da73f5f33b2f9f5a035e20177,52c5f75027e809892f177edd91606a4e19757d5d,helix-rest/src/test/java/org/apache/helix/rest/server/TestResourceAccessor.java,HELIX-1645,2019-05-22T16:02:20-07:00,2017-11-06T16:55:02-08:00
babc471bbd81907da73f5f33b2f9f5a035e20177,5caca5d5f0fba39e8c1c93d74d0456505f1167af,helix-rest/src/test/java/org/apache/helix/rest/server/TestResourceAccessor.java,HELIX-1645,2019-05-22T16:02:20-07:00,2017-11-06T16:55:40-08:00
babc471bbd81907da73f5f33b2f9f5a035e20177,18aa67b6d5c703e5b938b2f915f52a6ca856e889,helix-rest/src/test/java/org/apache/helix/rest/server/TestTaskAccessor.java,HELIX-1645,2019-05-22T16:02:20-07:00,2018-11-01T17:42:22-07:00
babc471bbd81907da73f5f33b2f9f5a035e20177,71e4b6a66af1ae56a3667d5f6f5ca7ac63080997,helix-rest/src/test/java/org/apache/helix/rest/server/TestWorkflowAccessor.java,HELIX-1645,2019-05-22T16:02:20-07:00,2018-11-01T11:57:03-07:00
babc471bbd81907da73f5f33b2f9f5a035e20177,18aa67b6d5c703e5b938b2f915f52a6ca856e889,helix-rest/src/test/java/org/apache/helix/rest/server/TestWorkflowAccessor.java,HELIX-1645,2019-05-22T16:02:20-07:00,2018-11-01T17:42:22-07:00
babc471bbd81907da73f5f33b2f9f5a035e20177,5b6e49d385c297894e3a52dc1c60adfd5f1759e7,helix-rest/src/test/java/org/apache/helix/rest/server/TestWorkflowAccessor.java,HELIX-1645,2019-05-22T16:02:20-07:00,2017-11-06T16:57:52-08:00
241baae6831e08eb2807f01fbf670c00b154dbbb,d60d51b24c20b73a9b3fba906674479f4fba17e0,helix-front/client/app/app.component.ts,HELIX-1682,2019-05-22T16:04:37-07:00,2018-08-08T15:39:33-07:00
241baae6831e08eb2807f01fbf670c00b154dbbb,d2549fac8b840437cd0df6355634b7b4e4437546,helix-front/server/config.ts,HELIX-1682,2019-05-22T16:04:37-07:00,2017-11-06T17:08:43-08:00
241baae6831e08eb2807f01fbf670c00b154dbbb,b1540f08d72c9c564f3e9b6e9744a2042485fa75,helix-front/server/config.ts,HELIX-1682,2019-05-22T16:04:37-07:00,2018-01-24T18:31:56-08:00
241baae6831e08eb2807f01fbf670c00b154dbbb,d60d51b24c20b73a9b3fba906674479f4fba17e0,helix-front/server/config.ts,HELIX-1682,2019-05-22T16:04:37-07:00,2018-08-08T15:39:33-07:00
241baae6831e08eb2807f01fbf670c00b154dbbb,d2549fac8b840437cd0df6355634b7b4e4437546,helix-front/server/controllers/user.ts,HELIX-1682,2019-05-22T16:04:37-07:00,2017-11-06T17:08:43-08:00
241baae6831e08eb2807f01fbf670c00b154dbbb,d60d51b24c20b73a9b3fba906674479f4fba17e0,helix-front/server/controllers/user.ts,HELIX-1682,2019-05-22T16:04:37-07:00,2018-08-08T15:39:33-07:00
2d712e14f35d379af717b7e213853e0c98ae73c3,ccdc0dd7f49e32a731b6fbb5a088a52ced021df4,helix-core/src/main/java/org/apache/helix/PropertyType.java,HELIX-1678,2019-05-22T16:07:36-07:00,2018-03-27T16:21:11-07:00
2d712e14f35d379af717b7e213853e0c98ae73c3,739adb0d6ed35d7281e1c4cbddcffda56a223689,helix-core/src/main/java/org/apache/helix/PropertyType.java,HELIX-1678,2019-05-22T16:07:36-07:00,2018-10-29T15:55:29-07:00
2d712e14f35d379af717b7e213853e0c98ae73c3,1b686456c5661b4df7f62d5f243c7c67769da2ba,helix-core/src/main/java/org/apache/helix/model/HelixConfigScope.java,HELIX-1678,2019-05-22T16:07:36-07:00,2013-04-07T23:58:17-07:00
aebb0cfed286819029875ad60e102851d8d53cf5,7734ba217d5ab81c9224f6fe32a90281f642272e,helix-core/src/main/java/org/apache/helix/controller/rebalancer/topology/Topology.java,HELIX-1646,2019-05-22T16:12:33-07:00,2017-11-06T16:32:39-08:00
aebb0cfed286819029875ad60e102851d8d53cf5,7734ba217d5ab81c9224f6fe32a90281f642272e,helix-core/src/main/java/org/apache/helix/model/InstanceConfig.java,HELIX-1646,2019-05-22T16:12:33-07:00,2017-11-06T16:32:39-08:00
aebb0cfed286819029875ad60e102851d8d53cf5,3d2d57b05af443dcc8658f8b7bfc1fc0d18cd196,helix-core/src/test/java/org/apache/helix/controller/rebalancer/TestConstraintRebalanceStrategy.java,HELIX-1646,2019-05-22T16:12:33-07:00,2018-04-23T14:18:01-07:00
aebb0cfed286819029875ad60e102851d8d53cf5,7f4044ffedc8a57ee4c635daf747352f1fcddc37,helix-core/src/test/java/org/apache/helix/integration/rebalancer/CrushRebalancers/TestNodeSwap.java,HELIX-1646,2019-05-22T16:12:33-07:00,2019-05-22T16:12:26-07:00
aebb0cfed286819029875ad60e102851d8d53cf5,d5bf3ad410e0a54b1e79d9570d3e7897c0e2c947,helix-core/src/test/java/org/apache/helix/integration/rebalancer/CrushRebalancers/TestNodeSwap.java,HELIX-1646,2019-05-22T16:12:33-07:00,2018-11-13T16:52:40-08:00
9f326a131444ed6026f91f341f601375182d3761,c687414c4c59b9fac9b52bdbb4ad8d69a1b1b66d,helix-core/src/main/java/org/apache/helix/model/ClusterConfig.java,HELIX-1646,2019-05-24T18:19:20-07:00,2017-11-06T16:31:59-08:00
58fe0e8d18967ec26119daa215ecb570183140b7,7ab43a5cc2e5b01025c07437773e6973c77819cf,helix-rest/src/main/java/org/apache/helix/rest/server/resources/helix/InstanceAccessor.java,HELIX-1732,2019-05-24T18:19:20-07:00,2017-11-06T16:52:58-08:00
58fe0e8d18967ec26119daa215ecb570183140b7,7d7001b54ee3a7bc2954878c34447ba8a338c0c1,helix-rest/src/main/java/org/apache/helix/rest/server/resources/helix/InstanceAccessor.java,HELIX-1732,2019-05-24T18:19:20-07:00,2019-05-24T18:19:20-07:00
58fe0e8d18967ec26119daa215ecb570183140b7,7d7001b54ee3a7bc2954878c34447ba8a338c0c1,helix-rest/src/main/java/org/apache/helix/rest/server/service/InstanceService.java,HELIX-1732,2019-05-24T18:19:20-07:00,2019-05-24T18:19:20-07:00
58fe0e8d18967ec26119daa215ecb570183140b7,f798ae91fe505d691720b77b9983d39e21234fbe,helix-rest/src/main/java/org/apache/helix/rest/server/service/InstanceServiceImpl.java,HELIX-1732,2019-05-24T18:19:20-07:00,2019-05-24T18:19:20-07:00
58fe0e8d18967ec26119daa215ecb570183140b7,7d7001b54ee3a7bc2954878c34447ba8a338c0c1,helix-rest/src/main/java/org/apache/helix/rest/server/service/InstanceServiceImpl.java,HELIX-1732,2019-05-24T18:19:20-07:00,2019-05-24T18:19:20-07:00
58fe0e8d18967ec26119daa215ecb570183140b7,52c5f75027e809892f177edd91606a4e19757d5d,helix-rest/src/test/java/org/apache/helix/rest/server/TestInstanceAccessor.java,HELIX-1732,2019-05-24T18:19:20-07:00,2017-11-06T16:55:02-08:00
87de68624f692b58b41beb2232015ba981815236,58fe0e8d18967ec26119daa215ecb570183140b7,helix-rest/src/main/java/org/apache/helix/rest/server/resources/helix/InstanceAccessor.java,HELIX-1680,2019-05-24T18:19:20-07:00,2019-05-24T18:19:20-07:00
87de68624f692b58b41beb2232015ba981815236,7d7001b54ee3a7bc2954878c34447ba8a338c0c1,helix-rest/src/main/java/org/apache/helix/rest/server/resources/helix/InstanceAccessor.java,HELIX-1680,2019-05-24T18:19:20-07:00,2019-05-24T18:19:20-07:00
87de68624f692b58b41beb2232015ba981815236,52c5f75027e809892f177edd91606a4e19757d5d,helix-rest/src/main/java/org/apache/helix/rest/server/resources/helix/InstanceAccessor.java,HELIX-1680,2019-05-24T18:19:20-07:00,2017-11-06T16:55:02-08:00
87de68624f692b58b41beb2232015ba981815236,f798ae91fe505d691720b77b9983d39e21234fbe,helix-rest/src/main/java/org/apache/helix/rest/server/service/InstanceServiceImpl.java,HELIX-1680,2019-05-24T18:19:20-07:00,2019-05-24T18:19:20-07:00
87de68624f692b58b41beb2232015ba981815236,7d7001b54ee3a7bc2954878c34447ba8a338c0c1,helix-rest/src/main/java/org/apache/helix/rest/server/service/InstanceServiceImpl.java,HELIX-1680,2019-05-24T18:19:20-07:00,2019-05-24T18:19:20-07:00
87de68624f692b58b41beb2232015ba981815236,f798ae91fe505d691720b77b9983d39e21234fbe,helix-rest/src/test/java/org/apache/helix/rest/server/TestInstanceAccessor.java,HELIX-1680,2019-05-24T18:19:20-07:00,2019-05-24T18:19:20-07:00
87de68624f692b58b41beb2232015ba981815236,7d7001b54ee3a7bc2954878c34447ba8a338c0c1,helix-rest/src/test/java/org/apache/helix/rest/server/TestInstanceAccessor.java,HELIX-1680,2019-05-24T18:19:20-07:00,2019-05-24T18:19:20-07:00
e9fb49652d37b7f5eec5e0924056804112a43b96,58fe0e8d18967ec26119daa215ecb570183140b7,helix-rest/src/main/java/org/apache/helix/rest/server/resources/helix/PerInstanceAccessor.java,HELIX-1725,2019-05-24T18:19:20-07:00,2019-05-24T18:19:20-07:00
e9fb49652d37b7f5eec5e0924056804112a43b96,7ab43a5cc2e5b01025c07437773e6973c77819cf,helix-rest/src/main/java/org/apache/helix/rest/server/resources/helix/PerInstanceAccessor.java,HELIX-1725,2019-05-24T18:19:20-07:00,2017-11-06T16:52:58-08:00
e9fb49652d37b7f5eec5e0924056804112a43b96,d03dca1ee360d1ac8dd3d04bbcf50d8e5623c0e7,helix-rest/src/main/java/org/apache/helix/rest/server/resources/helix/PerInstanceAccessor.java,HELIX-1725,2019-05-24T18:19:20-07:00,2018-01-24T18:31:30-08:00
e9fb49652d37b7f5eec5e0924056804112a43b96,d18e779eb529be04b0a5c5d3fd0cf26ff40f6182,helix-rest/src/main/java/org/apache/helix/rest/server/resources/helix/PerInstanceAccessor.java,HELIX-1725,2019-05-24T18:19:20-07:00,2018-07-09T15:56:40-07:00
e9fb49652d37b7f5eec5e0924056804112a43b96,87de68624f692b58b41beb2232015ba981815236,helix-rest/src/main/java/org/apache/helix/rest/server/resources/helix/PerInstanceAccessor.java,HELIX-1725,2019-05-24T18:19:20-07:00,2019-05-24T18:19:20-07:00
e9fb49652d37b7f5eec5e0924056804112a43b96,4ff98fb19ffc1b21893089a9d4d4e61864248647,helix-rest/src/main/java/org/apache/helix/rest/server/resources/helix/PerInstanceAccessor.java,HELIX-1725,2019-05-24T18:19:20-07:00,2018-01-24T18:32:35-08:00
e9fb49652d37b7f5eec5e0924056804112a43b96,40710b2713ea0e4f1d4a936396c98ef01f8e2b68,helix-rest/src/main/java/org/apache/helix/rest/server/resources/helix/PerInstanceAccessor.java,HELIX-1725,2019-05-24T18:19:20-07:00,2018-01-24T18:32:39-08:00
e9fb49652d37b7f5eec5e0924056804112a43b96,a2f19f3f7eb1fbeb6e56646f6274d67f6ad4658a,helix-rest/src/main/java/org/apache/helix/rest/server/resources/helix/PerInstanceAccessor.java,HELIX-1725,2019-05-24T18:19:20-07:00,2017-11-06T16:53:19-08:00
e9fb49652d37b7f5eec5e0924056804112a43b96,be93df39849cae878fd84b396982efe510374843,helix-rest/src/main/java/org/apache/helix/rest/server/resources/helix/PerInstanceAccessor.java,HELIX-1725,2019-05-24T18:19:20-07:00,2017-11-06T16:54:42-08:00
e9fb49652d37b7f5eec5e0924056804112a43b96,5caca5d5f0fba39e8c1c93d74d0456505f1167af,helix-rest/src/main/java/org/apache/helix/rest/server/resources/helix/PerInstanceAccessor.java,HELIX-1725,2019-05-24T18:19:20-07:00,2017-11-06T16:55:40-08:00
e9fb49652d37b7f5eec5e0924056804112a43b96,f8a0f320a4ec4fb4d4f107d65131d903a09a297a,helix-rest/src/main/java/org/apache/helix/rest/server/resources/helix/PerInstanceAccessor.java,HELIX-1725,2019-05-24T18:19:20-07:00,2018-01-24T18:29:54-08:00
e9fb49652d37b7f5eec5e0924056804112a43b96,31cec9114b77ee37f79da137ed914c7b330780f3,helix-rest/src/main/java/org/apache/helix/rest/server/resources/helix/PerInstanceAccessor.java,HELIX-1725,2019-05-24T18:19:20-07:00,2018-01-24T18:30:10-08:00
e9fb49652d37b7f5eec5e0924056804112a43b96,7d7001b54ee3a7bc2954878c34447ba8a338c0c1,helix-rest/src/main/java/org/apache/helix/rest/server/resources/helix/PerInstanceAccessor.java,HELIX-1725,2019-05-24T18:19:20-07:00,2019-05-24T18:19:20-07:00
e9fb49652d37b7f5eec5e0924056804112a43b96,52c5f75027e809892f177edd91606a4e19757d5d,helix-rest/src/main/java/org/apache/helix/rest/server/resources/helix/PerInstanceAccessor.java,HELIX-1725,2019-05-24T18:19:20-07:00,2017-11-06T16:55:02-08:00
e9fb49652d37b7f5eec5e0924056804112a43b96,ae537054b61e4801c55bee246622f67c748c53a4,helix-rest/src/main/java/org/apache/helix/rest/server/resources/helix/PerInstanceAccessor.java,HELIX-1725,2019-05-24T18:19:20-07:00,2018-01-24T18:31:33-08:00
e9fb49652d37b7f5eec5e0924056804112a43b96,7d7001b54ee3a7bc2954878c34447ba8a338c0c1,helix-rest/src/main/java/org/apache/helix/rest/server/service/InstanceServiceImpl.java,HELIX-1725,2019-05-24T18:19:20-07:00,2019-05-24T18:19:20-07:00
e9fb49652d37b7f5eec5e0924056804112a43b96,58fe0e8d18967ec26119daa215ecb570183140b7,helix-rest/src/test/java/org/apache/helix/rest/server/TestPerInstanceAccessor.java,HELIX-1725,2019-05-24T18:19:20-07:00,2019-05-24T18:19:20-07:00
e9fb49652d37b7f5eec5e0924056804112a43b96,babc471bbd81907da73f5f33b2f9f5a035e20177,helix-rest/src/test/java/org/apache/helix/rest/server/TestPerInstanceAccessor.java,HELIX-1725,2019-05-24T18:19:20-07:00,2019-05-22T16:02:20-07:00
e9fb49652d37b7f5eec5e0924056804112a43b96,d03dca1ee360d1ac8dd3d04bbcf50d8e5623c0e7,helix-rest/src/test/java/org/apache/helix/rest/server/TestPerInstanceAccessor.java,HELIX-1725,2019-05-24T18:19:20-07:00,2018-01-24T18:31:30-08:00
e9fb49652d37b7f5eec5e0924056804112a43b96,4ff98fb19ffc1b21893089a9d4d4e61864248647,helix-rest/src/test/java/org/apache/helix/rest/server/TestPerInstanceAccessor.java,HELIX-1725,2019-05-24T18:19:20-07:00,2018-01-24T18:32:35-08:00
e9fb49652d37b7f5eec5e0924056804112a43b96,87de68624f692b58b41beb2232015ba981815236,helix-rest/src/test/java/org/apache/helix/rest/server/TestPerInstanceAccessor.java,HELIX-1725,2019-05-24T18:19:20-07:00,2019-05-24T18:19:20-07:00
e9fb49652d37b7f5eec5e0924056804112a43b96,40710b2713ea0e4f1d4a936396c98ef01f8e2b68,helix-rest/src/test/java/org/apache/helix/rest/server/TestPerInstanceAccessor.java,HELIX-1725,2019-05-24T18:19:20-07:00,2018-01-24T18:32:39-08:00
e9fb49652d37b7f5eec5e0924056804112a43b96,271eb07c121c842ba02f350fcd18de47cf5e5721,helix-rest/src/test/java/org/apache/helix/rest/server/TestPerInstanceAccessor.java,HELIX-1725,2019-05-24T18:19:20-07:00,2019-05-22T16:04:14-07:00
e9fb49652d37b7f5eec5e0924056804112a43b96,52c5f75027e809892f177edd91606a4e19757d5d,helix-rest/src/test/java/org/apache/helix/rest/server/TestPerInstanceAccessor.java,HELIX-1725,2019-05-24T18:19:20-07:00,2017-11-06T16:55:02-08:00
9526ffdc610049d34539d698da3a04f21cbaf9c5,87de68624f692b58b41beb2232015ba981815236,helix-core/src/main/java/org/apache/helix/util/InstanceValidationUtil.java,HELIX-1725,2019-05-24T18:19:20-07:00,2019-05-24T18:19:20-07:00
9526ffdc610049d34539d698da3a04f21cbaf9c5,e9fb49652d37b7f5eec5e0924056804112a43b96,helix-rest/src/test/java/org/apache/helix/rest/server/AbstractTestClass.java,HELIX-1725,2019-05-24T18:19:20-07:00,2019-05-24T18:19:20-07:00
9526ffdc610049d34539d698da3a04f21cbaf9c5,5caca5d5f0fba39e8c1c93d74d0456505f1167af,helix-rest/src/test/java/org/apache/helix/rest/server/AbstractTestClass.java,HELIX-1725,2019-05-24T18:19:20-07:00,2017-11-06T16:55:40-08:00
9526ffdc610049d34539d698da3a04f21cbaf9c5,fd3aca77c86261951e6e1e261e07ad4705f02e2e,helix-rest/src/test/java/org/apache/helix/rest/server/AbstractTestClass.java,HELIX-1725,2019-05-24T18:19:20-07:00,2019-05-24T18:19:20-07:00
9526ffdc610049d34539d698da3a04f21cbaf9c5,ebffa4693d5d2097ec6105698f2863a7ad1eda69,helix-rest/src/test/java/org/apache/helix/rest/server/TestClusterAccessor.java,HELIX-1725,2019-05-24T18:19:20-07:00,2019-02-26T10:27:11-08:00
9526ffdc610049d34539d698da3a04f21cbaf9c5,e58ee4860da2eb243169b80a0251c120921d9046,helix-rest/src/test/java/org/apache/helix/rest/server/TestJobAccessor.java,HELIX-1725,2019-05-24T18:19:20-07:00,2017-11-06T16:57:56-08:00
9526ffdc610049d34539d698da3a04f21cbaf9c5,338584fe68259fcf254dc3ae50adad1c6a19c7cf,helix-rest/src/test/java/org/apache/helix/rest/server/TestJobAccessor.java,HELIX-1725,2019-05-24T18:19:20-07:00,2017-11-06T16:56:30-08:00
a8e2cf7b76a802a5b005d32082699d4c9e39875a,8e12001f02a5488c5df1e8c6b691033df954a7ad,helix-core/src/main/java/org/apache/helix/task/AbstractTaskDispatcher.java,HELIX-1742,2019-05-24T18:19:21-07:00,2019-02-25T17:02:07-08:00
a8e2cf7b76a802a5b005d32082699d4c9e39875a,cff8cb78f6b1ae1194de319a189494e4fc34de0e,helix-core/src/main/java/org/apache/helix/task/AbstractTaskDispatcher.java,HELIX-1742,2019-05-24T18:19:21-07:00,2019-02-25T16:38:08-08:00
a8e2cf7b76a802a5b005d32082699d4c9e39875a,70b63558797d193164a08bc73eb99816cf3a6094,helix-core/src/main/java/org/apache/helix/task/AbstractTaskDispatcher.java,HELIX-1742,2019-05-24T18:19:21-07:00,2019-02-26T18:15:06-08:00
a8e2cf7b76a802a5b005d32082699d4c9e39875a,dad3f36a1b8aeb7590214069141915a8bf932ec6,helix-core/src/main/java/org/apache/helix/task/AbstractTaskDispatcher.java,HELIX-1742,2019-05-24T18:19:21-07:00,2019-02-25T16:59:48-08:00
a8e2cf7b76a802a5b005d32082699d4c9e39875a,8ba4c9c19981fffe3c958c6851e2b8b8bf90bfbb,helix-core/src/main/java/org/apache/helix/task/AbstractTaskDispatcher.java,HELIX-1742,2019-05-24T18:19:21-07:00,2019-03-28T12:30:14-07:00
a8e2cf7b76a802a5b005d32082699d4c9e39875a,84c2feabbc391e4069717d2a3c5b8c4adf32d946,helix-core/src/main/java/org/apache/helix/task/AbstractTaskDispatcher.java,HELIX-1742,2019-05-24T18:19:21-07:00,2018-07-09T15:26:25-07:00
a8e2cf7b76a802a5b005d32082699d4c9e39875a,70b63558797d193164a08bc73eb99816cf3a6094,helix-core/src/main/java/org/apache/helix/task/JobDispatcher.java,HELIX-1742,2019-05-24T18:19:21-07:00,2019-02-26T18:15:06-08:00
a8e2cf7b76a802a5b005d32082699d4c9e39875a,f9f89a79768156ef7341262cbb25a40d7dafeb1e,helix-core/src/main/java/org/apache/helix/task/JobDispatcher.java,HELIX-1742,2019-05-24T18:19:21-07:00,2019-02-25T17:51:17-08:00
a8e2cf7b76a802a5b005d32082699d4c9e39875a,fbb679c5f4804652ea730bf5cd4ee6bf1329efc3,helix-core/src/main/java/org/apache/helix/task/JobDispatcher.java,HELIX-1742,2019-05-24T18:19:21-07:00,2019-02-25T17:36:00-08:00
a8e2cf7b76a802a5b005d32082699d4c9e39875a,8ba4c9c19981fffe3c958c6851e2b8b8bf90bfbb,helix-core/src/main/java/org/apache/helix/task/JobDispatcher.java,HELIX-1742,2019-05-24T18:19:21-07:00,2019-03-28T12:30:14-07:00
a8e2cf7b76a802a5b005d32082699d4c9e39875a,01076ca26ed244f1da682b9d9c97cab8851d6ed3,helix-core/src/main/java/org/apache/helix/task/JobDispatcher.java,HELIX-1742,2019-05-24T18:19:21-07:00,2018-10-29T18:09:47-07:00
a8e2cf7b76a802a5b005d32082699d4c9e39875a,236d3b3d923621e308055dbd3992f022a8596ff1,helix-core/src/main/java/org/apache/helix/task/TaskDriver.java,HELIX-1742,2019-05-24T18:19:21-07:00,2017-11-06T16:26:06-08:00
a8e2cf7b76a802a5b005d32082699d4c9e39875a,1c5dff93e96882fad8b2590e8e10a3c781b0ef1b,helix-core/src/main/java/org/apache/helix/task/TaskDriver.java,HELIX-1742,2019-05-24T18:19:21-07:00,2017-11-06T16:34:47-08:00
a8e2cf7b76a802a5b005d32082699d4c9e39875a,70c0574a5a66dd55e3e8e364a9274a8079127a5b,helix-core/src/main/java/org/apache/helix/task/TaskDriver.java,HELIX-1742,2019-05-24T18:19:21-07:00,2017-11-06T16:28:59-08:00
a8e2cf7b76a802a5b005d32082699d4c9e39875a,96639fe705ef4eedd8ccbdbf8e63408aad4d464f,helix-core/src/main/java/org/apache/helix/task/TaskDriver.java,HELIX-1742,2019-05-24T18:19:21-07:00,2017-11-06T16:28:31-08:00
a8e2cf7b76a802a5b005d32082699d4c9e39875a,3841df5d53d27dd0864efdf049e54f9d617d38d2,helix-core/src/main/java/org/apache/helix/task/TaskDriver.java,HELIX-1742,2019-05-24T18:19:21-07:00,2017-11-06T16:28:27-08:00
a8e2cf7b76a802a5b005d32082699d4c9e39875a,3a4a0b0cc345df95bb1d3aec44180519937bf8b2,helix-core/src/main/java/org/apache/helix/task/TaskDriver.java,HELIX-1742,2019-05-24T18:19:21-07:00,2017-11-06T16:27:44-08:00
a8e2cf7b76a802a5b005d32082699d4c9e39875a,29817cfc26571474088656f7491d9a8069785a75,helix-core/src/main/java/org/apache/helix/task/TaskDriver.java,HELIX-1742,2019-05-24T18:19:21-07:00,2017-11-06T16:46:59-08:00
a8e2cf7b76a802a5b005d32082699d4c9e39875a,3a4f9e8f6bcfb56b32725fd485bc9e97079d94df,helix-core/src/main/java/org/apache/helix/task/TaskDriver.java,HELIX-1742,2019-05-24T18:19:21-07:00,2017-11-06T16:47:12-08:00
a8e2cf7b76a802a5b005d32082699d4c9e39875a,ae8e8e2ef37f48d782fc12f85ca97728cf2b70c4,helix-core/src/main/java/org/apache/helix/task/TaskDriver.java,HELIX-1742,2019-05-24T18:19:21-07:00,2018-01-29T18:12:10-08:00
a8e2cf7b76a802a5b005d32082699d4c9e39875a,991d1a3ebece8bf26c9557437b975bf1d9133b28,helix-core/src/main/java/org/apache/helix/task/TaskDriver.java,HELIX-1742,2019-05-24T18:19:21-07:00,2014-06-23T13:59:59-07:00
a8e2cf7b76a802a5b005d32082699d4c9e39875a,2775e1566df7ceb67edd7587b81d4c245aedab38,helix-core/src/main/java/org/apache/helix/task/TaskDriver.java,HELIX-1742,2019-05-24T18:19:21-07:00,2015-06-17T11:10:26-07:00
a8e2cf7b76a802a5b005d32082699d4c9e39875a,c52b259db1972e9892c0db7fa04e6537d3705b80,helix-core/src/main/java/org/apache/helix/task/TaskDriver.java,HELIX-1742,2019-05-24T18:19:21-07:00,2017-11-06T16:27:13-08:00
a8e2cf7b76a802a5b005d32082699d4c9e39875a,81a651a932446d104339b0c89f1310be9aaa1d1b,helix-core/src/main/java/org/apache/helix/task/TaskDriver.java,HELIX-1742,2019-05-24T18:19:21-07:00,2017-11-06T16:50:44-08:00
a8e2cf7b76a802a5b005d32082699d4c9e39875a,1d6373e193ed578948ef3cc700c1028cbf1e3036,helix-core/src/main/java/org/apache/helix/task/TaskDriver.java,HELIX-1742,2019-05-24T18:19:21-07:00,2017-11-06T16:40:30-08:00
a8e2cf7b76a802a5b005d32082699d4c9e39875a,667b1887f524fb499e472026f746bde4b5ceacca,helix-core/src/main/java/org/apache/helix/task/TaskDriver.java,HELIX-1742,2019-05-24T18:19:21-07:00,2018-03-27T16:32:30-07:00
a8e2cf7b76a802a5b005d32082699d4c9e39875a,9d7364d7abba3932a1b25e96e4eb9dd3e203cec9,helix-core/src/main/java/org/apache/helix/task/TaskDriver.java,HELIX-1742,2019-05-24T18:19:21-07:00,2018-10-29T18:15:22-07:00
a8e2cf7b76a802a5b005d32082699d4c9e39875a,239afaef3922549eca19f400cac25db9d4842541,helix-core/src/main/java/org/apache/helix/task/TaskDriver.java,HELIX-1742,2019-05-24T18:19:21-07:00,2014-08-18T10:42:06-07:00
a8e2cf7b76a802a5b005d32082699d4c9e39875a,9178f035569db3288590ae505c2b692aaf27700a,helix-core/src/main/java/org/apache/helix/task/TaskDriver.java,HELIX-1742,2019-05-24T18:19:21-07:00,2017-11-06T16:59:35-08:00
a8e2cf7b76a802a5b005d32082699d4c9e39875a,0edf87f0fc85a77e8f7334cc2d49b1917961d421,helix-core/src/main/java/org/apache/helix/task/TaskDriver.java,HELIX-1742,2019-05-24T18:19:21-07:00,2017-11-06T16:30:23-08:00
a8e2cf7b76a802a5b005d32082699d4c9e39875a,059ab387b7fe70e71989e6560b57667c8eda7b60,helix-core/src/main/java/org/apache/helix/task/TaskDriver.java,HELIX-1742,2019-05-24T18:19:21-07:00,2014-12-01T14:23:43-08:00
a8e2cf7b76a802a5b005d32082699d4c9e39875a,6e047915d7c4aefb976ca888dcba2b4b684bec90,helix-core/src/main/java/org/apache/helix/task/TaskDriver.java,HELIX-1742,2019-05-24T18:19:21-07:00,2018-06-26T17:53:18-07:00
a8e2cf7b76a802a5b005d32082699d4c9e39875a,177a3fb8485391e353cfc99e394d212bf8bc9950,helix-core/src/main/java/org/apache/helix/task/TaskDriver.java,HELIX-1742,2019-05-24T18:19:21-07:00,2019-03-28T12:26:58-07:00
a8e2cf7b76a802a5b005d32082699d4c9e39875a,89f351558734b4bb95019452e4c58d6befeed0dd,helix-core/src/main/java/org/apache/helix/task/TaskDriver.java,HELIX-1742,2019-05-24T18:19:21-07:00,2018-10-31T17:28:04-07:00
a8e2cf7b76a802a5b005d32082699d4c9e39875a,727ed5117b3abc535060908b920425d578eb835e,helix-core/src/main/java/org/apache/helix/task/TaskDriver.java,HELIX-1742,2019-05-24T18:19:21-07:00,2017-11-06T16:39:54-08:00
a8e2cf7b76a802a5b005d32082699d4c9e39875a,dad3f36a1b8aeb7590214069141915a8bf932ec6,helix-core/src/main/java/org/apache/helix/task/WorkflowDispatcher.java,HELIX-1742,2019-05-24T18:19:21-07:00,2019-02-25T16:59:48-08:00
a8e2cf7b76a802a5b005d32082699d4c9e39875a,0c3ac37b0b442f20d08eaba86da7d94ec1494d1f,helix-core/src/main/java/org/apache/helix/task/WorkflowDispatcher.java,HELIX-1742,2019-05-24T18:19:21-07:00,2018-10-29T18:05:06-07:00
a8e2cf7b76a802a5b005d32082699d4c9e39875a,6759040956907b197b6d65cb8b4759b7e8981883,helix-core/src/test/java/org/apache/helix/integration/task/TestQuotaBasedScheduling.java,HELIX-1742,2019-05-24T18:19:21-07:00,2018-07-24T17:45:50-07:00
a8e2cf7b76a802a5b005d32082699d4c9e39875a,0af6e8c19af5ee916f93acd8582e53b776e9c712,helix-core/src/test/java/org/apache/helix/integration/task/TestQuotaBasedScheduling.java,HELIX-1742,2019-05-24T18:19:21-07:00,2018-07-24T17:47:50-07:00
a8e2cf7b76a802a5b005d32082699d4c9e39875a,4db61b56e473b64ec9956f694dd2ac6a8d328ed4,helix-core/src/test/java/org/apache/helix/integration/task/TestQuotaBasedScheduling.java,HELIX-1742,2019-05-24T18:19:21-07:00,2018-07-13T17:38:58-07:00
a8e2cf7b76a802a5b005d32082699d4c9e39875a,09a837d366def4e941e5f058c6d63cece4041c4e,helix-core/src/test/java/org/apache/helix/integration/task/TestTaskRebalancer.java,HELIX-1742,2019-05-24T18:19:21-07:00,2017-11-06T16:26:32-08:00
a8e2cf7b76a802a5b005d32082699d4c9e39875a,1e017f16a8a694c819edb0c3eddeecee3245f6b8,helix-core/src/test/java/org/apache/helix/integration/task/TestTaskRebalancer.java,HELIX-1742,2019-05-24T18:19:21-07:00,2014-03-26T17:33:13-07:00
a8e2cf7b76a802a5b005d32082699d4c9e39875a,239afaef3922549eca19f400cac25db9d4842541,helix-core/src/test/java/org/apache/helix/integration/task/TestTaskRebalancer.java,HELIX-1742,2019-05-24T18:19:21-07:00,2014-08-18T10:42:06-07:00
a8e2cf7b76a802a5b005d32082699d4c9e39875a,98442167ffd5772715960f73a217c3176b47b17a,helix-core/src/test/java/org/apache/helix/integration/task/TestTaskRebalancer.java,HELIX-1742,2019-05-24T18:19:21-07:00,2017-11-06T16:26:18-08:00
402dd6d0b4fb25625b111318dfbd0c4892ff790b,09d201e8b9dde7702be046bc214c4d810edf2184,helix-core/src/main/java/org/apache/helix/controller/stages/IntermediateStateCalcStage.java,HELIX-1742,2019-05-24T18:19:21-07:00,2017-11-06T16:56:42-08:00
402dd6d0b4fb25625b111318dfbd0c4892ff790b,092b3f1097bf7d3a97d2308db0e9da510d1bcb4c,helix-core/src/main/java/org/apache/helix/controller/stages/IntermediateStateCalcStage.java,HELIX-1742,2019-05-24T18:19:21-07:00,2018-07-12T17:01:27-07:00
402dd6d0b4fb25625b111318dfbd0c4892ff790b,7a27112b8e40efa2e7426adeca5d05e9ec7ab5bf,helix-core/src/main/java/org/apache/helix/controller/stages/IntermediateStateCalcStage.java,HELIX-1742,2019-05-24T18:19:21-07:00,2017-11-06T16:49:50-08:00
402dd6d0b4fb25625b111318dfbd0c4892ff790b,323fbd049ed84a17ca8a2a00019bf76d51f5346e,helix-core/src/main/java/org/apache/helix/controller/stages/IntermediateStateCalcStage.java,HELIX-1742,2019-05-24T18:19:21-07:00,2018-06-25T14:55:42-07:00
402dd6d0b4fb25625b111318dfbd0c4892ff790b,fbb679c5f4804652ea730bf5cd4ee6bf1329efc3,helix-core/src/main/java/org/apache/helix/controller/stages/IntermediateStateCalcStage.java,HELIX-1742,2019-05-24T18:19:21-07:00,2019-02-25T17:36:00-08:00
402dd6d0b4fb25625b111318dfbd0c4892ff790b,2f39f381b0981503d7c204aabbeaa09153292e15,helix-core/src/main/java/org/apache/helix/controller/stages/IntermediateStateCalcStage.java,HELIX-1742,2019-05-24T18:19:21-07:00,2018-11-01T14:38:36-07:00
5459e8f848df1e30110f1c3ec32f3e30ca813274,2d712e14f35d379af717b7e213853e0c98ae73c3,helix-core/src/main/java/org/apache/helix/util/InstanceValidationUtil.java,HELIX-1776,2019-05-24T18:19:21-07:00,2019-05-22T16:07:36-07:00
5459e8f848df1e30110f1c3ec32f3e30ca813274,87de68624f692b58b41beb2232015ba981815236,helix-rest/src/test/java/org/apache/helix/rest/server/TestPerInstanceAccessor.java,HELIX-1776,2019-05-24T18:19:21-07:00,2019-05-24T18:19:20-07:00
5459e8f848df1e30110f1c3ec32f3e30ca813274,2d712e14f35d379af717b7e213853e0c98ae73c3,helix-rest/src/test/java/org/apache/helix/rest/server/TestPerInstanceAccessor.java,HELIX-1776,2019-05-24T18:19:21-07:00,2019-05-22T16:07:36-07:00
a749afa0cfcb52fdf7be970017f3c2a452e2e819,a8e2cf7b76a802a5b005d32082699d4c9e39875a,helix-core/src/main/java/org/apache/helix/task/TaskDriver.java,HELIX-1794,2019-05-24T18:19:21-07:00,2019-05-24T18:19:21-07:00
393c1a4eace5d6bf6a13be809f04e02d01a272c8,5b972f1971d3ca959906ac31353787fb1f9bff32,helix-core/src/main/java/org/apache/helix/util/InstanceValidationUtil.java,HELIX-1785,2019-05-24T18:19:21-07:00,2019-05-24T18:19:20-07:00
393c1a4eace5d6bf6a13be809f04e02d01a272c8,58fe0e8d18967ec26119daa215ecb570183140b7,helix-rest/src/main/java/org/apache/helix/rest/server/service/InstanceServiceImpl.java,HELIX-1785,2019-05-24T18:19:21-07:00,2019-05-24T18:19:20-07:00
393c1a4eace5d6bf6a13be809f04e02d01a272c8,7d7001b54ee3a7bc2954878c34447ba8a338c0c1,helix-rest/src/main/java/org/apache/helix/rest/server/service/InstanceServiceImpl.java,HELIX-1785,2019-05-24T18:19:21-07:00,2019-05-24T18:19:20-07:00
393c1a4eace5d6bf6a13be809f04e02d01a272c8,b4e9d4b83fc955a024dce6c43fce98231c2d4c7c,helix-rest/src/main/java/org/apache/helix/rest/server/service/InstanceServiceImpl.java,HELIX-1785,2019-05-24T18:19:21-07:00,2019-05-24T18:19:20-07:00
0854c8fba9581b40e341d421969b05e79b29fda4,fbb679c5f4804652ea730bf5cd4ee6bf1329efc3,helix-core/src/main/java/org/apache/helix/controller/dataproviders/BaseControllerDataProvider.java,HELIX-1851,2019-05-24T18:19:21-07:00,2019-02-25T17:36:00-08:00
cd821cd620b6821cbe3d4ccf7072efeb3b924d32,d2c3ebb486c95a010a0d6c9dcafa2b968e30fce2,helix-core/src/main/java/org/apache/helix/ClusterMessagingService.java,HELIX-1875,2019-05-24T18:19:21-07:00,2017-10-04T13:57:23-07:00
cd821cd620b6821cbe3d4ccf7072efeb3b924d32,7a27112b8e40efa2e7426adeca5d05e9ec7ab5bf,helix-core/src/main/java/org/apache/helix/controller/stages/CurrentStateOutput.java,HELIX-1875,2019-05-24T18:19:21-07:00,2017-11-06T16:49:50-08:00
cd821cd620b6821cbe3d4ccf7072efeb3b924d32,63553f3f64efc60dfa0c28e317977bfb66ea0813,helix-core/src/main/java/org/apache/helix/controller/stages/CurrentStateOutput.java,HELIX-1875,2019-05-24T18:19:21-07:00,2017-11-06T16:54:57-08:00
cd821cd620b6821cbe3d4ccf7072efeb3b924d32,4d652eb9aabaeaacbcfd2df6eba70b5f8c442094,helix-core/src/main/java/org/apache/helix/controller/stages/CurrentStateOutput.java,HELIX-1875,2019-05-24T18:19:21-07:00,2018-03-24T19:20:28-07:00
cd821cd620b6821cbe3d4ccf7072efeb3b924d32,df3644f7d0b5fddb689ea613fe287b1147bb69e0,helix-core/src/test/java/org/apache/helix/integration/manager/TestZkHelixAdmin.java,HELIX-1875,2019-05-24T18:19:21-07:00,2017-11-06T16:46:26-08:00
cd821cd620b6821cbe3d4ccf7072efeb3b924d32,73d243fd1fd3846731aa02fb9d29ed09af73a378,helix-core/src/test/java/org/apache/helix/integration/spectator/TestRoutingTableSnapshot.java,HELIX-1875,2019-05-24T18:19:21-07:00,2018-03-23T12:12:44-07:00
cd821cd620b6821cbe3d4ccf7072efeb3b924d32,437eb42eac35e181ae6793dd17390df33565e4dd,helix-core/src/test/java/org/apache/helix/manager/zk/TestZNRecordSizeLimit.java,HELIX-1875,2019-05-24T18:19:21-07:00,2012-10-24T16:14:36-07:00
cd821cd620b6821cbe3d4ccf7072efeb3b924d32,9d7364d7abba3932a1b25e96e4eb9dd3e203cec9,helix-core/src/test/java/org/apache/helix/manager/zk/TestZNRecordSizeLimit.java,HELIX-1875,2019-05-24T18:19:21-07:00,2018-10-29T18:15:22-07:00
cd821cd620b6821cbe3d4ccf7072efeb3b924d32,8cf80a9f862ca0462001ca41e8d2929dd20aee1e,helix-core/src/test/java/org/apache/helix/manager/zk/TestZNRecordSizeLimit.java,HELIX-1875,2019-05-24T18:19:21-07:00,2017-05-22T18:44:35-07:00
cd821cd620b6821cbe3d4ccf7072efeb3b924d32,c7b54e26bd1ed4341a95009b7e7ceef08fca6778,helix-core/src/test/java/org/apache/helix/monitoring/TestClusterStatusMonitorLifecycle.java,HELIX-1875,2019-05-24T18:19:21-07:00,2014-02-19T13:34:44-08:00
cd821cd620b6821cbe3d4ccf7072efeb3b924d32,b6fd8cb8396e1453afba404b669534883ce796a7,helix-core/src/test/java/org/apache/helix/monitoring/TestClusterStatusMonitorLifecycle.java,HELIX-1875,2019-05-24T18:19:21-07:00,2018-03-13T15:55:44-07:00
cd821cd620b6821cbe3d4ccf7072efeb3b924d32,73bacfda0bc48a6020d13b0931919976ecd1ab80,helix-core/src/test/java/org/apache/helix/monitoring/TestClusterStatusMonitorLifecycle.java,HELIX-1875,2019-05-24T18:19:21-07:00,2014-01-10T16:29:16-08:00
cd821cd620b6821cbe3d4ccf7072efeb3b924d32,8d5c27c139b7f5ce84f0a6dd8eaf3d5a48a866c5,helix-core/src/test/java/org/apache/helix/monitoring/TestClusterStatusMonitorLifecycle.java,HELIX-1875,2019-05-24T18:19:21-07:00,2014-05-21T15:56:57-07:00
cd821cd620b6821cbe3d4ccf7072efeb3b924d32,4609d94488f4e97e6bf1c233281ca39433c4f72e,helix-core/src/test/java/org/apache/helix/monitoring/TestClusterStatusMonitorLifecycle.java,HELIX-1875,2019-05-24T18:19:21-07:00,2018-07-13T15:55:35-07:00
fe66049e7ae037e129d4e1428f8eccc13a939bc7,437eb42eac35e181ae6793dd17390df33565e4dd,helix-core/src/main/java/org/apache/helix/manager/zk/ZKHelixAdmin.java,HELIX-1842,2019-05-24T18:19:21-07:00,2012-10-24T16:14:36-07:00
fe66049e7ae037e129d4e1428f8eccc13a939bc7,f414aad4c9b26fc767eaf373f7691f8e0487a598,helix-core/src/main/java/org/apache/helix/manager/zk/ZKHelixAdmin.java,HELIX-1842,2019-05-24T18:19:21-07:00,2013-08-21T13:42:57-07:00
fa5767f2f4a83c05091e48a25a7a45ba947bc2f8,437eb42eac35e181ae6793dd17390df33565e4dd,helix-core/src/main/java/org/apache/helix/messaging/handling/HelixTask.java,HELIX-1625,2019-05-24T18:19:21-07:00,2012-10-24T16:14:36-07:00
fa5767f2f4a83c05091e48a25a7a45ba947bc2f8,f414aad4c9b26fc767eaf373f7691f8e0487a598,helix-core/src/main/java/org/apache/helix/messaging/handling/HelixTask.java,HELIX-1625,2019-05-24T18:19:21-07:00,2013-08-21T13:42:57-07:00
fa5767f2f4a83c05091e48a25a7a45ba947bc2f8,f414aad4c9b26fc767eaf373f7691f8e0487a598,helix-core/src/main/java/org/apache/helix/monitoring/StateTransitionDataPoint.java,HELIX-1625,2019-05-24T18:19:21-07:00,2013-08-21T13:42:57-07:00
fa5767f2f4a83c05091e48a25a7a45ba947bc2f8,f414aad4c9b26fc767eaf373f7691f8e0487a598,helix-core/src/main/java/org/apache/helix/monitoring/mbeans/ClusterMBeanObserver.java,HELIX-1625,2019-05-24T18:19:21-07:00,2013-08-21T13:42:57-07:00
fa5767f2f4a83c05091e48a25a7a45ba947bc2f8,437eb42eac35e181ae6793dd17390df33565e4dd,helix-core/src/main/java/org/apache/helix/monitoring/mbeans/ParticipantStatusMonitor.java,HELIX-1625,2019-05-24T18:19:21-07:00,2012-10-24T16:14:36-07:00
fa5767f2f4a83c05091e48a25a7a45ba947bc2f8,f414aad4c9b26fc767eaf373f7691f8e0487a598,helix-core/src/main/java/org/apache/helix/monitoring/mbeans/ParticipantStatusMonitor.java,HELIX-1625,2019-05-24T18:19:21-07:00,2013-08-21T13:42:57-07:00
fa5767f2f4a83c05091e48a25a7a45ba947bc2f8,437eb42eac35e181ae6793dd17390df33565e4dd,helix-core/src/main/java/org/apache/helix/monitoring/mbeans/StateTransitionStatMonitor.java,HELIX-1625,2019-05-24T18:19:21-07:00,2012-10-24T16:14:36-07:00
fa5767f2f4a83c05091e48a25a7a45ba947bc2f8,f414aad4c9b26fc767eaf373f7691f8e0487a598,helix-core/src/main/java/org/apache/helix/monitoring/mbeans/StateTransitionStatMonitor.java,HELIX-1625,2019-05-24T18:19:21-07:00,2013-08-21T13:42:57-07:00
fa5767f2f4a83c05091e48a25a7a45ba947bc2f8,f414aad4c9b26fc767eaf373f7691f8e0487a598,helix-core/src/test/java/org/apache/helix/monitoring/TestParticipantMonitor.java,HELIX-1625,2019-05-24T18:19:21-07:00,2013-08-21T13:42:57-07:00
fa5767f2f4a83c05091e48a25a7a45ba947bc2f8,437eb42eac35e181ae6793dd17390df33565e4dd,helix-core/src/test/java/org/apache/helix/monitoring/TestParticipantMonitor.java,HELIX-1625,2019-05-24T18:19:21-07:00,2012-10-24T16:14:36-07:00
fa5767f2f4a83c05091e48a25a7a45ba947bc2f8,f8a0f320a4ec4fb4d4f107d65131d903a09a297a,helix-core/src/test/java/org/apache/helix/monitoring/TestParticipantMonitor.java,HELIX-1625,2019-05-24T18:19:21-07:00,2018-01-24T18:29:54-08:00
fa5767f2f4a83c05091e48a25a7a45ba947bc2f8,590f65cf9538435c89dfd71922479b281a159e60,helix-core/src/test/java/org/apache/helix/monitoring/TestParticipantMonitor.java,HELIX-1625,2019-05-24T18:19:21-07:00,2014-05-21T18:26:40-07:00
88e2188f7e8af41a0b4d2329006beb0e9230a817,ac51c9aa7c6c127a3ad372c274b56beb347967c5,helix-core/src/main/java/org/apache/helix/monitoring/mbeans/JobMonitor.java,HELIX-1890,2019-05-24T18:19:21-07:00,2017-11-06T16:31:48-08:00
88e2188f7e8af41a0b4d2329006beb0e9230a817,8ba4c9c19981fffe3c958c6851e2b8b8bf90bfbb,helix-core/src/main/java/org/apache/helix/monitoring/mbeans/JobMonitor.java,HELIX-1890,2019-05-24T18:19:21-07:00,2019-03-28T12:30:14-07:00
88e2188f7e8af41a0b4d2329006beb0e9230a817,437eb42eac35e181ae6793dd17390df33565e4dd,helix-core/src/main/java/org/apache/helix/monitoring/mbeans/ParticipantStatusMonitor.java,HELIX-1890,2019-05-24T18:19:21-07:00,2012-10-24T16:14:36-07:00
88e2188f7e8af41a0b4d2329006beb0e9230a817,76f9c5885490f048a6370442b0098cfd7566ecef,helix-core/src/main/java/org/apache/helix/monitoring/mbeans/ParticipantStatusMonitor.java,HELIX-1890,2019-05-24T18:19:21-07:00,2017-11-06T16:54:26-08:00
88e2188f7e8af41a0b4d2329006beb0e9230a817,1ba4c80cf9c5c4f0ef531b3b845ec8fe6e490be1,helix-core/src/main/java/org/apache/helix/monitoring/mbeans/StateTransitionStatMonitor.java,HELIX-1890,2019-05-24T18:19:21-07:00,2017-11-06T16:57:59-08:00
88e2188f7e8af41a0b4d2329006beb0e9230a817,437eb42eac35e181ae6793dd17390df33565e4dd,helix-core/src/main/java/org/apache/helix/monitoring/mbeans/StateTransitionStatMonitor.java,HELIX-1890,2019-05-24T18:19:21-07:00,2012-10-24T16:14:36-07:00
88e2188f7e8af41a0b4d2329006beb0e9230a817,76f9c5885490f048a6370442b0098cfd7566ecef,helix-core/src/main/java/org/apache/helix/monitoring/mbeans/StateTransitionStatMonitor.java,HELIX-1890,2019-05-24T18:19:21-07:00,2017-11-06T16:54:26-08:00
88e2188f7e8af41a0b4d2329006beb0e9230a817,f414aad4c9b26fc767eaf373f7691f8e0487a598,helix-core/src/main/java/org/apache/helix/monitoring/mbeans/StateTransitionStatMonitor.java,HELIX-1890,2019-05-24T18:19:21-07:00,2013-08-21T13:42:57-07:00
88e2188f7e8af41a0b4d2329006beb0e9230a817,fa5767f2f4a83c05091e48a25a7a45ba947bc2f8,helix-core/src/main/java/org/apache/helix/monitoring/mbeans/StateTransitionStatMonitor.java,HELIX-1890,2019-05-24T18:19:21-07:00,2019-05-24T18:19:21-07:00
88e2188f7e8af41a0b4d2329006beb0e9230a817,fa5767f2f4a83c05091e48a25a7a45ba947bc2f8,helix-core/src/test/java/org/apache/helix/monitoring/TestParticipantMonitor.java,HELIX-1890,2019-05-24T18:19:21-07:00,2019-05-24T18:19:21-07:00
15438960debf58d3e5d46dca2aa4de5027ebb86c,437eb42eac35e181ae6793dd17390df33565e4dd,helix-core/src/main/java/org/apache/helix/monitoring/StateTransitionContext.java,HELIX-1890,2019-06-24T11:00:48-07:00,2012-10-24T16:14:36-07:00
15438960debf58d3e5d46dca2aa4de5027ebb86c,f414aad4c9b26fc767eaf373f7691f8e0487a598,helix-core/src/main/java/org/apache/helix/monitoring/StateTransitionContext.java,HELIX-1890,2019-06-24T11:00:48-07:00,2013-08-21T13:42:57-07:00
15438960debf58d3e5d46dca2aa4de5027ebb86c,fa5767f2f4a83c05091e48a25a7a45ba947bc2f8,helix-core/src/test/java/org/apache/helix/monitoring/TestParticipantMonitor.java,HELIX-1890,2019-06-24T11:00:48-07:00,2019-05-24T18:19:21-07:00
831593c414e56695725da6ad99a0bd2128157be4,437eb42eac35e181ae6793dd17390df33565e4dd,helix-core/src/main/java/org/apache/helix/controller/stages/MessageSelectionStage.java,HELIX-1871,2019-06-24T11:01:06-07:00,2012-10-24T16:14:36-07:00
831593c414e56695725da6ad99a0bd2128157be4,880f885121afecab4e186282fbf94a146a2cf04a,helix-core/src/main/java/org/apache/helix/controller/stages/MessageSelectionStage.java,HELIX-1871,2019-06-24T11:01:06-07:00,2018-09-17T15:08:28-07:00
831593c414e56695725da6ad99a0bd2128157be4,df3644f7d0b5fddb689ea613fe287b1147bb69e0,helix-core/src/test/java/org/apache/helix/integration/manager/TestZkHelixAdmin.java,HELIX-1871,2019-06-24T11:01:06-07:00,2017-11-06T16:46:26-08:00
831593c414e56695725da6ad99a0bd2128157be4,3e670ded2ece50e21b76fcab7fed7cb61a24eea1,helix-core/src/test/java/org/apache/helix/integration/manager/TestZkHelixAdmin.java,HELIX-1871,2019-06-24T11:01:06-07:00,2019-05-24T18:19:21-07:00
831593c414e56695725da6ad99a0bd2128157be4,437eb42eac35e181ae6793dd17390df33565e4dd,helix-core/src/test/java/org/apache/helix/integration/paticipant/TestStateTransitionTimeout.java,HELIX-1871,2019-06-24T11:01:06-07:00,2012-10-24T16:14:36-07:00
831593c414e56695725da6ad99a0bd2128157be4,9ddd0af347037f585a52b83bbc3a6b11a3934c82,helix-core/src/test/java/org/apache/helix/integration/paticipant/TestStateTransitionTimeout.java,HELIX-1871,2019-06-24T11:01:06-07:00,2014-11-19T11:31:01-08:00
831593c414e56695725da6ad99a0bd2128157be4,def2084cdf882a4af779ff33f53e25348c09e5c6,helix-core/src/test/java/org/apache/helix/integration/paticipant/TestStateTransitionTimeoutWithResource.java,HELIX-1871,2019-06-24T11:01:06-07:00,2017-11-06T16:40:24-08:00
831593c414e56695725da6ad99a0bd2128157be4,8017fa88c48708f08db0ed070f3acc7b3bcc2f87,helix-core/src/test/java/org/apache/helix/integration/paticipant/TestStateTransitionTimeoutWithResource.java,HELIX-1871,2019-06-24T11:01:06-07:00,2017-11-06T16:52:32-08:00
831593c414e56695725da6ad99a0bd2128157be4,266b8bb1ae30c23c4310886c111f826e225205f4,helix-core/src/test/java/org/apache/helix/messaging/p2pMessage/TestP2PMessagesAvoidDuplicatedMessage.java,HELIX-1871,2019-06-24T11:01:06-07:00,2018-06-26T15:46:59-07:00
8abfe67fa5612cae39f591c2c0bd7a41b48b91e7,b43681634820ea5990851efae941e1123c5b4c54,helix-core/src/main/java/org/apache/helix/util/InstanceValidationUtil.java,HELIX-1910,2019-06-24T11:01:21-07:00,2019-05-22T15:02:12-07:00
8abfe67fa5612cae39f591c2c0bd7a41b48b91e7,ddc7ef2825f7e4cea5bac4d97e1c0369768c408a,helix-core/src/test/java/org/apache/helix/util/TestInstanceValidationUtil.java,HELIX-1910,2019-06-24T11:01:21-07:00,2019-05-24T18:19:21-07:00
8abfe67fa5612cae39f591c2c0bd7a41b48b91e7,ddc7ef2825f7e4cea5bac4d97e1c0369768c408a,helix-rest/src/test/java/org/apache/helix/rest/server/TestInstancesAccessor.java,HELIX-1910,2019-06-24T11:01:21-07:00,2019-05-24T18:19:21-07:00
0e6cccbaf2e7a0c0fd4c1e3da6d5df349f3dedf6,aebb0cfed286819029875ad60e102851d8d53cf5,helix-rest/src/main/java/org/apache/helix/rest/server/json/cluster/ClusterTopology.java,HELIX-1911,2019-06-24T11:01:38-07:00,2019-05-22T16:12:33-07:00
0e6cccbaf2e7a0c0fd4c1e3da6d5df349f3dedf6,e9fb49652d37b7f5eec5e0924056804112a43b96,helix-rest/src/main/java/org/apache/helix/rest/server/resources/helix/InstancesAccessor.java,HELIX-1911,2019-06-24T11:01:38-07:00,2019-05-24T18:19:20-07:00
0e6cccbaf2e7a0c0fd4c1e3da6d5df349f3dedf6,6e3f4734f0f43ad54f3ac7e89023a47c37d82e58,helix-rest/src/main/java/org/apache/helix/rest/server/service/ClusterServiceImpl.java,HELIX-1911,2019-06-24T11:01:38-07:00,2019-05-24T18:19:20-07:00
0e6cccbaf2e7a0c0fd4c1e3da6d5df349f3dedf6,6e3f4734f0f43ad54f3ac7e89023a47c37d82e58,helix-rest/src/test/java/org/apache/helix/rest/server/TestClusterAccessor.java,HELIX-1911,2019-06-24T11:01:38-07:00,2019-05-24T18:19:20-07:00
0e6cccbaf2e7a0c0fd4c1e3da6d5df349f3dedf6,ddc7ef2825f7e4cea5bac4d97e1c0369768c408a,helix-rest/src/test/java/org/apache/helix/rest/server/TestInstancesAccessor.java,HELIX-1911,2019-06-24T11:01:38-07:00,2019-05-24T18:19:21-07:00
0e6cccbaf2e7a0c0fd4c1e3da6d5df349f3dedf6,e9fb49652d37b7f5eec5e0924056804112a43b96,helix-rest/src/test/java/org/apache/helix/rest/server/TestInstancesAccessor.java,HELIX-1911,2019-06-24T11:01:38-07:00,2019-05-24T18:19:20-07:00
0e6cccbaf2e7a0c0fd4c1e3da6d5df349f3dedf6,aebb0cfed286819029875ad60e102851d8d53cf5,helix-rest/src/test/java/org/apache/helix/rest/server/json/cluster/TestClusterTopology.java,HELIX-1911,2019-06-24T11:01:38-07:00,2019-05-22T16:12:33-07:00
0e6cccbaf2e7a0c0fd4c1e3da6d5df349f3dedf6,6e3f4734f0f43ad54f3ac7e89023a47c37d82e58,helix-rest/src/test/java/org/apache/helix/rest/server/json/cluster/TestClusterTopology.java,HELIX-1911,2019-06-24T11:01:38-07:00,2019-05-24T18:19:20-07:00
5db99fb6df198a57315b2f371186f6e9c64c1dda,c1f9af5b4ffb88a4893ac04890690946e97082e4,helix-core/src/main/java/org/apache/helix/common/caches/InstanceMessagesCache.java,HELIX-1900,2019-06-24T16:45:28-07:00,2019-02-26T18:15:06-08:00
5db99fb6df198a57315b2f371186f6e9c64c1dda,880f885121afecab4e186282fbf94a146a2cf04a,helix-core/src/main/java/org/apache/helix/common/caches/InstanceMessagesCache.java,HELIX-1900,2019-06-24T16:45:28-07:00,2018-09-17T15:08:28-07:00
5db99fb6df198a57315b2f371186f6e9c64c1dda,ae02b58dc4880fe1f63bc66e0fdf93a63fd1d03f,helix-core/src/main/java/org/apache/helix/common/caches/InstanceMessagesCache.java,HELIX-1900,2019-06-24T16:45:28-07:00,2018-03-20T11:31:47-07:00
5db99fb6df198a57315b2f371186f6e9c64c1dda,74145e8ad3b34753186d53526bab825de4432c31,helix-core/src/main/java/org/apache/helix/common/caches/InstanceMessagesCache.java,HELIX-1900,2019-06-24T16:45:28-07:00,2018-09-17T15:17:26-07:00
5db99fb6df198a57315b2f371186f6e9c64c1dda,19b6d7c1db3fdce261e9f035c87e155e06315b80,helix-core/src/main/java/org/apache/helix/common/caches/InstanceMessagesCache.java,HELIX-1900,2019-06-24T16:45:28-07:00,2019-02-26T17:18:02-08:00
5db99fb6df198a57315b2f371186f6e9c64c1dda,831593c414e56695725da6ad99a0bd2128157be4,helix-core/src/main/java/org/apache/helix/controller/stages/MessageSelectionStage.java,HELIX-1900,2019-06-24T16:45:28-07:00,2019-06-24T11:01:06-07:00
5db99fb6df198a57315b2f371186f6e9c64c1dda,880f885121afecab4e186282fbf94a146a2cf04a,helix-core/src/main/java/org/apache/helix/controller/stages/MessageSelectionStage.java,HELIX-1900,2019-06-24T16:45:28-07:00,2018-09-17T15:08:28-07:00
f6f50c2ab72131be6072a74ec558a9147e979687,301010dd605b9a410587618eef05da296b0eeb76,helix-core/src/test/java/org/apache/helix/util/TestIdealStateAssignment.java,HELIX-1974,2019-06-24T16:45:58-07:00,2017-11-06T16:52:07-08:00
f6f50c2ab72131be6072a74ec558a9147e979687,301010dd605b9a410587618eef05da296b0eeb76,helix-core/src/test/resources/TestIdealStateAssignment.NoIdealState.json,HELIX-1974,2019-06-24T16:45:58-07:00,2017-11-06T16:52:07-08:00
ad0c2edb31a4d0e5c455d1fa0f96658bac1382d5,437eb42eac35e181ae6793dd17390df33565e4dd,helix-admin-webapp/src/main/java/org/apache/helix/webapp/resources/SchedulerTasksResource.java,HELIX-1969,2019-06-24T16:46:15-07:00,2012-10-24T16:14:36-07:00
ad0c2edb31a4d0e5c455d1fa0f96658bac1382d5,5e8a912bd4f4c83ad84cb8f92d3f4acca56972cf,helix-admin-webapp/src/main/java/org/apache/helix/webapp/resources/SchedulerTasksResource.java,HELIX-1969,2019-06-24T16:46:15-07:00,2013-02-15T14:19:24-08:00
ad0c2edb31a4d0e5c455d1fa0f96658bac1382d5,f414aad4c9b26fc767eaf373f7691f8e0487a598,helix-admin-webapp/src/test/java/org/apache/helix/webapp/TestResetPartitionState.java,HELIX-1969,2019-06-24T16:46:15-07:00,2013-08-21T13:42:57-07:00
ad0c2edb31a4d0e5c455d1fa0f96658bac1382d5,ae02b58dc4880fe1f63bc66e0fdf93a63fd1d03f,helix-core/src/main/java/org/apache/helix/common/caches/CurrentStateCache.java,HELIX-1969,2019-06-24T16:46:15-07:00,2018-03-20T11:31:47-07:00
ad0c2edb31a4d0e5c455d1fa0f96658bac1382d5,5db99fb6df198a57315b2f371186f6e9c64c1dda,helix-core/src/main/java/org/apache/helix/common/caches/InstanceMessagesCache.java,HELIX-1969,2019-06-24T16:46:15-07:00,2019-06-24T16:45:28-07:00
ad0c2edb31a4d0e5c455d1fa0f96658bac1382d5,03423e6248fb970251c4443ddba94fac79076d93,helix-core/src/main/java/org/apache/helix/controller/GenericHelixController.java,HELIX-1969,2019-06-24T16:46:15-07:00,2013-02-03T17:50:00-08:00
ad0c2edb31a4d0e5c455d1fa0f96658bac1382d5,fbb679c5f4804652ea730bf5cd4ee6bf1329efc3,helix-core/src/main/java/org/apache/helix/controller/dataproviders/BaseControllerDataProvider.java,HELIX-1969,2019-06-24T16:46:15-07:00,2019-02-25T17:36:00-08:00
ad0c2edb31a4d0e5c455d1fa0f96658bac1382d5,137ba9d09ab59d7e6095fd1b3bbc3867662bcf10,helix-core/src/main/java/org/apache/helix/controller/stages/CurrentStateComputationStage.java,HELIX-1969,2019-06-24T16:46:15-07:00,2018-01-24T18:29:58-08:00
ad0c2edb31a4d0e5c455d1fa0f96658bac1382d5,437eb42eac35e181ae6793dd17390df33565e4dd,helix-core/src/main/java/org/apache/helix/controller/stages/MessageGenerationPhase.java,HELIX-1969,2019-06-24T16:46:15-07:00,2012-10-24T16:14:36-07:00
ad0c2edb31a4d0e5c455d1fa0f96658bac1382d5,437eb42eac35e181ae6793dd17390df33565e4dd,helix-core/src/main/java/org/apache/helix/controller/stages/ResourceComputationStage.java,HELIX-1969,2019-06-24T16:46:15-07:00,2012-10-24T16:14:36-07:00
ad0c2edb31a4d0e5c455d1fa0f96658bac1382d5,7e49f995e29ea200fcc42ce6af148ed521979f5c,helix-core/src/main/java/org/apache/helix/controller/stages/TopStateHandoffReportStage.java,HELIX-1969,2019-06-24T16:46:15-07:00,2018-10-30T15:58:45-07:00
ad0c2edb31a4d0e5c455d1fa0f96658bac1382d5,0e0fcb99297d569a3cf1ccda4b7d25e44f73a41a,helix-core/src/main/java/org/apache/helix/manager/zk/DistributedLeaderElection.java,HELIX-1969,2019-06-24T16:46:15-07:00,2019-01-30T11:26:13-08:00
ad0c2edb31a4d0e5c455d1fa0f96658bac1382d5,4f863c3549631b5e9fccc6f40b513fff6fe435fa,helix-core/src/main/java/org/apache/helix/manager/zk/DistributedLeaderElection.java,HELIX-1969,2019-06-24T16:46:15-07:00,2019-02-26T10:27:11-08:00
ad0c2edb31a4d0e5c455d1fa0f96658bac1382d5,f414aad4c9b26fc767eaf373f7691f8e0487a598,helix-core/src/main/java/org/apache/helix/manager/zk/ParticipantManager.java,HELIX-1969,2019-06-24T16:46:15-07:00,2013-08-21T13:42:57-07:00
ad0c2edb31a4d0e5c455d1fa0f96658bac1382d5,94367e1c7840b5c35a84f0ee440d443047c6dbaa,helix-core/src/main/java/org/apache/helix/manager/zk/ParticipantManager.java,HELIX-1969,2019-06-24T16:46:15-07:00,2013-06-21T13:57:48-07:00
ad0c2edb31a4d0e5c455d1fa0f96658bac1382d5,fb0b67471112e44b9fd416dca51a185359369308,helix-core/src/main/java/org/apache/helix/manager/zk/ParticipantManager.java,HELIX-1969,2019-06-24T16:46:15-07:00,2018-03-23T11:57:06-07:00
ad0c2edb31a4d0e5c455d1fa0f96658bac1382d5,437eb42eac35e181ae6793dd17390df33565e4dd,helix-core/src/main/java/org/apache/helix/manager/zk/ZKHelixAdmin.java,HELIX-1969,2019-06-24T16:46:15-07:00,2012-10-24T16:14:36-07:00
ad0c2edb31a4d0e5c455d1fa0f96658bac1382d5,0e0fcb99297d569a3cf1ccda4b7d25e44f73a41a,helix-core/src/main/java/org/apache/helix/manager/zk/ZKHelixManager.java,HELIX-1969,2019-06-24T16:46:15-07:00,2019-01-30T11:26:13-08:00
ad0c2edb31a4d0e5c455d1fa0f96658bac1382d5,f1a900e465725028ffd77a0699334c1290661fd7,helix-core/src/main/java/org/apache/helix/manager/zk/ZKHelixManager.java,HELIX-1969,2019-06-24T16:46:15-07:00,2018-07-13T13:56:56-07:00
ad0c2edb31a4d0e5c455d1fa0f96658bac1382d5,437eb42eac35e181ae6793dd17390df33565e4dd,helix-core/src/main/java/org/apache/helix/messaging/DefaultMessagingService.java,HELIX-1969,2019-06-24T16:46:15-07:00,2012-10-24T16:14:36-07:00
ad0c2edb31a4d0e5c455d1fa0f96658bac1382d5,f414aad4c9b26fc767eaf373f7691f8e0487a598,helix-core/src/main/java/org/apache/helix/model/LiveInstance.java,HELIX-1969,2019-06-24T16:46:15-07:00,2013-08-21T13:42:57-07:00
ad0c2edb31a4d0e5c455d1fa0f96658bac1382d5,e5728469e02f196690654b4f7f2ed8ca9130a631,helix-core/src/main/java/org/apache/helix/spectator/RoutingTable.java,HELIX-1969,2019-06-24T16:46:15-07:00,2018-03-23T12:12:44-07:00
ad0c2edb31a4d0e5c455d1fa0f96658bac1382d5,e5728469e02f196690654b4f7f2ed8ca9130a631,helix-core/src/main/java/org/apache/helix/spectator/RoutingTableProvider.java,HELIX-1969,2019-06-24T16:46:15-07:00,2018-03-23T12:12:44-07:00
ad0c2edb31a4d0e5c455d1fa0f96658bac1382d5,b43681634820ea5990851efae941e1123c5b4c54,helix-core/src/main/java/org/apache/helix/util/InstanceValidationUtil.java,HELIX-1969,2019-06-24T16:46:15-07:00,2019-05-22T15:02:12-07:00
ad0c2edb31a4d0e5c455d1fa0f96658bac1382d5,ce9a66256d386ceb5a532056896ac6f6f405abe6,helix-core/src/main/java/org/apache/helix/util/InstanceValidationUtil.java,HELIX-1969,2019-06-24T16:46:15-07:00,2019-02-26T17:43:15-08:00
ad0c2edb31a4d0e5c455d1fa0f96658bac1382d5,5ce3934c5b4655e90021061720adbb3a42b1bb6b,helix-core/src/test/java/org/apache/helix/common/ZkTestBase.java,HELIX-1969,2019-06-24T16:46:15-07:00,2019-05-24T18:19:21-07:00
ad0c2edb31a4d0e5c455d1fa0f96658bac1382d5,c0d5792b745c67b6fee56ba79df02be89d1f049e,helix-core/src/test/java/org/apache/helix/common/ZkTestBase.java,HELIX-1969,2019-06-24T16:46:15-07:00,2018-07-13T11:20:49-07:00
ad0c2edb31a4d0e5c455d1fa0f96658bac1382d5,f414aad4c9b26fc767eaf373f7691f8e0487a598,helix-core/src/test/java/org/apache/helix/controller/stages/TestRebalancePipeline.java,HELIX-1969,2019-06-24T16:46:15-07:00,2013-08-21T13:42:57-07:00
ad0c2edb31a4d0e5c455d1fa0f96658bac1382d5,23fcabd45fba573d4ae77d2bba0e2a960e8a936e,helix-core/src/test/java/org/apache/helix/controller/stages/TestRebalancePipeline.java,HELIX-1969,2019-06-24T16:46:15-07:00,2017-11-06T16:49:20-08:00
ad0c2edb31a4d0e5c455d1fa0f96658bac1382d5,4d652eb9aabaeaacbcfd2df6eba70b5f8c442094,helix-core/src/test/java/org/apache/helix/controller/stages/TestRebalancePipeline.java,HELIX-1969,2019-06-24T16:46:15-07:00,2018-03-24T19:20:28-07:00
ad0c2edb31a4d0e5c455d1fa0f96658bac1382d5,f414aad4c9b26fc767eaf373f7691f8e0487a598,helix-core/src/test/java/org/apache/helix/integration/TestCleanupExternalView.java,HELIX-1969,2019-06-24T16:46:15-07:00,2013-08-21T13:42:57-07:00
ad0c2edb31a4d0e5c455d1fa0f96658bac1382d5,c0d5792b745c67b6fee56ba79df02be89d1f049e,helix-core/src/test/java/org/apache/helix/integration/TestCleanupExternalView.java,HELIX-1969,2019-06-24T16:46:15-07:00,2018-07-13T11:20:49-07:00
ad0c2edb31a4d0e5c455d1fa0f96658bac1382d5,437eb42eac35e181ae6793dd17390df33565e4dd,helix-core/src/test/java/org/apache/helix/integration/TestMessagePartitionStateMismatch.java,HELIX-1969,2019-06-24T16:46:15-07:00,2012-10-24T16:14:36-07:00
ad0c2edb31a4d0e5c455d1fa0f96658bac1382d5,de38fa1a4e13939807427694a538ea468f8abb36,helix-core/src/test/java/org/apache/helix/integration/TestNoThrottleDisabledPartitions.java,HELIX-1969,2019-06-24T16:46:15-07:00,2019-03-28T12:27:52-07:00
ad0c2edb31a4d0e5c455d1fa0f96658bac1382d5,f414aad4c9b26fc767eaf373f7691f8e0487a598,helix-core/src/test/java/org/apache/helix/integration/TestResetPartitionState.java,HELIX-1969,2019-06-24T16:46:15-07:00,2013-08-21T13:42:57-07:00
ad0c2edb31a4d0e5c455d1fa0f96658bac1382d5,35093cffbfdea05f0ab43a25b77b155eb4a33b63,helix-core/src/test/java/org/apache/helix/integration/TestSyncSessionToController.java,HELIX-1969,2019-06-24T16:46:15-07:00,2017-11-06T16:34:34-08:00
ad0c2edb31a4d0e5c455d1fa0f96658bac1382d5,5ce3934c5b4655e90021061720adbb3a42b1bb6b,helix-core/src/test/java/org/apache/helix/integration/messaging/TestP2PMessageSemiAuto.java,HELIX-1969,2019-06-24T16:46:15-07:00,2019-05-24T18:19:21-07:00
ad0c2edb31a4d0e5c455d1fa0f96658bac1382d5,880f885121afecab4e186282fbf94a146a2cf04a,helix-core/src/test/java/org/apache/helix/integration/messaging/TestP2PNoDuplicatedMessage.java,HELIX-1969,2019-06-24T16:46:15-07:00,2018-09-17T15:08:28-07:00
ad0c2edb31a4d0e5c455d1fa0f96658bac1382d5,e6bb213e6cc0e92a775c946b8dd4b4b5c71b1a6f,helix-core/src/test/java/org/apache/helix/integration/paticipant/TestInstanceCurrentState.java,HELIX-1969,2019-06-24T16:46:15-07:00,2017-11-06T16:48:17-08:00
ad0c2edb31a4d0e5c455d1fa0f96658bac1382d5,0e0fcb99297d569a3cf1ccda4b7d25e44f73a41a,helix-core/src/test/java/org/apache/helix/manager/zk/TestHandleNewSession.java,HELIX-1969,2019-06-24T16:46:15-07:00,2019-01-30T11:26:13-08:00
ad0c2edb31a4d0e5c455d1fa0f96658bac1382d5,965513320811f8668b1b27c78cc9da567c5cf5b6,helix-core/src/test/java/org/apache/helix/manager/zk/TestZkClusterManager.java,HELIX-1969,2019-06-24T16:46:15-07:00,2013-03-21T16:17:29-07:00
ad0c2edb31a4d0e5c455d1fa0f96658bac1382d5,5db99fb6df198a57315b2f371186f6e9c64c1dda,helix-core/src/test/java/org/apache/helix/messaging/p2pMessage/TestP2PMessages.java,HELIX-1969,2019-06-24T16:46:15-07:00,2019-06-24T16:45:28-07:00
ad0c2edb31a4d0e5c455d1fa0f96658bac1382d5,58fe0e8d18967ec26119daa215ecb570183140b7,helix-rest/src/main/java/org/apache/helix/rest/server/service/InstanceServiceImpl.java,HELIX-1969,2019-06-24T16:46:15-07:00,2019-05-24T18:19:20-07:00
43554304ab2d36ab344b555d3efccdd90b3b1f13,e5728469e02f196690654b4f7f2ed8ca9130a631,helix-core/src/test/java/org/apache/helix/integration/spectator/TestRoutingTableProviderFromCurrentStates.java,HELIX-919,2020-03-31T11:08:52-07:00,2018-03-23T12:12:44-07:00
43554304ab2d36ab344b555d3efccdd90b3b1f13,5ce3934c5b4655e90021061720adbb3a42b1bb6b,helix-core/src/test/java/org/apache/helix/integration/spectator/TestRoutingTableProviderFromCurrentStates.java,HELIX-919,2020-03-31T11:08:52-07:00,2019-05-24T18:19:21-07:00
7bfbb36444cb852f0ee6d5c20329877844221138,e619e17c32a83737eab21e67cbc27fdd30d615d3,helix-view-aggregator/src/main/java/org/apache/helix/view/aggregator/HelixViewAggregator.java,HELIX-705,2022-04-11T12:03:14-07:00,2022-04-11T12:03:14-07:00
7bfbb36444cb852f0ee6d5c20329877844221138,e619e17c32a83737eab21e67cbc27fdd30d615d3,helix-view-aggregator/src/main/java/org/apache/helix/view/common/ViewAggregatorEventAttributes.java,HELIX-705,2022-04-11T12:03:14-07:00,2022-04-11T12:03:14-07:00
7bfbb36444cb852f0ee6d5c20329877844221138,e619e17c32a83737eab21e67cbc27fdd30d615d3,helix-view-aggregator/src/main/java/org/apache/helix/view/dataprovider/SourceClusterDataProvider.java,HELIX-705,2022-04-11T12:03:14-07:00,2022-04-11T12:03:14-07:00
7bfbb36444cb852f0ee6d5c20329877844221138,e619e17c32a83737eab21e67cbc27fdd30d615d3,helix-view-aggregator/src/main/java/org/apache/helix/view/dataprovider/ViewClusterConfigProvider.java,HELIX-705,2022-04-11T12:03:14-07:00,2022-04-11T12:03:14-07:00
440d109db0e275c0b5938c2ac79ee787706a2416,e619e17c32a83737eab21e67cbc27fdd30d615d3,helix-view-aggregator/src/main/java/org/apache/helix/view/dataprovider/SourceClusterDataProvider.java,HELIX-705;HELIX-775,2022-04-11T12:03:14-07:00,2022-04-11T12:03:14-07:00
6b992c066e18523f85c7b868e75d007ccfa7c4cb,e619e17c32a83737eab21e67cbc27fdd30d615d3,helix-view-aggregator/src/main/java/org/apache/helix/view/aggregator/ViewClusterRefresher.java,HELIX-705;HELIX-776,2022-04-11T12:03:14-07:00,2022-04-11T12:03:14-07:00
6b992c066e18523f85c7b868e75d007ccfa7c4cb,440d109db0e275c0b5938c2ac79ee787706a2416,helix-view-aggregator/src/main/java/org/apache/helix/view/dataprovider/SourceClusterDataProvider.java,HELIX-705;HELIX-776,2022-04-11T12:03:14-07:00,2022-04-11T12:03:14-07:00
6b992c066e18523f85c7b868e75d007ccfa7c4cb,4cc91b7acc222a27ca9bf30ed9215ccad5377144,helix-view-aggregator/src/test/resources/log4j.properties,HELIX-705;HELIX-776,2022-04-11T12:03:14-07:00,2022-04-11T12:03:14-07:00
8d9db16c33d632ad080805f65955a2ca190c7f9d,4cc91b7acc222a27ca9bf30ed9215ccad5377144,helix-view-aggregator/helix-view-aggregator-0.6.10-SNAPSHOT.ivy,HELIX-797,2022-04-11T12:03:14-07:00,2022-04-11T12:03:14-07:00
87a5f1515f7abb94cb3918edb4167418a7fe6237,7bfbb36444cb852f0ee6d5c20329877844221138,helix-view-aggregator/src/main/java/org/apache/helix/view/aggregator/HelixViewAggregator.java,HELIX-708,2022-04-11T12:03:14-07:00,2022-04-11T12:03:14-07:00
87a5f1515f7abb94cb3918edb4167418a7fe6237,e619e17c32a83737eab21e67cbc27fdd30d615d3,helix-view-aggregator/src/main/java/org/apache/helix/view/aggregator/HelixViewAggregator.java,HELIX-708,2022-04-11T12:03:14-07:00,2022-04-11T12:03:14-07:00
